index,period_bin,radius_bin,period,radius_earth,t0,b,rp_rs,a_rs,duration,u1,u2,recovered,match,n_transits_in_data,found_period,found_t0,found_depth,found_sde,found_snr,found_detected,n_detections,runtime_s
1,0,0,0.7913832282982161,0.7309843085527712,2000.1431009334367,0.07085298038579908,0.006701582605117766,3.600496160294588,0.07121671048516438,0.4,0.2,False,none,68,2.5689967475320525,2028.2399674753206,0.00020562019579717372,5.044351989764708,5.2773890143451245,False,0,5.3751517119999335
0,0,0,0.6828263904859496,0.7472089542011818,2000.5458965491766,0.27850682779352254,0.006850328346687592,3.2632072402973527,0.0656768925079059,0.4,0.2,False,none,77,0.6828980073309235,2027.1831524942393,5.9596460523114736e-05,4.786886565246431,4.8110950206102405,False,0,5.4807858189997205
2,0,0,0.5901901966230153,0.7371061165986429,2000.3640337478623,0.5298833839857572,0.006757706658441575,2.96095939421529,0.056030405861450736,0.4,0.2,False,none,90,2.5689967475320525,2028.2399674753206,0.00019337066669877778,4.594480659054074,4.971217389685317,False,0,5.566732256999785
3,0,0,0.5248972252608185,0.831601764273155,2000.2441397771852,0.004166678995547202,0.007624032216056648,2.7383396112649208,0.06295922283215759,0.4,0.2,True,exact,100,0.5248495064900545,2027.5217316291496,6.528793708349134e-05,8.576320147221107,7.3618321417664285,True,1,10.450910255000053
4,0,0,0.7840534416509519,0.892938701149998,2000.2550915168076,0.5371401300337068,0.0081863624116786,3.578229850689066,0.0607884919192467,0.4,0.2,False,none,68,0.7843152239365117,2027.6971265877778,8.294022588239969e-05,6.138146256571309,5.977994617807322,False,0,5.4046189769997
6,0,0,0.5516407766889757,0.7609684756019084,2000.1480412568571,0.7264637878210725,0.006976474104120356,2.8305795512830323,0.04525604286054924,0.4,0.2,False,none,96,2.5689967475320525,2028.2399674753206,0.00019780972862881718,4.711499999263367,5.030115205277094,False,0,5.434194335000029
5,0,0,0.5499103832039001,0.801028651921985,2000.4811484011511,0.25023725976781375,0.0073437413322173534,2.8246571214566982,0.06199423030264732,0.4,0.2,False,none,97,0.5498669927953272,2027.430982646971,6.974181655095002e-05,7.054209312790782,6.1541473711434245,False,0,5.572690128000431
7,0,0,0.565785227748698,0.7152734165953119,2000.1494835350093,0.42048793244280686,0.006557546900081298,2.878760445681198,0.05887571741199066,0.4,0.2,False,none,94,0.5655394459313153,2027.29888819637,7.311190028269632e-05,7.914729416173794,5.792061940388185,False,0,5.887089087000277
8,0,0,0.7533335573167216,0.7637713239857713,2000.3670579044608,0.6963902385286838,0.007002170305467368,3.484143226837862,0.05148765002777582,0.4,0.2,False,none,71,2.5689967475320525,2028.2399674753206,0.00019570757192544086,4.510600847934736,5.055356351348797,False,0,5.924542937999831
9,0,0,0.6204321983027101,0.9390940496143273,2000.0490354350982,0.8084046008803901,0.008609509498124394,3.061263237722039,0.0406279411287245,0.4,0.2,False,none,87,2.5689967475320525,2028.2400976836539,0.00020206442167558514,4.6286420622183675,5.279828504695014,False,0,5.871687181000198
10,0,0,0.5598529852555357,0.7405185552536339,2000.310064522167,0.8149274136368432,0.006788991515399169,2.858602634330542,0.03875606205904406,0.4,0.2,False,none,95,2.5689967475320525,2028.2399674753206,0.00019781512663741285,4.6171607871392535,5.135850411777838,False,0,5.895090963999792
12,0,0,0.5555190011918564,0.7051071624105837,2000.1871281119884,0.6265070851341655,0.006464343815683404,2.8438306870689365,0.05091225808944746,0.4,0.2,False,none,95,2.5689967475320525,2028.2399674753206,0.00019713224892614623,4.585352480130537,5.045170653377709,False,0,5.1965050660001
14,0,0,0.5832130271007456,0.7968616376170262,2000.294615700865,0.18173682534757782,0.007305538609867982,2.937577060725245,0.06399281694280079,0.4,0.2,False,none,92,2.5689967475320525,2028.2399674753206,0.0001927332388986791,4.486260157726314,4.924625660647059,False,0,5.384811347000323
13,0,0,0.5854052145108997,0.7613383685654246,2000.3337427493955,0.22620936250575316,0.00697986524155115,2.944933654392331,0.06349351843752372,0.4,0.2,False,none,91,1.1700774830997887,2027.2617170071285,9.397465916771708e-05,5.755277998402727,5.12767686879755,False,0,5.466376772999865
11,0,0,0.5934682673891298,0.9023605139550596,2000.40454004919,0.3138953205848519,0.008272740540544438,2.97191323184618,0.06237477412779969,0.4,0.2,False,none,88,0.5935409006913493,2027.1530579790274,6.669370069545266e-05,10.652193606231476,7.689315355475273,True,1,9.658264450999923
15,0,0,0.654934979470204,0.7955771721150597,2000.6182211692724,0.36310217948558454,0.00729376277341823,3.1737295458645995,0.06308385669691594,0.4,0.2,False,none,81,2.5689967475320525,2028.2400976836539,0.00019735542665844097,4.507485273489753,5.196934802088862,False,0,5.323074949000329
17,0,0,0.5098470567244179,0.7533625165823049,2000.0039415049032,0.048830709150471795,0.006906743520215034,2.685742686254025,0.06230104281891701,0.4,0.2,False,none,104,0.5102594096315163,2027.5502916792202,5.691180718714328e-05,5.367279388990863,4.816572151447209,False,0,5.143888902999606
16,0,0,0.5112400806666711,0.7730738277548601,2000.3059537520542,0.46703819751222847,0.007087454622399415,2.690632521603151,0.055888040812722604,0.4,0.2,False,none,103,0.5107186558672444,2027.3998595942974,4.042517115010469e-05,4.315032347469274,4.844023145572663,False,0,5.550617964000594
18,0,0,0.5800594433178008,0.7923612159462259,2000.0078171443047,0.7732569175648851,0.00726427924597761,2.9269780013882274,0.0425951982499801,0.4,0.2,False,none,92,2.5689967475320525,2028.2399674753206,0.0001952708272322523,4.57412769243019,5.006597228187199,False,0,5.443149721999362
19,0,0,0.6956672447613305,0.8045067282333345,2000.1018418022368,0.5301675114802525,0.007375627947887064,3.3039907863417093,0.058853168963970554,0.4,0.2,False,none,76,0.6959043353365628,2027.2395529322928,8.329016092978314e-05,8.611716138851436,6.523811884176474,False,0,5.313004789000843
20,0,0,0.7237162237282038,0.7857067208530629,2000.4094939175307,0.3688341108064123,0.007203271577221389,3.392214683315131,0.06488221387541064,0.4,0.2,False,none,73,0.7238470334048761,2027.1784339859805,5.8689581887705344e-05,6.291776098064288,5.541913962701556,False,0,5.224593210000421
21,0,0,0.5638717655596279,0.7994770585503558,2000.39634047844,0.12133697289068825,0.007329516497254598,2.872266216030068,0.06388525360870949,0.4,0.2,False,none,93,0.563700834420823,2027.4645410938663,6.920869462723189e-05,9.214436184526173,6.854789313469313,False,0,5.382303804000003
22,0,0,0.5237307877997301,0.7621912889145293,2000.0689369242225,0.19666855024245006,0.006987684720175016,2.7342813106811437,0.06177392173591747,0.4,0.2,False,none,102,0.5237467310205982,2027.297037044321,0.00010194352976755638,7.220081165014765,6.265403567597862,False,0,5.605387487999906
23,0,0,0.6440648869528709,0.7432679832478726,2000.1802561855434,0.6760526016387826,0.006814197964572741,3.1385149814084117,0.050412743532289646,0.4,0.2,False,none,82,2.5689967475320525,2028.2399674753206,0.00019202850270394478,4.350458181432859,4.931585021874466,False,0,5.90864959099963
24,0,0,0.7813055058316942,0.8314451958712191,2000.484590361172,0.07917846164071889,0.0076225968144117045,3.5698643507349175,0.07095568037104509,0.4,0.2,False,none,68,0.7814583449975417,2027.0500524799165,7.03255121604629e-05,5.806997733998231,5.4096658423596695,False,0,5.819940317000146
25,0,0,0.5505891879721074,0.7853346837458662,2000.1564363358964,0.18678623467366146,0.007199860782520496,2.8269811322154177,0.06282953028662257,0.4,0.2,False,none,96,2.5689967475320525,2028.2399674753206,0.00021130385088652393,5.409044393185731,5.342778712442833,False,0,6.02955800699965
26,0,0,0.6634036221140804,0.8164794448860151,2000.608164490771,0.017657110453068458,0.007485392478694111,3.201029547638477,0.06760217135142814,0.4,0.2,False,none,80,0.6635947896652704,2027.1514087741107,8.622654109191608e-05,6.025820800210408,5.409130681815913,False,0,5.467843501000061
27,0,0,0.5602715862933588,0.8116010922803348,2000.2148787789351,0.11543367940007383,0.007440668286148058,2.8600273714107107,0.06380997480802693,0.4,0.2,False,none,96,0.5599776629015104,2027.6570044405073,8.093963227062684e-05,6.7390905268530785,5.935599588103442,False,0,5.52410218499972
28,0,0,0.7171947338958633,0.7528788692657575,2000.4404144411665,0.7600953163210692,0.0069023094955640765,3.3718055311955077,0.04620787576096085,0.4,0.2,False,none,73,0.7173734519809939,2027.6990583627776,8.453462050261873e-05,5.861699541339922,5.325810556982059,False,0,5.562061735000498
29,0,0,0.6697054289678727,0.9221323155751623,2000.0929257299383,0.4587121457047304,0.00845400621240469,3.221269078654647,0.06086841911725361,0.4,0.2,False,none,79,0.6696339786690915,2027.5546025004328,8.87104501743341e-05,10.543300307531762,6.446310794380205,False,0,5.272136040999612
30,0,0,0.6717856901421421,0.849181006123767,2000.0850092555493,0.7200613417066699,0.0077851967445134364,3.2279363050705308,0.04832626457727563,0.4,0.2,False,none,80,1.3437265605268582,2027.6337760022038,0.00011553982589540546,5.163701163946021,4.949319488134203,False,0,5.490635078000196
32,1,0,0.9640498429102619,0.7886073146702544,2000.5709560908747,0.1173051491904579,0.007229863897798404,4.106805322408531,0.07554070476127754,0.4,0.2,False,none,55,0.9637790414413662,2027.575819670775,9.522339826817383e-05,4.86632698619674,5.2290906004857405,False,0,5.714133800000127
33,1,0,0.8121338287372963,0.712857652910343,2000.3004688412054,0.23294579653933528,0.006535399448077417,3.6631625571091955,0.07009905348862126,0.4,0.2,False,none,65,0.8131041231232478,2027.1113423130673,6.886783141069053e-05,6.318673096292179,5.394976736475673,False,0,5.537208445000033
34,1,0,1.0280632005252766,0.9225392050591984,2000.1534735268588,0.2076386886184632,0.008457736529808932,4.286646459787719,0.07610898854350605,0.4,0.2,False,none,52,1.0280241851269307,2027.9088339880104,8.198904896949966e-05,6.498973267382444,5.558636372802602,False,0,5.4737409039998965
31,0,0,0.5528797874441069,0.9298856616042018,2000.1127630680035,0.5065263534314653,0.008525088023972631,2.8348163748414326,0.05596433359256572,0.4,0.2,True,exact,96,0.5532354606932776,2027.2030688239706,0.00011690637294126116,11.109981240505823,7.290850118916376,True,1,10.780162887999722
35,1,0,0.8435015768145895,0.7158319408383833,2000.185671935076,0.13946432990014748,0.00656266738804268,3.75688922671654,0.0721571105691646,0.4,0.2,False,none,62,0.8429711030145792,2027.1711690464665,0.0001301967342799415,5.100110584719094,5.643232325236498,False,0,5.650004088999594
36,1,0,1.2277280210090156,0.9133405364818947,2000.9578586497955,0.12675461426111942,0.00837340416233315,4.82509538106203,0.08164374698222708,0.4,0.2,False,none,43,1.2284159437122117,2027.9626507616686,8.297137080637285e-05,5.462050292377159,5.336159177895369,False,0,5.742425385999923
37,1,0,0.7953092692685777,0.8568492266342563,2000.2845722383618,0.2813733626024388,0.00785549813482241,3.612394342952582,0.06887490010633569,0.4,0.2,False,none,67,0.796301472079292,2027.3349271340294,7.004078107653022e-05,6.778184130336089,6.645741908711719,False,0,5.539791803999833
38,1,0,0.8798307942045686,0.8306835389856431,2000.729568626823,0.8373529886424513,0.007615614029041728,3.864000995029907,0.04176591726234507,0.4,0.2,False,none,60,2.5689967475320525,2028.2399674753206,0.0001973809536303106,4.609108930196815,5.104647165590676,False,0,5.5489955900002315
39,1,0,1.1547677262441145,0.8179110843370597,2000.9692204072403,0.8765655181991275,0.007498517589492886,4.631989317479388,0.040219417495950226,0.4,0.2,False,none,45,2.5689967475320525,2028.2399674753206,0.00019497364219245306,4.560339772565125,5.044335261371518,False,0,5.476002349999362
41,1,0,1.2049209672373822,0.7394828244473384,2000.4698965000182,0.07497578139055953,0.006779496050894881,4.765152806099038,0.0814291603289662,0.4,0.2,False,none,44,0.5936161112882413,2027.1765270913043,4.8096108938189275e-05,4.6230167196464755,4.767149256415949,False,0,5.435994206000032
42,1,0,1.1038124542842889,0.8391222793194159,2000.8197886998898,0.47909467464225514,0.007692979459144985,4.494706286154382,0.07016215370426145,0.4,0.2,False,none,48,1.1033392261931154,2027.310024241135,0.00010285949856125853,5.756945982686205,5.627866381968765,False,0,5.592151457
43,1,0,1.164483846722881,0.7044946630549251,2000.7013011555837,0.8074345628541854,0.0064587284899103314,4.657935135414087,0.04868818414436636,0.4,0.2,False,none,45,2.5689967475320525,2028.2399674753206,0.00019687816435287608,4.658533425616895,5.11137209686338,False,0,5.539655233000303
40,1,0,1.0586308055559117,0.9176697676755117,2000.2304516818215,0.07877085236782008,0.00841309407102369,4.371201322935433,0.07821324380594555,0.4,0.2,True,exact,50,1.058437740635047,2027.7517380273446,9.43869175813461e-05,9.518574320133286,7.357908061101484,True,1,10.843454192000536
44,1,0,1.187892704178046,0.8125944184421104,2000.1585669749338,0.29968963787995484,0.0074497749896012995,4.720151455343954,0.07775306422834152,0.4,0.2,False,none,47,2.5689967475320525,2028.2399674753206,0.00019944262141002866,4.7191263291936645,5.130294433252388,False,0,5.61950859999979
45,1,0,1.1140789398468003,0.7260072729563926,2000.198328676514,0.7506349641914963,0.006655953697920321,4.522533235344798,0.053537851031250715,0.4,0.2,False,none,48,2.5689967475320525,2028.2399674753206,0.00019691478195060785,4.587069452482738,5.0851744614965115,False,0,5.449716594000165
46,1,0,0.8190584031703055,0.8596596113485679,2000.1484339075523,0.46437295984661975,0.007881263428406355,3.6839554611679595,0.06447009192073912,0.4,0.2,False,none,64,0.918217796609037,2027.5754401482711,0.00013641877248027345,4.41359017163666,5.080633475706442,False,0,5.418933028000538
47,1,0,0.807102301527241,0.7632096864545066,2000.3022234216894,0.7795135576909225,0.006997021275227093,3.648016952861395,0.04620530071655927,0.4,0.2,False,none,65,0.537304539809093,2027.4736252802638,4.0452825490366884e-05,5.18319884220676,4.202289461762298,False,0,5.388642528000673
48,1,0,1.1314498156477717,0.9455228313425841,2001.1167413406013,0.7313755367977353,0.00866844785192775,4.569422558480969,0.05568534496769305,0.4,0.2,False,none,47,1.1317283873038904,2027.1258466579893,0.00014166949537608442,4.884181795840372,5.271871508116336,False,0,5.107022199000312
49,1,0,0.9920731896935199,0.9352236494365861,2000.189528523362,0.1760635388081118,0.008574026101008323,4.186010045251264,0.07570661919649806,0.4,0.2,False,none,54,0.9914499018408881,2026.9567124538705,6.885685638036154e-05,5.676675546483973,5.47195315180032,False,0,5.480042846999822
50,1,0,1.092249288498857,0.939540931765854,2000.6255467953881,0.5777727642599401,0.008613606463843314,4.463261209406189,0.06532973773168402,0.4,0.2,False,none,48,0.5467198899891713,2027.3875569994586,5.70120504745919e-05,6.69368180875044,5.651292500092827,False,0,5.429614011000012
51,1,0,1.1813841351027141,0.7611071960541331,2000.070085072193,0.7928001232585172,0.00697774587775315,4.702894254442303,0.050517275270611756,0.4,0.2,False,none,46,1.1815491498999509,2027.241255447699,9.998744839034845e-05,5.586202544788745,5.490784092714244,False,0,5.492226934999962
52,1,0,0.8752618702300792,0.8963500725094596,2000.7325843573815,0.5036761324530139,0.00821763748378983,3.8506123283548788,0.06430999318543096,0.4,0.2,False,none,60,0.5828611550867306,2027.5840576224095,4.229242821751633e-05,5.563308641450678,5.011714257811083,False,0,5.4395863630006716
53,1,0,0.9450110647686949,0.7072633029104273,2000.6121821199517,0.5236477016918033,0.0064841110712850316,4.052556263563675,0.06484059424554106,0.4,0.2,False,none,56,2.5689967475320525,2028.2399674753206,0.00019574077796224998,4.456052289601665,5.054244045270231,False,0,5.2134229599996615
54,1,0,0.8383526656571275,0.8435604489320712,2000.8069052890628,0.6721582856969238,0.007733668103110023,3.7415850685639573,0.05482004094559353,0.4,0.2,False,none,63,0.8384438615065275,2027.6309848182088,7.728511418880757e-05,5.077159000403913,5.140009386631991,False,0,5.501751140999659
55,1,0,1.0763237155659648,0.8342446559798133,2000.423580087823,0.5850193578909142,0.007648261952428989,4.4197706178589735,0.06454246890276522,0.4,0.2,False,none,49,1.076657607607449,2027.3285495651862,9.935597928112383e-05,7.0472902761079474,6.331142681066789,False,0,5.393129448999389
56,1,0,1.0177716384988158,0.8012907587044408,2000.654844082849,0.4979782939725221,0.007346144297962906,4.257990489590745,0.06757261948056154,0.4,0.2,False,none,52,2.5689967475320525,2028.2399674753206,0.00019598864393077786,4.651029138760906,5.037260210226989,False,0,5.457823405999989
57,1,0,1.0722824422692168,0.9054571922535277,2000.242903746127,0.15098681209117595,0.008301130541774076,4.408700406148512,0.07790160634757207,0.4,0.2,False,none,50,0.5363794452001488,2027.5815886843743,5.6464430569391766e-05,4.678746811188899,4.392883370466469,False,0,5.424025579999579
58,1,0,0.9201909642907394,0.9302697268681117,2000.1166940666756,0.5825024911225679,0.008528609091472622,3.981283466529962,0.061684529233091256,0.4,0.2,False,none,58,0.9203843599093193,2027.7205802764463,9.45456264100919e-05,8.214549965717326,5.721106404223879,False,0,5.438555158999407
59,1,0,0.9144024527621833,0.8666657713349953,2000.6855744395061,0.18063936983396342,0.007945495121678503,3.96456959180084,0.07366085655208188,0.4,0.2,False,none,58,0.9143400949211852,2027.1916440027144,9.469122420835419e-05,5.0161408920254935,5.831916434804783,False,0,5.359387368000171
60,1,0,1.2218494800921487,0.9289851750373013,2000.417214428485,0.4397470303665513,0.008516832463569659,4.809680889675318,0.07414819568792426,0.4,0.2,False,none,43,1.2209365249733273,2027.301033236913,0.00011750683088285196,7.263452433997209,5.911698123611077,False,0,5.535128522999912
61,1,0,0.8605508456993607,0.7316888475615223,2000.7103309763652,0.055002942173942186,0.006708041740164073,3.8073442634923778,0.07319558237830137,0.4,0.2,False,none,61,0.8585473654723083,2027.3977808296418,8.284923327284144e-05,7.5679089445412755,6.3155749334415,False,0,5.244969092000247
63,1,0,0.8442604641236228,0.7582789223280203,2000.1037869781749,0.7498579878643793,0.006951816579704393,3.759142238285819,0.04930629689606219,0.4,0.2,False,none,62,2.5689967475320525,2028.2399674753206,0.00019685251319745412,4.566058410094249,5.04754305255365,False,0,5.192546871000559
62,1,0,0.9272385311741834,0.754775304848451,2000.1283321799772,0.790707797156377,0.006919695805453365,4.0015855330687975,0.04710783290051125,0.4,0.2,False,none,57,2.5689967475320525,2028.2399674753206,0.00019762153333935384,4.717538057823861,5.0536264903449135,False,0,5.330518327000391
64,2,0,1.3796981975061817,0.928158398488332,2000.9564716709265,0.7876343053940781,0.008509252668389292,5.215474848127125,0.05378735036746155,0.4,0.2,False,none,38,2.7613319229534787,2028.5426812087014,0.00018069849781077174,4.875355998538772,5.42613604730013,False,0,5.461016811999798
65,2,0,1.3419785803953717,0.8696647957850713,2000.926627249997,0.8945558954942762,0.007972989843318618,5.119979004607127,0.03941676374700642,0.4,0.2,False,none,40,0.537304539809093,2027.4736252802638,3.866454478329562e-05,4.662794262398217,4.02518974461474,False,0,5.3237222039997505
67,2,0,1.7414471677598542,0.8454624177244247,2000.8173403310507,0.5481041921951761,0.0077511051408482865,6.091318752336369,0.07752250663021969,0.4,0.2,False,none,31,2.5689967475320525,2028.2399674753206,0.00019805409815187858,4.693980848692258,5.117802487211827,False,0,5.541896126999745
66,2,0,1.6130913559766087,0.8731243811737756,2000.6763908986663,0.8085928572694016,0.00800470693627204,5.78820316930471,0.0540195772684978,0.4,0.2,False,none,32,2.5689967475320525,2028.2399674753206,0.00019651741527504374,4.576101596583273,5.035346756577489,False,0,6.13513136399979
68,2,0,1.4978664014275025,0.7016577717902848,2000.7792936172575,0.7330921983085296,0.006432720187229574,5.509174266601926,0.060373270770581786,0.4,0.2,False,none,36,1.001715895819953,2027.2738682496388,8.151677750334319e-05,4.719351427054193,4.736501394183525,False,0,5.862476536000031
69,2,0,1.681549056532728,0.7607772225485198,2000.0583179672496,0.47644283799127174,0.006974720717459701,5.950829197455571,0.08035233426691836,0.4,0.2,False,none,32,2.5689967475320525,2028.2399674753206,0.0001983960166644927,4.6868861287226915,5.069875595473254,False,0,5.804933542000072
70,2,0,1.5722663230688494,0.8208822358536751,2000.4278401511829,0.26384437573339936,0.007525756775188049,5.6901257665736695,0.08603845371366764,0.4,0.2,False,none,34,2.5689967475320525,2028.2399674753206,0.00019704806902087757,4.706300037280288,5.05602957507197,False,0,5.509744570999828
71,2,0,1.6740232680633764,0.721594636892324,2000.3124707027193,0.11292833691968966,0.006615499142680654,5.933060599342597,0.0902827322136966,0.4,0.2,False,none,32,2.5689967475320525,2028.2399674753206,0.00019678326986738437,4.500318839931856,5.031164207489567,False,0,5.391802768999696
72,2,0,1.473125639154881,0.9403006406699845,2000.6443402107345,0.7665651834442039,0.00862057139033668,5.448341438383886,0.05712435665212999,0.4,0.2,False,none,36,2.5689967475320525,2028.2399674753206,0.00019941504526510556,4.786763909830142,5.111437391423122,False,0,5.4636148150002555
73,2,0,1.7283187569882619,0.7928400767969324,2001.2084618695526,0.6984684890757975,0.007268669388843631,6.060666027380017,0.06648282032726684,0.4,0.2,False,none,30,2.5689967475320525,2028.2399674753206,0.00019612845060346107,4.622124229388946,5.109913181310385,False,0,5.42973346799954
74,2,0,1.2639674182972376,0.8395428907977205,2001.1671907232476,0.23358378731926335,0.007696835578262097,4.919583959687831,0.08079939767773109,0.4,0.2,False,none,42,1.26381284012113,2027.7094706842104,0.00011493509136761837,4.480587642749859,5.1057370926445165,False,0,5.225414986999567
75,2,0,1.6753586407437087,0.9212767341322261,2000.6942911091337,0.7324724009319312,0.0084461623371694,5.936215391837063,0.06289414008552414,0.4,0.2,False,none,31,2.5689967475320525,2028.2399674753206,0.00019428676335964123,4.463789739645679,5.021558848074946,False,0,5.32252927799982
76,2,0,1.899897725466259,0.9443567076997837,2000.8150483069103,0.2070185902163676,0.008657756960442707,6.45542152388267,0.09289381627977959,0.4,0.2,False,none,27,1.9015604547059173,2027.4001015742163,0.00010311713029742542,5.463045017049221,5.796749900965876,False,0,5.657494864
77,2,0,1.306242403959224,0.8149107073338212,2000.6327798242187,0.40710656848559995,0.007471010467796242,5.028675860834057,0.07688592662333091,0.4,0.2,False,none,40,2.5689967475320525,2028.2399674753206,0.00019567836564837737,4.426605389564494,5.062259684934718,False,0,5.463896883999951
78,2,0,1.3385905044450341,0.8177314846213476,2000.5715416350688,0.33780946013913765,0.007496871039332209,5.1113578112799445,0.07976240833625119,0.4,0.2,False,none,39,2.5689967475320525,2028.2399674753206,0.00019805723066501635,4.630315669525361,5.12013767970515,False,0,5.864771765999649
79,2,0,1.7909492843998844,0.8159830251935392,2000.7200491021197,0.01966106818157919,0.007480841358325301,6.206212608069904,0.09293695956766287,0.4,0.2,False,none,30,2.5689967475320525,2028.2399674753206,0.00019608914438018488,4.42655405333991,5.007965316572074,False,0,5.622100546999718
80,2,0,1.8988832892956002,0.7659343429881933,2000.0167171815494,0.13962216950350845,0.0070220006224133895,6.45312343667336,0.09380998298526262,0.4,0.2,False,none,28,2.5689967475320525,2028.2399674753206,0.00019585503017227612,4.5161803637419995,4.986561206413668,False,0,5.736284414999318
81,2,0,1.634968045882922,0.7476789200315525,2001.2758780811153,0.2973410169327625,0.006854636940999346,5.84041852964639,0.08622224837908231,0.4,0.2,False,none,33,0.8173495383644159,2027.416024349359,4.653380553187869e-05,4.362680364564272,4.427542468746183,False,0,5.5062165009994715
82,2,0,1.8948540491450907,0.7516614524955839,2000.5483704524981,0.17288372130534904,0.00689114835440863,6.443991617568781,0.09324880506409292,0.4,0.2,False,none,28,1.1365856331727147,2027.8264926961454,5.731633939376479e-05,4.6313690286011635,4.151853022536108,False,0,5.529678347999834
83,2,0,1.9556706949862679,0.7022148862637112,2001.8487071678057,0.6668512988622773,0.006437827750580102,6.581147271210034,0.07183071214941274,0.4,0.2,False,none,26,2.5689967475320525,2028.2399674753206,0.00019888554615810072,4.808962867044028,5.124943301800806,False,0,5.456140821999725
84,2,0,1.475046749974784,0.740256725027753,2000.2328150713593,0.7642912737658808,0.006786591085093447,5.4530772163987695,0.057130113475163,0.4,0.2,False,none,36,2.5689967475320525,2028.2399674753206,0.00019712350170653092,4.711976957570929,5.051964891635972,False,0,5.472701349999625
85,2,0,1.7562784059004632,0.9386524859277321,2000.1607977496835,0.3270647541834164,0.008605461291498733,6.125854797702726,0.08755258966802607,0.4,0.2,False,none,32,1.7558014288237334,2028.2653489028464,0.00013001259910960794,5.30629092504708,5.772404838377888,False,0,5.3306416250006805
86,2,0,1.5999532406377686,0.8770357881264597,2000.583199682791,0.44387395164963805,0.008040566278926797,5.7567316371080315,0.08064304248073656,0.4,0.2,False,none,33,0.8004997271388776,2027.789842285222,7.645718611970498e-05,4.514617997466738,4.584161884042587,False,0,5.698467502000312
87,2,0,1.5284109470898046,0.8678097980582669,2000.787715018719,0.21929410724675377,0.007955983431070048,5.583817521328563,0.08623483221368575,0.4,0.2,False,none,36,1.1481943949404068,2027.5832279785698,0.00013459486526090636,4.520360451143358,4.245165209452856,False,0,6.01849032500013
88,2,0,1.3338279659695693,0.8753080371031506,2000.2300474907952,0.6234604351315836,0.008024726450262478,5.09922689399682,0.06672390422262295,0.4,0.2,False,none,40,1.0014874577849606,2027.268676985194,8.847373173304085e-05,5.039831880322278,4.915754348992873,False,0,5.990499346000433
89,2,0,1.4027243668641534,0.7693540592448582,2000.4373546459603,0.2899466133683893,0.00705335219961137,5.273342971561596,0.0822459505734738,0.4,0.2,False,none,38,1.4018315107001975,2027.0709315158037,0.0001247749441116719,7.035453668670178,5.859572581168496,False,0,5.916730713000106
90,2,0,1.7982743063866073,0.707401875300943,2001.1775983008838,0.17911979122207825,0.006485381487504592,6.223123457613786,0.09152686668629573,0.4,0.2,False,none,28,2.5689967475320525,2028.2399674753206,0.00019419358263195186,4.471419114733473,5.022457657505077,False,0,5.8732309500001065
91,2,0,1.3620384646810046,0.9073581841933765,2001.0894651568337,0.7121612888954056,0.008318558623837537,5.170874996499981,0.060622813393775524,0.4,0.2,False,none,39,0.5936161112882413,2027.1765270913043,4.812451314650801e-05,4.515482381865285,4.738012270088986,False,0,5.655736323999918
92,2,0,1.6867079057857937,0.7094322044263462,2000.214462115869,0.8669501509913276,0.006503995318458644,5.9629940739623555,0.04659105003969179,0.4,0.2,False,none,31,2.5689967475320525,2028.2399674753206,0.00019724862015457756,4.690178797066024,5.109975846104773,False,0,5.3930704169997625
93,2,0,1.2775890097619569,0.8197122735877089,2000.4281892000824,0.82485718900043,0.007515030691633989,4.954865866865984,0.048267907934461236,0.4,0.2,False,none,42,0.5936161112882413,2027.1765270913043,4.811800432558133e-05,4.498804754061967,4.773159812941176,False,0,5.218472610999925
94,2,0,1.7996102815620276,0.8095368545856212,2001.150007900504,0.07713521202201667,0.007421743585212808,6.226205267520975,0.09282724524346998,0.4,0.2,False,none,28,0.5936161112882413,2027.1765270913043,4.782667268188323e-05,4.4650752293836655,4.808296653870339,False,0,5.482215134000398
95,2,0,1.9620867830393323,0.8641911509834388,2001.1644944244385,0.6018540419025521,0.007922808078320355,6.595533526052131,0.07707609808305357,0.4,0.2,False,none,28,0.9812269517963447,2027.6591202752977,6.746148074165959e-05,5.1946440453145115,5.229593964544594,False,0,5.292606622000676
96,3,0,2.087572505498777,0.7930231549551435,2001.2207137041194,0.19047406064391711,0.007270347828977147,6.87383077692877,0.09598646256548156,0.4,0.2,False,none,24,2.5689967475320525,2028.2399674753206,0.00019775965520762995,4.441155561627142,5.057335650121458,False,0,5.273630276999938
97,3,0,2.53287063733406,0.7109495051446645,2001.8864146329631,0.40734988755388785,0.006517905762200926,7.819514638376885,0.09524953710428524,0.4,0.2,False,none,21,2.5689967475320525,2028.2399674753206,0.0001963429082831869,4.55858086352351,5.050881524097035,False,0,5.540762214999631
98,3,0,2.3421927800362066,0.8474709727294046,2000.1712539448445,0.31127194307699313,0.007769519349095035,7.421976062667046,0.0966365250406964,0.4,0.2,False,none,24,2.342478008563857,2028.2861032902663,0.00011215488527627215,4.726989758062315,5.974666306160035,False,0,5.428331297000113
99,3,0,2.1103838336913063,0.70379324834234,2001.4544068455127,0.034784886125975155,0.0064522979980627835,6.923814516744567,0.09793656937826452,0.4,0.2,False,none,25,2.5689967475320525,2028.2399674753206,0.00019673234323913658,4.556245573909743,5.069458913467271,False,0,5.912277078999978
100,3,0,2.18508354143537,0.9106232202034367,2001.608091895455,0.6918448528479553,0.00834849210978804,7.086250292918464,0.07247800543054622,0.4,0.2,False,none,24,1.0913539612750873,2027.8209584068773,0.0001631626762792493,4.79380852541082,4.986706519900634,False,0,5.413601088000178
101,3,0,2.7134993724032683,0.9283821670808161,2000.7410251200104,0.4911025758224393,0.008511304153885514,8.186990272478035,0.09328020436466528,0.4,0.2,False,none,19,1.3568663312450915,2027.867925583235,6.772365149476656e-05,5.663640176614651,4.960451762242249,False,0,5.481342910000421
102,3,0,2.7573128851615185,0.7286670914654496,2000.0430154044561,0.2697767377062885,0.006680338617328998,8.274882282664331,0.10316067158799588,0.4,0.2,False,none,18,0.918217796609037,2027.5754401482711,0.00014340915814448074,4.884662190743331,5.298815743554604,False,0,5.232089731000087
103,3,0,3.1053696375942192,0.7654071173853308,2002.7785721759897,0.7713620359984231,0.00701716707689432,8.957359243155686,0.07176819475965926,0.4,0.2,False,none,17,2.5689967475320525,2028.2399674753206,0.00019662764775529862,4.518611528299811,5.078655047194298,False,0,5.585644859999775
104,3,0,2.516103887054111,0.8795029295513218,2001.028903921262,0.2801983252465418,0.008063184756319225,7.7849680853256285,0.09994440784827016,0.4,0.2,False,none,20,2.5689967475320525,2028.2399674753206,0.00019890416446755044,4.712462800694506,5.126690789157124,False,0,5.35624965199986
105,3,0,3.0281018785433913,0.9374583797725575,2002.4638552853028,0.0782788144293301,0.008594513859461477,8.808151566280387,0.11028224241173945,0.4,0.2,False,none,18,2.5689967475320525,2028.2399674753206,0.00019729217027830703,4.628106574728068,5.069316701886352,False,0,5.491854595999939
106,3,0,2.878930475879257,0.7969697939221447,2001.3192088698283,0.023006189712787017,0.007306530174809302,8.516449498790497,0.1086150417232146,0.4,0.2,False,none,19,2.8866191187095973,2027.208543422553,0.00012523330133951127,6.988013686175287,5.937491123828942,False,0,5.524421314000392
107,3,0,2.6932967444354072,0.731728555182665,2002.4435553847868,0.509158283513658,0.006708405775205629,8.146303661669192,0.09174912800052344,0.4,0.2,False,none,20,2.5689967475320525,2028.2399674753206,0.00019727783379430708,4.64775507206302,5.05955964897292,False,0,5.631394664999789
108,3,0,2.132951336689971,0.8619358252510064,2001.6405664954875,0.3514289018170319,0.007902131503569705,6.97308708162213,0.09237835070250124,0.4,0.2,False,none,25,2.1288533824002527,2027.2666181929699,0.0001324111772833536,4.87626158171006,5.337217200365447,False,0,5.576124192999487
109,3,0,2.644991375685055,0.7926873418747009,2000.1776956833692,0.44561784812436483,0.007267269132113023,8.048605311575923,0.09483912958042194,0.4,0.2,False,none,20,2.5689967475320525,2028.2399674753206,0.00019566390283620727,4.544371472471771,5.023567675906436,False,0,5.337452321000455
110,3,0,2.817043927309402,0.7731447195059015,2002.4790774329101,0.8700239072323397,0.007088104550065532,8.393959513934456,0.054512610181424316,0.4,0.2,False,none,18,2.5689967475320525,2028.2399674753206,0.0001956179478616038,4.533860585409689,5.030449061441069,False,0,5.37169918500058
111,3,0,2.114138428675945,0.9403319433265108,2001.496854644531,0.3304667523267215,0.00862085836960014,6.932024213523436,0.09291094140990476,0.4,0.2,False,none,26,2.5689967475320525,2028.2399674753206,0.00019735277493038161,4.70739295103905,5.06536504708715,False,0,5.65441481400012
113,3,0,2.5882941722480055,0.7887403831211942,2001.7592989074362,0.4530415214910656,0.007231083854513856,7.933172182861577,0.0937800776624668,0.4,0.2,False,none,21,0.517952401187463,2027.6139772629354,3.938262689562322e-05,5.293059744579739,4.689359243653516,False,0,5.350178749000406
112,3,0,3.0445699046942143,0.746150990202764,2002.73849795403,0.2385394425707769,0.0068406290507578675,8.840057518596671,0.1074946305934793,0.4,0.2,False,none,18,2.5689967475320525,2028.2399674753206,0.00019736791174251866,4.648705647134933,5.081591617663367,False,0,5.659898126999906
114,3,0,2.268967998695548,0.7008535337462461,2002.0209813980678,0.242302944843737,0.006425347022548416,7.266468097585578,0.09743845976283552,0.4,0.2,False,none,23,2.5689967475320525,2028.2399674753206,0.00019458114536574644,4.46803252366583,5.018705747748774,False,0,5.574158155000077
115,3,0,2.3495612837146793,0.7540316242861712,2001.2455083754273,0.33662668821080144,0.006912877825010246,7.437534196438092,0.09578478042093465,0.4,0.2,False,none,22,2.5689967475320525,2028.2399674753206,0.00019505596347613174,4.535137800227866,5.010267954063639,False,0,5.530067247000261
116,3,0,3.125717497302166,0.8496924375598641,2002.725765936264,0.07644634785958346,0.007789885490873321,8.996445222644613,0.11137015017821363,0.4,0.2,False,none,17,0.7807754310853362,2027.7085854004868,8.484810939912713e-05,4.803780149554992,4.830708053443916,False,0,5.443263234999904
117,3,0,2.682964733764039,0.8191838144762981,2000.582133231354,0.05729583281074662,0.007510185837446136,8.125456447205886,0.10599606823526452,0.4,0.2,False,none,19,0.5375496847498967,2027.405609237495,3.5618622061361904e-05,4.647492007115872,4.178427043256106,False,0,5.704047920000448
118,3,0,2.6865457586422195,0.7544783786274234,2000.5480449967201,0.7327743231699441,0.0069169736189788255,8.132685015983922,0.0730016238001344,0.4,0.2,False,none,19,2.5689967475320525,2028.2399674753206,0.0001975662399068545,4.712767475342238,5.106364383241019,False,0,5.656886035999378
119,3,0,2.8113467039234608,0.8703165320972465,2001.5239559232186,0.27925694308574045,0.007978964889132453,8.382638332921085,0.10368288050159191,0.4,0.2,False,none,18,2.5689967475320525,2028.2399674753206,0.00019763742855305466,4.707292282115505,5.1082043492575755,False,0,5.613004689999798
120,3,0,3.057338135761236,0.7557529090994883,2001.8023312713242,0.7227212345677289,0.006928658372182617,8.864755730846264,0.0773087494513096,0.4,0.2,False,none,16,0.9393052645513392,2026.9716411574375,0.00010533729255124413,4.51784942128713,4.905649454369387,False,0,5.3947999800002435
121,3,0,2.2116150571243076,0.8119360064004681,2001.188722845936,0.16965167525437963,0.0074437387414443374,7.143496167888859,0.09820982691127833,0.4,0.2,False,none,24,0.5936161112882413,2027.1765270913043,4.814629782523561e-05,4.42963938746318,4.744146701681406,False,0,5.3267088049997255
122,3,0,2.6183537301266107,0.8952429880334674,2000.226481332076,0.6306142941766144,0.008207487856800715,7.9944759911712975,0.08240043338472182,0.4,0.2,False,none,20,0.8730718615317501,2027.3077407283174,0.00014315393287422928,4.806653678262811,5.342163316302884,False,0,5.890377255999738
123,3,0,2.799220788539252,0.7656279732795214,2002.5245230770895,0.22423956479792884,0.007019191859097478,8.358516945531743,0.10493326154395628,0.4,0.2,False,none,18,1.6000930617243916,2027.2911002784815,9.50414431803992e-05,4.347328933133236,4.81160482202555,False,0,6.099318855000092
124,3,0,3.057997334540108,0.7684836316792181,2001.4833618253176,0.17428624400130577,0.007045372216779102,8.866029916847376,0.1091435282875602,0.4,0.2,False,none,16,0.5936161112882413,2027.1765270913043,4.837449793471116e-05,4.613706430617054,4.732411745462487,False,0,5.730025009000201
125,3,0,2.3551532218334965,0.9415138120371627,2002.045904513697,0.22906961939279932,0.008631693610111006,7.4493303705555345,0.0991878797220203,0.4,0.2,False,none,22,1.4099009224078451,2027.4339183069992,0.0001568661550872541,4.4004481321236835,5.361320294853714,False,0,5.8015777969994815
126,3,0,2.4763113851836196,0.8460231245552516,2001.244801747921,0.8501018575305211,0.0077562456385307605,7.702670027736534,0.055769526532992685,0.4,0.2,False,none,20,2.5689967475320525,2028.2399674753206,0.0001956051385176849,4.480324444240241,5.024097829711941,False,0,5.436061966000125
127,3,0,2.8028895000232623,0.8980914087922265,2001.335373303321,0.7538136532293542,0.008233601860597527,8.365818570988864,0.07177460611144958,0.4,0.2,False,none,20,2.5689967475320525,2028.2399674753206,0.00019532673332112171,4.566282907929001,5.012591306449421,False,0,5.850823662000039
128,4,0,4.439531907062655,0.7331032664499925,2003.967454219385,0.04574626195281707,0.006721008974765986,11.367437589407722,0.12518627413366643,0.4,0.2,False,none,12,2.5689967475320525,2028.2399674753206,0.00019779012624177028,4.734906764997925,5.076669792878156,False,0,5.575727746999291
129,4,0,3.2731240889409468,0.7136280004997376,2000.5388768938394,0.7055667652319716,0.006542461908850621,9.277111385310505,0.08093340917912754,0.4,0.2,False,none,16,2.5689967475320525,2028.2399674753206,0.00019532433681901384,4.538086527275713,5.015261701406594,False,0,5.658664190000309
130,4,0,3.2704668963575365,0.771921705006317,2000.3995670295528,0.6059321671317115,0.007076892089551229,9.272089799921746,0.09062106822820622,0.4,0.2,False,none,16,0.5936161112882413,2027.1765270913043,4.964632956927506e-05,4.769230133792223,4.9532586296645436,False,0,5.449592491999283
131,4,0,4.708253437693082,0.9412306353962896,2003.428273350039,0.5829269395246053,0.008629097478253665,11.82163861279431,0.10456280139865325,0.4,0.2,False,none,10,0.9393052645513392,2026.9716411574375,0.00011177707470155784,5.068532960865351,5.2017218635302065,False,0,5.440466510999613
132,4,0,3.426088322859999,0.8495362403320422,2003.174380956933,0.876739713317915,0.007788453492111253,9.563939654222418,0.056932390634812265,0.4,0.2,False,none,14,2.5689967475320525,2028.2399674753206,0.00019563864045057944,4.53414138664747,5.019336656675748,False,0,5.38139843999943
133,4,0,3.704320397764532,0.8651864070713077,2002.274599442875,0.15068095387297634,0.007931932475120753,10.07496360833213,0.11684171087133702,0.4,0.2,False,none,14,0.5936161112882413,2027.1765270913043,4.8510268354728936e-05,4.615404344717865,4.929315287744485,False,0,5.327605890999621
134,4,0,4.198711761140296,0.7441625810214851,2003.630105457956,0.29331987917232116,0.0068223995371757,10.95254799942753,0.11772311902078174,0.4,0.2,False,none,12,2.5689967475320525,2028.2399674753206,0.00019486928702971973,4.428694911775196,5.017719584704315,False,0,5.428800724000212
135,4,0,3.506507101491656,0.7629512910965583,2000.6922420013627,0.4158614409738816,0.006994652335407444,9.713019767299924,0.10564301644759712,0.4,0.2,False,none,16,0.5010845199871311,2027.2685250168051,6.112125361723564e-05,5.172181851026432,4.77732305307665,False,0,5.369506476999959
136,4,0,3.9517516830973634,0.7790549326840919,2002.430367858786,0.38754574728432917,0.007142288725244223,10.518752148331172,0.11138616686509915,0.4,0.2,False,none,14,2.5689967475320525,2028.2399674753206,0.00019450228708628448,4.453611799662661,5.011968955537387,False,0,5.799042745000406
137,4,0,4.707445213220147,0.7804537929142628,2000.4804425440366,0.4613789496819114,0.0071551133198022995,11.820285696241623,0.11368536003074126,0.4,0.2,False,none,12,2.5689967475320525,2028.2399674753206,0.0001963766784166543,4.6266315173339425,5.079617735061108,False,0,6.287429128999975
138,4,0,4.60782542870085,0.7840038228218165,2003.4364426753132,0.879390603699593,0.007187659598016138,11.652929942362126,0.061998098685941166,0.4,0.2,False,none,12,2.5689967475320525,2028.2399674753206,0.00019546961386507355,4.4968027354879645,5.009578351028625,False,0,6.293112792000102
139,4,0,4.485101282750046,0.8593419475463895,2003.736826187412,0.10131227294510696,0.007878351122100943,11.44509215404292,0.12525070939377572,0.4,0.2,False,none,12,0.7484223104476956,2027.6730208844504,0.00012120920586122796,4.712896466622772,5.10223697964193,False,0,6.219699729999775
140,4,0,3.929888686386609,0.8630130276301282,2000.1427814260467,0.6788132578534888,0.00791200717482783,10.479919745666766,0.08919463539192503,0.4,0.2,False,none,14,2.5689967475320525,2028.2399674753206,0.00019533851314912365,4.511135538514483,5.073870231781928,False,0,5.8133039009999266
141,4,0,4.835499803689146,0.7004169711497406,2002.5450188939574,0.7447961693091666,0.0064213446653588625,12.03368680306359,0.08678930021707733,0.4,0.2,False,none,10,2.5689967475320525,2028.2399674753206,0.00019777155663991408,4.656452528530763,5.082300805627441,False,0,5.801822307000293
142,4,0,3.757877858943473,0.8912049324087649,2003.0644565446885,0.5808478590494514,0.008170467413247583,10.171841030630876,0.09716784725100008,0.4,0.2,False,none,14,0.5936161112882413,2027.1765270913043,4.904931076366026e-05,4.682061986912678,4.9263036141873515,False,0,6.08979896100027
143,4,0,4.270231827118955,0.8519090425944444,2002.9246753147283,0.4374173189684202,0.007810207078585061,11.076573308410065,0.11162938119341348,0.4,0.2,False,none,12,2.5689967475320525,2028.2399674753206,0.00019490007638567342,4.403460094429509,5.053155982040102,False,0,5.9437390319999395
144,4,0,4.231053111846641,0.7896199145106848,2002.0200291489268,0.6882411450891368,0.007239147300187722,11.008718721125126,0.0902147170596016,0.4,0.2,False,none,13,1.4099009224078451,2027.4339183069992,0.00016515449198928334,4.638323784907916,5.774008678301003,False,0,6.1806850749999285
145,4,0,4.639040605618358,0.859258755364189,2004.136138826931,0.8315677854313933,0.00787758842545398,11.705498312120751,0.072051178194688,0.4,0.2,False,none,9,2.5689967475320525,2028.2399674753206,0.00019591491485126955,4.560778174899828,5.062529607118268,False,0,6.196363611999914
146,4,0,4.917666678120952,0.7818358249799969,2004.7832692779598,0.6751207240333857,0.00716778363562587,12.169624644069131,0.09634421490665297,0.4,0.2,False,none,11,2.5689967475320525,2028.2399674753206,0.0001979169949000159,4.718480401964528,5.083922071308757,False,0,5.483677729000192
147,4,0,4.663287288640133,0.7451664910112841,2001.1892949521252,0.4692775783902439,0.006831603271983715,11.746249962574918,0.11276596626080099,0.4,0.2,False,none,12,0.5178999012608583,2027.5970671626587,4.461937874100652e-05,4.540569815202767,4.330944781150309,False,0,5.577571548000378
148,4,0,4.086062744078682,0.9053560189226922,2000.6600882777868,0.7638235193632793,0.008300202995962087,10.755761037618914,0.07984550259733812,0.4,0.2,False,none,13,2.5689967475320525,2028.2399674753206,0.0001976952680303734,4.518474802382014,5.096192930360979,False,0,5.5873197169994455
149,4,0,4.252025292444393,0.8140732150252517,2002.7229503181134,0.29513370219051416,0.00746333243172712,11.04506688595162,0.11823083011602162,0.4,0.2,False,none,12,2.5689967475320525,2028.2399674753206,0.00019770476626046474,4.59952952617285,5.0929535432561845,False,0,5.536570854999809
150,4,0,4.3748905471550525,0.7348532201489043,2001.8483474205286,0.7408593100973796,0.0067370523550836945,11.256825110731441,0.08456146659058696,0.4,0.2,False,none,12,2.5689967475320525,2028.2399674753206,0.0001959396919404277,4.543188083429518,5.0402080567767165,False,0,5.661179761999847
151,4,0,4.395069868282945,0.7656869462663741,2000.2844975069197,0.6327142677110503,0.00701973251686296,11.291413529450715,0.0972972229527616,0.4,0.2,False,none,12,2.5689967475320525,2028.2399674753206,0.00019538920443173957,4.560578051395538,5.0304082180095495,False,0,5.647112298999673
152,4,0,4.794976676009409,0.8329404781661486,2000.7751501751095,0.7853234228157464,0.007636305395704344,11.966361631911589,0.08073873095077935,0.4,0.2,False,none,12,2.5689967475320525,2028.2399674753206,0.00019518047119559956,4.530183314522514,5.023460397983381,False,0,5.85299007499998
153,4,0,3.6487259214811534,0.8769053353037285,2002.9676923053862,0.09674202643925967,0.00803937030199901,9.97390633440441,0.1170442542026731,0.4,0.2,False,none,14,2.5689967475320525,2028.2399674753206,0.00019798281271266038,4.63907014897078,5.062780705681927,False,0,5.779068546999952
154,4,0,3.7986962527641417,0.7701125691709586,2000.1018296027828,0.18227514289200172,0.007060306134007893,10.245366600351305,0.11709207782316765,0.4,0.2,False,none,15,2.5689967475320525,2028.2399674753206,0.00019758441584871722,4.687697729237721,5.1024834799581535,False,0,5.711892170000283
155,4,0,4.585930529738588,0.923911186498064,2003.2571995292803,0.48012490440368516,0.008470314702606443,11.615986672340414,0.1116512542146968,0.4,0.2,False,none,12,1.5289195050388242,2027.693728174032,0.0001683031987405048,4.571607969175281,5.015878820613513,False,0,5.757857589000196
156,4,0,4.6037280295557474,0.7432920754669816,2002.0002503974501,0.45021417229703625,0.006814418839350231,11.64602085766248,0.11351339731181026,0.4,0.2,False,none,12,2.5689967475320525,2028.2399674753206,0.00019530163313929982,4.5563977312958,5.001968959457173,False,0,5.499290540999937
157,4,0,3.523910976590691,0.743770854014117,2002.2003878883002,0.6230171544210186,0.006818808227666293,9.745132379491894,0.0913233665717814,0.4,0.2,False,none,14,2.5689967475320525,2028.2399674753206,0.00019557334712461127,4.571235353753114,5.0594287289552735,False,0,5.686214326000481
158,4,0,4.597816620649627,0.9170156140828757,2004.5068645771903,0.09785820984992484,0.00840709686385222,11.636049354474263,0.12639586586398768,0.4,0.2,False,none,9,2.5689967475320525,2028.2399674753206,0.00019480798569737612,4.5578743074105015,5.000127332910577,False,0,5.3303083159999005
159,4,0,4.636790870405281,0.843076914140992,2003.6550774467555,0.03172365414978353,0.007729235110080007,11.701713563946075,0.12719969531595393,0.4,0.2,False,none,11,2.5689967475320525,2028.2399674753206,0.0001949492638474437,4.603110362284147,5.01001059911307,False,0,5.398750841000037
160,5,0,5.637964995029634,0.9150516308094944,2002.3908245278878,0.6204726317911802,0.008389091284269132,13.330692402492957,0.10719146553604263,0.4,0.2,False,none,9,2.5689967475320525,2028.2399674753206,0.0001943982848794379,4.562518160922995,5.009790966135764,False,0,5.327265998999792
161,5,0,5.065251204849981,0.8402073894006608,2004.5535820394198,0.6484934281162759,0.007702927627334131,12.411905196814173,0.10039607970806495,0.4,0.2,False,none,10,2.5689967475320525,2028.2399674753206,0.00019637507718006653,4.567482210215724,5.06713174194278,False,0,5.54864275700038
162,5,0,5.157238505874293,0.846801749748756,2004.41696240907,0.109039336133167,0.00776338398745514,12.561724618974406,0.13106820898009283,0.4,0.2,False,none,10,0.9393052645513392,2026.9716411574375,0.00010600439559727004,4.494756069849593,4.906708241208092,False,0,5.603721890999623
163,5,0,5.421499965174351,0.820346289662351,2000.8322929423643,0.624307796181213,0.007520843280286677,12.987256867393276,0.10526434344017281,0.4,0.2,False,none,10,2.5689967475320525,2028.2399674753206,0.00019825706359277717,4.655057865405858,5.122518429365493,False,0,5.637490676000198
164,5,0,7.330359964198942,0.7419740662837837,2000.12347529896,0.3590213168579653,0.006802335478172489,15.880152124978315,0.13832402556506745,0.4,0.2,False,none,8,2.5689967475320525,2028.2399674753206,0.0001957288861069717,4.489067058070517,5.007874988821433,False,0,5.640757815999677
165,5,0,5.689616071731759,0.855575841698352,2003.9305001150474,0.6945485806092525,0.007843823883766364,13.41198622006297,0.09879734470670934,0.4,0.2,False,none,9,1.1365856331727147,2027.8264926961454,5.842527417954102e-05,4.847982593832859,4.300875988307831,False,0,5.473366494000402
166,5,0,6.319515461103582,0.8202905560849927,2004.7361027773484,0.1318800213284288,0.007520332321066109,14.384462704133911,0.13980066307853198,0.4,0.2,False,none,8,2.5689967475320525,2028.2399674753206,0.00019538060224433274,4.529857949007263,5.01271638664906,False,0,5.617892747000042
167,5,0,5.6447725157727975,0.8241252655316464,2003.9211951798718,0.268867974523534,0.007555488509540598,13.341420944033356,0.13091662320628308,0.4,0.2,False,none,10,2.5689967475320525,2028.2399674753206,0.0001941935229784475,4.477605404514447,4.987043029801667,False,0,5.380264039999929
168,5,0,5.250646338308498,0.7860512484757064,2001.135714570196,0.05547279786001036,0.007206430168036371,12.712948921288215,0.13235292407952215,0.4,0.2,False,none,11,2.5689967475320525,2028.2399674753206,0.00019577116394087213,4.448916555004561,5.008090660192796,False,0,5.424492914999973
169,5,0,5.751285244258078,0.8494279110502948,2005.2254847238703,0.10915648258835796,0.0077874603413394935,13.508726091564846,0.13590021807057126,0.4,0.2,False,none,9,2.5689967475320525,2028.2399674753206,0.00019810496289418555,4.5830821879032095,5.084711865228331,False,0,5.596306136000749
170,5,0,6.2327168721783615,0.9043640881412395,2002.2775807130472,0.8007727532310192,0.0082911090852,14.252445536650502,0.08545041854511984,0.4,0.2,False,none,9,0.5936161112882413,2027.1765270913043,4.919806106717939e-05,4.783867029573337,4.8499921538845445,False,0,5.251804953999454
171,5,0,5.2031466063799146,0.7682423218696516,2004.8633994659801,0.07905521845922943,0.007043159915361254,12.636161446027291,0.13172652789600692,0.4,0.2,False,none,9,2.5689967475320525,2028.2399674753206,0.00019713008797950238,4.3938348750446155,5.0695645229154165,False,0,5.391366374000427
172,5,0,7.055713561559636,0.8867508016570119,2001.4787722677538,0.6769605367785664,0.00812963243933964,15.480978890448748,0.10852099250655137,0.4,0.2,False,none,8,2.5689967475320525,2028.2399674753206,0.00019543973852831353,4.513094872784684,5.044327421608588,False,0,5.468100129999584
173,5,0,7.435605955883573,0.8682980764442182,2007.2750498246562,0.49565191377012197,0.007960459912848739,16.031790728168875,0.12970097750269302,0.4,0.2,False,none,7,2.5689967475320525,2028.2399674753206,0.00019623575647720326,4.5603618122094485,5.026040140898676,False,0,6.165496962999896
174,5,0,7.57526179390595,0.8571267634888451,2002.575016755455,0.848341486079612,0.007858042561748171,16.23190734119346,0.08095971705126576,0.4,0.2,False,none,7,2.5689967475320525,2028.2399674753206,0.00019790034542899182,4.673394235251121,5.079912368126665,False,0,5.709908320000068
175,5,0,5.383510706907301,0.8129240926991109,2001.5078376541157,0.3043234370063568,0.007452797406416846,12.926516696618524,0.1274684363890266,0.4,0.2,False,none,10,2.5689967475320525,2028.2399674753206,0.00019629927731446006,4.568579854508379,5.014562917972882,False,0,6.0454417280006965
176,5,0,6.341172265275093,0.780918429060406,2006.0742627452405,0.23468153853760929,0.007159373052163541,14.417307398744196,0.13724728723301532,0.4,0.2,False,none,8,2.5689967475320525,2028.2399674753206,0.0001962482140838162,4.581389374466043,5.071270300255886,False,0,5.581869495000319
177,5,0,5.515456906476955,0.9250854759466481,2003.010827782797,0.21830228279743327,0.00848108045728808,13.136876623167645,0.13172057797136422,0.4,0.2,False,none,9,2.5689967475320525,2028.2399674753206,0.00019487366231207837,4.5439118490169434,5.00806771158421,False,0,5.418189758000153
178,5,0,6.432551116858668,0.9277199626379533,2006.367030168474,0.6858013264117385,0.008505233137417178,14.555483002167449,0.10417771913228985,0.4,0.2,False,none,8,2.5689967475320525,2028.2399674753206,0.00020880563271929997,5.24771047678924,5.379283770279147,False,0,5.404441003000102
179,5,0,5.43130328714396,0.749767525571988,2004.9953609721515,0.8316819566591289,0.006873785043626127,13.002908122835027,0.07563760139362875,0.4,0.2,False,none,10,2.5689967475320525,2028.2399674753206,0.00019558976273714723,4.55418516022758,5.026221315036594,False,0,5.472299784000825
180,5,0,5.380373316378267,0.7563191563389131,2003.2445577054655,0.21312087357727952,0.006933849663713126,12.921494017375673,0.13058055494059082,0.4,0.2,False,none,8,0.537304539809093,2027.4736252802638,4.0101465928477076e-05,4.8452490960105195,4.035374058021895,False,0,5.310545060999175
182,5,0,7.947977233827396,0.8099594127666191,2006.6305629383435,0.41642302687555943,0.007425617551483072,16.760058635745764,0.1385827315736759,0.4,0.2,False,none,7,2.5689967475320525,2028.2399674753206,0.00019447897464297537,4.520093845087795,5.028583383150604,False,0,5.342529135999939
181,5,0,5.945470655488698,0.7841190048519733,2000.1520324494575,0.8125597556347216,0.007188715574020944,13.811111052504653,0.08171561623062751,0.4,0.2,False,none,10,2.5689967475320525,2028.2399674753206,0.00019785354414725287,4.669875101526713,5.070968154083967,False,0,5.600294577000568
183,5,0,6.657218154392802,0.8455158946518206,2004.1214412192212,0.816855764206592,0.0077515954113537115,14.892455690734392,0.08412554707945395,0.4,0.2,False,none,8,2.5689967475320525,2028.2399674753206,0.0001960525372721733,4.540672856592663,5.059441391200216,False,0,5.465059191999899
184,5,0,5.319955090256522,0.7553999300258831,2002.9296162105998,0.5022529285298757,0.006925422299407914,12.824578536019523,0.1154143162718971,0.4,0.2,False,none,9,0.5934506605533993,2027.1758526415697,4.6585419919420445e-05,5.052813895193903,4.890867165746364,False,0,5.324693829999887
185,5,0,6.342443482001102,0.711992549228414,2002.4285216731246,0.04904978954449427,0.006527468274017173,14.419234162360679,0.14087336341041848,0.4,0.2,False,none,9,2.5689967475320525,2028.2399674753206,0.00019543010627731672,4.552404939893674,5.004649779490521,False,0,5.130751244999374
186,5,0,7.4212465596784325,0.7576526105438189,2003.8215367559342,0.19490877219989083,0.006946074623127112,16.011144036685224,0.1458568368252172,0.4,0.2,False,none,6,2.5689967475320525,2028.2399674753206,0.00019571047483124548,4.616833671640823,5.038917925467042,False,0,5.204218093000236
187,5,0,7.138733204114171,0.7688670428478758,2000.7367140414337,0.7356804091633923,0.007048887287606779,15.602177880183278,0.10030095932428221,0.4,0.2,False,none,8,2.5689967475320525,2028.2399674753206,0.00019562130135786227,4.565641645534271,5.024959191346802,False,0,5.130212727000071
188,5,0,5.562545961746308,0.9103327655966619,2001.465023414613,0.6370633696118727,0.008345829254351114,13.21154268824794,0.104934703178738,0.4,0.2,False,none,10,0.5936161112882413,2027.1765270913043,4.8205538889734e-05,4.605161480279765,4.908276440621451,False,0,5.477488304999497
190,5,0,6.037711654002467,0.9285328329475482,2005.1317915211064,0.12491623960024666,0.008512685441746094,13.953592518989108,0.13795931740461245,0.4,0.2,False,none,8,6.042380181491144,2029.2779582259645,0.0002832467836988428,4.964998592400209,5.7576374300979305,False,0,5.326265611999588
189,5,0,6.59042070672957,0.7672025992670419,2000.2170894724193,0.7879696299052782,0.007033627854513613,14.792669359322735,0.08908044636060515,0.4,0.2,False,none,8,2.5689967475320525,2028.2399674753206,0.0001957764293845088,4.594315616181886,5.040377548660615,False,0,5.850332407000678
191,5,0,7.923477572328107,0.7929965034888949,2000.8433291133965,0.6320081610786105,0.007270103491307346,16.72559896592365,0.11839890394267637,0.4,0.2,False,none,7,0.5936161112882413,2027.1765270913043,4.825663540064529e-05,4.5467704069503165,4.848328878699874,False,0,5.5959372950001125
192,6,0,8.234112656364587,0.8102802584589573,2001.6083068986313,0.8478615407176635,0.007428559029002552,17.15993586886929,0.08322091609795806,0.4,0.2,False,none,7,2.5689967475320525,2028.2399674753206,0.00019585467063920614,4.566924188630464,5.036558648676166,False,0,6.033392546999494
193,6,0,8.466995620440043,0.7108586525106478,2007.9517767742134,0.774245152527922,0.0065170728353861765,17.481982486281378,0.09926922855631543,0.4,0.2,False,none,6,2.5689967475320525,2028.2399674753206,0.00019778253203894813,4.635187205359429,5.090244283503339,False,0,5.624551764999524
194,6,0,12.21441912292633,0.7403691232801312,2008.289902740172,0.31435747019329197,0.006787621539734087,22.319596354017534,0.16667711206869262,0.4,0.2,False,none,4,2.5689967475320525,2028.2399674753206,0.0001984300473784062,4.695269334152955,5.112963738604431,False,0,5.351335379000375
195,6,0,11.712889227741604,0.9319881228249458,2009.4933818494924,0.7021377535225292,0.008544363153930987,21.704368188438078,0.12445397243007368,0.4,0.2,False,none,4,2.5689967475320525,2028.2399674753206,0.0001962877252017492,4.568912049205436,5.066130050323721,False,0,5.555335347999971
196,6,0,9.82243624817418,0.8581586116538243,2006.0780603696548,0.47487023610216367,0.00786750243062995,19.30118336150332,0.1441004436148239,0.4,0.2,False,none,5,2.5689967475320525,2028.2399674753206,0.00019845906606086317,4.783781366122493,5.145197519331268,False,0,5.530907205000403
198,6,0,9.080423089828866,0.7847747915212145,2007.777773640422,0.4756509738795689,0.007194727753056573,18.316472867066388,0.14020020720220627,0.4,0.2,False,none,6,2.5689967475320525,2028.2399674753206,0.0001953773204910192,4.578402931517863,5.016416071104671,False,0,5.468206047999956
197,6,0,10.864215673327694,0.7104309569547193,2002.5177886644913,0.3979554016360516,0.006513151770235583,20.642868360045657,0.15495708182588575,0.4,0.2,False,none,4,2.5689967475320525,2028.2399674753206,0.0001977742560135276,4.617504177247711,5.089985582693013,False,0,5.714690912000151
199,6,0,12.059784860561072,0.7333830935090285,2011.865428106044,0.6486816957709243,0.006723574398030667,22.130819578481336,0.1336243547080662,0.4,0.2,False,none,4,2.5689967475320525,2028.2399674753206,0.00019815310338422432,4.695421230980774,5.10949325267757,False,0,5.497280345000036
200,6,0,11.729286406513065,0.7692426893458246,2008.8973287555882,0.20909967987025185,0.0070523311727994885,21.72461980545607,0.16936399939352348,0.4,0.2,False,none,4,2.5689967475320525,2028.2399674753206,0.00019583821851254513,4.581328124752537,5.044122209393664,False,0,5.306502206999539
201,6,0,8.569487423468296,0.8676586276528111,2004.5205512455534,0.6976868319147889,0.007954597517654729,17.622777361112117,0.11272157434914894,0.4,0.2,False,none,6,2.5689967475320525,2028.2399674753206,0.00019554637516827622,4.57178546049339,5.02186109485695,False,0,5.30206907199954
202,6,0,8.267657579434074,0.9444078895255396,2002.595143752616,0.6788696672129731,0.008658226189712296,17.20650948415434,0.11422410214974496,0.4,0.2,False,none,7,2.5689967475320525,2028.2399674753206,0.00019777099085604988,4.71567445268124,5.089947253024119,False,0,5.481487961000312
203,6,0,8.829120856774649,0.7250187823161315,2007.6887515494147,0.10881663733050362,0.006646891325988958,17.976953642759902,0.15653405178225027,0.4,0.2,False,none,6,2.5689967475320525,2028.2399674753206,0.00019815443120341225,4.712853488827855,5.09238035064955,False,0,5.773547626999971
204,6,0,12.214788965548118,0.7477771740512105,2006.2885003017043,0.07164100564270322,0.006855537722892087,22.32004689782659,0.1750067855053611,0.4,0.2,False,none,4,0.9393052645513392,2026.9716411574375,0.000106357509810584,4.58126498895164,4.92291468975744,False,0,5.600750969000728
205,6,0,12.294647524604212,0.713429260923718,2001.7090315483388,0.4082518591060556,0.006540639886585547,22.417224735814354,0.1606868118384732,0.4,0.2,False,none,4,2.5689967475320525,2028.2399674753206,0.00019678647867471533,4.5808942247168325,5.043327522120591,False,0,5.649836026999765
206,6,0,11.131837528133861,0.7677793144354189,2002.8602470842716,0.1929314172991105,0.007038915114849138,20.980493374016255,0.16699619236638022,0.4,0.2,False,none,4,0.5936161112882413,2027.1765270913043,4.850300732761603e-05,4.585839138772841,4.80798741188665,False,0,5.659165203000157
207,6,0,11.72189415311483,0.7970311810587773,2004.2969299083138,0.6883774986661575,0.0073070929652306865,21.71549104504685,0.1264444178200933,0.4,0.2,False,none,5,2.5689967475320525,2028.2399674753206,0.00019597548985317292,4.555253445757148,5.03964349781859,False,0,5.727959668999574
208,6,0,9.48486284020005,0.9238922671763597,2000.0689874256657,0.5070035926439278,0.008470141252375362,18.856387485113775,0.13967859579996728,0.4,0.2,False,none,6,2.5689967475320525,2028.2399674753206,0.000195819360354621,4.51807504883405,5.052792394983977,False,0,5.372816259000501
209,6,0,9.241706895230466,0.7405316676987794,2001.0445636226182,0.8166893434166845,0.006789111728833672,18.532723704648223,0.09356200008308836,0.4,0.2,False,none,6,2.5689967475320525,2028.2399674753206,0.0001980545370677822,4.702195075628034,5.134941387985074,False,0,5.5736164129993995
210,6,0,8.126553200968376,0.849859164357634,2001.4181426955645,0.5207457793018961,0.007791414023558179,17.010172296710984,0.13132905617952415,0.4,0.2,False,none,7,2.5689967475320525,2028.2399674753206,0.00019525208952686501,4.456614009189798,5.005536406958116,False,0,5.320130574999894
211,6,0,12.378841571041097,0.9267978256540023,2004.597053662449,0.4395864488799984,0.008496779088405623,22.51945075084717,0.1588881354082509,0.4,0.2,False,none,5,2.5689967475320525,2028.2399674753206,0.00019543940163124773,4.664059002592822,5.042988193068541,False,0,5.416043901999728
212,6,0,8.613895643217667,0.840695035169766,2006.73182882988,0.285827346809281,0.007707398309352141,17.683607277267768,0.1499248466292193,0.4,0.2,False,none,5,2.5689967475320525,2028.2399674753206,0.00019875351981823997,4.725733649680857,5.129856587559492,False,0,5.2199746689993844
213,6,0,8.42689042646013,0.8618502680049754,2007.8839789580195,0.8478426386671656,0.007901347124281349,17.426734793503748,0.08400124482972239,0.4,0.2,False,none,6,2.5689967475320525,2028.2399674753206,0.0001957580941697179,4.601892390346857,5.028247288448993,False,0,5.443163152000125
214,6,0,12.026561383729085,0.7084757242465296,2010.5924714225346,0.02122529556970897,0.006495226414858115,22.09015545996878,0.17444497738376297,0.4,0.2,False,none,4,2.5689967475320525,2028.2399674753206,0.0001959287537458554,4.555809099159572,5.046454087126936,False,0,5.643733567999334
215,6,0,8.131476972019163,0.9276467266325551,2002.2246946948355,0.300169102734187,0.008504561717888602,17.01704242861366,0.14654475512134668,0.4,0.2,False,none,7,2.5689967475320525,2028.2399674753206,0.00019442461445706716,4.519204370354073,4.982796662009686,False,0,5.518696989000091
216,6,0,8.840200454382833,0.7925839683793644,2002.1836674228402,0.7678767648246343,0.0072663214154382975,17.99198992865388,0.10206890434276326,0.4,0.2,False,none,6,2.5689967475320525,2028.2399674753206,0.00019574213250472816,4.566636169918331,5.074987891981456,False,0,5.37071326899968
217,6,0,10.48744021259113,0.7765966811851773,2008.7034783851423,0.8317532828590231,0.007119751749701278,20.162797545317016,0.09411207630751735,0.4,0.2,False,none,5,2.5689967475320525,2028.2399674753206,0.0001963521734273943,4.60104426448633,5.067086547945417,False,0,5.528427350000129
218,6,0,10.261563685712018,0.7651808792306173,2006.809849850308,0.4756775873917898,0.007015092950727038,19.872239864752583,0.14598112313329584,0.4,0.2,False,none,5,2.5689967475320525,2028.2399674753206,0.00019634309011551387,4.541011574751583,5.036486762440487,False,0,5.474647736999941
219,6,0,8.149748087173506,0.9426217987426998,2000.6535228347213,0.09719969509291321,0.00864185150863995,17.042523983918457,0.15290791924574823,0.4,0.2,False,none,6,0.9393052645513392,2026.9716411574375,0.0001062885517496559,4.582721657102918,4.918632598113892,False,0,5.525839414000075
220,6,0,11.741011353713613,0.7327230559170707,2008.5928603655943,0.6303331084422316,0.006717523247009729,21.739095116374752,0.1350324602860252,0.4,0.2,False,none,4,2.5689967475320525,2028.2399674753206,0.0001955390067813756,4.572378672037732,5.0375068523634425,False,0,5.420827250000002
221,6,0,10.83505170587681,0.8553377514652224,2003.8265050344344,0.525735865629002,0.00784164109906617,20.605909250198,0.14400612479963099,0.4,0.2,False,none,5,2.5689967475320525,2028.2399674753206,0.00019537477860509522,4.49885034586517,5.004325964033692,False,0,5.506960345999687
222,6,0,9.607912991000195,0.8840159666057378,2000.9797016576022,0.3387477849504784,0.008104559776639438,19.019123493330817,0.15276611394729428,0.4,0.2,False,none,6,2.5689967475320525,2028.2399674753206,0.00019452403113784378,4.585644900605779,5.021059884546834,False,0,5.603863670999999
223,6,0,11.801523791450172,0.9342546043669446,2003.8820648835372,0.38358852049602005,0.008565142003899396,21.81372572483364,0.16070651216874862,0.4,0.2,False,none,5,0.537304539809093,2027.4736252802638,4.002193716590163e-05,5.0724620169744545,4.055803107210792,False,0,5.475123170999723
224,7,0,18.49434493421419,0.7156700004089371,2011.3889094957747,0.5514359171238243,0.006561182736248731,29.430462895568557,0.16849085172808753,0.4,0.2,False,none,3,2.5689967475320525,2028.2399674753206,0.00019627478704820067,4.559628513639755,5.0539100233133425,False,0,5.695949936000034
225,7,0,15.83979851700255,0.8727553165687781,2015.66594873059,0.19639185848772425,0.00800132339313975,26.54223924185845,0.1878591246379993,0.4,0.2,False,none,3,2.5689967475320525,2028.2399674753206,0.0001955350216368279,4.524440827927803,5.048562870458352,False,0,5.742571916000088
226,7,0,14.340440563330533,0.7246004001859064,2009.088706436663,0.5749842154414989,0.006643055645286373,24.839687049339275,0.15190967804791722,0.4,0.2,False,none,4,2.5689967475320525,2028.2399674753206,0.0001959709038260593,4.530807822376553,5.096967172774178,False,0,5.585009037999953
227,7,0,17.011823716249516,0.9186149439819798,2010.064817772335,0.18138020129350138,0.00842175934197422,27.83588540223778,0.1930181539806954,0.4,0.2,False,none,3,0.5936161112882413,2027.1765270913043,4.758683442529499e-05,4.45583607990482,4.728718900706442,False,0,5.084720240999559
228,7,0,18.175444915084306,0.7760401673957135,2017.0550637803517,0.8877475166210617,0.007114649693354319,29.091167967056492,0.09462957448723372,0.4,0.2,False,none,3,2.5689967475320525,2028.2399674753206,0.0001963211728750469,4.609345327010635,5.035924553241191,False,0,5.058270141999856
229,7,0,12.63489105799139,0.9360250911175264,2000.5242875020103,0.48640956883820385,0.008581373628944509,22.828924851879073,0.15572892739424773,0.4,0.2,False,none,5,0.5936161112882413,2027.1765270913043,4.8360259082613766e-05,4.6486946292369895,5.00292296551931,False,0,5.415549325000029
230,7,0,19.529671319195753,0.78137061350822,2002.2934780180497,0.5890091968157293,0.007163518628743392,30.51882064237348,0.1664632436101572,0.4,0.2,False,none,2,0.5936161112882413,2027.1765270913043,4.880742709323371e-05,4.714959242963828,4.935107231229616,False,0,5.437194909000027
231,7,0,19.964050023447776,0.8319300826673325,2000.1534831484553,0.7958416487020644,0.0076270422024730675,30.96969229217325,0.12686343965774954,0.4,0.2,False,none,3,2.5689967475320525,2028.2399674753206,0.0001962578064232945,4.589438824982152,5.063412246322212,False,0,5.254968191000444
232,7,0,18.884994497079603,0.8234844079010277,2006.81624322221,0.43173149080407314,0.0075496131982658405,29.843450337574442,0.18341982502802195,0.4,0.2,False,none,3,2.5689967475320525,2028.2399674753206,0.00019875178470840638,4.748535046307035,5.126540208560302,False,0,5.0547852379995675
233,7,0,19.606580294476743,0.8076615849801402,2009.6742155657967,0.8786373161045062,0.007404551322641701,30.598891399833686,0.10055937108084015,0.4,0.2,False,none,3,2.5689967475320525,2028.2399674753206,0.00019598093608375056,4.584538920914645,5.0274339850870575,False,0,5.506062163000024
234,7,0,16.966915840303894,0.8902622230822401,2011.5739445923305,0.7306844285868437,0.008161824759294,27.78687630766429,0.13506822131496574,0.4,0.2,False,none,3,2.5689967475320525,2028.2399674753206,0.0001958930473816567,4.524296259910364,5.025863762118351,False,0,5.494994040000165
235,7,0,14.56188954218178,0.8738849157750086,2005.7320295605946,0.2253549926822798,0.008011679432664343,25.094754171293044,0.18152866045408356,0.4,0.2,False,none,4,0.5936161112882413,2027.1765270913043,4.8102805025318496e-05,4.541773865588759,4.896138953494318,False,0,5.418379004999224
236,7,0,14.460448751001865,0.9199458588334848,2005.4566441495485,0.7720352871767208,0.008433961020879474,24.97807533624688,0.11962422048859724,0.4,0.2,False,none,4,2.5689967475320525,2028.2399674753206,0.00019830900835338117,4.681437044258785,5.087608165543597,False,0,5.428860834999796
237,7,0,19.2624760827564,0.828931723134765,2001.3038603866353,0.47835332381957746,0.007599553576722502,30.23981981320182,0.1798585443879894,0.4,0.2,False,none,3,2.5689967475320525,2028.2399674753206,0.00019886251901968244,4.743619195886753,5.129132451861758,False,0,5.273612237000634
238,7,0,15.429363821314977,0.8830927997713566,2001.9767127389634,0.7815515239339139,0.00809609628607401,26.081734552536542,0.11996664950331154,0.4,0.2,False,none,4,2.5689967475320525,2028.2399674753206,0.0001963325147980033,4.590460901414064,5.077573915328727,False,0,5.477000826999756
239,7,0,17.805920620218888,0.9165154837648521,2000.638232411915,0.7393603374564811,0.00840251172488228,28.695518693042835,0.13549943699009365,0.4,0.2,False,none,4,2.5689967475320525,2028.2399674753206,0.00019515581354845324,4.545760421185871,5.0078684640854565,False,0,5.132581900999867
240,7,0,16.713727740854942,0.7575790287982622,2011.6099488350744,0.5780826758674531,0.006945400033891327,27.509751858358193,0.1595053965616959,0.4,0.2,False,none,3,2.5689967475320525,2028.2399674753206,0.00019623442202387764,4.6346279656217195,5.073355538456187,False,0,5.443319250999593
241,7,0,14.090061198097843,0.7014265050080496,2011.3526560643209,0.6272784442343352,0.006430599959166079,24.549710606584537,0.14385568715789923,0.4,0.2,False,none,4,2.5689967475320525,2028.2399674753206,0.00019554740490790312,4.5547675243588746,5.021887539782691,False,0,5.441853704000096
242,7,0,12.75980233216766,0.8108948477656178,2004.0524882239129,0.2406520432903873,0.007434193515213291,22.979139155633373,0.17297116728622963,0.4,0.2,False,none,4,2.5689967475320525,2028.2399674753206,0.0001963590653191183,4.5930000256577905,5.053609130445716,False,0,5.133438446999207
243,7,0,15.59116004056749,0.8651657474989612,2010.88911148439,0.8137575253787827,0.007931743070465897,26.263750482351355,0.1124476723046004,0.4,0.2,False,none,3,2.5689967475320525,2028.2399674753206,0.0001963257700194898,4.528010073830004,5.05667986746001,False,0,5.076023182999961
244,7,0,16.271162648483912,0.8109172167333601,2015.9309953043878,0.7122684090285756,0.007434398591414467,27.021960095299846,0.1366196009033594,0.4,0.2,False,none,3,2.5689967475320525,2028.2399674753206,0.00019588286766369922,4.5924371865126945,5.043818430116626,False,0,5.087281635000181
245,7,0,19.80403766130243,0.8375022767073665,2005.8258738368709,0.12008520456791004,0.007678127455896585,30.803988536587312,0.2047823423429178,0.4,0.2,False,none,3,2.5689967475320525,2028.2399674753206,0.00019881219428607988,4.613660073469207,5.13001748907549,False,0,5.469638835000296
246,7,0,19.664554788425143,0.7105364704878401,2013.3606977358825,0.2326601119023648,0.006514119106538009,30.659180076149724,0.1999658313695191,0.4,0.2,False,none,2,0.5936161112882413,2027.1765270913043,4.846342372977208e-05,4.583989712553505,4.881060689702384,False,0,5.573285299999952
247,7,0,16.39196509728479,0.7735383516550872,2009.262431831658,0.41824675755636576,0.007091713325702618,27.155541739629637,0.1760824668359927,0.4,0.2,False,none,3,2.5689967475320525,2028.2399674753206,0.0001986118578264362,4.680312663369419,5.11183006612683,False,0,5.580578009999954
248,7,0,19.68704542989565,0.8096810275986525,2004.4308262291424,0.08871974005080482,0.007423065347314885,30.682552526756574,0.20499330199272875,0.4,0.2,False,none,3,0.5936161112882413,2027.1765270913043,4.839684869628602e-05,4.559967772349865,4.834827693075993,False,0,5.249387824000223
249,7,0,18.59308029312121,0.9268388284730343,2000.5834146199234,0.17041639284454682,0.008497154997676958,29.535116431435743,0.1992213823237124,0.4,0.2,False,none,3,2.5689967475320525,2028.2399674753206,0.0001963747956126305,4.5806232922691885,5.058954823752163,False,0,5.542563488999804
250,7,0,19.423596393052403,0.7188979783916192,2009.242021752562,0.3779056810721064,0.006590776478337769,30.408212217367645,0.18973746872352554,0.4,0.2,False,none,3,2.5689967475320525,2028.2399674753206,0.00019622065960145374,4.575674586952727,5.075843199588898,False,0,5.472242933000416
251,7,0,19.529830890474265,0.864627629808453,2018.5930141048748,0.6243902529209997,0.007926809667502218,30.51898688243345,0.16122178902744852,0.4,0.2,False,none,2,2.5689967475320525,2028.2399674753206,0.00019615108151616045,4.526975083916068,5.048256340423496,False,0,5.245305898999504
252,7,0,15.662722143326528,0.8068569301168441,2012.0195748177598,0.4081610069462055,0.007397174336608083,26.344054720927307,0.17435655699025956,0.4,0.2,False,none,3,2.5689967475320525,2028.2399674753206,0.00019573611821854797,4.528808178431673,5.021153753548874,False,0,5.317554906000623
254,7,0,14.580076914741,0.8515390518953057,2012.1207400026046,0.085833814158838,0.007806815045124981,25.11564489833541,0.18560100965980247,0.4,0.2,False,none,2,2.5689967475320525,2028.2399674753206,0.00019631282292476016,4.574710824968321,5.07902926537782,False,0,5.368424762999894
253,7,0,19.24735306679875,0.8291312319046373,2010.6111239746485,0.6057976675659482,0.007601382650871018,30.223990171617352,0.16326228481165045,0.4,0.2,False,none,3,0.5936161112882413,2027.1765270913043,4.8500807974138915e-05,4.65913572345813,4.928087883143305,False,0,5.4648768260003635
255,7,0,19.386147487665447,0.7483514671947574,2014.109290442735,0.7011988218969935,0.00686080277837413,30.369114737685617,0.14687183870931153,0.4,0.2,False,none,2,2.5689967475320525,2028.2399674753206,0.00019589355362592542,4.548889400242595,5.025876750403331,False,0,5.553573504000269
257,0,1,0.6646225320643994,1.0258813369427753,2000.316270637228,0.7436538515449553,0.009405165667895236,3.2049493060759078,0.04669710367520366,0.4,0.2,False,none,80,1.3282545908367147,2027.572578795901,9.537873567078137e-05,5.176643719668205,4.91285553554746,False,0,5.454221770000004
256,0,1,0.5310711889958071,1.0132945793087562,2000.2421150892105,0.4459853203399852,0.009289771677862841,2.7597703953829384,0.05728822299311427,0.4,0.2,True,exact,100,0.5310909766745957,2027.3268507479045,0.00010549173878815488,12.057772224629733,8.135833859171532,True,1,10.16260126599991
258,0,1,0.7886419447619742,1.147662449876279,2000.6467138905646,0.7133601601317267,0.010521641327520332,3.5921768130965996,0.051392204591682325,0.4,0.2,True,exact,66,0.7885901607107564,2027.459851922499,0.00012453150563096482,11.497253656414536,8.1005279121279,True,1,10.558323453999947
259,0,1,0.6365003516177695,1.1739882091307448,2000.3654181286436,0.4163746555756947,0.010762992951928708,3.1138920735926474,0.061404488695922625,0.4,0.2,True,exact,84,0.6364278404118822,2027.099109922299,0.00013781510156318788,15.131404660566766,11.588691367985883,True,1,10.1302844490001
260,0,1,0.6231716189167128,1.106798856834789,2000.5433394187617,0.6092528399738083,0.010147008464536393,3.0702676365685124,0.05376855800583077,0.4,0.2,True,exact,86,0.6231577241044267,2027.3410295323235,0.00011725283430241706,11.299114312254808,8.423365993619024,True,1,10.503214749999643
261,0,1,0.5244129293300104,1.019124615555092,2000.419977528236,0.31952984032177334,0.00934322079987341,2.736655001171331,0.060091457709128805,0.4,0.2,True,exact,100,0.5242845425360901,2027.1623397943406,7.631344225367265e-05,9.189132498929474,7.102200014390411,True,1,10.084796299000118
262,0,1,0.5517984162112641,1.1110700059047232,2000.3636634611764,0.5782279381204062,0.010186165882795624,2.8311187789566765,0.05331094697678564,0.4,0.2,True,exact,95,0.5515556437797946,2027.40708592021,0.00010720122410179389,11.320295944602586,8.234127511396633,True,1,10.683608135000213
264,0,1,0.706748958041999,1.115126567053908,2000.3037337523288,0.7879330443796391,0.010223355982933061,3.338985824770444,0.04411678068752181,0.4,0.2,False,none,76,0.7067274740925584,2027.1591596405174,0.00010124241121334254,8.768330677003329,6.905931569679653,False,0,5.417625072999726
263,0,1,0.5349629983748536,1.025353419548086,2000.5328333775929,0.03148117727387798,0.009400325780105861,2.7732367942893674,0.06340892839657872,0.4,0.2,True,exact,99,0.535055801206224,2027.280133810311,0.0001024387139320071,11.588312553650551,8.318967735031771,True,1,10.429922440000155
265,0,1,0.6852115012742279,0.9588477524924818,2000.24486664506,0.4614708795549456,0.00879060924273724,3.270801739530993,0.061224167041219274,0.4,0.2,False,none,76,0.6852903611333163,2027.6481378828325,8.264481218933639e-05,7.459279066054846,5.519828806221947,False,0,5.433583586999703
266,0,1,0.5319188413281227,1.1711738469415283,2000.4360171153005,0.09245828276932826,0.010737191193298492,2.7627062277096246,0.06317448717162484,0.4,0.2,True,exact,100,0.5319934686139985,2027.565260649314,0.00012251565484955318,13.498410236811996,11.15293991644757,True,1,9.920977968000443
267,0,1,0.5092237482706555,1.285278484458285,2000.2843748724642,0.41322688518540995,0.011783289782554818,2.683553287972805,0.057666188206666885,0.4,0.2,True,exact,104,0.509200193498559,2027.2756961929235,0.00013812611955021925,14.933898034057277,11.186837703868862,True,1,10.462978237000243
268,0,1,0.5340753047190979,1.1642164488567035,2000.386714355561,0.3335900708976133,0.010673406543701223,2.7701680885439877,0.06022896391802872,0.4,0.2,True,exact,99,0.5340533701403666,2027.6253937521587,0.00010399956141737832,12.0097361804821,9.001875926919647,True,1,10.325005154999417
269,0,1,0.6549469942137475,0.9790645887301778,2000.2850314633797,0.24117914382055436,0.00897595494233139,3.1737683603333933,0.06562040221954578,0.4,0.2,True,exact,80,0.6548993109204049,2027.1438404977366,9.736475718324922e-05,10.220778466204807,7.744610511570339,True,1,10.346970677999707
272,0,1,0.7734071731512839,0.960268885706373,2000.3243586516994,0.42048370428264636,0.008803638033525683,3.5457647746791863,0.06486754603560389,0.4,0.2,False,none,69,1.5471601085654572,2028.1652882041783,0.00010476896123279289,5.797505103293723,5.592639420043528,False,0,5.232519278999462
270,0,1,0.5039059634360036,1.110387243533164,2000.1797593337485,0.284924597427038,0.010179906393530076,2.6648378572286076,0.060065006765852476,0.4,0.2,True,exact,105,0.5039114628084217,2027.3909064916547,0.00011122483034708974,12.451992881301601,10.260149180526783,True,1,9.997795119999864
271,0,1,0.5078810897006849,1.228783597259833,2000.1314821191652,0.20685313902531,0.011265350958290846,2.6788341037146415,0.06138105059872443,0.4,0.2,True,exact,104,0.5079629291619294,2027.558578903911,0.00012844393923083786,14.288445001907359,11.494633421601556,True,1,10.352608778000103
273,0,1,0.5213656636117724,1.1105082164022584,2000.5009704060403,0.33460213501956704,0.010181015459300337,2.7260432462011237,0.05975085492992729,0.4,0.2,True,exact,102,0.5213036735320415,2027.609744148666,0.00012080668705005682,12.634223216606099,11.235680303409065,True,1,10.060818248999567
275,0,1,0.7661865931650337,1.0431087852822112,2000.6608490478127,0.823498831257685,0.00956310499268143,3.5236612971488035,0.041776584787340296,0.4,0.2,False,none,69,2.5689967475320525,2028.2399674753206,0.0001964241007137435,4.53911661716823,5.115922796661141,False,0,5.2783074270000725
274,0,1,0.6200425669026577,1.2099542330025777,2000.2634960724167,0.05089974671204491,0.011092725447051517,3.0599814547305275,0.06638548235152118,0.4,0.2,True,exact,86,0.6200623685142729,2027.5480436937949,0.00015479458146683278,16.864099252884994,12.398490214139214,True,1,9.9878396109998
279,0,1,0.7637216365935527,1.0138695219700058,2000.3890464469694,0.8282516208934938,0.00929504268805073,3.516099748355625,0.04123015876357415,0.4,0.2,False,none,69,2.5689967475320525,2028.2399674753206,0.0001988742403126187,4.66138396532387,5.093500105367208,False,0,5.3424605050004175
276,0,1,0.5115997745660703,1.1529147226327605,2000.4447393502796,0.7263835069371477,0.010569793578301005,2.6918944083879373,0.04469942736508103,0.4,0.2,True,exact,103,0.511392100830599,2027.557687594022,0.00013366439276407682,10.69805364872388,8.490927685150908,True,1,10.626320205999946
277,0,1,0.6221614705487061,1.0269117440185147,2000.6211410787087,0.36662417785616414,0.009414612325031607,3.0669488457852423,0.06218452852978521,0.4,0.2,True,exact,87,0.6224080696951606,2027.3752657468917,9.48717037381197e-05,10.27381883479274,7.62808843158411,True,1,10.297485594000136
278,0,1,0.7003167047423402,1.0972947340305903,2000.6619367989656,0.5955636332615839,0.010059875726779514,3.3186958167220526,0.05629815548694475,0.4,0.2,True,exact,75,0.7001230667218484,2027.2695528375134,0.00012304023475162573,11.058903959338126,7.906495907248719,True,1,10.575202652999906
280,0,1,0.5909782873405597,0.991422807198814,2000.391627768714,0.5399249250504018,0.009089253710787344,2.9635946865973595,0.05584983353532852,0.4,0.2,False,none,90,0.5910418224263011,2027.5839524774433,0.00011145609488949493,5.126851654133236,5.323094411329303,False,0,5.326725410000108
282,0,1,0.6726834256766818,1.0735548979074854,2000.4477436172706,0.8910837566474451,0.009842231557199557,3.2308114165172794,0.03288923044260479,0.4,0.2,False,none,77,0.6728403764298706,2027.3530030780282,0.00010974046349609967,8.363181766760853,6.256824336769356,False,0,5.338823054999921
281,0,1,0.5477604418208014,1.1735836157255999,2000.5119176507735,0.8013423791974492,0.010759283684719633,2.817290089294643,0.04012040954320448,0.4,0.2,True,exact,98,0.5478918627541547,2027.3498262749536,0.000124819377365748,12.758952902919495,9.394190660880591,True,1,10.591149996999775
283,0,1,0.6457502101930868,1.212686503626824,2000.6237741030568,0.4752932691504232,0.01111777459937077,3.143987626814919,0.05986770566542039,0.4,0.2,True,exact,82,0.6458757030876463,2027.0980913265935,0.00014373816837198738,15.444599337647377,11.269839136783679,True,1,9.379625306999515
284,0,1,0.6881546573285461,1.1867407570789095,2000.4491276756264,0.24477639741467644,0.010879906889068553,3.2801609925378203,0.0667062062384953,0.4,0.2,True,exact,78,0.68802228989204,2027.2899005557895,0.00014786442209069328,14.051136305613953,11.89593133732269,True,1,10.433617065000362
286,0,1,0.5206492841162497,1.0105817068403078,2000.1974378352354,0.8130068978089563,0.009264900365672225,2.723545537945779,0.03847295385333988,0.4,0.2,False,none,102,0.5207359282859011,2027.2719531667,9.509720364442309e-05,8.105366722617662,6.814473741087026,False,0,5.237042296000254
285,0,1,0.5566904257354515,1.2772956053721252,2000.1126272286115,0.6870401549351609,0.01171010363752185,2.847827146061713,0.048208978093773044,0.4,0.2,True,exact,95,0.5564976273076858,2027.3873290505767,0.00014030454818658722,14.617849187092242,10.61494245386743,True,1,10.478263315999357
290,1,1,1.0702726326803336,1.035112029207829,2000.1902350562086,0.6169370042898848,0.009489791624968312,4.403189781788891,0.0627928974343949,0.4,0.2,False,none,50,1.0707260888221988,2026.9374230538883,0.00011199020654539815,7.515853922367186,6.63052444683567,False,0,5.1379082090006705
287,0,1,0.5559180058839672,1.0212241371003488,2000.415796483293,0.5915479776208186,0.009362468979214797,2.845192255853298,0.05278117606332124,0.4,0.2,True,exact,95,0.55596199262689,2027.6555490970509,9.88314686484193e-05,13.163858403254261,8.00661974032212,True,1,10.01833789200009
288,1,1,1.2005793120984163,1.2170947158255312,2000.9932901029683,0.10538552693465107,0.011158188597106253,4.753699167155226,0.08148150887796894,0.4,0.2,True,exact,45,1.200609710786867,2027.404819887311,0.00016079143233727056,14.142453582539668,10.159096815807969,True,1,10.180599334999897
289,1,1,0.9038690266025516,1.237594091239561,2000.7345113484216,0.02627100177754286,0.011346124584353953,3.9340643581231367,0.0747786809027806,0.4,0.2,True,exact,58,0.9038350816928056,2027.8509899507842,0.00014266848624400197,13.824874957183274,10.50023344725069,True,1,10.155262823999692
293,1,1,1.147958594483787,0.9501851923665556,2000.712307294474,0.8289092225091964,0.008711191857744901,4.613762908634264,0.04640221415967926,0.4,0.2,False,none,46,0.918217796609037,2027.5754401482711,0.00014745907223034926,5.556740404061384,5.417247462630994,False,0,5.378192934999788
294,1,1,0.869021929217271,0.96465161646028,2000.2082248511367,0.346373733528712,0.008843818420217496,3.8322892526015844,0.06939960851817761,0.4,0.2,False,none,60,0.8693407527011957,2027.1507352087372,0.00010375778002258418,7.138949261598966,6.377292047959597,False,0,5.191876192000564
291,1,1,1.018470523288495,1.1929464471116624,2000.0158628435943,0.5777728948008418,0.010936799963091699,4.259939521641381,0.06413750253074581,0.4,0.2,True,exact,52,1.0181720944391375,2027.5144421227735,0.0001404700435778672,10.59732117024964,7.899599660727307,True,1,10.388511885000298
292,1,1,0.8198543601199668,0.9637106550310056,2000.0825034370246,0.006536956146465356,0.008835191790790939,3.6863417747019893,0.07234011168153898,0.4,0.2,True,exact,65,0.8197038246245829,2027.1361637126113,0.00010436547111070116,10.606960936664096,7.846038770203902,True,1,10.008002046000001
297,1,1,1.0316853402005404,0.9577727513344294,2000.0745246115623,0.5459259519713936,0.008780753752028352,4.296709219178495,0.06580401088862893,0.4,0.2,False,none,52,0.6877433791031208,2027.5870789141247,5.327952216815923e-05,4.522056062384066,4.312928823086854,False,0,4.972977385999911
296,1,1,1.2050549239889623,1.0567397961487843,2000.8826463703801,0.8431327523939756,0.009688072579871441,4.765505975909086,0.04553762373571625,0.4,0.2,False,none,43,2.5689967475320525,2028.2399674753206,0.0001948203228976375,4.664441120950776,5.02440475984335,False,0,5.28396057899954
295,1,1,1.0679388447002518,1.1422965288606137,2000.7501596079658,0.619992631718201,0.010472447162176053,4.396786522593939,0.06266717698869234,0.4,0.2,False,none,49,0.5352049717799131,2027.4501410607754,5.8377499738582195e-05,6.385112239939228,5.481110455958814,False,0,5.486182461000681
298,1,1,0.9916631381861511,1.1630554315725152,2000.3978132231455,0.7510756102197408,0.01066276246674236,4.1848565026744335,0.05208688664622004,0.4,0.2,False,none,53,0.9917765773151496,2027.179237118759,0.00012198763379867028,6.862468509745727,5.923906091892333,False,0,5.074473967000813
302,1,1,1.052980302958998,1.0193567739366525,2000.337611759612,0.1751045925725527,0.00934534920202007,4.355633094572404,0.07723690065147251,0.4,0.2,False,none,50,1.0530868499451085,2027.7161955985728,0.00010278897706583745,8.055282667647823,6.823855049705678,False,0,5.323866513000212
299,1,1,0.8282184734264684,1.1470260578964808,2000.4550713328751,0.5898180251929886,0.010515806956834187,3.7113712531107494,0.059539337993410116,0.4,0.2,True,exact,64,0.8283383951869859,2027.7843857911705,9.704073798644242e-05,10.516669218580192,7.048637185470777,True,1,9.973547137999958
300,1,1,1.15141311557307,1.0783779457491691,2000.2298805406,0.31899038079242537,0.009886448721838114,4.623014321367556,0.07670365623649526,0.4,0.2,True,exact,47,1.1514432838666075,2027.8631544377986,0.00012384402456933064,10.581679243140364,8.230932356140185,True,1,10.034959423000146
301,1,1,1.2518237681824373,1.1255359074823668,2000.0268645005165,0.4223400882129567,0.01031878765489907,4.888023136048084,0.07555178853720285,0.4,0.2,True,exact,42,1.2516534851520063,2027.5727047983441,0.00013668172155989478,10.44867038676348,7.89382993044835,True,1,10.43633907900039
303,1,1,1.0967412109718044,1.2282970370848705,2000.8653754256995,0.2355259298270141,0.011260890228878844,4.475489740500738,0.07745285903629069,0.4,0.2,True,exact,48,1.0965102041392407,2027.1799167743418,0.0001356522221011014,10.79987121619148,7.545488234305178,True,1,10.230320986000152
305,1,1,1.1118017398255648,1.1877747351020398,2000.8487178000614,0.5071758726710015,0.010889386284252293,4.516368367329765,0.06940138769325825,0.4,0.2,True,exact,48,1.1121537448769856,2027.5354398770476,0.00013108773380854366,8.824279966962237,8.805573251653023,True,1,10.081401641999946
304,1,1,1.042989460601398,1.159558629932612,2000.0323596010846,0.34363585147423026,0.010630704179349134,4.328038054449363,0.07373986004589052,0.4,0.2,True,exact,51,1.0429020664468696,2027.1506099776186,0.0001257083379322399,11.019447166710648,7.7474104088882925,True,1,10.49749288699968
306,1,1,1.1367980068763202,1.2851960656676258,2000.4248194510258,0.12273069313876137,0.01178253417627524,4.583810548755467,0.07995965852352328,0.4,0.2,True,exact,46,1.136801673866133,2027.707458922787,0.0001411150412924389,12.153018562626555,8.993989019624568,True,1,9.84497460700004
309,1,1,0.8059697776843459,1.08670589394137,2000.1934767089003,0.5600662374819365,0.009962798421945454,3.6446035623621786,0.06042844367549382,0.4,0.2,False,none,66,0.8062203798431767,2027.5986673938348,8.811126681385062e-05,8.214559746009453,6.485469263642613,False,0,5.242462638999314
307,1,1,1.1229745973140663,1.1944584322861116,2000.723279399122,0.37901318813602136,0.010950661674520697,4.546575551185443,0.07447932305112182,0.4,0.2,True,exact,48,1.1228583147031395,2027.6818352299586,0.00014742442270021527,9.59203813392399,8.37615639749823,True,1,10.310444648000157
308,1,1,0.8434410884508323,1.2725644693025089,2000.6468260336092,0.3724055524504814,0.011666729109757556,3.7567096176484145,0.06828942442300898,0.4,0.2,True,exact,62,0.8435160121167306,2027.6380202002354,0.00013534411821758408,10.959461937975103,8.460192275565934,True,1,10.144308595999973
310,1,1,1.2250004952007376,1.034339288642841,2000.4332668463226,0.5362892058779478,0.009482707225661786,4.8179464307504585,0.07002622981044075,0.4,0.2,True,exact,43,1.2245929397300677,2027.3785446740615,0.00013570242450100523,9.888099618705077,7.729514984504568,True,1,10.197195733999251
311,1,1,1.2486257124649534,1.017633460498396,2000.2891082722242,0.7378200834008289,0.009329550056640535,4.879694576141596,0.05694508605473413,0.4,0.2,False,none,42,1.001715895819953,2027.2738682496388,8.046837289177322e-05,4.692282076948651,4.6629459624291805,False,0,5.317368928000178
314,1,1,1.0510404384063163,1.007316890433297,2000.2586377092848,0.453997496010658,0.009234968893017984,4.350281975365483,0.07021322702911317,0.4,0.2,False,none,50,0.5262079051315505,2027.562550650174,4.526901914458925e-05,5.807315873574152,6.0182545789149104,False,0,5.347631317000378
312,1,1,1.1755273396385946,1.2432966141050246,2000.9782194769177,0.33993496589991473,0.011398404677911825,4.687338095824031,0.0767796276024944,0.4,0.2,True,exact,44,1.1755758742851652,2026.8400129842737,0.00013768505949318666,11.296725903736574,8.621136277121884,True,1,10.380764379000539
313,1,1,0.9886727719519001,1.0726951439251358,2000.486786820545,0.3113790764243938,0.009834349428588341,4.176439295250665,0.07324718549488951,0.4,0.2,True,exact,53,0.9888153104361456,2027.183169631776,0.00010796262524337408,9.851977073983857,7.63566888698288,True,1,9.938471745999777
315,1,1,1.2213093818249083,1.262481389103623,2000.5986577572671,0.31799879403573833,0.011574288555184444,4.808263425537109,0.0783403975238101,0.4,0.2,True,exact,43,1.2211221806440764,2027.4670317241698,0.00013823931849077375,11.106074904252177,8.892983435880458,True,1,10.187860787000318
317,1,1,1.2240824977245413,0.9924878111233646,2001.1541727949739,0.4119677093207659,0.009099017547974604,4.815539130905792,0.07527628120272348,0.4,0.2,False,none,42,1.2242050896851535,2026.847629800055,0.00010186977716808432,4.968551037285151,4.980136378635697,False,0,5.4052629050002
316,1,1,1.2204508747897054,1.2739964322866466,2000.7850702521228,0.26381677011242644,0.01167985718667164,4.8060098814831065,0.07962266282044522,0.4,0.2,True,exact,44,1.2206116954669948,2027.640566675274,0.00015126926126984852,13.072023468887654,9.809532299618981,True,1,10.3929416889996
320,2,1,1.3275786678411505,0.978749257108352,2000.6225344756153,0.07721137317812864,0.008973064017195314,5.083287044879565,0.08419714402380936,0.4,0.2,False,none,40,1.3269088789515204,2027.1764588290305,9.022638491729129e-05,6.883740026913983,6.042796732457656,False,0,5.129707224999947
318,1,1,1.1808127460849016,1.2646539581318301,2000.583740735407,0.38542167314363135,0.011594206425701633,4.701377728919577,0.07553447026184118,0.4,0.2,True,exact,44,1.180890606681617,2027.7440777036772,0.0001606594431469155,12.139977890477486,10.042239176749783,True,1,10.319113968999773
319,1,1,1.2113802213101919,1.1406203772046544,2000.9820705451898,0.07572827073171295,0.010457080390756083,4.782167420269688,0.08186966194550395,0.4,0.2,True,exact,44,1.2112291396137775,2027.6324577381697,0.00013418019488742328,10.357118155480228,9.861620655015967,True,1,10.035575734999838
321,2,1,1.7962515933548353,1.1315843841805182,2000.0370103523724,0.778361655364077,0.01037423941460653,6.218456036993801,0.0598115486284383,0.4,0.2,False,none,30,2.5689967475320525,2028.2399674753206,0.0002043940145914913,4.913966708804579,5.302299626903619,False,0,4.912550144000306
322,2,1,1.902791078011094,1.1983795393726295,2000.6824317084454,0.7323189843049441,0.010986609946920467,6.461973831940431,0.0658824487871833,0.4,0.2,False,none,27,1.9049366246291555,2027.3157273281415,9.645567816729539e-05,5.535508964738548,5.638162335820442,False,0,5.4493862440003795
323,2,1,1.8606196052867199,1.04861513252787,2001.4823124838126,0.6727401043534275,0.00961358657003882,6.366140011907184,0.0705977944667039,0.4,0.2,False,none,29,2.5689967475320525,2028.2399674753206,0.00019757660286590095,4.57999987777612,5.074733162884248,False,0,5.455307281000387
325,2,1,1.9000120981219373,1.0812962154950665,2001.889792836486,0.8547800163995333,0.00991320309335789,6.455680596177543,0.05089486329247954,0.4,0.2,False,none,28,2.5689967475320525,2028.2399674753206,0.00019429866084319514,4.394822403179592,4.948562159316725,False,0,4.947496580000006
326,2,1,1.4850782892113819,1.0770723008539131,2001.281843519557,0.18017003315744187,0.009874478715073083,5.4777729040538246,0.08627551419523631,0.4,0.2,False,none,36,1.4841404750295688,2028.0055441755323,9.267241847987773e-05,5.024932900029574,5.167558314164967,False,0,5.533162501999868
324,2,1,1.8132755351550998,1.0938887773108157,2001.0903895521344,0.3921927370867993,0.010028650295480973,6.257684437592815,0.08634172640088551,0.4,0.2,True,exact,28,1.8127232073946542,2028.2830356109198,0.00014792044421507722,10.687753457397134,8.116348452663784,True,1,10.424582609999561
329,2,1,1.8096922101286006,1.1251505640206505,2000.0354452732524,0.09478099820547879,0.010315254869024165,6.249437590506392,0.09313112108199002,0.4,0.2,False,none,31,1.8094187609788028,2027.181125164682,0.00012040736717255918,7.458495086910139,6.411721342419932,False,0,5.2857683000002
328,2,1,1.5440910087041992,1.2501269781296342,2000.2707785174757,0.2701067956210795,0.01146102469341472,5.621942336213398,0.08574869572872812,0.4,0.2,True,exact,36,1.5441832269111724,2028.0668475635678,0.0001330851574975478,8.717252777667884,8.47214217270199,True,1,9.97294147499997
327,2,1,1.3482480911512902,1.2410447924285897,2000.50136731382,0.4114504778423908,0.01137776022795571,5.135913099481819,0.07787751683395623,0.4,0.2,False,alias,39,0.674086231540798,2027.467355511632,8.46826362295161e-05,10.899575941836034,7.410822639293657,True,1,10.278861361000054
330,2,1,1.8760125596340653,0.9786615095921422,2000.5622281296828,0.5589933313202562,0.008972259557754264,6.40120327051733,0.07888871445331212,0.4,0.2,False,none,28,2.5689967475320525,2028.2399674753206,0.000196446555574048,4.652165226792339,5.07953702430793,False,0,5.389690517999952
331,2,1,1.9397915879914858,1.0758496210209707,2001.1042329238142,0.4918415374806519,0.009863269322745226,6.545475051143788,0.08369326981014615,0.4,0.2,False,none,28,1.939914454059216,2028.2617971484956,0.00012824011618495224,6.083922133564332,7.406759537914784,False,0,5.392175935000523
332,2,1,1.603418673664728,1.0018914896940538,2000.901644323188,0.6924562796237007,0.00918522942420245,5.765041202122167,0.06564874077289824,0.4,0.2,False,none,32,2.8866191187095973,2027.208543422553,0.00010318968606648493,4.674166787877868,4.787855720599354,False,0,5.165914963000432
334,2,1,1.695993459954574,1.1380059277898518,2000.3971700949187,0.24050085758339362,0.010433111410142954,5.984858766815107,0.08899872466220149,0.4,0.2,False,none,31,1.6956966036915533,2027.534270659065,0.0001125469996158257,6.290314234984362,6.133796090137716,False,0,5.269256081000094
335,2,1,1.5696250895811656,1.0122953907700116,2001.449609614318,0.4149965632440375,0.009280611228791449,5.68375145984753,0.08145005020393252,0.4,0.2,False,none,33,2.5689967475320525,2028.2399674753206,0.0001965534396430879,4.669661161749631,5.109106007099986,False,0,5.317176575000303
333,2,1,1.7430524471727433,1.133077206518249,2001.4750256098032,0.11902807938009889,0.010387925443285963,6.095061527160306,0.09177002463878645,0.4,0.2,True,exact,30,1.7424595355130073,2027.623416470195,0.00014315662701447351,9.572144153975477,8.187035363786388,True,1,10.025625141000091
338,2,1,1.3125311474292096,1.0906546051428547,2000.017744062419,0.6324692993610533,0.009998999765792212,5.044802898976143,0.06600669638095617,0.4,0.2,False,none,41,1.3108828970722415,2027.582447088517,0.00010446227425120469,9.229623626430485,6.7646827549162,False,0,5.036028306999469
339,2,1,1.4747271406336795,1.0602145902313376,2001.1567657602616,0.8668524615307406,0.009719929104433655,5.452289482106392,0.045223452649343236,0.4,0.2,False,none,36,8.847438074735466,2030.6476267242065,0.00033007304665277903,5.011531581295635,5.824407687238112,False,0,5.391697008999472
336,2,1,1.748529054566868,1.2063504840222117,2000.950908564412,0.11070536947606807,0.011059686678370085,6.107821825344712,0.09201225890307287,0.4,0.2,True,exact,30,1.7484530106373333,2027.17601390956,0.00013642115498424534,7.775982170372009,7.0661289286940585,True,1,10.463338425000074
337,2,1,1.2898780837273849,1.0302217632591564,2000.2091984566828,0.2767602459101656,0.009444958212222547,4.986588906712882,0.08056931516668642,0.4,0.2,True,exact,42,1.2903332328158492,2027.2915291391328,0.00011581410979932816,10.18475316129782,7.53355644149358,True,1,10.02928465199966
343,2,1,1.652774786680022,0.9886276394749569,2000.453981196328,0.8769777712965544,0.009063627924874548,5.88274798017336,0.04519619989159334,0.4,0.2,False,none,32,0.5936161112882413,2027.1765270913043,4.808276784606935e-05,4.5120300711739105,4.728992171457475,False,0,5.3067604360003315
340,2,1,1.3526084063781016,1.1610365923108616,2001.1592444071916,0.5139128495853336,0.010644253973577558,5.146980373552824,0.07351746930115972,0.4,0.2,True,exact,39,1.3522151655838601,2026.8663068960932,0.0001245099771448599,10.953845493174212,7.451803876101565,True,1,10.286478674999671
341,2,1,1.4874665603118724,1.271715373570437,2001.0174947323483,0.47072146260351766,0.01165894469479604,5.483644155801435,0.07795633681715972,0.4,0.2,True,exact,36,1.4875858030298914,2027.800763204538,0.00015351286530373986,11.158127267712871,9.112174885790026,True,1,10.095859385999574
342,2,1,1.2664254901311398,1.150876362616017,2001.121622368055,0.47610791234310657,0.010551106121030931,4.925960060040437,0.0736979468045096,0.4,0.2,True,exact,42,1.266441768716183,2027.7241833930398,0.00013868293866248216,11.10425074801145,9.10023260767242,True,1,10.069910189000439
344,2,1,1.737030393080488,0.9492991391277484,2001.6014630406592,0.4234493725519946,0.008703068620483962,6.081014920604108,0.08376570907697779,0.4,0.2,False,none,29,2.5689967475320525,2028.2399674753206,0.00019721854714871423,4.532381909321754,5.047574576580354,False,0,5.307171751000169
346,2,1,1.7046223536209668,1.1760055201538504,2001.5226742592504,0.8177941499936893,0.010781487434372967,6.005141477594866,0.05427067623598804,0.4,0.2,False,none,30,1.7042263127790158,2027.0919103166852,0.00018661040688972008,5.533522386157672,6.342887859320355,False,0,4.90120413600016
345,2,1,1.4846167548586824,1.120685588194796,2000.9866571494038,0.8531923846373115,0.010274320468686543,5.476637919516973,0.04734086222768295,0.4,0.2,False,none,36,0.5935409006913492,2027.1545228227774,3.876779552858256e-05,4.486857978957126,4.110799608486211,False,0,5.37354875300025
348,2,1,1.8202419851881066,1.1884436755575618,2000.6888140259325,0.6094851742843165,0.010895519055733341,6.273701852374664,0.07504683267031692,0.4,0.2,False,none,28,1.8196729784494534,2027.9943134267419,0.00013110212015265965,7.247803033574229,6.3575534624825005,False,0,5.232125820999499
349,2,1,1.8416779341764504,1.2380548650972123,2000.811645330973,0.4099911510733518,0.011350348907685109,6.322860213979661,0.08620804714363296,0.4,0.2,False,none,28,3.6824524267597463,2028.4534690706516,0.00016770445729952232,7.801371972547847,6.5998368311610625,False,0,4.450252517000081
347,2,1,1.276358815290851,1.0231955004374587,2000.2701735614978,0.18681811497566436,0.009380542218398959,4.951684652256341,0.08200078228209928,0.4,0.2,True,exact,42,1.2757023225496593,2027.0724961693763,0.00010413424743693778,8.08683734945827,7.1146613233706315,True,1,9.633339484999851
350,2,1,1.5884529048580103,1.2365381916655993,2000.658415480281,0.6452735224287819,0.011336444214837371,5.729112532790515,0.06938431277820892,0.4,0.2,False,none,34,1.588719240858747,2027.6605708445986,0.00013577877996862053,8.922283198473085,6.970922420869365,False,0,5.1705705399999715
352,3,1,2.8131240455986886,1.0931124318831824,2000.0703642595718,0.17002645959944238,0.01002153284719581,8.386170979874489,0.10658073503792515,0.4,0.2,False,none,19,2.8131750116929948,2028.2017370960966,0.00011308655993114147,5.777298627636282,5.010692401918085,False,0,5.216108903000531
354,3,1,2.62237105283735,1.0822730033700536,2001.9268837796849,0.22573650189600208,0.009922158175642574,8.00265114910229,0.10297792083865756,0.4,0.2,False,none,20,0.8745333252186588,2027.281301310945,6.429037572075469e-05,6.124935277199081,5.424832494736121,False,0,5.349551612000141
351,2,1,1.369961106091704,1.2190617487762674,2000.5357580432496,0.13299819224655507,0.011176222135791163,5.19090740916973,0.08476834344284392,0.4,0.2,True,exact,40,1.3701519512704223,2027.9374140254083,0.00014371113889943832,10.699794608341982,8.812982161582367,True,1,10.233082992999698
355,3,1,2.7062840580339795,1.0338589387449484,2002.3373248133842,0.49145071322946404,0.009478303431377254,8.172470787862814,0.09329592260351971,0.4,0.2,False,none,20,2.5689967475320525,2028.2399674753206,0.00019255775644655415,4.334029321124194,4.854095487040832,False,0,5.42020039199997
353,3,1,2.029535750518299,1.278181290428662,2001.6232341119926,0.5407610877004132,0.011718223499328806,6.745833140741493,0.08237439223282005,0.4,0.2,True,exact,26,2.029063193450743,2028.0043189106932,0.00013531273068323468,9.303025040334298,7.165430372689004,True,1,10.729124704000242
356,3,1,2.4817770420697873,1.2408179269806179,2000.849184539045,0.6852575610789982,0.011375680350833806,7.713999965165351,0.07659771398158986,0.4,0.2,False,none,21,1.2403967036968726,2026.9226797359677,0.00010687367485018306,5.7147551501141844,5.4474701249229565,False,0,5.3883668120006405
358,3,1,2.4026552082255472,1.0432246939370937,2002.0117050264798,0.6476829851214352,0.009564167630300671,7.5491622370227285,0.07888494321993254,0.4,0.2,False,none,21,1.2003511248694316,2027.2514747471275,7.768656832729537e-05,4.691712613098002,5.280702457714319,False,0,5.15825720400062
359,3,1,2.880930822796956,1.0317870406447902,2002.163569100761,0.8112954757328502,0.009459308500699348,8.520393991705348,0.06499839738001197,0.4,0.2,False,none,18,2.5689967475320525,2028.2399674753206,0.00019425081840362957,4.485534818478344,4.9964191590509675,False,0,5.398531724999884
357,3,1,2.386607752948923,1.250193259696278,2001.5741159537035,0.04789693753917972,0.011461632355424507,7.515510550266792,0.10243782370626354,0.4,0.2,False,none,22,0.5967608925782187,2027.2232505826864,6.203197519349946e-05,8.547118908880718,7.125960286951084,True,1,9.909217782999804
360,3,1,2.4740007473953045,1.2675665601552097,2001.1891330110836,0.6371010346971836,0.011620908836173557,7.697877725341358,0.08080625834327375,0.4,0.2,True,exact,20,2.474837845054823,2028.4114975456032,0.00016276974522333454,8.570805888893254,8.643411697523733,True,1,9.987737364999703
362,3,1,2.8036720437385187,1.0864117262295008,2002.1996085701758,0.6952514104337326,0.009960101525175189,8.36737561040751,0.0785048016036018,0.4,0.2,False,none,17,2.5689967475320525,2028.2399674753206,0.00019300748322059746,4.3472206610489845,4.9077414135499895,False,0,5.30462149899995
363,3,1,2.9050184376502592,1.0567135622151047,2002.2256172299924,0.5745189801451593,0.00968783207009366,8.567821030850611,0.0899554080175349,0.4,0.2,False,none,18,2.5689967475320525,2028.2399674753206,0.00019735039587476244,4.6024693864059385,5.084251060565666,False,0,5.467602640000223
361,3,1,2.245067064104506,1.274602817455553,2001.8705526475292,0.4384756039571871,0.011685416458262559,7.2153489025904145,0.09071044635034806,0.4,0.2,True,exact,24,2.244985636099108,2026.57218574709,0.0001585504249805858,10.167044904751886,7.532989770992608,True,1,10.71669904600003
364,3,1,2.90134450842362,0.950411862045709,2000.6683289225728,0.2576005786932459,0.008713269940080117,8.560595785443404,0.10548973167958703,0.4,0.2,False,none,18,1.4510420310321483,2026.7794336419122,8.334724652236947e-05,6.103990745669604,5.425438228167318,False,0,5.235470349999559
365,3,1,2.4314414906536226,1.2612219602176638,2000.5771052053028,0.7108785256569952,0.011562742251637604,7.6093402913196595,0.07362974166932633,0.4,0.2,False,none,23,0.8099371046912686,2027.3317656006452,0.00015359747677434754,6.720278512706364,5.892569904887165,False,0,5.284829277999961
366,3,1,2.6739656176342663,1.2236098845334313,2000.6227735229143,0.813470275455048,0.011217918937103175,8.10727684076189,0.06344251916736283,0.4,0.2,False,none,19,2.5689967475320525,2028.2399674753206,0.0001949309461706239,4.442761986148849,5.03111197156119,False,0,5.2423835160007
369,3,1,2.2783228416839907,1.1645510099344756,2000.4414268373475,0.5951147658719645,0.010676473762344514,7.286427257526764,0.08174978006221635,0.4,0.2,False,none,22,1.1385459044904553,2027.785257957771,6.361695325207695e-05,6.25460912858611,4.742123404226578,False,0,5.350424479999674
370,3,1,2.7131081216022452,1.1239220448155944,2001.854704184805,0.5026825892167944,0.010303991941984105,8.18620328292614,0.09280658147596718,0.4,0.2,False,none,20,5.429716804117151,2026.2993359664686,0.00028869121338648274,7.0084970017848764,6.489211405814382,False,0,5.2248395799997525
368,3,1,2.4904853893034593,1.1071887410852859,2001.5049969543006,0.1717043596983031,0.01015058287985635,7.732034613813222,0.10237050213224899,0.4,0.2,True,exact,20,2.4910084299610067,2026.4106051329436,0.00015445559480209425,10.569929082094372,8.025536154385064,True,1,10.310999416999948
367,3,1,2.658522357383185,1.1884936778703061,2002.2672545398377,0.3042783216557836,0.010895977471359205,8.076031459474686,0.10132650616217226,0.4,0.2,True,exact,20,2.661000040312515,2026.1950941128127,0.00016309397315739105,7.546018925221643,7.180860781527344,True,1,10.74319678699976
371,3,1,2.0350641818279516,1.0218027925751316,2000.087500089176,0.42001269729183877,0.009367774028063026,6.758077965452588,0.08842138531810374,0.4,0.2,False,none,26,1.356195991079602,2027.8973573215922,0.00010834281586336036,6.195217943895603,5.524238567634442,False,0,5.5093460110001615
372,3,1,2.5000289806174725,1.0724487833320735,2001.999587377259,0.675484958124921,0.009832090822150781,7.751774896955363,0.07747741144615702,0.4,0.2,False,none,22,2.5689967475320525,2028.2399674753206,0.00019640512618135375,4.699332860895048,5.067240912923873,False,0,5.377657758999703
373,3,1,2.5626052141956284,1.2490998782420042,2001.2690659419904,0.2897723767276929,0.011451608356210043,7.88059352882645,0.10062755963544225,0.4,0.2,False,none,20,2.565743708216156,2026.8996245821616,0.00021066692808646703,7.514077555301096,6.972748522616312,False,0,5.367107771000519
374,3,1,2.4626419352412743,1.0831495935434565,2000.3711379334497,0.30137686819062237,0.00993019465657542,7.674297621132294,0.09879540264738466,0.4,0.2,False,none,23,2.460891643859148,2027.461735165784,0.00014312592366050314,8.87555939474508,6.99361578042904,False,0,5.2872396570001
376,3,1,2.1539858002584515,1.0152588143651644,2001.5832854161715,0.488943007695355,0.009307779565764633,7.018856252021689,0.0866935892447298,0.4,0.2,False,none,25,1.0758257662804556,2027.4677795736782,8.294690450894038e-05,7.239621945775709,6.6115761931599355,False,0,5.584173682000255
377,3,1,2.725596450916525,1.058002413182614,2002.257964446619,0.04505365239578968,0.009699648112002343,8.21130456395588,0.10684738062626384,0.4,0.2,False,none,20,2.5689967475320525,2028.2399674753206,0.00020007844306657585,4.635110683122933,5.113566135080289,False,0,5.211040481000055
378,3,1,2.0010331268242862,0.9563464030516021,2001.184168937926,0.7773754585852868,0.008767677150069604,6.682525781840298,0.06179258180172097,0.4,0.2,False,none,26,2.5689967475320525,2028.2399674753206,0.00019469318507470135,4.429293503626362,5.001161085074345,False,0,5.350946954000392
375,3,1,2.208063315313103,1.2658973144214314,2001.857129402414,0.003452702127414642,0.011605605377477837,7.135846057238404,0.09997477119343946,0.4,0.2,True,exact,24,2.208589132694788,2028.353525321504,0.00015550040341105742,9.636760171339512,8.178234160003395,True,1,10.444728145999761
379,3,1,2.318770027800243,0.965468715524224,2002.0387178149915,0.4496712602224105,0.0088513094932946,7.372411639678189,0.09081053532234092,0.4,0.2,False,none,21,2.3199700308548215,2027.5242276310698,0.00023281119417406515,4.473576867872722,5.448224318911984,False,0,5.561692904000665
380,3,1,2.508037951361734,1.0410652928395276,2001.4870550694402,0.833703019293008,0.00954437048190282,7.768321541783108,0.0589005027392194,0.4,0.2,False,none,21,2.5689967475320525,2028.2399674753206,0.00019539234306853448,4.516971369928194,5.0467699676764175,False,0,4.998037219000253
381,3,1,2.345631545743034,1.0998480829122352,2001.9843227715392,0.6655471365504911,0.010083284544519948,7.429238828221872,0.07680474479074084,0.4,0.2,False,none,22,2.3461315999163452,2027.7748304115798,0.00014317412968167798,5.014620396808964,5.196053656693874,False,0,5.447717089999969
382,3,1,2.7529307310063476,0.9557668557032156,2000.0165322810658,0.3956061719455531,0.00876236392462366,8.26611253154931,0.09869307567349342,0.4,0.2,False,none,18,0.918217796609037,2027.5754401482711,0.00015600767063150833,5.896462197487565,5.754342511872745,False,0,5.294014154000251
383,3,1,2.6885010043625077,0.9657990580160659,2000.5751571283777,0.4459076866935292,0.008854338036412635,8.136630471302498,0.09552139585041104,0.4,0.2,False,none,19,0.537304539809093,2027.4736252802638,4.942467822832697e-05,7.057155302711421,4.833192573636185,False,0,5.293158157000107
384,4,1,3.6035969988769483,1.1599634266660255,2000.508471680336,0.6204327021466441,0.010634415310649096,9.891494984080644,0.0927971731420089,0.4,0.2,False,none,16,2.8866191187095973,2027.208543422553,0.00010827188819584332,5.1510583458925066,5.123780619410739,False,0,5.196368952999364
386,4,1,4.005154964855274,0.9865217293316545,2003.604178429523,0.7366121251506107,0.009044321175578877,10.613305698110658,0.08309663965396573,0.4,0.2,False,none,13,2.5689967475320525,2028.2399674753206,0.00019843898952986994,4.655768526974047,5.146743628005952,False,0,5.37708746699991
387,4,1,3.57843139784758,1.0955687843629822,2002.5960659355499,0.3900190114705922,0.010044052412743332,9.845389931003412,0.10803904574044502,0.4,0.2,False,none,14,0.5934581800408449,2027.172805601838,4.780685393745987e-05,4.8992350660255,4.873207268429398,False,0,5.475239078999948
388,4,1,4.065751369838405,1.038279770856539,2002.0460038022597,0.1257973712037696,0.009518833127066396,10.720087628421618,0.1211079581912093,0.4,0.2,False,none,13,4.065965431892091,2026.4624592580192,0.0001430102098424202,6.503665457640963,6.174861003079383,False,0,5.113927880000119
385,4,1,4.1971972239040864,1.245508123487355,2001.6048679624214,0.0764675842691674,0.011418679549252119,10.94991401069659,0.12322861027315875,0.4,0.2,True,exact,13,4.19432515973253,2026.8092452292285,0.00017813448891268457,7.72203602577609,7.0166859911353,True,1,10.213990928000385
389,4,1,4.899731991032898,1.00610770655756,2000.9700129118582,0.852768029208257,0.009223883230120416,12.140018287481215,0.06953539417038869,0.4,0.2,False,none,11,2.5689967475320525,2028.2399674753206,0.00019656094987619,4.692901614766032,5.085222001488926,False,0,5.264106851999713
390,4,1,4.3271555719564665,0.9575654699677415,2000.2131510274821,0.544796707918575,0.008778853419579203,11.17479239815101,0.1048736612901487,0.4,0.2,False,none,13,2.5689967475320525,2028.2399674753206,0.00019499182854199049,4.5768909813332685,5.071340658138025,False,0,5.44942200999958
391,4,1,3.5361177545132314,1.036228268910138,2001.965105107028,0.8512708479320551,0.009500025186051102,9.767624074225706,0.06279985317493818,0.4,0.2,False,none,14,2.5689967475320525,2028.2399674753206,0.00019531615261092483,4.493379017666031,5.027483797339838,False,0,5.350779702999716
392,4,1,3.5889522547778583,1.0047891364276396,2000.7639826299803,0.884392449952978,0.009211794726245693,9.86467794431433,0.05655229484635438,0.4,0.2,False,none,16,0.5936161112882413,2027.1765270913043,4.832653457487179e-05,4.550726238575623,4.895007298397704,False,0,5.300899213999401
393,4,1,3.8409909391375954,1.0793493321662022,2001.4798884863342,0.8577186157045801,0.009895354284158766,10.321274119806242,0.06339824598483425,0.4,0.2,False,none,14,0.5936161112882413,2027.1765270913043,4.798692455088016e-05,4.600474402078942,4.835684489841301,False,0,5.349303353999858
394,4,1,4.113495707463794,0.9824534791783467,2001.554001675215,0.05172857768255834,0.009007023911955458,10.803848603257098,0.12230440304562955,0.4,0.2,False,none,12,2.5689967475320525,2028.2399674753206,0.00020083732797182563,4.746184355604565,5.138578426396144,False,0,5.414950953000698
395,4,1,3.438190789443433,1.2497703726276523,2000.40005060608,0.14424827280260166,0.011457755373949158,9.586449138471728,0.11451171994243486,0.4,0.2,False,none,16,1.719561682407823,2027.8938462935253,0.00010900771842337065,6.286706439720917,5.79662234737076,False,0,5.463200731000143
396,4,1,4.4671407230038405,1.0716577871611312,2001.6742784809965,0.8318307492579373,0.00982483905748514,11.414517192283904,0.07154326396775532,0.4,0.2,False,none,12,2.5689967475320525,2028.2399674753206,0.00019509252672678112,4.549362371847199,5.023007740877899,False,0,5.289588632000232
397,4,1,3.841763870916748,1.1277771929513376,2001.5230985103883,0.5465205394890623,0.01033933551008039,10.322658723130212,0.10092315243511252,0.4,0.2,False,none,14,7.6843098862618175,2028.4212109087855,0.00018699433464641757,6.313769223037161,5.839323226704908,False,0,5.495993171000009
398,4,1,4.32865025202931,1.0422629859402583,2001.3039534901118,0.5547135412724676,0.009555350798656837,11.177365570883486,0.10420742186924808,0.4,0.2,False,none,13,13.01220817709055,2027.2525413541812,0.0002658279087014437,4.810833544142101,5.694786641890809,False,0,5.499568154999906
399,4,1,4.446506162928063,0.9655364126769888,2002.7092428663223,0.5870761850501088,0.008851930133240048,11.379339546215665,0.10227186387011714,0.4,0.2,False,none,12,2.5689967475320525,2028.2399674753206,0.0001977904607485259,4.581361084236066,5.080278831099433,False,0,5.30521572500038
400,4,1,4.562451961667008,1.160875232009826,2000.6222157416028,0.42818907961918695,0.010642774640336165,11.576305888383862,0.11504447614122522,0.4,0.2,False,none,12,0.537304539809093,2027.4736252802638,4.076076653825034e-05,5.11614288981811,4.150917528212076,False,0,5.304941565000263
401,4,1,3.8285860701749392,1.239256945391753,2001.1907805700148,0.46442792067210925,0.01136136944574262,10.299039741471706,0.1065532553832212,0.4,0.2,False,none,15,0.7655909133908207,2027.2324007186787,5.405262581015258e-05,5.446488489406931,4.90452469394949,False,0,5.132588448999741
402,4,1,4.455356155197139,1.2605854548913904,2001.4131059847643,0.2572043445008557,0.011556906841803617,11.394433597770963,0.1219446991032555,0.4,0.2,False,none,11,0.9393052645513392,2026.9716411574375,0.00010771607986292953,4.831947704140556,5.022305632844499,False,0,5.43774539199967
403,4,1,3.8245872505236975,1.0445614815610997,2002.553682809058,0.6902507259872483,0.009576423150129151,10.291867176233561,0.08742025956448549,0.4,0.2,False,none,12,2.5689967475320525,2028.2399674753206,0.00019814932624440118,4.636110159029226,5.050360321876535,False,0,5.315334080999492
404,4,1,3.828046805498213,1.0606151286008683,2000.2789356310989,0.6620117534758386,0.00972360119552853,10.298072623999241,0.0904822420098225,0.4,0.2,False,none,15,2.5689967475320525,2028.2399674753206,0.0001994752841453229,4.735597232473813,5.157057634641385,False,0,5.25276415999997
405,4,1,4.374817332329711,1.0290077768899095,2000.0450007247964,0.3544133657637028,0.00943382852060016,11.256699519965334,0.11712153903135702,0.4,0.2,False,none,13,1.0931946660059246,2027.386116650148,7.190358975295297e-05,4.791708102961281,4.951284919372141,False,0,5.430905999999595
406,4,1,4.823911837301866,1.2224821331426146,2001.772121022954,0.3856951509049167,0.011207579838144185,12.014453808363143,0.1196492549333116,0.4,0.2,False,none,12,0.537304539809093,2027.4736252802638,4.578570835878093e-05,6.498878723200068,4.580207108970812,False,0,5.479129801999989
407,4,1,3.316400342823573,1.1269981651650336,2001.7138084200772,0.22590460246421815,0.010332193470230129,9.358705008813656,0.11131669450115014,0.4,0.2,False,none,16,3.3159412357311098,2028.243936135849,0.00010732104345079208,5.092985244478361,4.832306926470824,False,0,5.329187346999788
408,4,1,3.68252645728579,1.1352093581806457,2003.3853086564884,0.8330570458998692,0.010407472771901648,10.035408169623087,0.06705526726181134,0.4,0.2,False,none,14,2.5689967475320525,2028.2399674753206,0.00019465549071284727,4.484242784730671,4.9832923430884755,False,0,5.349316734999775
409,4,1,4.618072103996234,1.1995689236836986,2003.6144190972525,0.3923636364329165,0.010997514089617648,11.670199054188885,0.11755544568074706,0.4,0.2,False,none,12,2.5689967475320525,2028.2399674753206,0.00020823980820305898,4.971946518585737,5.363392170197895,False,0,5.354698302000543
410,4,1,4.169567351278541,1.1842092077051511,2000.1148187919987,0.48862914723329715,0.010856697926784856,10.901806090609009,0.10795914721031988,0.4,0.2,False,none,14,1.3898051012606993,2027.8898845772974,6.104634164072475e-05,5.401758924947326,4.430904457897252,False,0,5.552103137999438
411,4,1,4.256584767874015,1.0944889161689337,2000.218952876629,0.7526085839114777,0.010034152301591314,11.052961275367219,0.08281716079484508,0.4,0.2,False,none,13,1.001715895819953,2027.2738682496388,8.360094094717052e-05,5.0721798869810595,4.856473152399361,False,0,5.152261116999398
412,4,1,3.778471602913231,1.0473787840341489,2003.322325255615,0.490522738024375,0.009602251864953578,10.208969331097887,0.10421026229699783,0.4,0.2,False,none,13,1.8892881340164374,2027.9091484595633,8.421613670461792e-05,4.948016543917906,5.107992624042338,False,0,5.403208392000124
413,4,1,4.80999284135426,1.048597351857332,2004.44297344526,0.3725795122814146,0.009613423558834626,11.99133154248191,0.11999057908322944,0.4,0.2,False,none,10,0.537304539809093,2027.4736252802638,3.8507643734142505e-05,4.508361012672408,3.9614183448869134,False,0,5.300186061999739
414,4,1,4.777616035811169,1.0167047871391803,2002.6360678762953,0.06293027587015462,0.009321036082869636,11.937460655735558,0.12848599579343278,0.4,0.2,False,none,10,0.5936161112882413,2027.1765270913043,4.9871386041733246e-05,4.828512570034169,4.866291624772049,False,0,5.1398283299995455
415,4,1,3.350552528698244,0.9609920161913549,2000.205446162003,0.7450288121471764,0.008810267613152336,9.422845667885593,0.07729358948038136,0.4,0.2,False,none,16,2.5689967475320525,2028.2399674753206,0.00019837257491861493,4.733679667303861,5.068781197384405,False,0,5.094409012000142
416,5,1,6.475098746121139,1.0934336617157148,2000.32798036896,0.16793158763405125,0.010024477846469744,14.619596556517566,0.14053059497106274,0.4,0.2,False,none,8,2.5689967475320525,2028.2399674753206,0.00019640855584701633,4.463315612572161,5.090201514996773,False,0,5.4483037039999545
417,5,1,6.172886878098103,0.9801347711221248,2005.8984424427058,0.4748861856630705,0.00898576625513012,14.161089565931432,0.1236750916698398,0.4,0.2,False,none,8,2.5689967475320525,2028.2399674753206,0.00019440934308911917,4.508432981841802,4.964435639755874,False,0,5.276123281000764
418,5,1,7.853334131804287,1.1121009603857037,2006.9429713339625,0.3021094586322294,0.010195617558482186,16.626742636055443,0.14503501643238317,0.4,0.2,False,none,7,0.5936161112882413,2027.1765270913043,4.845031916234088e-05,4.682586458481256,4.944691766439765,False,0,5.192674229000659
419,5,1,6.3777718502517535,1.1583353721730338,2002.3626723449067,0.6775003874302165,0.010619489488654344,14.472729451100689,0.10535166295284672,0.4,0.2,False,none,9,2.5689967475320525,2028.2399674753206,0.00019444818041791656,4.535145423957093,4.996885191788174,False,0,5.527483124000355
420,5,1,5.1109565510847546,0.968377540578925,2004.310034418879,0.013736040551624019,0.00887797727693897,12.486457693846024,0.13157861009215777,0.4,0.2,False,none,10,0.5936161112882413,2027.1765270913043,4.834296292099971e-05,4.451787826710713,4.785347117455567,False,0,5.483151695999368
421,5,1,7.703878581927052,1.073070980862468,2000.3812689898584,0.06125642716141396,0.009837795059708075,16.415120570294896,0.1506756058152172,0.4,0.2,False,none,8,0.8573189855741283,2027.3958989694647,0.00012644314625154252,4.242131711393045,5.333470950699063,False,0,5.210863248000351
422,5,1,7.916516090933066,1.2670323626097375,2004.8964858681986,0.354660945170349,0.011616011372662306,16.715800911019357,0.14293049927363174,0.4,0.2,False,none,7,9.904117515707528,2024.658860031415,0.00017687817997336097,5.34217327424573,5.43284536104811,False,0,5.343446766999477
423,5,1,6.2482854618494095,1.0627093477780538,2002.1100246990886,0.6779722140012311,0.009742800763350877,14.27616961581677,0.10441372262487145,0.4,0.2,False,none,9,6.243533868918745,2027.104604225675,0.00017384284423993535,4.788558507100555,5.511526384674097,False,0,5.263022613999965
424,5,1,7.734771205950819,1.0842317026797352,2004.4596170647194,0.680298687554567,0.009940115312435849,16.45897448349724,0.1117918879050207,0.4,0.2,False,none,7,2.5689967475320525,2028.2399674753206,0.0001963771452164753,4.537738235665422,5.037597806624327,False,0,5.316465848000007
425,5,1,7.29034699040773,1.093363495983312,2001.5515006744706,0.6291923184847263,0.010023834574861524,15.822311255873032,0.11602125492577665,0.4,0.2,False,none,8,2.5689967475320525,2028.2399674753206,0.000194993105000818,4.470249584856639,5.096082686546654,False,0,5.408707917000356
426,5,1,5.3200585139743595,1.1409258281962789,2005.2563859921047,0.24244837132332678,0.010459880731376579,12.824744748111147,0.12967715040406003,0.4,0.2,False,none,11,0.5934506605533993,2027.1758526415697,4.9662599659217044e-05,5.4932748956718065,5.3548752961192365,False,0,5.203673484000319
427,5,1,5.542703493601876,1.0055974159101466,2002.2921753729627,0.3371264298738189,0.00921920494238394,13.18010555866785,0.12748700045113673,0.4,0.2,False,none,8,2.5689967475320525,2028.2399674753206,0.000194489693168709,4.544851001735205,5.049899571311695,False,0,5.284448043999873
428,5,1,5.36520760949854,1.0967308044329336,2002.094747463108,0.7229058510807017,0.01005470568313022,12.8972013081241,0.09360301183777882,0.4,0.2,False,none,10,0.5936161112882412,2027.1765270913043,5.109305055017721e-05,5.074221340439983,5.121637976640997,False,0,5.176360512000429
429,5,1,5.557493487362852,0.9738233287308973,2002.2444900433482,0.12597103020147565,0.008927903655280345,13.203541425210878,0.13425291830166436,0.4,0.2,False,none,8,0.5936161112882413,2027.1765270913043,4.8541717526218164e-05,4.573559745026704,5.028444736822127,False,0,5.139505467000163
430,5,1,5.919415771274405,0.9631878793737697,2005.6442377185779,0.8416802064524712,0.008830399041877017,13.770731828263546,0.07626099910922016,0.4,0.2,False,none,8,2.5689967475320525,2028.2399674753206,0.0001960083290279968,4.629334956076836,5.013033111573296,False,0,5.0702444059998015
431,5,1,5.712337253824183,1.1961424068892805,2004.9730547624024,0.47447416945290527,0.010966100165848097,13.447669203681999,0.12086944492745454,0.4,0.2,False,none,9,2.5689967475320525,2028.2399674753206,0.00019415408924750022,4.476380248531217,4.993212235578615,False,0,5.189903984000011
432,5,1,5.8279978924859615,1.1847298882673218,2004.846035709697,0.5893863106063493,0.010861471468100913,13.62858335558824,0.11196146980393813,0.4,0.2,False,none,9,1.1650771084204727,2026.9945599520042,6.45496214793928e-05,6.421062783763057,4.86822543708195,False,0,5.379873185000179
433,5,1,7.532639883191402,1.2051108974101423,2006.122221499461,0.16065529792083683,0.011048322286577015,16.1709646467971,0.14810775030897014,0.4,0.2,False,none,6,2.5689967475320525,2028.2399674753206,0.0001991464271065002,4.737376735802022,5.115318548045261,False,0,5.344641493999916
434,5,1,6.008875916213396,1.1450171590176916,2001.729093173212,0.22027492932079104,0.010497389595990713,13.909129415966433,0.13574569755786342,0.4,0.2,False,none,8,0.5013004357376452,2027.278817279833,6.384979435636318e-05,5.508098835133107,4.844461710337813,False,0,5.158161960000143
435,5,1,5.307724976644303,0.9964970205329203,2004.5210129419638,0.3736206552707225,0.009135773532644845,12.804915937714274,0.1238487321485127,0.4,0.2,False,none,10,0.9393052645513392,2026.9716411574375,0.00010548775347263284,4.533293933597065,4.92633245826565,False,0,5.393740969000646
436,5,1,6.555214716902813,1.022549040351473,2003.9942156694515,0.15884546578721825,0.009374615544438306,14.739940773274386,0.1412228855337328,0.4,0.2,False,none,8,0.5936161112882413,2027.1765270913043,5.152761997107014e-05,4.9450615267215445,5.180961470127317,False,0,5.064237331000186
437,5,1,7.424286466983984,1.1723961485050816,2007.3062365554317,0.3562809626810469,0.010748397117694784,16.01551608488123,0.13968740977358018,0.4,0.2,False,none,7,9.904117515707528,2024.6491100314151,0.0001651698949264313,5.391055141699963,5.04879053559142,False,0,5.403013954000016
438,5,1,6.345389141578506,1.030251580290317,2003.3693599502221,0.460823332337866,0.009445231571438364,14.42369835856026,0.1259127630110648,0.4,0.2,False,none,8,0.8573189855741283,2027.3958989694647,0.00012896502759152106,4.520376636829679,5.4291952604368765,False,0,5.182949880999331
439,5,1,7.013767537509006,1.276062480826982,2001.7617254588747,0.3237176398845867,0.011698798489237565,15.41956193871902,0.13889993181132246,0.4,0.2,False,none,8,0.5012877322361057,2027.2787172282497,6.46402691322212e-05,5.5572253179631455,4.94787227121519,False,0,5.273382512000353
440,5,1,6.058302123696044,1.1262562252315085,2003.2664051910542,0.15401103527541526,0.01032539144767728,13.985298567469524,0.13781015399064864,0.4,0.2,False,none,9,2.5689967475320525,2028.2399674753206,0.0001997691758712783,4.6297806879552565,5.173794308003645,False,0,5.508094810999864
441,5,1,5.590636417325843,1.006024140657822,2004.5043020458477,0.5803199719196379,0.009223117107272754,13.255983561325948,0.11102314387782623,0.4,0.2,False,none,10,2.5689967475320525,2028.2399674753206,0.00019901844522929313,4.560540155034734,5.091655743158057,False,0,5.347678765000637
442,5,1,6.749173700970696,1.2734386162442763,2004.7823041454312,0.48255374576881566,0.011674743191415293,15.02928065314297,0.12724081933156928,0.4,0.2,False,none,8,0.517893339144206,2027.6006907246428,4.5679449391822224e-05,5.281742305518936,4.709072346713645,False,0,5.429309251000632
443,5,1,5.403285661853419,1.0132256531489967,2002.722632237995,0.8156826871480748,0.00928913977051835,12.958152192593106,0.07908026891189297,0.4,0.2,False,none,9,2.5689967475320525,2028.2399674753206,0.00019926279480686482,4.789544664570294,5.120622397801968,False,0,5.336015781999777
444,5,1,6.198657118983712,0.9773062051907568,2000.355619900397,0.8439444186951557,0.008959834278176178,14.200474837703833,0.07698606940454013,0.4,0.2,False,none,9,2.5689967475320525,2028.2399674753206,0.00019566742349930166,4.552991253493144,5.043847435458904,False,0,5.262532293000731
445,5,1,5.674078854503225,1.0462294580144775,2001.0258981387512,0.0429150815142757,0.009591714972203735,13.387558104111642,0.13621068732799316,0.4,0.2,False,none,9,0.5936161112882413,2027.1765270913043,4.8868007785918266e-05,4.713509791624281,4.832952812099411,False,0,5.352374449999843
446,5,1,6.454612821648029,1.210385765254175,2003.308213719955,0.2074200578921739,0.011096681686600048,14.588744610276972,0.1394878567684053,0.4,0.2,False,none,8,0.5373590067994046,2027.4764030967697,4.4846555201538685e-05,6.070661921274259,4.587808971833218,False,0,5.484391201000108
447,5,1,6.414474583408576,1.2375489081773032,2000.1437624506511,0.49749083620722023,0.011345710351078996,14.528201336728793,0.123897354626271,0.4,0.2,False,none,9,0.5827134685348624,2027.5788090628052,4.229938045130499e-05,5.490009121180814,4.789200974396963,False,0,5.4835758520002855
448,6,1,9.494792618764423,1.0642523689159875,2005.1549173732437,0.25333140745247934,0.009756947009031278,18.869545791503807,0.156641819084414,0.4,0.2,False,none,6,0.5934581800408449,2027.172805601838,4.940885213655655e-05,5.188373953867462,5.079759918200196,False,0,5.518053116000374
449,6,1,9.711746687942306,1.1136287662552486,2007.9303637103067,0.15286907986731316,0.010209624312279146,19.155905599258066,0.1612266202989364,0.4,0.2,False,none,5,0.5936161112882413,2027.1765270913043,4.878814524245101e-05,4.629417404282381,4.813009528788311,False,0,5.492269903000306
450,6,1,11.729196829487393,1.1393947603516883,2001.7133724520568,0.8936446695264801,0.01044584407215625,21.72450919745966,0.08112183194230076,0.4,0.2,False,none,4,2.5689967475320525,2028.2399674753206,0.00019592577229821106,4.561325105617962,5.012910837444914,False,0,5.318121947999316
451,6,1,8.16233060808904,1.0899735722299466,2003.7151310394684,0.45208584604360363,0.00999275613201067,17.06006094915305,0.13765935106466096,0.4,0.2,False,none,7,0.5827134685348626,2027.5906580211386,4.410804759846787e-05,5.087884045514897,4.978456825795402,False,0,5.21709550200012
452,6,1,9.098520745320753,1.085193865333147,2005.6376131678094,0.17444101506692322,0.00994893631232046,18.34080177768466,0.1571658076416382,0.4,0.2,False,none,6,0.5936161112882413,2027.1765270913043,4.869359938841633e-05,4.572660867123338,4.904243149228961,False,0,5.049100721000286
453,6,1,12.142621951686692,1.1753239049642783,2001.2510808134375,0.4529866613826768,0.010775238462343918,22.23204639094241,0.15716760944021752,0.4,0.2,False,none,4,1.001715895819953,2027.2738682496388,7.931641095004771e-05,4.495696597197602,4.563518078453265,False,0,5.397376235999218
454,6,1,8.822818046947884,1.002269047088774,2002.2530574884208,0.4445278125358927,0.009188690828283613,17.968397199674495,0.14170953600470115,0.4,0.2,False,none,6,2.5689967475320525,2028.2399674753206,0.00019457837944047984,4.448835474024907,5.058161651904369,False,0,5.477391757999612
455,6,1,11.936565891385952,1.147783171812888,2006.7538407221991,0.5232386170884371,0.010522748092769556,21.97981623992842,0.14952392742441822,0.4,0.2,False,none,5,0.5936161112882413,2027.1765270913043,4.898493583449515e-05,4.7393143759552405,5.033355041825412,False,0,5.367834269999548
456,6,1,8.440754150613175,0.9548340551420549,2008.428425230283,0.41056765847377946,0.008753812113125687,17.445842929055747,0.14201051942765952,0.4,0.2,False,none,7,2.5689967475320525,2028.2399674753206,0.0001955054830080627,4.430829034112254,4.996200308090836,False,0,4.652417469999818
457,6,1,8.715157825096814,1.029498789792974,2007.8753256446164,0.6506638448142166,0.009438330072126732,17.82192567908997,0.12024709099689339,0.4,0.2,False,none,6,0.918217796609037,2027.5754401482711,0.00013932364900115513,4.577978623262156,5.129095337511722,False,0,5.389589715000511
458,6,1,11.027876533578631,1.224116170074893,2009.4451276060265,0.7330132178114694,0.011222560506475025,20.84966369381612,0.11737643540014424,0.4,0.2,False,none,5,2.5689967475320525,2028.2399674753206,0.0001966691666969167,4.469501989945619,5.064064966236027,False,0,5.183041635000336
460,6,1,10.237516551816084,0.9960685270217123,2003.989574442081,0.5859481023604695,0.009131845151929257,19.84118174899602,0.13503510475448025,0.4,0.2,False,none,5,2.5689967475320525,2028.2399674753206,0.00019628281185912755,4.448704665752832,5.075303087703617,False,0,4.6994812549992275
459,6,1,10.193722488173115,1.0951641219636576,2006.5793138472288,0.34992009612757635,0.010040342513003312,19.784556904605402,0.15547673309106613,0.4,0.2,False,none,5,0.537304539809093,2027.4736252802638,4.103297511259818e-05,5.401844581967146,4.161210995219289,False,0,5.356223274000513
461,6,1,8.233215431058943,1.1139535520269197,2001.618426427825,0.28245496528118696,0.010212601912006463,17.15868929792963,0.14823910095110196,0.4,0.2,False,none,7,9.90718878859031,2024.6503775771807,0.00016480435029886387,4.562796508827798,5.106053606085494,False,0,5.2564546930007054
462,6,1,10.939534874566418,1.0289586343297963,2010.9009933086902,0.46009893690828546,0.009433377987090518,20.73816674740104,0.1509487579124262,0.4,0.2,False,none,6,2.5689967475320525,2028.2399674753206,0.00019840917466307229,4.496654114412311,5.130284650287835,False,0,5.380744866999521
463,6,1,8.514507892231757,1.0340429826238473,2000.663200484013,0.18081835823168185,0.009479990725130316,17.54732119273672,0.15348665157084437,0.4,0.2,False,none,7,0.5010845199871311,2027.2685250168051,5.780962994228478e-05,4.4482138281053425,4.458829078739096,False,0,5.341936105000059
464,6,1,8.534406361579085,1.1708087646232261,2006.0662551408236,0.5154495084770863,0.010733844159326432,17.57464937018189,0.13450293220714224,0.4,0.2,False,none,6,2.5689967475320525,2028.2399674753206,0.0002054656259927734,5.100240984224132,5.261443824461943,False,0,5.299585734000175
465,6,1,10.111893021358728,1.0274623140646635,2008.4143388528626,0.25359698774379924,0.009419659889802832,19.67853521494958,0.1598891562657153,0.4,0.2,False,none,5,2.8866191187095973,2027.208543422553,0.00010418183207772103,4.708535129164318,4.823509678473585,False,0,5.49281753500054
466,6,1,12.36723606419519,1.0125052733673274,2002.045263909103,0.15804101589083974,0.009282535409032846,22.505373478082028,0.17442607154642822,0.4,0.2,False,none,5,2.5689967475320525,2028.2399674753206,0.00019521360104601815,4.586724497130437,5.020460527368935,False,0,5.425437776999388
467,6,1,9.267833881573516,1.0067294409820549,2004.8028929602287,0.81806793573359,0.009229583221974477,18.567636184487196,0.09400959986937348,0.4,0.2,False,none,5,2.5689967475320525,2028.2399674753206,0.00019517761826226554,4.5777198182895384,5.033216226474594,False,0,5.353444355000647
468,6,1,8.677334647660443,1.1118824174709145,2000.825094271933,0.6207835367127018,0.010193613981416185,17.770324366246484,0.12398800584725207,0.4,0.2,False,none,7,1.7147532558989758,2028.2524583443835,0.00017436710387186416,4.470077694266097,5.338139443631285,False,0,5.2413972559998
469,6,1,12.610649048119203,1.0876886147063802,2009.5491432427834,0.4466237345916583,0.009971807896304101,22.7997149367696,0.1595562260266677,0.4,0.2,False,none,4,2.5689967475320525,2028.2399674753206,0.00019637927407223366,4.489028505306338,5.04226128447535,False,0,5.272272155999417
470,6,1,10.524699793512216,1.0739442280981017,2006.4992762153088,0.6318192641488902,0.009845800892960332,20.21052531811207,0.13067970003152823,0.4,0.2,False,none,5,2.5689967475320525,2028.2399674753206,0.0001955270570365153,4.5574990977962075,5.038880279134894,False,0,5.267477985000369
471,6,1,11.694671708003108,1.055205084549654,2006.6530168585946,0.8460047827292024,0.009674002515115923,21.68185724253775,0.09470094010016909,0.4,0.2,False,none,5,2.5689967475320525,2028.2399674753206,0.0001960936176664818,4.5399389501824805,5.061204135074934,False,0,5.335601393000616
472,6,1,12.24387373631608,1.0587441564296556,2010.5928053322777,0.7428294578618636,0.00970644833135545,22.355463860873027,0.1193114259265097,0.4,0.2,False,none,4,0.5936161112882413,2027.1765270913043,4.871859403854373e-05,4.670657708344892,4.797601873462886,False,0,5.163274116000139
473,6,1,8.086288916129094,1.1162734675830344,2001.2380154053628,0.24038292459848673,0.010233870639056132,16.95393941578914,0.1490667086375584,0.4,0.2,False,none,7,2.8866191187095973,2027.208543422553,0.00010497009957111114,4.751527832411145,4.945880565198212,False,0,5.383526736000022
474,6,1,7.955331842519314,0.9809081583873805,2007.186845309273,0.7471809419428138,0.008992856583312565,16.770396248860163,0.10251647444093867,0.4,0.2,False,none,6,2.5689967475320525,2028.2399674753206,0.00019890275472711494,4.822633220943055,5.147033718259204,False,0,5.367055433000132
475,6,1,8.842887180509896,1.225678734104488,2005.9907917688063,0.13613061157764836,0.011236885919206316,17.995635177908778,0.1568179660632395,0.4,0.2,False,none,5,0.8573189855741283,2027.3958989694647,0.00013019120044088783,4.36083734303983,5.473331799253114,False,0,5.24206082299952
476,6,1,12.285297040666906,1.285516713579314,2009.185497294409,0.8586741989390274,0.011785473840563781,22.40585726999455,0.09347866578640752,0.4,0.2,False,none,4,2.5689967475320525,2028.2399674753206,0.00019528156429926558,4.5326948055563445,5.027648201520914,False,0,5.3955532869995295
477,6,1,9.324537984512464,1.0159032418349065,2001.0483016089943,0.13635348448387052,0.009313687604926287,18.64329503080862,0.15929471176298277,0.4,0.2,False,none,6,0.5936161112882413,2027.1765270913043,4.808115070897845e-05,4.531581896643466,4.780635538170693,False,0,5.308156576999863
478,6,1,8.232840247743837,1.2001004086088334,2004.041579316912,0.05203089608336974,0.011002386684128217,17.1581680189808,0.15429723111533117,0.4,0.2,False,none,7,2.5689967475320525,2028.2399674753206,0.00020210922407648546,4.856867949055979,5.206769830581583,False,0,5.396697395999581
479,6,1,11.00232077858262,1.1690580104718875,2001.0178279180507,0.39967517188342927,0.01071779344055016,20.817440209870465,0.15625613579064035,0.4,0.2,False,none,5,0.5936161112882413,2027.1765270913043,5.0153160806587493e-05,4.877058737844081,5.027801466891479,False,0,5.389797900000303
480,7,1,12.703908973536683,1.1244138643960215,2008.5033355756632,0.39085762755269454,0.01030850088903876,22.911984469275524,0.16449626017118393,0.4,0.2,False,none,4,2.5689967475320525,2028.2399674753206,0.00019593261992845168,4.430826203829077,5.0317803149526865,False,0,5.516424592000476
481,7,1,12.885681799299354,1.2573157558383872,2006.1502282038603,0.8522144766272327,0.01152693060559554,23.130022707997096,0.09670175974788711,0.4,0.2,False,none,4,2.5689967475320525,2028.2399674753206,0.00019632587824314207,4.652759488906409,5.056682654930873,False,0,5.6531215619997965
482,7,1,18.375205344243483,0.95921158615064,2013.2945161905711,0.366356281831206,0.00879394482913238,29.30393381453421,0.18765296106908286,0.4,0.2,False,none,2,2.5689967475320525,2028.2399674753206,0.00019633744680347398,4.6169754285175015,5.037027847869347,False,0,5.1473459970002295
483,7,1,16.34702690647506,1.0310459186732364,2015.2882821190165,0.6765714061672599,0.009452513977130615,27.10588817787195,0.14387733088206076,0.4,0.2,False,none,3,0.5936161112882413,2027.1765270913043,4.920744985337233e-05,4.716386848702871,4.845742334396949,False,0,5.317022551000264
484,7,1,14.222438267699879,1.2001350885917996,2004.2192526947038,0.8139227120508249,0.011002704626343764,24.70323495379827,0.1099746924519786,0.4,0.2,False,none,4,2.5689967475320525,2028.2399674753206,0.00019638306109426296,4.62014654661738,5.053775705631176,False,0,5.386578144999476
485,7,1,15.726100656064967,1.1975754747952119,2014.2919610766826,0.3922441588878277,0.010979238372561938,26.415073580751773,0.1766335287683426,0.4,0.2,False,none,3,3.927276351351549,2026.0688664414427,9.874228683059982e-05,4.600422062632665,5.039684709482624,False,0,5.245881902999827
486,7,1,13.134751339107767,1.2108179923391027,2000.5336098311989,0.8317805396555001,0.01110064429630305,23.42712676966451,0.10266766212749599,0.4,0.2,False,none,4,2.5689967475320525,2028.2399674753206,0.00019637077819134596,4.632761938405732,5.046542165271302,False,0,5.384425361000467
487,7,1,15.989747161987722,1.096015526170316,2000.653300966519,0.08407815089565172,0.010048148091802345,26.709485461472898,0.19185070002842763,0.4,0.2,False,none,4,0.9393052645513392,2026.9716411574375,0.00010989950714479502,4.796784831727281,5.074398897826876,False,0,5.267247321000468
488,7,1,13.524592536577835,1.2428049588319192,2012.762068431772,0.011516505270941491,0.011393897237208371,23.88841034368242,0.18230941816773974,0.4,0.2,False,none,4,0.5013258437065188,2027.2799288934852,5.977844735005622e-05,4.7459598535141145,4.6076554378354935,False,0,5.375572497000576
489,7,1,16.83910400128733,1.1700580282495208,2012.4338657917751,0.5836008341844867,0.010726961491991188,27.64715475821743,0.16004674868208357,0.4,0.2,False,none,3,2.5689967475320525,2028.2399674753206,0.000194631877884488,4.572134201558217,5.01160649969346,False,0,5.5283398070005205
490,7,1,16.709716987670923,1.009163688074102,2013.456024438245,0.8161252591838006,0.00925190012779277,27.505350716181887,0.11487471795877645,0.4,0.2,False,none,2,2.5689967475320525,2028.2399674753206,0.00019634522040101743,4.539912382281506,5.055723622671311,False,0,5.235699951000242
491,7,1,14.779466092383405,1.0500952933050383,2013.2350189073265,0.29140364501793237,0.009627156518943315,25.34410471943619,0.17948972630697027,0.4,0.2,False,none,3,2.5689967475320525,2028.2399674753206,0.0001948139948665384,4.5329294815042,5.026162196242204,False,0,5.451910452999982
492,7,1,15.22960828855024,1.1657234504814642,2004.8067046698638,0.0642681835317011,0.010687222566502555,25.856135372828366,0.18915758405593186,0.4,0.2,False,none,4,1.6000930617243916,2027.2911002784815,9.389626341416157e-05,4.495310081977069,4.725675274740045,False,0,5.649049781000031
493,7,1,18.10459472344215,1.156556687793747,2015.9239407987811,0.2131279749218494,0.010603182708663644,29.015518054343598,0.196248284425045,0.4,0.2,False,none,3,0.5936161112882413,2027.1765270913043,4.965040796534037e-05,4.909302930317975,4.87115013727614,False,0,5.464766447999864
494,7,1,13.348059103501573,1.1503010818285346,2013.210266229865,0.7060939614831714,0.010545832010939452,23.680082151638313,0.1297910230735838,0.4,0.2,False,none,4,0.5936161112882413,2027.1765270913043,4.908671084635774e-05,4.763770530365149,4.90374467253684,False,0,5.398345980999693
495,7,1,13.525790847519907,1.084070448287888,2007.643478250507,0.6102720997934722,0.009938636950158083,23.88982136934916,0.14509702245482678,0.4,0.2,False,none,4,2.5689967475320525,2028.2399674753206,0.00020020853322566534,4.584409122901299,5.162493709025866,False,0,5.34768746500049
496,7,1,16.202324373409226,1.0824502992581506,2009.142876637254,0.7333397907464835,0.00992378360456865,26.945691863317613,0.13296647950762766,0.4,0.2,False,none,3,0.5936161112882413,2027.1765270913043,4.80617088850499e-05,4.47816257257264,4.766604531501973,False,0,5.380251702000351
497,7,1,13.621532725779057,1.0648056942097504,2013.1014085096622,0.6156529238272577,0.009762019833605303,24.002424344932894,0.1446554587154301,0.4,0.2,False,none,4,2.5689967475320525,2028.2399674753206,0.0001995003375889759,4.7250577666261435,5.140207418371031,False,0,5.202773007999895
498,7,1,18.093922315586465,1.2841545957653067,2011.7498493884107,0.6662959723913622,0.01177298609637876,29.004114103046902,0.15125239880557897,0.4,0.2,False,none,3,0.5936161112882413,2027.1765270913043,5.019124711536094e-05,5.043502243075328,4.887934157885578,False,0,5.290392562999841
499,7,1,19.226816870800523,1.1576335470043442,2008.9179831790682,0.7221066108985789,0.010613055233791012,30.202487779022334,0.1433245454846408,0.4,0.2,False,none,3,0.5936161112882413,2027.1765270913043,4.832952522237921e-05,4.448203254581414,4.759288015721833,False,0,5.436145227999987
500,7,1,19.85921195062858,1.074714541432985,2009.236051797833,0.07125292825685435,0.009852863039691998,30.861175527162565,0.20637274298007413,0.4,0.2,False,none,3,0.537304539809093,2027.4736252802638,3.9472577983645785e-05,4.819971154322605,4.019733428768499,False,0,5.349377429999549
501,7,1,18.742983693661113,1.0938183561951058,2011.222614699352,0.5743992505516864,0.010028004682547081,29.693651625883028,0.16697737829907805,0.4,0.2,False,none,3,2.5689967475320525,2028.2399674753206,0.00019679616368595276,4.602401602971852,5.08779402296981,False,0,5.445580202999736
502,7,1,16.47730653636218,1.230922341826896,2014.1498096192565,0.403201365345803,0.011284958729921123,27.249713353998935,0.178561108947421,0.4,0.2,False,none,3,16.460646803707668,2030.6750218037078,0.0003001676228273631,4.7254655979344165,6.126338293078619,False,0,5.441952572000446
503,7,1,15.390943740851714,1.271648508849669,2001.4001170515535,0.35323724811218826,0.011658331686494284,26.038419797676582,0.1784178510934673,0.4,0.2,False,none,4,2.5689967475320525,2028.2399674753206,0.00019633236538774135,4.609732952426519,5.097744315664741,False,0,5.428144196000176
504,7,1,15.574598727287523,1.1425495034288382,2010.6345322260706,0.18457633664574385,0.010474766404800162,26.245148520749236,0.18771070202981,0.4,0.2,False,none,3,2.5689967475320525,2028.2399674753206,0.00019565739186566677,4.515043251224985,5.038012618719103,False,0,5.3627274299997225
505,7,1,13.42193525592903,0.9564820643021242,2010.1934846441425,0.5777224933112386,0.008768920877282418,23.767374923479277,0.14872397811261873,0.4,0.2,False,none,4,2.5689967475320525,2028.2399674753206,0.00019834632725224122,4.751944018620319,5.1172956669856395,False,0,5.49293929399937
506,7,1,17.956413958660043,1.075029298953158,2008.6536076338064,0.19353529107418446,0.009855748701528154,28.856978993254483,0.19635763672399298,0.4,0.2,False,none,3,2.5689967475320525,2028.2399674753206,0.00019623327469364682,4.647176503965743,5.057080042785161,False,0,5.544521523000185
507,7,1,16.06977298078832,1.0389968326969794,2005.536240947205,0.38544468244843,0.009525407070036804,26.79852874869519,0.17814944633731086,0.4,0.2,False,none,4,0.537304539809093,2027.4736252802638,3.902860877869063e-05,4.855054567495761,3.8425804674106905,False,0,5.637697160999778
508,7,1,16.654370819110394,1.1048240595499015,2003.1741998157834,0.3918414302717326,0.010128903743302036,27.444581388951924,0.17989289260682886,0.4,0.2,False,none,4,5.55150403276516,2025.3589848810605,0.0002165760015070406,4.416961629385016,4.913474306287886,False,0,5.661246269000003
509,7,1,15.481068764784583,1.0789732807825239,2011.0439867678692,0.42678020828822716,0.009891906687018852,26.139969943244928,0.17260262196907125,0.4,0.2,False,none,3,0.5936161112882413,2027.1765270913043,4.977740653600016e-05,4.75152722267578,4.9343155653193245,False,0,5.3913464770002975
510,7,1,14.8754234189143,1.0549551717691634,2007.0724509773718,0.8533786456582401,0.00967171134262024,25.45368596600407,0.10044486201221527,0.4,0.2,False,none,4,2.5689967475320525,2028.2399674753206,0.0001958438694349418,4.517503276579018,5.058932728659511,False,0,5.4429340340002454
511,7,1,18.654683591504337,1.1590559501520514,2007.429809911791,0.20963735188869195,0.01062609566719103,29.600318371105406,0.19836877666040326,0.4,0.2,False,none,3,0.9393052645513392,2026.9716411574375,0.00010559893477712912,4.447093196875573,4.886510278077941,False,0,5.381336823000311
512,0,2,0.6822184303316148,1.430519653774147,2000.398140797754,0.8932161774839052,0.01311484462230399,3.26127000362088,0.03322933367937479,0.4,0.2,True,exact,76,0.6822061339723213,2027.6856411922263,0.00015143873427714283,12.180133414595796,8.387111900428621,True,1,10.731309634999889
513,0,2,0.7014243399921141,1.3223277823759685,2000.663117262185,0.5738297119563938,0.012122953613299074,3.3221941731509195,0.05752086026108273,0.4,0.2,True,exact,74,0.7015616535353333,2027.3136397093426,0.00014195937719607699,13.887408125472954,9.254900046357665,True,1,10.348833149999336
514,0,2,0.6572107633381782,1.5632754201151706,2000.3883889510005,0.46381536818981245,0.014331934680230803,3.1810773958818848,0.06081707748557917,0.4,0.2,True,exact,81,0.6572268879187467,2027.3330211546686,0.00023095193779321121,15.991051914955989,18.104559443799545,True,1,10.571567786000742
515,0,2,0.6449138364108834,1.5512881584759974,2000.4693243341044,0.18389595012579293,0.014222036802609974,3.141272318079147,0.06644712886785227,0.4,0.2,True,exact,82,0.6449025763581934,2027.5546582070442,0.0002229756272568162,16.145321920831005,18.58198636729283,True,1,10.565153070000633
516,0,2,0.5539297044937783,1.3904740970135043,2000.1103575594166,0.5465254625402938,0.012747711424697186,2.8384041117563323,0.05485552861628878,0.4,0.2,True,exact,96,0.5539298747307349,2027.249985736806,0.0001699055665393967,16.988021181921575,12.958700162503895,True,1,10.447011738999208
517,0,2,0.6274276563339309,1.4883811811237901,2000.2031554402693,0.2487333266205747,0.013645312651035857,3.084230986311566,0.06497911177032549,0.4,0.2,True,exact,85,0.6274520030912962,2027.1816080079257,0.000204270696941955,18.32504537080857,17.18658957576319,True,1,10.368843078999816
518,0,2,0.594344182689639,1.5210901762381683,2000.4276048659465,0.13255105591917696,0.013945185069806902,2.974836729184143,0.06528007468895909,0.4,0.2,True,exact,88,0.5943084960971079,2027.17161669937,0.0002361517856351858,17.595148913241154,21.028159685638304,True,1,10.198805793000247
519,0,2,0.5271613799156755,1.730788917151037,2000.200400534524,0.12018807071953594,0.015867679736209617,2.74620854926086,0.06317745685735253,0.4,0.2,True,exact,100,0.5271488525537954,2027.6119356452973,0.00027963732277991316,18.293612750377505,25.067630275715224,True,1,10.197690923000664
520,0,2,0.7799218405015691,1.3610797232355751,2000.5151395941066,0.43558452235011696,0.012478227084618114,3.5656483672781,0.06485148564344698,0.4,0.2,True,exact,68,0.7799646282387758,2027.0344223601185,0.00017707534179844941,14.54349038759178,13.051898739060137,True,1,10.356619160999799
521,0,2,0.714553620719367,1.4255980097190897,2000.3658263392892,0.5538596853424747,0.01306972353857888,3.363522523070285,0.058808481571377864,0.4,0.2,True,exact,75,0.7145249786204589,2027.5191366875774,0.00018173049362724125,13.861725114213764,13.617002612344255,True,1,10.560896875000253
522,0,2,0.7624442519712005,1.32294031022914,2000.5313992922431,0.44347221892745126,0.012128569200334161,3.5121780186698386,0.06411826210973968,0.4,0.2,True,exact,70,0.7625026742782398,2027.2110310997384,0.00016337021522683237,15.367712032056753,11.643863661136516,True,1,10.388183744999878
523,0,2,0.6144668279968788,1.680447263286287,2000.509093377073,0.5717794943146518,0.015406153068803028,3.0416092412872877,0.05568830291841466,0.4,0.2,True,exact,86,0.6143690413953108,2027.5449331338937,0.0002407943077858965,18.129405050392368,17.937397414481822,True,1,10.656046111999785
524,0,2,0.585730808612999,1.4007975264145276,2000.2543330213,0.6094467147079624,0.012842355473946384,2.946025506832005,0.05304117364871294,0.4,0.2,True,exact,91,0.5858153364408948,2027.197700788781,0.00012460338050579445,13.04082485556271,9.247249903347196,True,1,10.398563620999994
525,0,2,0.6386483114383962,1.3041956756366062,2000.2447153380658,0.3494509686372273,0.011956720481210058,3.120893650035996,0.0632696863493512,0.4,0.2,True,exact,84,0.6386897679750144,2027.7078006479255,0.00017186548488179465,17.133909397662794,14.035870585315656,True,1,10.469963194999764
526,0,2,0.7796137414298349,1.5286299240662211,2000.4140678585165,0.43502423337208507,0.014014308636893439,3.564709260103092,0.06498518496264938,0.4,0.2,True,exact,68,0.7796583245829937,2027.7001507354048,0.00023344649541101603,15.70667003607871,18.465997038012738,True,1,10.123677829999906
527,0,2,0.5482994517603111,1.2958561000683002,2000.2279279226655,0.654927318249868,0.011880264182615532,2.819137975469533,0.04976787557853191,0.4,0.2,True,exact,96,0.5483571861406675,2027.6420780570334,0.0001410135729769113,14.692581954406108,10.965049100045505,True,1,10.099710357000731
528,0,2,0.5668919540619037,1.5355376828051803,2000.3387449780046,0.7559205463314629,0.0140776381985047,2.882513297466802,0.044294490042404336,0.4,0.2,True,exact,94,0.5668882193192265,2027.5493064023228,0.0001639030535562913,16.61560657158332,12.205554850750328,True,1,10.156820160999814
529,0,2,0.7827069077692471,1.5068618289406426,2000.2793940246684,0.1252900100233751,0.013814741168846215,3.574131840986874,0.07113428732775236,0.4,0.2,True,exact,68,0.7824987080779954,2027.67573603273,0.0001938117700832631,14.097840242603857,15.231055361984941,True,1,10.299235349999435
530,0,2,0.6420787776587159,1.522877416626348,2000.303860221091,0.189206544258213,0.013961570290332773,3.1320594808493247,0.0662775847636087,0.4,0.2,True,exact,82,0.6421140134558597,2027.271522940146,0.00022350947527138842,16.095273274880398,19.063492426373745,True,1,10.288749117999942
531,0,2,0.5510429030929188,1.6822020354868812,2000.4117767530574,0.8497754141927376,0.015422240624606695,2.8285339753843313,0.03639909041807126,0.4,0.2,True,exact,96,0.551066658643503,2027.4128782526982,0.00021664973376034347,17.401306660598614,14.184579550362766,True,1,10.617699087000801
532,0,2,0.7370118597092375,1.5427111299085396,2000.0870824261349,0.304467512897854,0.014143403561405286,3.433634850927136,0.06727309770243821,0.4,0.2,True,exact,72,0.7368672662176481,2027.356862287553,0.00018754718547109306,15.521973320975677,13.643729424703595,True,1,10.552917916000297
533,0,2,0.7038523854086733,1.3338924613644298,2000.3629087389543,0.3575003256532688,0.012228977300314029,3.329856478960522,0.06499508657512017,0.4,0.2,True,exact,76,0.703662663973043,2027.1102749809756,0.0001555518403897338,12.880946769719074,13.082165306608237,True,1,10.26086001800013
534,0,2,0.698395390953416,1.7232000288274965,2000.0158888492713,0.3325347297198484,0.01579810565454169,3.31262315932123,0.06569167885528258,0.4,0.2,True,exact,76,0.6985546494581005,2027.2482016794077,0.00026465071268166884,15.220045847683803,18.26931172585152,True,1,10.306018848999884
535,0,2,0.5730422547981026,1.348261773731377,2000.2846653487468,0.445183554590298,0.012360713553307595,2.903324342552436,0.058820842865575484,0.4,0.2,True,exact,92,0.5731573661070274,2027.2161305820302,0.0001511068378607927,12.599735910047107,11.157439454184747,True,1,10.503379537999535
536,0,2,0.5094913852384662,1.743762238717051,2000.4211841320162,0.8668477739519603,0.015986617701252297,2.684493483932862,0.034075150554805485,0.4,0.2,True,exact,103,0.5094970686388902,2027.424438387861,0.00020134664874571495,16.39848534183198,13.734952777979863,True,1,10.710790060000363
537,0,2,0.7850631682771273,1.6961404901861485,2000.389609476697,0.30717458849768814,0.015550026822561843,3.5813012900507037,0.06865319209315951,0.4,0.2,True,exact,68,0.785090757762337,2027.0817576389195,0.00025789454612257234,16.67733323914283,19.72709942250577,True,1,10.277597110999523
538,0,2,0.5245010407738101,1.502825857924518,2000.2002358134139,0.11867664709424339,0.013777739836752002,2.736961532987417,0.06295406538497698,0.4,0.2,True,exact,102,0.5245503321311841,2027.4738828958216,0.00021142901793314017,16.33961890127306,19.353014632011046,True,1,10.287138997000511
539,0,2,0.6730544393210609,1.72196900634982,2000.5638592859473,0.20356769808232392,0.015786819777777475,3.231999261014349,0.06719512792591259,0.4,0.2,True,exact,78,0.6730876574057169,2027.4860062962287,0.00027650790087208055,18.115284583153375,23.103727790991847,True,1,10.012643918000322
540,0,2,0.6799576289635522,1.6068091588679163,2000.02466594237,0.4967189445540245,0.014731047141261257,3.254061010488927,0.06032969972090168,0.4,0.2,True,exact,78,0.679884846910731,2027.2230631472626,0.00023683466082513593,15.208062652037457,16.968023208641057,True,1,10.324866669000585
541,0,2,0.7861358666525047,1.4942651697904004,2000.044400643164,0.4092751247958975,0.013699256402817524,3.5845628379942163,0.06592745780271457,0.4,0.2,True,exact,68,0.7862455342327563,2027.5596093231466,0.00018493923086138064,15.57354511768427,13.964281466855665,True,1,10.284647863999453
542,0,2,0.6734588476513972,1.3406773123191342,2000.5182850153235,0.7003338015979502,0.012291180057068665,3.233293774001037,0.05009438497517116,0.4,0.2,True,exact,78,0.6734459496036108,2027.4532676716444,0.00017564533730063392,17.030495684555767,11.484819614535482,True,1,10.327747621000526
543,0,2,0.7166030853373062,1.3332237666311988,2000.6072587153747,0.5748445458020304,0.012222846781587537,3.369950899370129,0.05785081937391285,0.4,0.2,True,exact,73,0.716501378069189,2027.12578536356,0.00018047206494353762,13.72451281091383,12.300331931420619,True,1,10.263942580999355
546,1,2,1.2460106874614583,1.299079665354623,2000.1350538214474,0.875966136538908,0.011909817469596552,4.872879092815539,0.04199497004788115,0.4,0.2,False,none,42,1.2462255367446713,2027.549611547966,0.00013158563806325851,8.802135583741666,6.568297944713209,False,0,5.323149618999196
544,1,2,1.1965737566525256,1.293644297948127,2000.0881568033763,0.42427844726468383,0.01185998662748735,4.743119935860243,0.07453802339427547,0.4,0.2,True,exact,44,1.1964941729989784,2027.6170222289766,0.00014682022031076158,10.586816480390299,8.056905396031878,True,1,10.49906155700046
545,1,2,1.112355661039359,1.3344204114177243,2000.4555597558403,0.4971898551310648,0.012233817487513853,4.517868337735608,0.06997853981466981,0.4,0.2,True,exact,48,1.112506095053877,2027.153271281293,0.00016764507909883264,11.240430821367593,10.831668800634613,True,1,10.346934102999512
547,1,2,0.863447922642589,1.5531170766785356,2000.6184116085806,0.02691935399573722,0.014238804120689045,3.815884521680194,0.07391574405959066,0.4,0.2,True,exact,61,0.863423808032453,2027.383325549006,0.00021759421716416316,15.38677641802245,15.42928356834105,True,1,10.171427709999989
548,1,2,0.8242084374100229,1.6211255683788997,2000.1163916348219,0.6268571879733336,0.01486229838677226,3.6993818497002486,0.05790068795670148,0.4,0.2,True,exact,64,0.8241089935229311,2027.31115668209,0.0002300951790988881,15.55569110252624,15.924436986534356,True,1,10.664416738999535
549,1,2,0.8277324204160964,1.3427892236900234,2000.7234978002912,0.8712372892085908,0.012310541824949459,3.7099190600662477,0.03779157885236044,0.4,0.2,True,exact,64,0.8275830541643879,2027.2072671082603,0.00014915336992826767,9.81143405084416,7.312389843935979,True,1,10.90591250899979
550,1,2,0.8079504157351632,1.4302734573300018,2000.4184803355547,0.06745283706841713,0.013112587520765395,3.6505720964470907,0.0721698974557713,0.4,0.2,True,exact,65,0.8079179179951274,2027.0808225438393,0.0001932735555724152,14.59027661119133,13.521637774464686,True,1,10.436166649999905
551,1,2,0.9006199825640941,1.5610168869053456,2000.8392108947462,0.2735594367031448,0.014311228699685187,3.924631119538287,0.07228271003479957,0.4,0.2,True,exact,58,0.900850986650245,2026.957881737857,0.0002213559577092239,13.805261642024977,14.056115225855278,True,1,10.359400442000151
552,1,2,1.2135694938406913,1.2994749051790324,2000.7028195617645,0.32078388124750495,0.011913440984220766,4.787927415695614,0.07813672517327497,0.4,0.2,True,exact,43,1.2136256596758614,2027.397030137869,0.00014158971380417995,10.468814291272102,7.97601698238916,True,1,10.796285823999824
553,1,2,1.0554910971043312,1.6465526430184838,2000.0909690398191,0.47160971674673213,0.015095410970872776,4.362554247493553,0.07014270181675432,0.4,0.2,True,exact,50,1.0555315171932103,2027.5305381970236,0.00022614690280298166,13.681847234811157,14.451355488813187,True,1,10.655831261000458
554,1,2,0.8588891739047714,1.5281107628965909,2000.5841355189782,0.728615932584811,0.014009549025198716,3.802441516692417,0.05197460491296551,0.4,0.2,True,exact,62,0.8587105570196548,2027.2077225801092,0.00020147018987015652,15.831088453902465,11.514068177731575,True,1,10.710683556000731
555,1,2,0.894050227110888,1.561973176044943,2000.2118069764,0.5514524074954198,0.014319995851850294,3.905521826773576,0.06317888404292755,0.4,0.2,True,exact,60,0.8939716642436607,2027.0359468023098,0.00020560992455309623,16.50282426936857,15.113425670045677,True,1,10.561934747999658
556,1,2,1.0119918301643502,1.3978707654828493,2000.78482404932,0.007305505736670437,0.012815523256182494,4.241854767052132,0.07766161188620989,0.4,0.2,True,exact,52,1.0120497184131725,2027.0961051787426,0.0001846121951595281,12.21741821071787,12.362630378873574,True,1,10.77225691500007
557,1,2,0.9200747847272538,1.7184517741039322,2000.3661356109035,0.003071199590774243,0.01575457418486746,3.9809483523874283,0.07556186324638361,0.4,0.2,True,exact,58,0.9201744692651829,2027.0483408586904,0.0002399865307597393,17.642182313034187,17.166240174164827,True,1,10.97516378399996
558,1,2,1.2380228514327145,1.3038915345450017,2000.042631299861,0.7876391973803973,0.011953932149606836,4.852030975012256,0.052450937279347395,0.4,0.2,True,exact,43,1.237931633870176,2027.2796131326438,0.0001563715527285181,9.789665498977302,8.317103033188125,True,1,11.08660118500029
559,1,2,0.9828059137802503,1.6483111621793007,2000.1382538345902,0.29235750506051916,0.01511153287838982,4.159900709251338,0.07397343955550638,0.4,0.2,True,exact,54,0.9827698356807882,2027.6558366490622,0.00025119920551641695,14.954223817518807,17.713481687437124,True,1,11.305465896999522
560,1,2,0.9596583049520842,1.4524440911537557,2000.9002230803949,0.7343817014731293,0.013315845418697384,4.094324009322983,0.05321924563823857,0.4,0.2,True,exact,55,0.9594536012004108,2027.7680211461116,0.00016808515113020395,13.81415906304086,10.014787680751644,True,1,11.241762570999526
561,1,2,0.94898430309522,1.6558718020285716,2000.3733757257082,0.17258757504756964,0.01518084798119654,4.063907460288553,0.07520169609356475,0.4,0.2,True,exact,56,0.9489712029299587,2026.943849932039,0.0002372628497253615,15.577889420115648,17.09896244266218,True,1,10.899877056999685
562,1,2,0.9211365623287616,1.5440755688398764,2000.2106322422783,0.02974497187404356,0.01415591258533508,3.984010472482628,0.07543720254991876,0.4,0.2,True,exact,58,0.9210376592422109,2027.8420672772663,0.00020964369481968337,17.421820332853507,15.1710468123029,True,1,10.845833633999973
563,1,2,1.2007333727071103,1.4564987078730396,2000.443389657134,0.7497652119138989,0.013353017692518376,4.754105827572038,0.05569788390612323,0.4,0.2,True,exact,44,1.2006097107868665,2026.8610047831444,0.00017434915281988594,12.75950465717952,9.115757230643641,True,1,10.902556228999856
564,1,2,0.9600196480492393,1.4763159867478823,2000.5350458657479,0.87331815414691,0.013534700294777444,4.095351710455204,0.039392840962136966,0.4,0.2,True,exact,55,0.9601589638057884,2027.4158311948954,0.00017799678724883528,10.98660660188992,8.461962039619442,True,1,10.743414447999385
567,1,2,1.1797724707469934,1.296979941241463,2000.6371630943586,0.8078809981972289,0.011890567433135225,4.698616102398279,0.04957821381755178,0.4,0.2,False,none,44,1.1785736610808017,2027.7849285798584,0.0001936868804538472,7.507393423131575,6.576545132002199,False,0,5.30383707799956
566,1,2,1.0298773569286988,1.6523720957446428,2000.0338085031294,0.41607831059404377,0.01514876306435088,4.291687888988301,0.07163298266302742,0.4,0.2,True,exact,52,1.0297711241286014,2027.8409297264723,0.00021348993034775443,14.701414015544616,13.27900104766911,True,1,9.998532983000587
565,1,2,0.8361702083967786,1.345911327326886,2000.833156321071,0.482445781373063,0.012339164922845496,3.735088680332078,0.06458797001920526,0.4,0.2,True,exact,64,0.8362052594604663,2027.5925526777348,0.00018945981072948648,14.519440210175167,12.547039432477273,True,1,10.785833003999869
568,1,2,0.9532007158981411,1.6179439563830995,2000.9104252454133,0.24369158414680997,0.014833129722879182,4.075936073479898,0.07420283347014692,0.4,0.2,True,exact,55,0.953285621800182,2027.599028660405,0.00021348239120322354,15.957056006749351,14.903207831284679,True,1,10.351563799999894
569,1,2,0.8313217550102107,1.4223816732526804,2000.7285366550466,0.4600898454882007,0.013040236524612506,3.72063632013431,0.06534843447802756,0.4,0.2,True,exact,64,0.8313455918836992,2027.3315745652783,0.00017712514962442416,15.731537568960334,12.554549686775959,True,1,10.362265138000112
570,1,2,1.1259086446920572,1.3413532529506578,2000.4776177933627,0.6602322936890371,0.01229737700538248,4.554491471334235,0.061326062992948675,0.4,0.2,True,exact,47,1.1261781992890945,2027.5028861579383,0.000142553661994671,11.525123089097997,8.200258647392108,True,1,9.900387394999598
571,1,2,1.1081595841758818,1.3453113967985284,2000.7341045797102,0.049358315373894214,0.012333664826679162,4.506499515033517,0.07982879446844279,0.4,0.2,True,exact,48,1.1081027096380052,2027.3304025313123,0.00016585721618567195,12.590328552101541,11.227484960152307,True,1,10.244741732000875
572,1,2,1.0955530740481099,1.7009578501833893,2000.1741984456585,0.4107419436504858,0.015594191841676982,4.472256856799246,0.07327097251904229,0.4,0.2,True,exact,48,1.0955936124770262,2027.5632778119257,0.0002593993394228722,16.451566892468325,17.586230418618147,True,1,10.375037798999983
573,1,2,0.9804259608719251,1.4099194603568865,2000.4272293822341,0.7194810950165214,0.01292598434684815,4.15318228008788,0.05467803858436708,0.4,0.2,True,exact,55,0.9803570388507188,2027.8829397961533,0.00015329340134651037,11.70882881474321,8.726194506764497,True,1,10.63208682200002
574,1,2,1.2196988363642796,1.4891800213610438,2000.3003028596054,0.764068041798923,0.013652636329226496,4.804035378743961,0.05470649948366591,0.4,0.2,True,exact,44,1.21974590588894,2027.1322614920566,0.00018510135754779,13.04973190122544,9.72872711768662,True,1,10.415006858000197
575,1,2,1.212307100835901,1.3796496604663713,2000.553790471417,0.6926591661331275,0.01264847419781596,4.784606471711871,0.060459311577644746,0.4,0.2,True,exact,44,1.2126418988707752,2027.224996775157,0.0001557689185799349,11.30646777772054,9.547519854224332,True,1,10.270724165999127
578,2,2,1.8217941613518307,1.297606482363988,2000.2994847395714,0.8630548258874499,0.011896311492260675,6.277267864333783,0.04932915954718244,0.4,0.2,False,none,30,1.8213799628626604,2027.6272749637733,0.00016557716547360712,7.199910853662926,6.068042018647077,False,0,5.142015809999975
576,2,2,1.9654224297931948,1.4304362148024568,2000.5958462656195,0.6568278144692794,0.013114079663118512,6.603006569979315,0.07361674776048135,0.4,0.2,True,exact,28,1.9657963618539702,2028.1070865659556,0.0001626762413790006,10.092897913486654,8.411401073850563,True,1,10.069802210999114
577,2,2,1.8751373128422968,1.3450587023181042,2001.7803742383765,0.13587356999272387,0.012331348151868766,6.399212143704054,0.09397789129354495,0.4,0.2,True,exact,28,1.8755972148215336,2028.033230799168,0.00015868683966691055,10.161449831070538,9.471433558772583,True,1,10.661931804999767
579,2,2,1.3859341445108107,1.471298538931252,2000.58668435327,0.10844021549630899,0.013488700892852406,5.231178269863997,0.08553215331103858,0.4,0.2,True,exact,39,1.3861997738099434,2026.9200873690556,0.00019573499582070664,13.231727186161354,11.3972414193501,True,1,9.94472508400031
580,2,2,1.8802949744933701,1.4735320818167505,2000.2808230553294,0.26084157365970895,0.013509177764892076,6.410941012482388,0.09186855770238264,0.4,0.2,True,exact,29,1.880475402116697,2026.6038040671338,0.0001712558127633379,11.40456233074594,10.012599393915247,True,1,10.225032010000177
581,2,2,1.8825796144803248,1.576154705403155,2001.4902640929586,0.23799267128331153,0.014450010531165534,6.416133009103226,0.09253245667584468,0.4,0.2,True,exact,28,1.8828834649918094,2027.8463060098854,0.00023780395149974876,12.846347538375595,12.254472521161711,True,1,10.27538446499966
582,2,2,1.2717331880047091,1.3863657671301814,2000.4294826000394,0.5733395273468858,0.012710046714579575,4.9397138780972405,0.06921199876943855,0.4,0.2,True,exact,42,1.2716677033234245,2027.136271769792,0.00017277555905226283,12.646997040939405,9.77286523592726,True,1,10.815898339000341
583,2,2,1.8505074245377564,1.68097223593868,2000.6982003544788,0.19953866021610145,0.015410965959523494,6.343053074823383,0.09288578143885746,0.4,0.2,True,exact,28,1.850433894124656,2026.6059443094118,0.00023934787436041827,13.11580789970372,12.952140596763149,True,1,10.197067621000315
584,2,2,1.564151119060698,1.6252300283640015,2000.8960437593241,0.14305905344257672,0.014899927618094635,5.670529279103122,0.08871751419038669,0.4,0.2,True,exact,34,1.5640717695633093,2027.4892200825764,0.0002327583028723934,12.198017489480293,13.114184463391599,True,1,10.25369823300025
585,2,2,1.4709910467791725,1.5266896593904073,2001.1224414383257,0.4048159138548388,0.013996520506767222,5.443076986490232,0.0805939094598907,0.4,0.2,True,exact,36,1.4706623690594962,2027.5992663930708,0.00021377782334941475,12.466028045744645,11.763562456115901,True,1,10.153318058999503
586,2,2,1.693712793347592,1.440735430217525,2001.4140034322543,0.42371305844893636,0.013208501721245358,5.979492186165516,0.08352455569043316,0.4,0.2,True,exact,31,1.694644132328455,2026.8259119849267,0.0001555809757100013,10.90817886242857,8.501182683608928,True,1,10.52391855299993
587,2,2,1.8028222317163918,1.3326000058887337,2001.04291468923,0.5020657472462923,0.012217128212676344,6.233611432830689,0.08144955152602842,0.4,0.2,True,exact,28,1.80200576410141,2028.0894614615213,0.00014070084651496284,8.738328455642142,7.247086667371096,True,1,10.483963675999803
588,2,2,1.7117958684210488,1.4991775140674983,2000.4893365782755,0.40805860473279526,0.013744292227215626,6.021977196300383,0.08449826721422497,0.4,0.2,True,exact,32,1.7116057133134548,2027.8778789130154,0.00017175975602667926,11.027844171460702,9.826455802212514,True,1,10.40517382499911
589,2,2,1.946155370978431,1.6418999732496384,2001.8328131332557,0.40764243218292084,0.015052755813401637,6.55978285644185,0.08825626140711955,0.4,0.2,True,exact,26,1.9462418334541185,2027.1320032099036,0.00022953960314964217,13.57598742597104,12.456499147313593,True,1,10.61833629100056
590,2,2,1.5713410945763784,1.505468725981981,2000.25266605214,0.2731929550256968,0.013801969356311158,5.687893242778423,0.086380276697568,0.4,0.2,True,exact,34,1.5712623261498009,2026.9662121487133,0.0002076993864675858,10.829024532815724,12.800738936536668,True,1,10.2753053309998
591,2,2,1.8959407636239805,1.5591920859375505,2001.363714810229,0.7396260710878759,0.014294499127954996,6.446455170476812,0.06553822878900614,0.4,0.2,True,exact,28,1.8960989483460546,2027.9047602768449,0.0002136503482232932,11.766571633337023,9.075081369268485,True,1,10.474431183999513
593,2,2,1.6172536217306888,1.308557109392387,2001.2251689891746,0.8442858691037911,0.011996705619398567,5.7981557739963066,0.05015126421976995,0.4,0.2,False,none,33,1.617214436402679,2027.1017981699429,0.00013897562957232434,6.90174097905072,5.754067542212181,False,0,5.358390532999692
592,2,2,1.7073158366399457,1.427928733774224,2000.391316479328,0.8704587949667167,0.013091091356741955,6.011465650577285,0.047416950645447806,0.4,0.2,True,exact,30,1.7074900907914579,2027.7108570776631,0.00018292992546653508,10.04539678752602,7.232794082747079,True,1,10.532948618999399
594,2,2,1.3719640945450886,1.4778039996586416,2001.0602637995535,0.36171601135473413,0.013548342231166858,5.195965847489148,0.08022093410617179,0.4,0.2,True,exact,38,1.3717674568334617,2027.1253004298358,0.00017442148534174695,12.588545744867602,11.150378181710314,True,1,9.887483982000049
595,2,2,1.9259379743475726,1.3579583869348022,2000.850218015743,0.015571512771336882,0.012449611021573754,6.514273499476728,0.09565626861819625,0.4,0.2,True,exact,28,1.9257590606781245,2027.8088690369939,0.00013835560080388554,9.1799287160811,8.248150802719433,True,1,10.258802676000414
596,2,2,1.3104231088165696,1.4365483413720435,2000.5718677231448,0.8397596225541205,0.013170114957747637,5.039399858674559,0.04768828134755336,0.4,0.2,True,exact,40,1.3102518760698845,2026.773006271398,0.00019245140410661943,10.601877485762625,7.7215362308141495,True,1,9.869133739999597
597,2,2,1.5008050738396566,1.540748275895574,2001.4526142754166,0.205972134453109,0.014125408334755729,5.5163775655800755,0.08652560276367728,0.4,0.2,True,exact,35,1.5009337108561487,2026.9688027720545,0.0002461639605467747,15.640932939123145,14.121491664813599,True,1,10.406534061999992
598,2,2,1.2748667970578251,1.4001400100505685,2000.772147244555,0.3306132299517216,0.012836327437262514,4.947825004101532,0.07919660948805254,0.4,0.2,True,exact,42,1.2748943759510651,2027.5442662699725,0.0001670506965152363,12.599222468587657,10.65503421568098,True,1,10.305913796999448
599,2,2,1.2582361851060078,1.506217900753549,2000.400472988005,0.8528470919759716,0.013808837707052194,4.90470138530941,0.04555087630727304,0.4,0.2,True,exact,43,1.2583640495058155,2026.8217387896223,0.00016399489407337153,10.917041495986007,8.132665889230315,True,1,9.311384693999571
600,2,2,1.5428789399899179,1.6913804529168468,2001.0933052934013,0.11496243825210045,0.01550638733182254,5.618999905064597,0.08868672050539499,0.4,0.2,True,exact,33,1.5428728682859856,2027.3233700108617,0.00023116274093160083,10.822204742532234,13.295950857988482,True,1,9.847305717999916
601,2,2,1.6153698015002962,1.506622622872589,2000.3370056165627,0.4510715125590955,0.013812548154295902,5.793652334913617,0.08116162430330445,0.4,0.2,True,exact,32,1.6152689386802197,2027.7994157075636,0.00016688767965111762,12.912481918082488,9.123982057656123,True,1,10.700475564000044
603,2,2,1.3585659828478178,1.3941694217882807,2000.9791666493556,0.3275980066367773,0.012781589750047196,5.1620825831484005,0.08091644647679641,0.4,0.2,True,exact,40,1.3582940557548782,2026.7919620593427,0.0001362375269735594,10.894064097402538,8.318165170700174,True,1,10.388129970999216
602,2,2,1.6993717619596422,1.5518464807734906,2001.3578672730598,0.5770500223202537,0.014227155439156822,5.992803747902184,0.0758854169407866,0.4,0.2,True,exact,31,1.6992669794236321,2026.8507234413544,0.00021532170964200237,13.912635901970527,11.307169467484826,True,1,10.503974663000008
604,2,2,1.9381703075542274,1.715721375349118,2001.082594854477,0.13592456785131554,0.015729542193638365,6.541827398296569,0.09532801440244695,0.4,0.2,True,exact,28,1.9376789550246,2028.2165027661777,0.00027457811142705957,9.856715460687909,15.919437795091365,True,1,10.702768073999323
605,2,2,1.393935057023731,1.3642659712611427,2000.4563503040927,0.319983497530557,0.012507438251114982,5.251291795234946,0.0817796950512838,0.4,0.2,True,exact,39,1.394161538879178,2026.9461004887044,0.0001754721486606492,11.761057312185843,10.055291536230419,True,1,10.645806823000385
607,2,2,1.6016495474955637,1.3507544416828916,2000.4229375625364,0.13108387452010037,0.012383566055049089,5.760799863759561,0.08931923520147776,0.4,0.2,False,alias,34,0.8007634859304453,2027.6542788341353,9.14530167500649e-05,10.946936582143662,7.617943642444456,True,1,9.89770407800006
606,2,2,1.2880114692984042,1.3568064596910228,2000.690902949972,0.6839948122524288,0.012439050281091435,4.981776935023787,0.06225693640675301,0.4,0.2,True,exact,42,1.288813630856053,2027.7350081229772,0.00014569642747208622,11.008318340063934,8.400217670797742,True,1,10.61377127600008
608,3,2,2.0054194191359063,1.736010808255705,2000.4018175647107,0.426204439920014,0.015915553451395302,6.692287676981944,0.0884246599070416,0.4,0.2,True,exact,28,2.0057255175047546,2026.473357508812,0.00027726697055285854,12.937377190786806,15.008575696474702,True,1,10.27617092499986
609,3,2,2.2840569842585,1.505451833926241,2002.2589232473313,0.2723874068476337,0.013801814491828315,7.298647915481194,0.09763519441780036,0.4,0.2,True,exact,23,2.2845567631905963,2027.3824681450965,0.00018418688258325933,11.70364998062596,8.67581123334152,True,1,10.24750806099928
610,3,2,2.207177748425815,1.5358815372097565,2001.0457055114007,0.60464679614847,0.014080790617331534,7.1339379925514175,0.08064111205642914,0.4,0.2,True,exact,24,2.208113449346583,2027.535642642159,0.00022563185267121533,13.280161622124487,10.561504220958689,True,1,10.648915087000205
611,3,2,2.960896212717311,1.6547868724548027,2000.190130275164,0.2416709231568135,0.0151709014678798,8.677339317620405,0.10736566806322187,0.4,0.2,True,exact,19,2.962130770675656,2026.8327446444143,0.00024116990405476102,10.313070796226311,11.251251102047652,True,1,10.83565629199984
612,3,2,2.1530710995923705,1.4194497362749907,2000.8215464482678,0.051569821944810926,0.013013356853436134,7.016869050135952,0.09916192117488772,0.4,0.2,True,exact,25,2.1546063058945877,2026.652150670735,0.00014256319346606094,8.167454557309878,7.376285957777738,True,1,10.756978805000472
614,3,2,2.8021843203662415,1.3413409894934774,2002.7667468213917,0.5806364629313897,0.012297264575374944,8.364415339913617,0.0887866642037459,0.4,0.2,False,none,19,2.801862733252082,2027.9870770992688,0.00014326389745367152,7.84447439320626,6.551373747279535,False,0,5.358336488999157
613,3,2,2.0889058077850162,1.7093519679136242,2000.7895984892682,0.30290508467754584,0.015671148176728312,6.876757276155963,0.09414236383302127,0.4,0.2,True,exact,25,2.088589087525102,2027.9467102211597,0.00026659244555049533,13.639161847047163,13.766406111537721,True,1,10.827379567000207
615,3,2,2.1454802036574594,1.4617410700048457,2001.7537042073461,0.660352966333687,0.01340107908379748,7.000366833020591,0.07548177584024592,0.4,0.2,True,exact,25,2.1469485379887674,2027.4831741225319,0.00014926535116832618,9.850875672845387,8.627003197859231,True,1,10.423075800999868
616,3,2,2.0635523017107653,1.6286680485350884,2001.2132700361067,0.1333501046016873,0.014931447003538375,6.82100096904706,0.09726220357103746,0.4,0.2,True,exact,25,2.0640697915179342,2028.0394828105666,0.0002648138486739393,14.532942551735474,14.1968367783383,True,1,10.463339488999736
617,3,2,2.6586656191041214,1.5165410215560184,2001.9527476062187,0.5555920180298476,0.013903478927104272,8.076321589509021,0.08924749089264904,0.4,0.2,True,exact,20,2.6586746010110582,2028.5379829892772,0.00020038034769664925,9.96796492201357,9.370234862361128,True,1,10.537944698000501
619,3,2,3.020179634656153,1.3640896156968398,2000.3450477800366,0.7770504790647443,0.012505821442972567,8.792782028935271,0.07131559435063793,0.4,0.2,False,none,19,3.020306754361186,2027.5226045392508,0.00012129022123563704,5.046153938926951,5.23332430083213,False,0,5.28380285700041
618,3,2,2.523707410990907,1.7407922518343781,2001.5739827890714,0.5715291701265863,0.015959389192791214,7.800644019423311,0.08690243758467234,0.4,0.2,True,exact,22,2.523763197615728,2026.8126319761573,0.00025858840912684755,12.117443591305918,11.77294830949892,True,1,9.551230857000519
621,3,2,2.1970651747742873,1.3722007195268127,2000.469834769256,0.866889417475185,0.012580183138154325,7.112131056880379,0.05188906750098806,0.4,0.2,False,none,24,2.195364286589926,2026.8304065953291,0.00017759284988727586,6.760097073901569,6.253670205075897,False,0,5.397401773999263
620,3,2,2.003409789462508,1.4848210756168134,2001.9169816852684,0.643103635240903,0.013612674000850363,6.687816038121617,0.07522879723278075,0.4,0.2,True,exact,26,2.00272891077279,2027.9632102150463,0.00019125829765975766,10.881896313944893,8.733858518379122,True,1,10.657884181000554
622,3,2,2.47965809727561,1.4062525926738416,2000.6526467083488,0.2520637826260577,0.012892366912940966,7.709608523965845,0.1007635110042806,0.4,0.2,True,exact,22,2.4781326207016456,2027.9201359110516,0.0001857925261864457,8.840254952713464,9.723005019383294,True,1,10.59127902399996
623,3,2,2.6315021078196064,1.682202287912083,2002.6289882501078,0.6072660676124755,0.015422242938812789,8.021217122507013,0.08537776046156963,0.4,0.2,True,exact,21,2.632394513938695,2026.311863125448,0.00019283989114804445,10.913029902146413,8.866760015586783,True,1,10.45914195000023
624,3,2,2.0941639881113687,1.3513884626947847,2000.5553543450449,0.3999411875225192,0.012389378688965945,6.8882925263865875,0.09043120119026367,0.4,0.2,True,exact,26,2.0939947067436684,2027.7790275418342,0.00014557366520306925,9.245454766907086,8.172641783989906,True,1,10.572140085999308
626,3,2,2.2974217680289684,1.3275913339934113,2002.0047544030183,0.8642515728098284,0.01217120926741897,7.32709144687719,0.052998075528835766,0.4,0.2,False,none,21,2.298551886045183,2027.276258246497,0.0001565806135014336,6.098826261006411,5.730549656880057,False,0,5.189650673999495
625,3,2,2.8598606948603247,1.7363446655393227,2001.298841865414,0.10172879671973266,0.015918614217732288,8.47879971808366,0.1087919551057216,0.4,0.2,True,exact,18,2.8629789479522088,2027.03712303157,0.0002653941193377918,11.896341855314155,10.814738226977378,True,1,10.356488661000185
629,3,2,2.3347642376046926,1.3855343085008271,2002.0545013145716,0.7269578232352342,0.012702423994608488,7.406274636782395,0.07120022305990469,0.4,0.2,False,none,22,2.336223712595368,2027.731663963549,0.00014408625026163246,7.46095439519944,6.4179816571842245,False,0,5.123195424999722
627,3,2,2.3863415199089504,1.5958367942731064,2000.4855383334298,0.8451903222581899,0.014630453726539169,7.51495162182656,0.05715764938939751,0.4,0.2,True,exact,22,2.386517731295767,2026.7343122317534,0.00027107109767821047,11.918888753891409,9.67046405931187,True,1,10.529313947000446
628,3,2,2.016208055266801,1.3987231809381002,2000.2619210415053,0.5232267935400834,0.012823338105995827,6.716268055165678,0.08335331694011226,0.4,0.2,True,exact,28,2.016223447179748,2026.4757485633368,0.00016884862587829286,11.672838254989733,8.918574039792755,True,1,10.6880045099997
632,3,2,2.9674959664996843,1.4721485958338805,2001.30826003904,0.42827545534279965,0.013496494119718374,8.690228894517439,0.10015193801088522,0.4,0.2,False,none,19,2.9659991205569085,2028.0221170850123,0.00017628337631814261,7.643286451400323,6.650748543766194,False,0,5.157403365999926
630,3,2,2.791862558993304,1.605714192151843,2001.3180892047849,0.8583685373317053,0.014721008608543439,8.343862661809514,0.05798654322410116,0.4,0.2,True,exact,20,2.7924705906273526,2026.4473394823128,0.0002315176974939659,9.935895152057162,8.382241531826272,True,1,10.643715532999522
631,3,2,2.087885064694258,1.387403710160877,2000.9571230223523,0.3144605252605588,0.012719562460510406,6.874516876981138,0.09347065522103341,0.4,0.2,True,exact,25,2.088536160392394,2028.0943945642678,0.00018629120743640648,12.880843966602228,9.929719074472874,True,1,10.496483807000004
635,3,2,2.8960646035852027,1.3202148331598713,2001.2782947386404,0.04231698019761742,0.012103582330569174,8.55020684310509,0.10928229161011216,0.4,0.2,False,none,19,1.449718862170339,2027.3332207690662,0.00010307741533110981,5.746531205648133,5.399914581384175,False,0,5.4386554120001165
633,3,2,2.4008236450822946,1.4227918593864133,2002.185956012349,0.2814807308967742,0.013043997065333452,7.545325225210975,0.09890747188474935,0.4,0.2,True,exact,22,2.4008636624481747,2028.59856278693,0.00021519022333282845,11.463281564843678,8.85867865974436,True,1,10.58998983499987
636,3,2,2.076909301838559,1.3457456239948762,2001.026925676456,0.7096008289356174,0.012337645773180566,6.850403375346233,0.07018618680982151,0.4,0.2,False,none,25,2.077477448058457,2028.03259744976,0.00016639223837855432,8.672111546379934,6.560540661589389,False,0,5.596708909999506
634,3,2,2.4595546090196083,1.5004705729215837,2001.545683997749,0.39085182899678983,0.013756146846559082,7.667882285032281,0.09586723284203053,0.4,0.2,True,exact,20,2.458990323182871,2028.5998050133448,0.0001932458606351828,12.027016295252835,9.136180131277632,True,1,10.599985202000425
637,3,2,2.1865565845940087,1.5946412347767844,2001.1334701443416,0.023046224450962615,0.014619492970432383,7.089434665462716,0.09992766800694862,0.4,0.2,True,exact,25,2.186619451726332,2027.3704230040494,0.00025285863092228134,10.616926847263237,13.83685717824848,True,1,10.173085782999806
638,3,2,2.030732242279998,1.5822740397193498,2000.739818545079,0.07544885461816102,0.014506111905611591,6.748484170966015,0.09727798101184562,0.4,0.2,True,exact,26,2.0307607411399977,2027.13895213482,0.0002298135661834566,13.729278572226383,12.782024827954256,True,1,10.162015396000243
640,4,2,4.350501846550056,1.5325051354645063,2002.5554712528526,0.1642797580707246,0.014049836142742802,11.214950531616756,0.12373737234764766,0.4,0.2,True,exact,13,4.346022779831769,2028.6355116789907,0.00018970236648963024,7.998176000186774,7.797363331375222,True,1,9.887600684000063
639,3,2,2.1662194970732265,1.715352946955906,2000.9766723575067,0.5197956685982225,0.015726164483224756,7.045407180107907,0.0858604163211023,0.4,0.2,True,exact,24,2.16591091826895,2026.9706185192274,0.0002499005694654999,12.797499966759947,11.619130184402207,True,1,10.737179822000144
641,4,2,4.8385049316161615,1.316091337256381,2003.601455527858,0.010224886622655128,0.012065778580070323,12.038672020047354,0.12962306873886006,0.4,0.2,False,none,10,0.8815757748444897,2027.358796936846,0.00012668623834899417,4.391523079020769,4.565902729869762,False,0,4.636428183999669
642,4,2,4.626660684176384,1.3074985082420498,2004.2229865634215,0.3581291272581289,0.011987000482131116,11.684663877892236,0.11948201601763389,0.4,0.2,False,none,9,0.8572320872728243,2027.3769290804576,6.965335599917744e-05,5.008002753554196,4.668489155672046,False,0,5.292291167000258
643,4,2,3.3382565774379938,1.481672876770607,2003.2013636668783,0.49942964827513436,0.013583811664985783,9.399778062960431,0.09999432686673551,0.4,0.2,False,none,16,3.33938423469051,2026.5670958928335,0.0001412877237280119,6.660884578494382,5.797664405403059,False,0,5.406522797999969
644,4,2,4.356129427134873,1.5473035885651911,2002.2306962746254,0.341385191031533,0.014185506710115921,11.224619828216778,0.11817081783365006,0.4,0.2,False,none,12,0.5936161112882413,2027.1765270913043,5.268287811754924e-05,5.371875055971913,4.960782237032802,False,0,5.565983964000225
645,4,2,4.6337978457296485,1.3816051427442544,2001.2612619242645,0.17401672619204472,0.012666401841220538,11.696677424739574,0.1259674967713523,0.4,0.2,False,none,12,1.7147532558989758,2028.2524583443835,0.00017515249990218695,4.428348248353952,5.347570867161529,False,0,5.347252213000502
648,4,2,3.2539908074784814,1.4358198539764788,2002.2331475783312,0.8745444836802462,0.013163436266562283,9.240922724298928,0.05762454264012464,0.4,0.2,False,none,16,0.6508211291058458,2027.596238724529,5.040170848213954e-05,6.700726236983513,5.284592089759277,False,0,5.504002722000223
646,4,2,4.470749179898083,1.4216135170270514,2000.7580331055754,0.022650605951668745,0.013033194154017876,11.420663293719352,0.12636474356535296,0.4,0.2,True,exact,12,4.467969026231975,2027.5796891573918,0.00018445007412171144,7.784386249937125,7.277804055164362,True,1,10.637642566000068
647,4,2,3.5859988505041582,1.592550476205136,2000.786627499366,0.1710383607683426,0.014600325129055593,9.859265337839688,0.11600148830880824,0.4,0.2,True,exact,16,3.5873506132043387,2025.878511584097,0.00023817892835642507,10.114179421065806,8.684633054239718,True,1,10.319873530999757
650,4,2,4.35426859338559,1.2925085644451098,2003.2409625187076,0.23535412829228977,0.01184957434941405,11.22142300879065,0.12173336196696265,0.4,0.2,False,none,12,2.1777714764252494,2027.1861223004362,0.00010201541476062559,5.606187335708814,5.298630925200443,False,0,5.299277895999694
649,4,2,4.5749220369088075,1.6469857514593318,2003.4347848407062,0.0617057472966856,0.015099381660748548,11.597389832851192,0.1273909139720585,0.4,0.2,True,exact,12,4.575098241629232,2026.3105172498126,0.000275894245216568,9.962763460694157,11.534247060610019,True,1,10.609487009999611
652,4,2,3.918196724442189,1.7214506795006892,2001.7066447732986,0.1433058922360723,0.015782067815040025,10.459123285377062,0.1201125470390151,0.4,0.2,True,exact,12,3.918627410579849,2029.1298710407254,0.00025696315372059075,12.170796279322719,10.206282453608972,True,1,10.589706536999984
651,4,2,4.701668776488541,1.5789247053017754,2003.2182304352946,0.12004750384003278,0.014475405581263841,11.81061405184929,0.1278084133875237,0.4,0.2,True,exact,10,4.699004578370501,2026.725621850186,0.0002111866595801981,8.668558650227563,7.222662026249876,True,1,10.693590452000535
653,4,2,3.3867977060901033,1.4968486677228967,2001.7231484210267,0.4418477422240426,0.01372294162369327,9.490679234043645,0.10390900784982714,0.4,0.2,True,exact,16,3.3879274579742304,2028.8139014346273,0.00020590672680165234,10.298262010411323,8.808198772530814,True,1,9.92258084200057
654,4,2,3.9831851713605677,1.6688029722999052,2003.3430180197977,0.030479623380813805,0.015299399507871245,10.574458124449233,0.12186853551638518,0.4,0.2,True,exact,13,3.980984473334862,2027.2424823608426,0.0002803159460372795,8.890218829322057,10.397938919599438,True,1,10.806663034000849
656,4,2,4.618254001566843,1.3415900218368844,2000.297091992126,0.039029300159662716,0.012299547676121651,11.670505497638805,0.12757689013079723,0.4,0.2,False,none,12,0.7708276534209991,2027.2150355780684,9.06324304142947e-05,4.7635352965024085,4.7241511162269685,False,0,5.462747327000216
655,4,2,3.786980935077498,1.6019370276990155,2000.9251151285423,0.1970870616308693,0.014686379986153644,10.224291035430307,0.1175602174086802,0.4,0.2,True,exact,15,3.7881305569179653,2027.4365428046758,0.00024321786143444157,10.12749380916814,8.81565345646091,True,1,10.139171499999975
659,4,2,4.108236360103969,1.701497204202678,2000.1328103926753,0.8696537868325377,0.015599136579165014,10.794637733838698,0.06377692600906525,0.4,0.2,False,none,13,4.10608907337299,2028.8832485136109,0.00023467710771407635,8.239166885667325,6.7227366324608395,False,0,5.20811355800015
657,4,2,3.8864391613516758,1.611290767724006,2001.618712087193,0.03023611155618473,0.014772134031364787,10.402531505884713,0.12081783916778854,0.4,0.2,True,exact,13,3.8829423008797113,2028.8089815228245,0.00019164210450406394,8.171280023954374,8.04008194650463,True,1,10.427301382000223
658,4,2,4.63595100938053,1.4545120468509127,2003.2452154935115,0.17860844120041594,0.013334804205864317,11.700300501891059,0.12597083413790844,0.4,0.2,True,exact,12,4.635080930092644,2026.4297991817132,0.00022933415611381402,7.949820926581016,8.1875818523441,True,1,10.469865058999858
660,4,2,4.486111492876584,1.355132455246203,2000.6969515001983,0.4586735069789478,0.012423703195063687,11.446810660609186,0.11280127781540371,0.4,0.2,False,none,12,2.242228112034699,2027.6094066152498,0.00010485297114137815,5.466880635063929,5.525391729404334,False,0,5.530693094000526
662,4,2,3.9131889310481753,1.2888675071769047,2003.2199695433453,0.8589016183243774,0.011816193542511162,10.450209611459563,0.063995206461952,0.4,0.2,False,none,14,2.5689967475320525,2028.2399674753206,0.0001941029323017096,4.4426385928528065,4.969987414743212,False,0,5.333686207000028
665,4,2,4.690936813585809,1.5053152231666274,2004.0905478713373,0.02386919887513116,0.01380056205962206,11.79263471346122,0.12848960380294172,0.4,0.2,False,none,10,4.690795277269656,2027.5367888863484,0.0001753952108308754,7.278071736334662,6.653797541386196,False,0,4.910335225999916
661,4,2,4.337361426967508,1.7095525419825996,2001.213234621783,0.28713108053171627,0.01567298701742018,11.19235644215208,0.12036890666114886,0.4,0.2,False,alias,13,8.674062749671142,2027.2349226240135,0.00035357013677383975,9.973676563428823,11.098792695607731,True,2,11.310342826999658
663,4,2,3.884126939835459,1.5167110918782567,2001.5757740972706,0.13673890335798694,0.01390503811284851,10.398405133501425,0.11964756371224076,0.4,0.2,True,exact,14,3.883188306805313,2028.7666931476372,0.0002592636918594682,10.181766693938728,8.12406390900329,True,1,10.556784745999721
664,4,2,4.473484937688724,1.4992951817244047,2003.2856622601566,0.4727620755916539,0.01374537099116922,11.425321869076777,0.11197548105985991,0.4,0.2,True,exact,12,4.472897014560219,2025.655305385301,0.00025329979577048967,7.867178352012477,7.110924932305894,True,1,10.378740592000213
666,4,2,4.384601549482069,1.4767454536417493,2003.9092988784753,0.7428393869442733,0.01353863759935668,11.273476903070401,0.08560361730354991,0.4,0.2,False,none,12,8.777843070249997,2030.21196671075,0.000220381639822409,5.55016536153168,6.129029127838787,False,0,5.20241707400055
667,4,2,4.89413767891839,1.3208498294001147,2002.9864110047142,0.403975495944484,0.012109403905270766,12.130775879688196,0.11935700423943324,0.4,0.2,False,none,11,2.450343873510779,2027.4341211502854,9.296161250715862e-05,5.67488280744553,5.178424075225666,False,0,4.875641361999442
668,4,2,4.237877933855456,1.4164056117740975,2000.6994391454177,0.7998797209727553,0.01298544865956069,11.020553814307311,0.0763227738840654,0.4,0.2,False,none,12,0.5936161112882413,2027.1765270913043,4.846038343586656e-05,4.450747349675337,4.7622234662434835,False,0,5.473774718000641
669,4,2,3.393747082889183,1.3802049250620467,2002.5840001297315,0.8854036826322548,0.012653564801693605,9.503657427024791,0.05613201200766568,0.4,0.2,False,none,16,3.3933836314380827,2026.3457427117332,0.0002163124783364223,5.564207461278821,5.557633054728988,False,0,5.3951200939991395
673,5,2,7.531094137027282,1.6662417807595813,2004.2157488704306,0.7201968276143415,0.015275918789510831,16.16875231380932,0.10623882036667956,0.4,0.2,False,none,7,7.522707230163067,2026.8037466904893,0.00022754480508402342,5.980417641647242,6.0686619065927445,False,0,5.512673479999648
670,4,2,3.79156810071537,1.6257094578634927,2002.371944913911,0.13873044731828568,0.014904322974269288,10.232545817446798,0.11878343956811938,0.4,0.2,True,exact,13,3.7913958474570197,2028.913208432199,0.00018193544490607838,9.165349381435,7.791516839881339,True,1,10.379407876000187
671,4,2,3.400821082301106,1.5483000128210653,2000.1739999234162,0.12583363821289176,0.014194641816550288,9.516859261942477,0.11469477802326808,0.4,0.2,True,exact,15,3.4019076407088837,2027.377761125671,0.00017185536866126672,7.893947543548008,7.0927687731315,True,1,10.180794529000195
672,5,2,5.066231325959445,1.5867094836322029,2001.4229909224293,0.06385987086171463,0.014546775560664875,12.413506272787057,0.13168588387015492,0.4,0.2,True,exact,11,5.06703916275397,2026.7461333137699,0.00019455397361767268,9.258632448811943,7.862988565007402,True,1,10.374227204999443
675,5,2,7.109745551817441,1.3714924012743799,2002.0042487918224,0.7885712777462847,0.01257368935542349,15.559912945026827,0.09252884771111337,0.4,0.2,False,none,8,2.5689967475320525,2028.2399674753206,0.0001947665286887723,4.496012091716056,5.0894551492365565,False,0,5.2576659959995595
677,5,2,5.466131657096828,1.392657221674728,2000.0951766778378,0.4898599892458357,0.01276772606808047,13.058436533863846,0.11828171510503589,0.4,0.2,False,none,11,5.4654129856745906,2027.424486803373,0.00015770183557628492,6.6514315774080846,6.108074530524004,False,0,5.356192820000615
676,5,2,6.893094791733278,1.6819229697632834,2001.4633154149044,0.26358999043373055,0.01541968218118039,15.242187202705264,0.14127939519653898,0.4,0.2,True,exact,8,6.88964410001638,2029.0333420250654,0.00025510000733086624,9.77385618688008,8.283311639139235,True,1,9.6685883680002
678,5,2,6.695295904521403,1.3289840301734537,2005.0684573945402,0.5790759718869837,0.012183977350653017,14.949189296981318,0.11850067319403479,0.4,0.2,False,none,8,2.5689967475320525,2028.2400976836539,0.00020846251107331515,5.263992664282323,5.524532725660381,False,0,5.156866743000137
674,5,2,7.819904370971647,1.6659628703398457,2004.5998575416331,0.49706730501125906,0.015273361769893013,16.57952505890098,0.13303244748040266,0.4,0.2,True,exact,7,7.821984252484634,2028.064702757454,0.00022591955187023505,9.456045572197617,7.449370263345823,True,1,10.612326319000204
679,5,2,7.195283106374207,1.3120662990826069,2000.6458620523763,0.8959896264925923,0.012028877479055304,15.684465201451799,0.06883308256773263,0.4,0.2,False,none,8,2.5689967475320525,2028.2399674753206,0.00019472590385594124,4.508622489981236,5.017151034710974,False,0,5.291865795000376
682,5,2,5.0299714727857525,1.7042575288886095,2000.6100056400703,0.6491070140660551,0.015624442927992584,12.354205052374796,0.10144044099108865,0.4,0.2,False,none,10,5.030043174749103,2025.7549033737455,0.00020906190527736346,7.935742928888054,6.987034116149631,False,0,4.4723276680006165
681,5,2,5.997798613627683,1.558229142710497,2003.089200667543,0.8518362739701635,0.014285670971858302,13.892029932279996,0.07582938826773696,0.4,0.2,False,none,9,0.918217796609037,2027.5754401482711,0.00013681520437014427,4.587366575846109,5.062815535139622,False,0,5.292010016999484
683,5,2,7.099731952735151,1.4339894219815978,2006.5482286735028,0.6703427454150717,0.013146655070203865,15.545299451797547,0.11058559454623235,0.4,0.2,False,none,6,0.5936161112882413,2027.1765270913043,5.146897643781845e-05,4.586352960492729,5.316348618766718,False,0,5.047139021000476
680,5,2,6.629858010050674,1.6805091235774772,2003.4380617408858,0.34487783829481683,0.01540672019705262,14.851623885980391,0.13583794467489002,0.4,0.2,True,exact,8,6.630473353135729,2029.962830912543,0.0002119310318089429,8.353065834975316,7.358776342628535,True,1,10.086812845000168
685,5,2,7.563112169535601,1.425365154248441,2007.2300906256464,0.029694397272702223,0.013067588745597212,16.214546943936867,0.15044614786203647,0.4,0.2,False,none,7,0.5827134685348624,2027.5906580211386,5.08258847142784e-05,5.933089195026284,6.043788193653432,False,0,5.357219560999511
686,5,2,5.78253256042048,1.3378941304356409,2000.87840798599,0.8397846594728479,0.012265664156003395,13.557611411192317,0.07690298079651654,0.4,0.2,False,none,9,2.5689967475320525,2028.2399674753206,0.00019528468219653927,4.584550392998436,5.056605560058493,False,0,5.363334626999858
687,5,2,7.171646646228225,1.3148495777542697,2004.1600417244908,0.3457157363860332,0.012054394267463716,15.650097454345772,0.13886297098695857,0.4,0.2,False,none,8,7.164062623231716,2025.689375369695,0.0001490023510333227,7.048690222735958,5.8042577183185475,False,0,4.875599283999691
684,5,2,7.248778674200468,1.5883693251036486,2003.0471485640398,0.4601577080204104,0.0145619928021325,15.762109873641874,0.13249286388308174,0.4,0.2,True,exact,8,7.254707159900668,2024.794277729702,0.0002427971337646273,8.183617960163463,7.351193519545404,True,1,10.27272402500057
688,5,2,6.3704471169251375,1.3547380693895992,2004.4990324777316,0.3957716038641608,0.01242008750952106,14.461646250668794,0.13080247015490107,0.4,0.2,False,none,8,6.3765908459824825,2029.9776915089299,0.00016177329273669994,5.100215357268713,5.46292634582422,False,0,5.0774691420001545
689,5,2,5.441030404277935,1.545791794609798,2003.0217481076136,0.5882937122377977,0.014171646751761899,13.018428410882848,0.11008952452498483,0.4,0.2,False,none,8,5.440707156386244,2024.783453625545,0.00021405987044365027,8.149601094437923,6.978419631291373,False,0,5.174860146000356
691,5,2,6.586857610469663,1.4236740659754183,2001.6087225116453,0.8238155064953168,0.01305208503693807,14.787337129637727,0.08374721915029343,0.4,0.2,False,none,8,9.904117515707528,2024.6491100314151,0.00016621970570118716,5.555816553546128,5.0687549906020495,False,0,4.903756474999682
692,5,2,5.744872735939781,1.3906677155479874,2000.3469546600916,0.8796788652574192,0.012749486497824663,13.498683011908232,0.06814195998839555,0.4,0.2,False,none,10,2.5689967475320525,2028.2399674753206,0.00019499428704528032,4.5172593923803985,4.998683725465458,False,0,5.11194471700037
693,5,2,5.43921776264272,1.4484361698535861,2003.431666209242,0.8060243630926311,0.013279101243270313,13.01553691741674,0.08187013899027584,0.4,0.2,False,none,9,5.440541723298091,2025.1840418931924,0.00019832729298940865,5.7623011309258505,5.911038452424897,False,0,5.184216841999842
690,5,2,6.771824305682123,1.7083239642179078,2003.5084066501495,0.3704114391987065,0.015661723553511912,15.062887944049388,0.13546340927304196,0.4,0.2,True,exact,8,6.7716735072481695,2030.5966940289927,0.0002678878120838668,11.34728846199567,9.276045520561095,True,1,10.51228264600013
694,5,2,6.858269083236028,1.7381123432357366,2000.9751099816588,0.8644469345331736,0.01593482008968212,15.19080554570009,0.07684043530459628,0.4,0.2,False,none,8,13.716214875611094,2028.4246797512221,0.00025164086330475843,5.235276147255362,5.924954855610746,False,0,5.1787779720007165
695,5,2,7.625414554548211,1.3271494791195695,2002.463279916368,0.48322044709013684,0.01216715839122111,16.303471804719123,0.13253268696459325,0.4,0.2,False,none,7,7.623334998977586,2025.3365674969327,0.00022669930329077825,5.571261026746708,6.729783631980324,False,0,5.525656976999926
696,5,2,5.675925374123213,1.2884498751574054,2001.8612008149703,0.5012745394917697,0.011812364738740042,13.390462428465135,0.1187556889328437,0.4,0.2,False,none,10,5.678957722284083,2024.5634871391364,0.00020464173790990525,6.623854493106434,6.5569434765148795,False,0,5.340635149999798
700,5,2,5.260739519351926,1.475146324874094,2003.387290992363,0.07044933354077769,0.013523976965185364,12.729235553794476,0.13315004483321688,0.4,0.2,False,none,9,0.5269952499101914,2027.5730238286633,3.827695704905487e-05,4.643810753379113,4.633954505532294,False,0,5.291888251999808
698,5,2,6.804128298123428,1.5879970725166168,2001.9027348253314,0.49721425040441697,0.014558580031936516,15.11075346698509,0.12689758657492411,0.4,0.2,True,exact,8,6.804595331986614,2029.1196313279463,0.00021177445769560155,8.260089454932722,7.275930818832585,True,1,10.417873293999946
697,5,2,6.192528576379874,1.6633104466863613,2001.3415017936702,0.3834792519407661,0.015249044645695388,14.1911133948076,0.13071479949064063,0.4,0.2,True,exact,8,6.191261179850027,2026.1137947194002,0.00021617041050170371,8.173382523886316,7.482030367166266,True,1,10.78025419000005
699,5,2,6.009906823529592,1.6018638659041444,2001.9767030838634,0.3900231797560472,0.014685709246978904,13.910720241882162,0.1289685856927193,0.4,0.2,True,exact,8,6.011957733256616,2026.0130653080264,0.00021506288177641775,8.57504849543642,7.224045722551115,True,1,10.862875894999888
701,5,2,7.872968822279786,1.597819278657145,2000.1893845753102,0.5423057886447481,0.014648628922241105,16.654444251357116,0.12916587755643205,0.4,0.2,False,none,7,7.87245017049088,2023.8121942614728,0.00019194075862305482,6.4449529711768,6.000732081867402,False,0,5.259400044000358
702,5,2,7.768745756464985,1.5024047155135087,2001.4178906429831,0.23658889842820272,0.013773878850103076,16.507136019372727,0.14777897957004588,0.4,0.2,False,none,7,7.772078165546531,2024.7338907466394,0.00020891562381197826,6.497794562653037,6.6713732002213115,False,0,5.157824433999849
703,5,2,5.311413786028254,1.4475488716056235,2001.6497899014082,0.3383809367797232,0.013270966591904309,12.810848099444819,0.1262078296102434,0.4,0.2,False,none,11,0.9643165087970405,2027.2269039129837,5.6442763300745824e-05,5.4407703486334364,5.720322608633126,False,0,5.190549492999708
704,6,2,10.113595646102551,1.497874118781927,2007.9505089636302,0.34285193613797965,0.013732342844621258,19.68074411363426,0.1561335831456876,0.4,0.2,False,none,5,3.36806756405355,2028.1623139499284,0.00013345467582337456,6.273744508304808,5.823228208426029,False,0,5.215034617999663
705,6,2,10.853331074531757,1.5510043646744163,2001.3094420397645,0.714705550786154,0.0142194350126921,20.629078324817332,0.12060878236099011,0.4,0.2,False,none,5,0.5165891311556804,2027.6399010345845,3.876735775110163e-05,4.472019999826025,4.7290439486325075,False,0,5.40336182899955
706,6,2,12.226699267714281,1.3932975139191934,2010.4448377181275,0.6955995728721499,0.012773596195958038,22.334553647004057,0.12835468355105567,0.4,0.2,False,none,4,2.5689967475320525,2028.2399674753206,0.00019506707807870338,4.484250721069582,5.0242602712160895,False,0,5.066690702000415
707,6,2,11.27339729857976,1.6539894427902995,2002.0551300375723,0.07694058227450366,0.015163590721662798,21.157986347118225,0.1717451048214204,0.4,0.2,False,none,4,11.277480711155379,2024.6122114223108,0.0002774638719733602,8.68449724780185,6.8080074493007,False,0,5.069272624000405
708,6,2,9.468581895646036,1.5510954311241616,2009.3978426087904,0.36897339003115764,0.014220269899745602,18.834803079177526,0.15126697670556083,0.4,0.2,False,none,6,9.477524190840926,2028.3341733816817,0.00026293065070837063,8.852932437462368,6.593582464494128,False,0,5.058249247999811
709,6,2,8.137774108786262,1.371384281065634,2007.6438564912708,0.12496086428534318,0.012572698121409688,17.025826795651916,0.15296967713718476,0.4,0.2,False,none,6,8.140837536037521,2023.9008938220752,0.00017750147577622055,7.202516937476456,6.283105481328462,False,0,5.254685023000093
710,6,2,9.831063373599418,1.516593102017462,2007.6812956571357,0.7594262089651618,0.013903956394965607,19.312483298366164,0.10895721577685868,0.4,0.2,False,none,5,2.5689967475320525,2028.2399674753206,0.00020469981560744532,5.04355273788602,5.318639658565617,False,0,5.160638100000142
711,6,2,11.989597608806495,1.5758119729228697,2002.0256958667635,0.7843572775569677,0.014446868398015459,22.044869344087783,0.11146138713939781,0.4,0.2,False,none,4,1.4098830580786603,2027.4335788847445,0.0001641944241091986,5.031853709744803,5.692795940042535,False,0,5.191164478999781
712,6,2,11.433314392923062,1.4227554879763415,2004.1378813673136,0.42523144924979456,0.013043663616302867,21.35760522078719,0.15675824806830893,0.4,0.2,False,none,5,0.5936161112882413,2027.1765270913043,4.759399685327903e-05,4.42487051783319,4.812419754167519,False,0,5.269782295999903
713,6,2,12.542671766781655,1.5680077018039964,2011.8940561250513,0.062386697562138084,0.014375319710904225,22.71770708288111,0.177990548315638,0.4,0.2,False,none,4,1.1369169123597047,2027.8919954799665,5.273098426461509e-05,5.129786573361597,4.4978440744798664,False,0,5.2641481159998875
714,6,2,8.322271582068984,1.6096204716372318,2002.3915723866446,0.2262942961965109,0.01475682094314996,17.282200797682062,0.1517235614315426,0.4,0.2,False,none,7,8.325712672036303,2027.350888016109,0.000164880993425931,4.984488476921959,5.450489775229775,False,0,4.977926829000353
715,6,2,8.625011746436007,1.509531990119178,2004.2717669879912,0.8815684038884641,0.013839220908695025,17.69881762707889,0.07777614223489075,0.4,0.2,False,none,6,0.5936161112882413,2027.1765270913043,4.9885243297631554e-05,4.694994633228647,4.86764377183818,False,0,4.912599483000122
716,6,2,12.530783662825014,1.6292763015757765,2008.379329404456,0.5402228992985391,0.01493702339956944,22.703350059690425,0.15103193483630067,0.4,0.2,False,none,4,12.536510487212144,2033.4459272244242,0.00022641177716131722,5.1619325729083965,5.969422037392977,False,0,5.461531859000388
717,6,2,8.312317932944557,1.6214196434270798,2005.6143661202373,0.5891886759938223,0.014864994434012156,17.268418080657835,0.1267324759664697,0.4,0.2,False,none,5,0.8573189855741283,2027.3958989694647,0.00013040247317730458,4.614787918178993,5.512960855873356,False,0,5.403484427999501
719,6,2,9.706231107474508,1.3031027814032639,2003.8476097339692,0.5986634247998123,0.011946700948782748,19.148652119149347,0.13174242156827118,0.4,0.2,False,none,5,1.001715895819953,2027.2738682496388,8.049870358872724e-05,4.56320938053041,4.6209355819586655,False,0,5.047873764000542
718,6,2,10.726420973151068,1.6475630295170223,2007.282617688575,0.30096920983793624,0.015104674081590514,20.467950077221253,0.16179703621181218,0.4,0.2,False,none,5,2.5689967475320525,2028.2399674753206,0.0002055313977408213,4.845385042345474,5.309244369391618,False,0,5.2868566300003295
720,6,2,8.58351770406506,1.6491084593806662,2002.372232307781,0.7004454336240354,0.015118842410199552,17.642007223188735,0.11391196755279906,0.4,0.2,False,none,7,1.1478743739659558,2027.581016225183,9.979165429496728e-05,4.986473070874712,4.310855227500244,False,0,5.404950144000395
721,6,2,8.80023826973119,1.318687410545934,2006.5269410464343,0.3818371078684239,0.012089579090416877,17.9377270549017,0.1464706900826267,0.4,0.2,False,none,6,1.6000930617243916,2027.2911002784815,9.992304474737423e-05,4.880548038607496,5.037560440657499,False,0,5.076040109000132
722,6,2,10.10264117373886,1.3408201121489483,2006.9668281928243,0.4148722616683323,0.012292489229980174,19.666530170785155,0.15107435454258544,0.4,0.2,False,none,5,0.5936161112882412,2027.1765270913043,5.691036514998693e-05,6.176395925977499,5.418496422740145,False,0,5.102600868000081
723,6,2,10.614295849286075,1.5172775055989407,2003.8173004300493,0.6860268643987464,0.013910230930660636,20.3250637456418,0.12420265061254819,0.4,0.2,False,none,5,2.5689967475320525,2028.2399674753206,0.00020011621486759612,4.780698837501165,5.133272918020083,False,0,5.267402733000381
724,6,2,12.079295212869981,1.428056986054404,2001.0338001286477,0.13252718436896802,0.013092267159341085,22.154682013452135,0.17437482120128356,0.4,0.2,False,none,5,12.056634421387015,2025.231331342774,0.00016784872398500905,6.152317678286906,6.216830704696191,False,0,5.359829482999885
726,6,2,11.99127269846759,1.3788491575446578,2006.3327776032106,0.5986581256156659,0.012641135276319652,22.04692258357736,0.14148370289120235,0.4,0.2,False,none,5,1.001715895819953,2027.2738682496388,8.650990758318766e-05,5.033593776811899,4.999050442991216,False,0,5.152375693999602
727,6,2,11.52625846503245,1.4450839933434088,2003.4755226618652,0.7601204407554825,0.013248368862934592,21.47319625570652,0.1145655914037691,0.4,0.2,False,none,5,0.5936161112882413,2027.1765270913043,4.831419950013238e-05,4.6076779709243185,4.698893409535285,False,0,5.340507174999402
728,6,2,8.556503020960102,1.7010368983720465,2003.753923869655,0.6450991279374313,0.015594916546653369,17.604971624174546,0.12147399389045985,0.4,0.2,False,none,6,1.6000930617243916,2027.2911002784815,9.956878477046516e-05,5.245136938963609,5.074622870691407,False,0,4.9264267549997385
725,6,2,8.717706400924726,1.7346538603506532,2008.5059993321013,0.5042604519884438,0.01590311310435892,17.82539995662412,0.13740196413602698,0.4,0.2,True,exact,6,8.715570853298445,2025.9420792065969,0.00024549096839432405,8.681822624560487,7.162335757778981,True,1,10.439828078000573
729,6,2,8.258149395489685,1.5742455177962724,2003.5051122182263,0.5646759121865625,0.014432507312140873,17.193314772907144,0.12896640319044225,0.4,0.2,False,none,7,8.26417022116151,2028.2829012884845,0.0002303931351703703,6.743068491275159,6.798317236397951,False,0,5.217224334999628
730,6,2,12.259022343717627,1.419712800728414,2010.3224645388393,0.04609242082540543,0.013015768599002296,22.373899439799704,0.1765548195120623,0.4,0.2,False,none,4,2.5689967475320525,2028.2399674753206,0.0002028696208088432,4.9490345573643175,5.2111899211777235,False,0,5.130831351999404
731,6,2,9.948384802512408,1.6786370920788547,2009.0763127289936,0.0016663826007063398,0.015389557621084007,19.465826178308067,0.1652567151829988,0.4,0.2,False,none,5,9.962453147326338,2028.9530312946526,0.0002564674753188223,6.544342203188166,6.375936545785464,False,0,5.056246224000461
733,6,2,9.190712708101685,1.523086716110031,2001.0095622501944,0.6036935937730217,0.013963489124653426,18.46448721656049,0.12918542585136938,0.4,0.2,False,none,6,9.19019107340704,2028.6018232202211,0.0002709488070863353,7.641454247580592,6.708819427576803,False,0,4.657896185999562
732,6,2,9.526788229632649,1.5179011903138544,2007.0979818783992,0.4494590182000454,0.013915948802559716,18.911913160149073,0.14582919403479222,0.4,0.2,False,none,6,2.5689967475320525,2028.2399674753206,0.00019428739023685804,4.530671737946366,5.01495170280686,False,0,5.517773936000594
734,6,2,11.40446883872111,1.6450553141683775,2006.8950249328097,0.7252638536588828,0.015081683626990555,21.321667476010013,0.12100857397661877,0.4,0.2,False,none,4,0.517893339144206,2027.6006907246428,4.470288132030209e-05,5.429506417075261,4.517009806287945,False,0,5.50985828299963
735,6,2,9.968010285306567,1.381066193530683,2003.2249138234583,0.07987263632999878,0.012661460814946167,19.49141832205888,0.16440776766561446,0.4,0.2,False,none,6,1.1098450933035566,2027.5805530726186,0.00011487605004556478,5.0235220211724485,5.091321735304794,False,0,5.406319474000156
736,7,2,13.168875924287056,1.5234832669609715,2012.4952934204996,0.7596497804112656,0.013967124658622642,23.46768559961623,0.12004207243850393,0.4,0.2,False,none,4,2.5689967475320525,2028.2399674753206,0.0002024960751421112,4.98675418714252,5.235873018351144,False,0,5.000181249999514
737,7,2,13.990309000931994,1.693490152341845,2006.6971284455008,0.12996909680790514,0.015525728820830132,24.433705137774204,0.1836208755854989,0.4,0.2,False,none,4,1.398443032924068,2027.7127353338906,6.112491801646414e-05,4.6583373538381245,4.682629051974904,False,0,5.125021500000003
738,7,2,18.825599223084485,1.725628160918109,2014.5477394858576,0.4670059761389995,0.015820366498708913,29.78084365236427,0.18156815925189487,0.4,0.2,False,none,3,0.537304539809093,2027.4736252802638,4.448040250382146e-05,5.59155035210906,4.452745737604101,False,0,5.1970352650005225
739,7,2,16.581331375986387,1.4487055385612682,2009.818375878253,0.07663572614487899,0.01328157078553633,27.364281948443978,0.19492627412847952,0.4,0.2,False,none,3,0.537304539809093,2027.4736252802638,4.023636189975921e-05,5.145291249703251,4.223901150867849,False,0,4.92637522699988
740,7,2,16.995769986604,1.6019865386534469,2015.109893402616,0.5843068749676018,0.014686833897061304,27.818370521631962,0.16138713884643946,0.4,0.2,False,none,3,0.918217796609037,2027.5754401482711,0.0001374333444397191,4.46866852950983,5.062537341746114,False,0,4.981686430000082
741,7,2,16.282706322349803,1.3489126602836983,2013.262224699183,0.5602267693514847,0.012366680808617874,27.034739178932533,0.16171970000983524,0.4,0.2,False,none,3,0.5936161112882413,2027.1765270913043,4.8830123970278194e-05,4.595822369510646,4.790672923515039,False,0,4.944847756999479
742,7,2,12.95491780503941,1.2895521971102186,2007.4014476101192,0.02050725626655833,0.011822470703447873,23.212801910389853,0.1797670376887566,0.4,0.2,False,none,4,2.5689967475320525,2028.2399674753206,0.00020385194003402773,4.68901596574067,5.24519522276517,False,0,5.079414681999879
743,7,2,13.419910220988033,1.5794478091591964,2002.1813997249726,0.6352462767679629,0.014480201339080453,23.764984261024996,0.14225162985264742,0.4,0.2,False,none,4,0.5375496847498967,2027.405609237495,3.452475509369002e-05,4.7360683746592,4.1082737246803775,False,0,5.166760680999687
745,7,2,19.413645541548764,1.3610144984557624,2012.5575548363129,0.12699477953671792,0.012477629111112115,30.39782576299751,0.20423940944519606,0.4,0.2,False,none,3,2.5689967475320525,2028.2399674753206,0.0002010403468437616,4.634257838058609,5.153925767618869,False,0,5.047106281000197
746,7,2,19.80090530873525,1.7194873290485033,2010.4175897753323,0.02183420540041613,0.015764068037091072,30.800740327039733,0.20784775352922258,0.4,0.2,False,none,3,19.812019085129073,2030.2286190851291,0.0003151743931745221,5.498395989900989,6.732147248345883,False,0,5.353419538999333
747,7,2,13.175609712721819,1.4970571078297765,2000.4631645059967,0.21038730567693317,0.013724852579343248,23.475684913872044,0.1772184395731874,0.4,0.2,False,none,4,11.051064920404722,2031.1030673408095,0.0003658652798192996,4.608208660416475,4.957060744362361,False,0,5.1166096019996985
744,7,2,18.10398312555212,1.6454250966023554,2001.1860383886137,0.33346575123515176,0.01508507375109887,29.014864594828445,0.19046539405218055,0.4,0.2,True,exact,3,18.077152631454062,2019.275952631454,0.00034914117154771773,8.1135729526502,7.431542162555301,True,1,10.23956631800047
748,7,2,16.503781073026826,1.3500393830743522,2007.5494931675435,0.0178336707460827,0.012377010477485304,27.27889411373281,0.19497615747622865,0.4,0.2,False,none,3,0.5936161112882413,2027.1765270913043,4.831394833038072e-05,4.547233837268464,4.681948513125426,False,0,5.216417040000124
749,7,2,16.828592933537482,1.324147575965771,2011.3934706794464,0.846930579854718,0.012139637277946364,27.635648549905717,0.10747965784282383,0.4,0.2,False,none,3,2.5689967475320525,2028.2399674753206,0.00020199784762275907,4.987020252130207,5.2222737605184255,False,0,5.090272459000516
750,7,2,12.796478978642627,1.4638700980731105,2008.8334003475945,0.6034822139884195,0.013420597775650576,23.023152090485393,0.1441175746239945,0.4,0.2,False,none,4,2.5689967475320525,2028.2399674753206,0.00019638164849600237,4.503372257668958,5.0269460545075955,False,0,5.1550715759995
751,7,2,19.130068743085626,1.3752030575082927,2014.1563618076038,0.15888320290046223,0.012607708237880755,30.101084610620152,0.20234795966947536,0.4,0.2,False,none,3,19.111908514631683,2033.3530585146318,0.0003791779190913669,6.020083165016446,6.367716534448194,False,0,5.265578350000396
752,7,2,12.66468702613033,1.7347982584992965,2002.7378446099706,0.3584804031489231,0.015904436930479177,22.864801317335566,0.16766125603717863,0.4,0.2,False,none,4,12.678612866320282,2028.0842257326406,0.000257733283726469,7.118251695768506,6.136392671154003,False,0,5.315887715000827
753,7,2,17.78791481013605,1.398141958470197,2002.7004786726359,0.23814587770741213,0.012818009523241,28.676170327928343,0.19441765023794264,0.4,0.2,False,none,3,0.537304539809093,2027.4736252802638,4.078136072571681e-05,5.086788304529367,4.147270379948271,False,0,4.998122338999565
754,7,2,12.847102768470368,1.6222438665824095,2011.7637618816793,0.8604023219099495,0.014872550819964449,23.08383295345295,0.09542091182318764,0.4,0.2,False,none,4,0.5936161112882413,2027.1765270913043,5.0222742040806345e-05,4.888086184283678,4.932972898648678,False,0,4.996160640999733
755,7,2,18.614628530144326,1.7395413174618086,2006.1926759282276,0.11488875246172739,0.015947920765995632,29.557931615440925,0.202392677142507,0.4,0.2,False,none,3,18.61462112557327,2024.8066211255732,0.0002546392033742073,7.606591063292992,5.9982231597965505,False,0,5.238647813999705
756,7,2,18.888054649584685,1.363076632539598,2011.2914259338634,0.4091346090095302,0.012496534526377476,29.846674168469477,0.18660976629242437,0.4,0.2,False,none,3,1.0758257662804556,2027.4688863445115,6.461694458570477e-05,4.540130987719804,4.760541055660556,False,0,5.198507050999979
757,7,2,15.53267461552745,1.4512044644072093,2014.8657969525614,0.7457422765148322,0.0133044806589559,26.198029114395997,0.12954019249773616,0.4,0.2,False,none,3,2.5689967475320525,2028.2399674753206,0.00019498321771260763,4.617474653687804,5.043614864371791,False,0,5.27849570699982
758,7,2,12.704238361318394,1.5546659585754687,2005.4564479199685,0.4705828785781169,0.014253004097154229,22.91238050985076,0.15864943859743602,0.4,0.2,False,none,4,0.537304539809093,2027.4736252802638,3.8973943697340196e-05,4.55679959017748,3.87618008946986,False,0,5.2696725349997
759,7,2,13.583499564783633,1.5641660101135846,2000.739310256386,0.358259839333682,0.014340099509997777,23.95772485168038,0.1713282265555086,0.4,0.2,False,none,3,13.5716383400774,2027.8769641801548,0.00028702144174541644,7.05308904771073,6.625900346650664,False,0,5.20202348300063
761,7,2,15.277122254428335,1.5695453201869523,2009.6783786012343,0.6112795094160686,0.014389416424729625,25.90988547998111,0.1520007032955845,0.4,0.2,False,none,3,13.011970857597102,2027.2252542151944,0.00020339663819235465,5.030880676380275,5.552616240294622,False,0,5.4696469379996415
762,7,2,15.135240167854036,1.3226903570405038,2014.846591085315,0.09657372145683506,0.01212627765738111,25.749215498094134,0.18855499417566343,0.4,0.2,False,none,3,2.5689967475320525,2028.2399674753206,0.00019634745529772957,4.418723048903511,5.073722766540964,False,0,5.009818455999266
763,7,2,16.756221197591135,1.2961967337367848,2006.545114223491,0.6025359807905324,0.011883387074093124,27.556359839701777,0.15740751171470327,0.4,0.2,False,none,3,2.5689967475320525,2028.2399674753206,0.00019484284995585632,4.517367795485845,5.037378466820926,False,0,5.360636513000827
760,7,2,14.871276264266545,1.4871512211361304,2009.0227918233181,0.5368447927558175,0.013634036515061598,25.448954883753125,0.15999407688570683,0.4,0.2,True,exact,4,14.880469252212498,2023.8842661272126,0.00031649993385807207,7.558978412511702,7.101547049238239,True,1,11.082659002999208
764,7,2,12.862877785817897,1.3064316547075234,2006.5871574158712,0.361023976355224,0.01197721968792591,23.102725585737286,0.1676137919281924,0.4,0.2,False,none,4,0.537304539809093,2027.4736252802638,4.1520630537639214e-05,5.527532902298251,4.278720733748403,False,0,5.234667564999654
765,7,2,19.569972290907693,1.3364828358534029,2000.7708714751495,0.6632424239303456,0.012252725564692524,30.56079149731447,0.1559244070153391,0.4,0.2,False,none,3,0.8573189855741283,2027.3958989694647,0.00012854316604182792,4.465460625810975,5.457187719689865,False,0,5.481274118999863
766,7,2,15.055801776458816,1.6438500497059205,2006.621715673957,0.80572822670586,0.015070633896836756,25.65903876583904,0.11537969968723064,0.4,0.2,False,none,4,0.83626883375115,2027.5809151800368,0.00011513057159495688,4.782870205275764,4.552980156933173,False,0,5.171867793999809
767,7,2,19.174611371740617,1.5794379389429123,2003.4131669485148,0.24390868778289063,0.014480110850038506,30.147791592352938,0.19940063523601914,0.4,0.2,False,none,3,19.169328815552625,2022.6039538155528,0.00024291382983687715,4.953093887234596,5.309652419185128,False,0,5.2351135019998765
768,0,3,0.6886706419954104,2.281538392898825,2000.6752296284192,0.5976307377844425,0.02091688949798476,3.2818004508767897,0.0568635505213235,0.4,0.2,True,exact,78,0.6887026089046623,2027.533229872282,0.0004512893956111208,15.91044499531131,31.083774380659992,True,1,9.913846030000059
769,0,3,0.7712801007252326,2.1582091834635344,2000.141587134061,0.30758060892580114,0.01978622106230957,3.5392606027495903,0.06858965249911875,0.4,0.2,True,exact,68,0.7712086578924449,2027.1368342762355,0.0004064886657837441,17.761590141789785,31.022371921157628,True,1,10.179247426000074
770,0,3,0.7368964494822418,1.821254579307561,2000.1869141205975,0.052762491261167076,0.01669705883610975,3.4332763882010506,0.07042881821814502,0.4,0.2,True,exact,72,0.7368766029064847,2027.45193430754,0.00030677382028165834,17.710750662377016,23.150488605487265,True,1,10.206905701000323
771,0,3,0.7814400747920333,2.0119646729646674,2000.453075485272,0.004339353268560553,0.018445467702509624,3.57027424515013,0.07195354729434461,0.4,0.2,True,exact,68,0.7814484434300648,2027.021590826622,0.0003587945277739868,14.896259695739742,28.255224894169658,True,1,10.111051650000263
772,0,3,0.5120719626580404,1.7910076562873236,2000.26390107952,0.4814486166506344,0.01641975841967253,2.693550501165846,0.0561611488762325,0.4,0.2,True,exact,103,0.5121248313396844,2027.40303272767,0.00028288377690799393,17.08386335231728,22.788508266392338,True,1,10.323456928999803
773,0,3,0.5058218584844986,1.9574359558799053,2000.077947465414,0.4740733875776598,0.01794555450653676,2.6715882170033654,0.056305351558443587,0.4,0.2,True,exact,105,0.5058562200070733,2027.3911056720488,0.0003312498584874257,16.554819313335198,26.35835303635506,True,1,10.55115757600015
774,0,3,0.7841051756079478,1.8825284291163245,2000.6137551190373,0.09922815682011148,0.01725881065652843,3.5783872497843334,0.07162030304753524,0.4,0.2,True,exact,68,0.7841065572926781,2027.273685447951,0.0003323867622735399,15.85823348370537,27.688381397815863,True,1,9.93213487399953
775,0,3,0.6026499657192745,2.1058404946601637,2000.129008314015,0.8230035117249215,0.019306110764685913,3.0024875472902792,0.04024667134776582,0.4,0.2,True,exact,88,0.6026651032054496,2027.2494218317454,0.00031874025881273305,18.195339967925545,21.263519368183374,True,1,10.524457288999656
776,0,3,0.5619755490126492,1.960842457253939,2000.0235745718041,0.584185581842499,0.017976784931164797,2.8658232666176375,0.053967971221702174,0.4,0.2,True,exact,95,0.5619749995395654,2027.5613843524386,0.0003370340860482379,17.842764526579632,25.17177820094369,True,1,10.496999547999621
777,0,3,0.5732549453809551,2.1984129884884815,2000.23328100556,0.4273870428943761,0.02015480506235214,2.904042697436467,0.05991559558229077,0.4,0.2,True,exact,92,0.5732663111008734,2027.1762640175743,0.00043931966562404945,17.175325121818506,37.20739851142975,True,1,9.974868465000327
778,0,3,0.5872692303660189,1.7825227247528113,2000.2849157782452,0.10222623732057723,0.016341969513793166,2.951181741274163,0.06541605673112745,0.4,0.2,True,exact,90,0.5872199069030604,2027.2992250925408,0.00028494456745487007,16.09237689874073,24.58865387547265,True,1,10.085865928999738
779,0,3,0.6470831558936357,1.8311698564950463,2000.277590010086,0.7917364372546885,0.016787960991391484,3.14831264733088,0.043445719314912624,0.4,0.2,True,exact,83,0.6470798283601739,2027.4548918536273,0.00025838753925844227,19.335130445418937,17.04048056301691,True,1,10.31794452899976
780,0,3,0.7224690403106783,1.9677523303866724,2000.228238814104,0.8894299370621206,0.01804013387730234,3.3883163505807428,0.034972804345302456,0.4,0.2,True,exact,72,0.7224359758083274,2027.680561872383,0.0002478120309892251,19.62851200553001,13.896886344425386,True,1,10.48685722999926
781,0,3,0.5035883113578745,1.8230775625866402,2000.4241601712567,0.3006089538619581,0.016713771743472546,2.6637178331173237,0.060231439912014906,0.4,0.2,True,exact,105,0.5035986990846588,2027.6181578755716,0.0003294226868668648,16.66551922059701,28.33017479165925,True,1,10.33402119099992
782,0,3,0.6275747837678525,2.1638316485914877,2000.0310316749394,0.7131792830318997,0.01983776719545978,3.0847131213204286,0.04901454252110003,0.4,0.2,True,exact,85,0.6275633166162318,2027.644231243614,0.00037155646583675317,20.15450757525712,25.825861148782582,True,1,10.354652042999987
783,0,3,0.6676208300373576,1.9124469872682033,2000.384266050991,0.39433491162411455,0.017533100660479122,3.2145810212059063,0.06341966753808018,0.4,0.2,True,exact,80,0.6676176531884856,2027.0894717525393,0.0003251722340853469,16.235283086755096,24.51081049978806,True,1,10.53340418300013
784,0,3,0.6136096897968839,1.8003722397782878,2000.5844414271046,0.6313284257941222,0.016505611876570212,3.038780028661553,0.05299725464350535,0.4,0.2,True,exact,86,0.6135755362431679,2027.5816334905326,0.0002606384920701421,18.13660790419775,19.618197497131383,True,1,10.463106086999687
785,0,3,0.6916188935212866,1.8055759390504684,2000.6208501630115,0.29071933409187817,0.016553318811064817,3.2911602057976044,0.06641693674795622,0.4,0.2,True,exact,76,0.6916409125682367,2027.5950893401612,0.00029894724297707675,15.687976446245933,24.004854351702456,True,1,10.372762617999797
786,0,3,0.6649622466459711,2.0592228305528715,2000.1414897778366,0.43892680722589844,0.0188787252199932,3.2060413297224395,0.062172093863625266,0.4,0.2,True,exact,79,0.6649920223587821,2027.40529791671,0.0003863219136910345,17.419852040321384,30.373683577926553,True,1,10.43447286799983
787,0,3,0.6070691191500068,2.091705820495412,2000.3917470334966,0.47014229433698584,0.01917652564855798,3.017147566152315,0.059569430607443984,0.4,0.2,True,exact,88,0.6070796403291924,2027.1021291744844,0.0003741161251609171,18.47831795343544,29.947817582767986,True,1,10.641344060999472
788,0,3,0.6783544779144446,1.900897997653661,2000.1415521647752,0.6241473615255648,0.01742722081189423,3.2489442177231087,0.05500711317223666,0.4,0.2,True,exact,78,0.678361767352378,2027.2744446524284,0.0003005517413615655,16.44325677757303,20.960660261188156,True,1,10.330010792999929
789,0,3,0.5521144969921135,2.3209679043228064,2000.2093937477223,0.13335833525955598,0.021278374860660188,2.8321998220784548,0.06432620702988232,0.4,0.2,True,exact,96,0.5520870332184884,2027.2632021277059,0.0004998318949692715,16.94369086683174,44.13994935688283,True,1,10.180477492000136
790,0,3,0.547343472787865,1.9822558774667745,2000.2151473562376,0.25183012952173134,0.018173100779173255,2.8158601797662395,0.06262525874058479,0.4,0.2,True,exact,96,0.5473228998177686,2027.5809887408884,0.0003682435777763171,17.577886383789597,31.847511332616225,True,1,10.54188424899985
791,0,3,0.7315722010162886,1.9693031121478777,2000.6846262803322,0.26871677972147523,0.01805435127151125,3.416718928459961,0.06809931319705427,0.4,0.2,True,exact,73,0.7316294481880613,2027.7519302079584,0.0003641623773341651,18.40369627627538,26.32344257616974,True,1,10.414719819000311
792,0,3,0.550078813162343,2.08747943595038,2000.421934011137,0.1165393921355593,0.019137778626469912,2.825233861004479,0.06423175071388156,0.4,0.2,True,exact,97,0.5500760486429703,2027.3756013835055,0.0003997870788192692,15.647460453628561,37.28715745037924,True,1,10.692343534000429
793,0,3,0.5934400770330573,2.11672186637552,2000.3551111739396,0.18452124134364478,0.01940586996683873,2.9718191184676934,0.06513231366724415,0.4,0.2,True,exact,88,0.5934356218643367,2027.6535073557595,0.0004018840968590398,17.11729449114118,35.83765528620425,True,1,10.66979244599952
794,0,3,0.7448548375260367,2.289569248759537,2000.080380468302,0.016539959363465705,0.02099051548873538,3.457951405453714,0.07105474279691017,0.4,0.2,True,exact,72,0.7448462917805926,2027.6393909208819,0.00048320106005028673,17.196236736565815,39.4360467341149,True,1,10.22461461400053
795,0,3,0.5533000087431604,2.164469374249741,2000.0508628273844,0.0701286091487993,0.019843613793161238,2.836252611547487,0.06463938913317184,0.4,0.2,True,exact,96,0.5532705112273923,2027.1629894251423,0.0004275376744052872,18.5657476811244,35.49623367458638,True,1,10.12554670999998
796,0,3,0.5558257819235194,1.8470453368968738,2000.2463479381713,0.6988291113181739,0.01693350562492734,2.844877578567771,0.047983365125751284,0.4,0.2,True,exact,95,0.5557929519660085,2027.4826827713346,0.0002656272981002017,20.419050682723075,19.321790467604284,True,1,10.664729069000714
797,0,3,0.6525004857522229,2.2121440076378356,2000.2632523355453,0.15000422425915075,0.02028068951432353,3.165859839174146,0.0674629657952197,0.4,0.2,True,exact,80,0.6525055634564588,2027.6689055401712,0.000460536323099503,17.48322155739672,36.87916522772876,True,1,10.11122756000077
798,0,3,0.5598523866995324,1.9594148126959106,2000.3649088702853,0.06680291114002782,0.017963696445099594,2.858600596850325,0.06475660288360814,0.4,0.2,True,exact,94,0.5598499618262986,2027.2380325426623,0.00037089101433884775,16.54299515695363,32.15684711769954,True,1,10.604451884999435
799,0,3,0.6092182199983533,1.8684303987983704,2000.3812626749573,0.4835660701094866,0.017129561487100597,3.0242640919975052,0.05903304294405079,0.4,0.2,True,exact,88,0.6091986653697617,2027.1872282554364,0.0003111981403709496,15.896609859000312,24.468291305353535,True,1,10.566176617000565
800,1,3,0.9119064387972862,2.3241920133619636,2000.908137024643,0.3000508875067306,0.02130793313270654,3.9573516697109103,0.07256653886491299,0.4,0.2,True,exact,59,0.9119335177001785,2027.3523220133052,0.0004835710192760967,14.314816399184524,33.190031198927514,True,1,10.13232491800045
801,1,3,1.1046303857680937,2.0380443784237716,2000.0266483744624,0.7530884050883878,0.01868456353316754,4.496926414451742,0.054625021117448616,0.4,0.2,True,exact,48,1.1045561645373276,2027.6415733842664,0.0003145165093935143,15.386935982419084,17.825948930299635,True,1,10.497596757000792
802,1,3,0.9752563835450742,2.0021638314840917,2000.7787569431011,0.7479715380923682,0.018355614681024413,4.138570189613841,0.0529620656438699,0.4,0.2,True,exact,54,0.975215514426637,2027.1104412853524,0.0003449451463365394,18.402563747235014,19.77688745563393,True,1,10.696888416000547
803,1,3,0.8587341678882837,2.320597870393638,2000.3512927069041,0.8037799991347079,0.021274982430872016,3.8019840117661077,0.04656857552296572,0.4,0.2,True,exact,60,0.8587540800041744,2026.9713764801293,0.0003815871578320973,19.1549211356936,21.02379329663516,True,1,10.560702926999511
804,1,3,1.2547085604931096,2.002388516658933,2000.9443213494153,0.7421231261345328,0.01835767456964545,4.89552979504649,0.05775786030883977,0.4,0.2,True,exact,41,1.2546862865733013,2027.2924224347062,0.0003175752810054,14.531462928080959,16.790104819630347,True,1,10.446642472999883
805,1,3,1.1085030359881851,2.0529518913426537,2000.2756622166742,0.7742857234658859,0.018821233948789103,4.507430599634744,0.05281521582608819,0.4,0.2,True,exact,48,1.1084959118565125,2026.8800737595564,0.0002910603440677839,15.3525796604456,15.993179792453857,True,1,10.501272774000427
806,1,3,0.8235668247145671,1.868578580891291,2000.0759041145,0.34774216890962223,0.01713092000399992,3.6974617218025037,0.06885977844536693,0.4,0.2,True,exact,64,0.8235870566678998,2027.2525916200407,0.0002997435707308149,15.162073449481765,22.77730611750287,True,1,10.456994147000842
807,1,3,1.1883707468760525,2.0565372110022406,2001.1485154603056,0.2518335484315537,0.018854103759513283,4.721417721572298,0.07979896514284682,0.4,0.2,True,exact,46,1.188335485410165,2027.2941619290236,0.0003629535897734515,12.121153198788367,23.670152069030088,True,1,10.468274462000409
808,1,3,1.1489667076828416,2.008836315214455,2000.335358842191,0.7359790545996434,0.018416787267599995,4.616463653422854,0.05671603340316676,0.4,0.2,True,exact,47,1.1489366049338512,2027.9097649767457,0.0002983938047228518,16.03833674501109,16.377232576672895,True,1,10.592741129999922
809,1,3,1.1245968144686707,2.330334829902759,2000.0771755316994,0.8542109695267813,0.021364249789568475,4.550953066796281,0.04495726904794438,0.4,0.2,True,exact,48,1.124552653475356,2027.0685605584085,0.0003447646672150029,16.47515906808536,17.29041599117501,True,1,10.689039819000755
810,1,3,1.0475955436094784,2.1671786229983807,2000.5884920062283,0.09581291800298691,0.019868451883492847,4.340771106167404,0.078749203403823,0.4,0.2,True,exact,51,1.0475506176241098,2027.8292848082267,0.000422450545013775,13.514702484515102,28.067315683605724,True,1,10.53575117499986
811,1,3,0.8570466551872624,2.2827026566302413,2000.2143572943621,0.8110322687123298,0.02092756333800969,3.797001484602329,0.0458202305259076,0.4,0.2,True,exact,62,0.85703659829799,2027.6398846872023,0.00033818165152088575,17.663342554035342,18.719448299616435,True,1,10.627746209999714
812,1,3,1.1050191491878028,2.1551311852704407,2000.869730304331,0.17175916831509588,0.01975800231820238,4.4979814508897,0.07933326936369517,0.4,0.2,True,exact,47,1.1050041116068559,2027.3896299285645,0.0003681724110146112,13.338337850275476,25.57357998420929,True,1,10.55665828400015
813,1,3,1.2510082590169216,1.9520984079626091,2001.2474991393422,0.08478937340688224,0.017896620462593528,4.885900014724563,0.08329024318509744,0.4,0.2,True,exact,42,1.251098531477735,2027.5176004110324,0.00034762381022279687,13.030119776121147,20.57074902327662,True,1,10.63333834400055
814,1,3,1.1134559869275928,2.1158655102415085,2000.165636358279,0.6382656423189617,0.01939801898932207,4.520847186117037,0.0632807180277104,0.4,0.2,True,exact,48,1.1134086202698974,2026.8878225114775,0.0003303232004928658,16.396602372061935,19.957425055804816,True,1,10.662271678999787
815,1,3,1.0798303901540405,1.8430032536022525,2000.5391466686206,0.09467098715398706,0.016896448256145648,4.429365187118843,0.07928815230623157,0.4,0.2,True,exact,50,1.0797998472027517,2027.5364024300686,0.00030298336372924783,16.018061184378503,20.706509028673853,True,1,10.271224418999736
816,1,3,0.9557804242740121,1.765602872514301,2000.6522880223822,0.3317542314160313,0.01618685019575027,4.083286738922985,0.07248598265875075,0.4,0.2,True,exact,55,0.9557528850396408,2027.41147140611,0.00028399378510945983,16.72786729600384,18.653643596153554,True,1,10.608054934000393
817,1,3,1.129738698184799,2.018177904021762,2000.6825795553123,0.09681577808078506,0.01850242991180279,4.56481443492347,0.08056244775617231,0.4,0.2,False,alias,47,0.5649020505299326,2027.2324859254368,0.00020138733128516328,13.552064971131772,19.242051159384026,True,1,10.088116836000154
818,1,3,0.86240068849231,2.104343192736568,2000.5417466167235,0.5757417971590492,0.019292383667662935,3.81279849668678,0.061780731758911515,0.4,0.2,True,exact,61,0.8623851151947975,2027.2769073210388,0.00040747033283838885,17.286416966205866,27.373260767763796,True,1,10.639213403000213
819,1,3,0.9736049024154393,1.963502142651414,2000.7135435628804,0.4947883053065494,0.018001168630221335,4.133896751176249,0.06771679994104639,0.4,0.2,True,exact,55,0.9735611254296375,2027.0009941366002,0.0003116302667333093,16.23154043785905,21.57031870273412,True,1,10.547117144999902
820,1,3,0.8042260112706086,1.951647203218053,2000.4379080202318,0.5499246545281992,0.017892483867823866,3.6393447785869304,0.061541437037249166,0.4,0.2,True,exact,64,0.8042512196992959,2027.782041469776,0.0003087474773869614,18.327723492033357,20.298920014720732,True,1,10.481069987999945
821,1,3,1.0003909511190916,2.0543629446432616,2000.1094059674665,0.09931903011244023,0.018834170328056902,4.209375095127305,0.07749044175452081,0.4,0.2,True,exact,53,1.0002193058973876,2027.1207650092297,0.0003862079112154637,14.930702466898962,25.81834405627777,True,1,10.792444631999388
822,1,3,1.0428638571288595,1.8157608501140243,2000.9182397932454,0.47254072580581535,0.01664669293964677,4.327690574095373,0.06997838140562636,0.4,0.2,True,exact,51,1.0428888522234256,2026.9901900555856,0.00026348297942602183,15.459085896116601,16.474025119609035,True,1,10.6743315599997
823,1,3,0.8751564656193696,1.9383077266998092,2000.3406869925525,0.13672030876779553,0.01777018903502092,3.8503031786371444,0.07387765687874566,0.4,0.2,True,exact,61,0.8750431977736256,2027.4708703809824,0.00033096638268270695,18.17398901613156,25.658082262277635,True,1,10.536133665999841
824,1,3,1.1716713177558273,1.9533782214860167,2001.111901983211,0.035725669555449514,0.017908353650222746,4.677082060904256,0.08177491217489212,0.4,0.2,True,exact,44,1.1716649098819885,2026.8899092674037,0.00034832571763543374,13.60010300274922,21.705248069279165,True,1,10.446316380999633
825,1,3,1.0732027242831095,1.7603340307416162,2000.5176949786658,0.7683729468559471,0.016138546042077193,4.4112225448419915,0.05249940877618163,0.4,0.2,True,exact,49,1.073170910046143,2027.350106084487,0.0002160710702456825,13.86665293913701,11.575661695453988,True,1,10.587954143000388
826,1,3,1.2023457441740129,2.099592950502607,2000.889734923703,0.6787493909998151,0.019248833976715077,4.758360821640823,0.062060865844830816,0.4,0.2,True,exact,44,1.2024366082733549,2027.3422772570138,0.0003130526088680474,16.755781420532166,19.1315325211349,True,1,10.35003998800039
827,1,3,0.8864083851912837,2.171398317541636,2000.0864776279716,0.18945627611162813,0.01990713757239084,3.8832351894957085,0.07373917511882255,0.4,0.2,True,exact,60,0.8864257589837644,2027.5651360284967,0.00041684739031011553,14.843266668582435,29.633320774695548,True,1,10.366311537000001
828,1,3,1.116394658869497,2.3286175149597597,2000.0905626949357,0.22530997221313973,0.02134850563772437,4.528798076526391,0.07891125741748452,0.4,0.2,True,exact,48,1.1164317595554054,2026.8834247293296,0.0004661793531035574,16.84573298573781,30.45985873401831,True,1,10.607869041999948
829,1,3,1.150454527338165,2.238521047013436,2000.6210011070714,0.8913814210984892,0.020522511269162564,4.620448093712452,0.040217051889870424,0.4,0.2,True,exact,46,1.150509927882481,2027.0815200079637,0.00030620921424051595,15.895384445657776,14.531471998639958,True,1,10.882563031000245
830,1,3,0.8402488623675157,1.954367048480886,2000.488550526354,0.5607476698906577,0.017917419105815634,3.747224786996788,0.06187725704288555,0.4,0.2,True,exact,63,0.8402411865876996,2027.377626824973,0.0003060527776085342,17.7375237146815,20.874046347398505,True,1,10.423800966000272
831,1,3,1.2022468345262982,1.93638064616275,2000.3012468408094,0.5236082313531777,0.017752521775608217,4.75809985718975,0.07102828602781529,0.4,0.2,True,exact,44,1.2021928614186193,2027.9531701876283,0.0003072910280897956,15.752798086353563,18.530175325229095,True,1,10.96279216000039
832,2,3,1.4078607837257753,2.208543773895712,2000.299873760024,0.6362509734570906,0.020247682972954206,5.286208214302183,0.06837224205876791,0.4,0.2,True,exact,38,1.4076696345787896,2027.048457431997,0.0004034460661673789,15.720879672235531,22.868654957616766,True,1,10.630516659999557
833,2,3,1.3788852506015112,1.7970777462035796,2000.3555631372092,0.41610683810343746,0.01647540832695278,5.213425935969278,0.07874882514100655,0.4,0.2,True,exact,39,1.378790020757279,2027.9320504151456,0.00023947171396798694,14.401352825616126,13.877190104816929,True,1,10.801782886999717
834,2,3,1.7118422528632122,2.1282304197822857,2000.7246467978284,0.3385400460004123,0.01951137910078108,6.022085980607616,0.08752780566821898,0.4,0.2,True,exact,32,1.7119527445782017,2028.1131189132511,0.0003868477607807952,13.307070295585227,22.1483854533658,True,1,10.531504503999713
835,2,3,1.730770845150804,2.152368900690211,2001.345162038929,0.6287560216856298,0.0197326780012825,6.066397136663762,0.07352117055150428,0.4,0.2,True,exact,29,1.730336816878093,2027.3046616281713,0.0003618777903704462,15.601306411957475,18.262519242870045,True,1,10.761833667000246
836,2,3,1.8367094475031815,1.7919698239036153,2001.5257116608336,0.0760334619066972,0.01642857946505627,6.311483201613254,0.09430483746570638,0.4,0.2,True,exact,30,1.8369081578253432,2027.2368313970549,0.0003012723934815442,10.715924599422774,17.363230010028314,True,1,10.620659176000117
837,2,3,1.9678915823669614,1.8127522503477809,2001.2705602820288,0.09871976578421039,0.016619110432576082,6.608535633718008,0.09629581389573863,0.4,0.2,True,exact,28,1.9680144270210653,2026.8523516137739,0.0002742321338502496,13.398331117225283,14.71976477046295,True,1,10.519085666999672
838,2,3,1.5949955348221714,2.276285147589331,2001.0665266021615,0.7319115549770836,0.020868728330946548,5.744833397043953,0.06357726847396515,0.4,0.2,True,exact,32,1.594891038165627,2028.1824835863156,0.00039779715658705417,14.625981077699374,18.95435641351005,True,1,10.760013191000326
839,2,3,1.4931102532337686,2.0510728067493056,2001.4694704364506,0.06387264640984612,0.018804006710834764,5.497505964937755,0.08841973316124649,0.4,0.2,True,exact,36,1.4930430817763622,2026.851458952698,0.00039167362623981905,12.222591708008041,23.403163932450326,True,1,10.679862412999682
840,2,3,1.3922143825840878,2.2873651859428565,2000.0396140170249,0.15642263549483373,0.020970308886678356,5.246969440090743,0.08578506959459929,0.4,0.2,False,alias,39,0.696063070243996,2027.1884519270159,0.0002534630448219888,12.962027390007588,21.271384241082842,True,1,10.372061407000729
841,2,3,1.786825946189576,1.9936180990304004,2000.6104357350823,0.19480278740355328,0.018277268359099895,6.196683157817908,0.09218510058997731,0.4,0.2,True,exact,31,1.7867499749392117,2027.4171350407548,0.0003163761345515992,13.629750604151639,18.15820536835034,True,1,10.807612785999481
842,2,3,1.8801767345788203,2.2258989144914656,2000.53586302418,0.8581464159901915,0.02040679296610323,6.410672247183106,0.05207601675328819,0.4,0.2,True,exact,28,1.8803800967158595,2026.857547916522,0.0003352457826748534,14.480025926833907,13.494641389028791,True,1,11.00036026699945
843,2,3,1.7926592827768344,1.8701953629055263,2000.8263249752592,0.606768841685189,0.017145742481166792,6.21016244088573,0.07559131029798069,0.4,0.2,True,exact,30,1.7927822115941547,2027.7167331739124,0.00027943519431394837,14.975339235279856,13.876063292470038,True,1,10.957701978999467
844,2,3,1.82429378414774,2.07365732072767,2001.1321948375169,0.7289331992065441,0.019011059015859064,6.283008438189123,0.06640302590483328,0.4,0.2,True,exact,28,1.8241283369447743,2026.672562342227,0.000310797057210932,15.251961497329507,15.459355775191437,True,1,10.744326336000086
845,2,3,1.8848440657767231,2.0497814444764817,2001.6506648621755,0.17179448861772864,0.018792167645559073,6.421277053463611,0.09424729051962273,0.4,0.2,True,exact,28,1.8846736253946934,2028.037123463859,0.00036886164820770784,14.839021158897243,20.659771090249805,True,1,10.337436860999333
846,2,3,1.8104230765552947,1.970682180787654,2000.5768967213232,0.5715387077415734,0.01806699441897619,6.2511200853563595,0.07823467381739994,0.4,0.2,True,exact,29,1.8103819351176367,2027.7346352767645,0.0002949368094146143,12.963832102254516,14.654380354759928,True,1,10.749903060999713
847,2,3,1.378082322398987,2.2368938843600565,2000.6006782537172,0.7465382367497049,0.020507593623453897,5.2114018791824686,0.05935730641434481,0.4,0.2,True,exact,40,1.378143773181518,2026.7836900237821,0.0004007700337389508,16.73268101145423,20.01055479391251,True,1,10.854799466000259
848,2,3,1.777289573964007,2.2936972673576137,2000.49683848416,0.1500304157142391,0.021028360702793725,6.174615510690865,0.0929782702085307,0.4,0.2,True,exact,30,1.7772666885695017,2027.1573076202092,0.0005015616589917338,11.80954025903078,27.866613348433486,True,1,10.73015637500066
849,2,3,1.5534532999225017,1.7500251677091558,2000.3115430399318,0.43600774988938423,0.01604403553567021,5.64464445861483,0.08099789689213753,0.4,0.2,True,exact,35,1.5539972287634616,2026.7226403889788,0.000274497405862939,14.851367295563454,14.657129662336208,True,1,10.77210904399999
850,2,3,1.796140810731317,1.7786868919737615,2000.753205462138,0.41183545728934295,0.01630680302673257,6.2182003549360605,0.08593907436006916,0.4,0.2,True,exact,30,1.7960790330020675,2027.693529245031,0.000285916234835093,14.751205045918958,15.435087101592055,True,1,10.6462850730004
851,2,3,1.4871127205765071,2.2614268587295667,2000.9485485605564,0.378105563996413,0.020732509196008407,5.482774485546987,0.0824690916663526,0.4,0.2,True,exact,36,1.487171187995745,2027.7183001339233,0.0004403349036495863,14.021319007673664,24.4144128792197,True,1,10.630011817000195
852,2,3,1.4164710316553395,2.2384647729714233,2001.1799526272591,0.4653251832001905,0.02052199535502233,5.307739365306903,0.07783835034979897,0.4,0.2,True,exact,36,1.4165262843313002,2028.0929056522946,0.0003873255149073884,12.585343516599988,21.38433482946407,True,1,10.648880605000159
853,2,3,1.3620952100690191,2.066736740017433,2001.191489305962,0.5615452297351093,0.018947611903845318,5.171018615190278,0.07204492636203286,0.4,0.2,True,exact,38,1.3621719539359092,2027.0742358747823,0.00033609044926330434,13.197003640150417,20.417030682345754,True,1,10.666512673999932
854,2,3,1.3225530348245895,1.958992555227526,2001.1977390047434,0.7630134208751859,0.017959825235729025,5.070450200814851,0.05676235115454194,0.4,0.2,True,exact,40,1.322460938910337,2027.64876304904,0.0002864590676316947,16.751069254191385,14.791081520057286,True,1,10.695415039000181
855,2,3,1.3121443435879552,1.7814720428990363,2000.0781824305536,0.39095311095314306,0.01633233697975326,5.043811712341543,0.07837836708491411,0.4,0.2,True,exact,41,1.3120959744264675,2027.6313592129559,0.00027401658089420966,15.544206377657773,16.010698078186127,True,1,10.521001308999985
856,2,3,1.9321851932823992,2.0206568083090115,2001.5564954042661,0.8503113994572946,0.01852515622980553,6.528352915593847,0.053342301127385985,0.4,0.2,True,exact,28,1.9318689150929238,2026.676991208708,0.00026179179002328024,12.668414494824596,10.429161922218752,True,1,10.79257733400027
857,2,3,1.691800047386541,2.3241863719211078,2000.7923727951024,0.28088702557601625,0.021307881412606033,5.974989493077692,0.0890017762082233,0.4,0.2,True,exact,31,1.6919407759887082,2027.8608961658194,0.00046173430217733014,11.971819600299549,25.616669744493976,True,1,10.740459867000027
858,2,3,1.9938743960616132,1.7474369843692366,2000.4603871863862,0.5756724000790938,0.016020307359501836,6.6665783623201005,0.08021482333750282,0.4,0.2,True,exact,28,1.9934627998321257,2028.3701979476498,0.00025229874058319,14.987186655875606,12.442235137014722,True,1,10.917690143999607
859,2,3,1.4395240096503128,2.257187346611646,2000.0955315850283,0.06794015322859176,0.02069364182179638,5.365173027875368,0.08751752402411825,0.4,0.2,True,exact,39,1.4394686511086332,2027.448341871064,0.00043026397225864876,13.277845372686164,25.634072131191413,True,1,10.462050082999667
860,2,3,1.3495478274366848,1.7488805602007504,2000.5349470919828,0.5838658644731523,0.01603354190170534,5.139213313338566,0.07027063414836504,0.4,0.2,True,exact,39,1.3498357018909564,2027.5287452878192,0.00022096728166587365,14.40671174577155,13.044868162001132,True,1,10.627268876999551
861,2,3,1.2724102434255409,2.1319866577773787,2000.903724490422,0.1848134393739058,0.01954581587174055,4.94146695198721,0.08281469403705596,0.4,0.2,True,exact,42,1.2723446264721425,2027.6239246559148,0.00035083788939604954,12.981759459617527,22.604318607650313,True,1,10.502002547000302
862,2,3,1.6163525928819338,2.0845789272807007,2001.2899795104447,0.33948260765596533,0.019111187086515793,5.796002003027511,0.08584230947361277,0.4,0.2,True,exact,34,1.616517883908636,2027.152046559205,0.0003596013302137324,14.384585662109062,23.106452439907773,True,1,10.874483950000467
863,2,3,1.7289068116269437,1.8052771452652596,2001.1820066694513,0.5044518296020422,0.016550579502970175,6.062040696907997,0.08068832648499581,0.4,0.2,True,exact,30,1.7289999334866344,2027.1139052522994,0.00026789228247747765,16.01895105251704,14.258073948249013,True,1,10.934730146999755
864,3,3,2.4971386239071025,1.9983805031826536,2000.4284995696905,0.06817104295856137,0.01832092954915809,7.745799042478008,0.10456977078148423,0.4,0.2,True,exact,22,2.496759495376923,2027.8982737199794,0.0003749410274731524,14.90930712572535,17.39887040386368,True,1,10.643989409999449
865,3,3,2.231371520042849,2.353261038401188,2001.010206126112,0.11371201182255158,0.02157443471183932,7.18597520784322,0.1006953038273069,0.4,0.2,True,exact,24,2.2313732058774325,2027.7870904496958,0.00046606915357205736,11.344103130141423,22.624815949047733,True,1,10.697044867999466
866,3,3,2.188775427496816,1.7718680920244638,2000.4157448923477,0.3971631583255889,0.016244289029382252,7.094229932037507,0.0922796116132789,0.4,0.2,True,exact,24,2.1887538559796673,2026.6821686675894,0.00026226556874975326,11.712892835106343,14.240254621934906,True,1,10.773793901000317
867,3,3,2.17761277640791,2.0087000590492288,2000.2538946612895,0.4503514005531117,0.01841553808627553,7.070089225554464,0.08998798086914386,0.4,0.2,True,exact,25,2.1775231454341206,2026.3850303493762,0.0003403806666222309,15.543075199762185,18.479250045442907,True,1,10.76341258299999
868,3,3,2.7911062956219066,1.9320912337116751,2002.1129292998687,0.17545484128472663,0.017713196920707826,8.342355796173639,0.10704307888366948,0.4,0.2,True,exact,17,2.7909495541551657,2027.2377517165633,0.0003405914244362096,11.150381184924202,15.239013252274766,True,1,10.634614074000638
869,3,3,2.6378759403909764,1.822721465994542,2002.296776100907,0.2094658241282508,0.016710507089636034,8.034164171036048,0.10428156300644965,0.4,0.2,True,exact,20,2.6377700375631177,2028.6732732922978,0.0002565558274751911,12.669618955948708,13.45349617807733,True,1,10.883090135000202
870,3,3,2.357501861604749,2.031827283794962,2001.9065170564359,0.8513028695794298,0.018627565903079842,7.454282033375102,0.05673534134490194,0.4,0.2,True,exact,22,2.357724005776376,2027.83926093854,0.00032893747568707443,14.74531326577656,12.086546348692025,True,1,11.111926439999479
871,3,3,2.728738315203923,2.0450069246536806,2002.121613069788,0.26092593097736017,0.018748395380384707,8.217613605193877,0.10439142866670818,0.4,0.2,True,exact,20,2.7286728341338016,2026.6807117572043,0.0003589574613745983,14.278871379434142,18.582333756438565,True,1,10.682159033000062
872,3,3,2.019253115390908,1.7944942312050813,2001.257626319167,0.43132188519032866,0.016451722949617838,6.723028698575894,0.08845445491082786,0.4,0.2,True,exact,26,2.019393762322841,2027.5090850560302,0.00027257740190500535,15.051594621709778,14.621353805164715,True,1,10.835541555000418
873,3,3,2.2694213016636673,1.9997779044213775,2000.6210135050449,0.15074702748986227,0.018333740767845316,7.267435880263186,0.10045157324373939,0.4,0.2,False,alias,23,1.134556856449568,2027.848049450623,0.00020820989879577478,10.91764637307451,14.145070745736012,True,1,10.569213247999869
874,3,3,2.1145322438983616,2.085825922737365,2001.5434655211027,0.6604176560881999,0.01912261940176971,6.93288503760616,0.07586013796188533,0.4,0.2,True,exact,26,2.11428351840886,2026.9182772209062,0.0003506521972201915,12.920102079213173,16.450491596522802,True,1,10.528182951000417
875,3,3,2.8162754612711187,2.100916958957919,2000.64312849148,0.5122380448422564,0.019260972338550383,8.392432909856396,0.09447659963205682,0.4,0.2,True,exact,20,2.816063732188558,2028.8045175302188,0.00036686947985142826,13.529636744125357,17.190549302545385,True,1,10.782922149000115
876,3,3,2.91897857222244,2.349868937215186,2000.8391097492556,0.2743776729928598,0.021543336306528934,8.59524767081113,0.10665862428379219,0.4,0.2,True,exact,19,2.919022662426546,2027.1107872951723,0.00042718982609168954,13.780216491124413,21.60357160119923,True,1,10.709050086999923
877,3,3,2.1194347440295034,1.8798080564966009,2000.6846325689633,0.66617800223232,0.017233870583787506,6.9435967367137055,0.07519285748215845,0.4,0.2,True,exact,24,2.119675064248104,2028.2354633352254,0.0002571684121697171,13.11781072673907,11.933180543815041,True,1,10.888222341999608
878,3,3,2.1986666689472356,2.089954001320553,2001.1942351207877,0.2942869249185749,0.01916046516576487,7.115586773860769,0.09635648488180629,0.4,0.2,True,exact,24,2.1985098384839192,2027.5774956659736,0.00040964146111133193,13.379091986618162,20.898664731986887,True,1,10.442918299000667
879,3,3,2.381183013767954,2.058508099707184,2001.0772840767963,0.18182409913271197,0.018872172647322685,7.504117770430253,0.1015929891276796,0.4,0.2,True,exact,23,2.3808094229203047,2027.2695026104568,0.0003949008609872573,11.495579639810023,18.82816606282211,True,1,10.793289901000207
880,3,3,2.2884039504737053,2.18648432286281,2000.0767826151662,0.15536606369445327,0.020045444386447158,7.307905396343319,0.10083201319565332,0.4,0.2,True,exact,22,2.288091022158356,2027.5382771617335,0.00036822540706260565,15.8288761034069,18.650303910275543,True,1,10.611191531000259
881,3,3,2.3253362224678877,2.2467894423428247,2000.836379721911,0.28729964954924864,0.02059831499526631,7.386323001068586,0.0985023062707451,0.4,0.2,True,exact,24,2.325267288509753,2026.4149844444405,0.00039891390356217027,14.130774358779668,20.045963658722403,True,1,11.046110997000142
882,3,3,2.244536704523991,1.8877587035913665,2000.8944507088552,0.6594904037872134,0.017306761229518606,7.214212520768814,0.07718370617970026,0.4,0.2,True,exact,24,2.243961829581348,2027.8279325799763,0.00028670294716015565,14.004820194799377,12.790181999056395,True,1,10.759331435000604
883,3,3,2.6752939934037014,2.3282600459274083,2001.4385311686278,0.7033343730417168,0.021345228401508702,8.109961646818116,0.07816772200022971,0.4,0.2,True,exact,20,2.675198824082217,2028.1933944908221,0.0003212799407437128,15.518668241008736,13.405059710333681,True,1,10.903050034999978
884,3,3,3.02783177269289,2.024068106683456,2001.341763076371,0.649724283499509,0.018556430632798264,8.807627768703188,0.08618580223632683,0.4,0.2,True,exact,16,3.0264744204253353,2028.592957283828,0.00031359626116134187,13.285136230034858,11.349721191549756,True,1,10.735082232000423
885,3,3,2.4514345875797385,2.256227667656054,2000.3790085406672,0.6177710130015098,0.020684843592176337,7.6509963880835254,0.08329545967777295,0.4,0.2,True,exact,23,2.4513686582402925,2027.3447427406434,0.0003883778955294792,15.278971572494381,17.973431003014618,True,1,10.751703205000013
886,3,3,2.819978811116347,1.7456876200963916,2002.3482320782712,0.20660218384483595,0.01600426938297656,8.399788560465188,0.10658733391642781,0.4,0.2,True,exact,18,2.818348275652652,2027.725095418374,0.0002714990889440827,11.10940143043513,12.068160477472727,True,1,10.860225704000186
887,3,3,2.1765006754922767,1.9113587676636834,2000.7474496182656,0.6232174325175751,0.01752312398452744,7.0676819037454,0.07932549525047182,0.4,0.2,True,exact,24,2.176557682960117,2026.8663484455215,0.00025184149209822593,12.88345718386093,11.79000856877572,True,1,10.675761536999744
888,3,3,2.339398173451585,1.8573426224755365,2001.188770553754,0.31711092692488047,0.017027909990529277,7.416071160164159,0.0973958634130133,0.4,0.2,True,exact,22,2.339274668620222,2026.927398958989,0.00032918028612438643,12.181722211189522,16.77820258989309,True,1,10.581599490000372
889,3,3,2.886435377330633,2.127128994284603,2002.7823968517537,0.5233151018594769,0.01950128135467389,8.53124373748133,0.09457249469636402,0.4,0.2,True,exact,19,2.8863996740100712,2028.760279357757,0.00034714509375954883,14.267069015345582,15.93273551288684,True,1,10.915732676000516
890,3,3,2.988225811814799,1.8440364194557706,2001.735196066575,0.04066424308603172,0.01690592020544897,8.730653101993143,0.11095327326346369,0.4,0.2,True,exact,17,2.98855810023984,2028.6269708188252,0.000289395844554563,11.796208564053144,13.312327968936435,True,1,10.617520869000145
891,3,3,2.191745690589192,1.8521191552895524,2001.310046923507,0.2875071111303864,0.016980021826005883,7.100646599570265,0.09622792291355531,0.4,0.2,True,exact,24,2.191973256319608,2027.6054368883354,0.0002879359618258581,11.57285855325812,14.994872512538478,True,1,10.748270553000111
892,3,3,2.796636425460303,2.207351928673816,2002.485790568699,0.6302290514718494,0.02023675626890106,8.353371521266688,0.08587714281876137,0.4,0.2,True,exact,18,2.7967551662342203,2027.656733996108,0.0004121251886476385,11.315481867307664,17.396693337063937,True,1,10.956993847000376
893,3,3,2.5855877889917287,2.221560191219673,2001.0468441604464,0.14066930689164028,0.020367016035098745,7.9276411403284035,0.10522215984083122,0.4,0.2,True,exact,20,2.585356673538995,2026.9005719437232,0.00040033125389449253,14.705011285410645,20.368000527760472,True,1,10.609949984000195
894,3,3,2.8746395845034707,1.9029730733034549,2001.4572764806971,0.5113267013482788,0.017446244873992763,8.50798518802546,0.09494458114843035,0.4,0.2,True,exact,19,2.8739552780073496,2027.326925627066,0.0003090666633439598,14.674053046729798,14.865701665022083,True,1,10.57713354399948
895,3,3,2.564142547778158,2.1994420351731216,2001.4314046690913,0.11154691923718002,0.020164239247574656,7.883744980588286,0.10528502495145917,0.4,0.2,False,alias,21,1.2825093203542377,2027.075469164939,0.00021531653973028142,9.96087536351361,14.334195456056593,True,1,10.550529076000203
899,4,3,4.640430258498882,1.7602071700377935,2004.1803793649553,0.6867125519000955,0.016137382997294884,11.707835830990536,0.09472053405221811,0.4,0.2,False,none,9,10.903116109301308,2030.6431072186026,0.0003826176577199636,4.776725993321509,5.245399082080255,False,0,5.41521811199982
896,4,3,3.1728831730041023,2.290247377113808,2000.9423608172674,0.5452618941855397,0.020996732493847318,9.086720681191132,0.09626142930023658,0.4,0.2,True,exact,16,3.1734273041954824,2026.3224444752304,0.00038672890716018316,12.627175948306064,16.320780646043072,True,1,11.171755155000028
897,4,3,3.3284876907557166,1.9129282911322016,2001.421065805454,0.6717381966900685,0.017537513200618506,9.381431118802572,0.08663444070011829,0.4,0.2,True,exact,16,3.3281059226980343,2028.0521911315843,0.00029823681660723356,13.004587855525577,11.087266776659742,True,1,10.673774261999824
898,4,3,3.3601683043866046,2.1066127373829806,2002.8376425587915,0.7311670118943269,0.019313190599830946,9.44086551889732,0.08077997495166066,0.4,0.2,True,exact,16,3.359926341658287,2026.357765641608,0.00034096219989143695,14.332239808447122,12.873303219181716,True,1,10.692514287999984
900,4,3,3.201903093178059,2.3362017205263497,2002.2927403737528,0.8253580030236088,0.021418036788398896,9.142042723050636,0.06740786164661734,0.4,0.2,True,exact,16,3.2019426122497037,2027.9085096479976,0.00035216598703391444,14.602638905622632,12.564530535117747,True,1,10.769522108999809
901,4,3,3.335999573534665,1.7894531656423271,2002.8824537119885,0.21237390195605985,0.016405507022830713,9.395540775895784,0.11257778207371943,0.4,0.2,False,alias,16,1.6679728743428237,2027.9109383853186,0.0001711432103768118,10.076727919302426,10.599053416996059,True,1,10.816621025999666
902,4,3,4.015976458338214,2.0887125869098506,2003.8018765953036,0.43713474232775784,0.019149084016917808,10.632414432052954,0.11092047259527459,0.4,0.2,True,exact,13,4.015992853111752,2027.8943946186705,0.00035388029834027,12.473311288640248,14.775642864080218,True,1,10.708649601999241
903,4,3,3.970685499961601,2.0126298528300772,2002.9248564047439,0.017135630581731075,0.01845156599731999,10.552323999153465,0.12215840167647228,0.4,0.2,True,exact,14,3.9705063737700232,2026.7480382426202,0.0003285927617547868,10.116047315164112,13.364903299685293,True,1,10.953422747000332
904,4,3,3.496205386190928,1.8960770468015917,2002.4210835805686,0.48270369330537366,0.017383022872222556,9.693986615496687,0.10308841881896917,0.4,0.2,True,exact,14,3.495856347656293,2026.8953433919276,0.0002842707603010197,11.560728946822529,11.314133090337721,True,1,10.857117591000133
905,4,3,4.954729596423637,1.8472098948411575,2002.6234208366352,0.23171820847484964,0.01693501427380536,12.230693868250098,0.12784636791708606,0.4,0.2,True,exact,11,4.9543732734338395,2027.3962413671693,0.00022536216986723812,10.000446833809985,9.023160753765591,True,1,11.069754604000082
906,4,3,4.765244172004653,2.0228860915193083,2004.7392658424797,0.6839738191217865,0.018545594049618083,11.91684333656541,0.09628818071632927,0.4,0.2,True,exact,12,4.764473830409826,2028.5646868603824,0.0002916916825703719,12.95623694347722,9.999565472706568,True,1,10.993418750999808
907,4,3,4.86842869875122,1.7743893061650067,2002.1901756357192,0.3028171613407128,0.016267403239400645,12.088256498436511,0.1245366886310568,0.4,0.2,True,exact,10,4.871979015770223,2026.531639870518,0.0002650004816818763,10.536244806533784,8.298040073913974,True,1,10.860483109000597
908,4,3,4.064983176086943,2.2029376597506443,2003.8700201669633,0.8431754052939183,0.02019628674379127,10.718737264871566,0.0695800047708571,0.4,0.2,True,exact,13,4.067768984849046,2028.2601295340942,0.00031055466880935967,12.69405949514831,10.502073905855731,True,1,11.025934131000213
909,4,3,4.077874231946158,2.277462272072576,2003.8316740429616,0.4341380191155503,0.020879520076909727,10.741386462669565,0.11188556704822089,0.4,0.2,True,exact,13,4.0774186750760375,2028.2968037171229,0.0004019511680148913,13.708488874915954,16.18302750607853,True,1,10.870858961000522
910,4,3,3.973622036547105,2.1298028357937357,2002.189777907637,0.3804926820318333,0.019525794835383106,10.557526034130154,0.11354520052758549,0.4,0.2,True,exact,13,3.9742813515750104,2026.02928185945,0.0003627326535782238,10.752548265060938,15.08181388905089,True,1,10.680447333999837
911,4,3,4.041112493927873,2.2128022380932366,2002.213188416966,0.31183763458280317,0.020286724097718086,10.676733869562783,0.11725362318114614,0.4,0.2,False,alias,14,2.020545512302095,2026.4566749932605,0.00018903167584682912,9.135916237975952,11.142920924888326,True,1,10.780079961999945
912,4,3,4.69484852057157,2.252982885660776,2001.7639851745269,0.8699182092767245,0.020655095792774178,11.799189612080351,0.06782014392599743,0.4,0.2,True,exact,12,4.694660188819335,2025.2376238607635,0.0004129009946952644,15.285953983766133,11.911153181482545,True,1,11.227622633000465
913,4,3,3.7981473562823096,2.189589141554026,2000.0675182192651,0.4021281360140094,0.02007390901788951,10.244379633464263,0.11087557993445957,0.4,0.2,True,exact,15,3.7981273697683897,2026.654599921712,0.00040157673451513,14.418630962542341,17.160103985574178,True,1,10.943025435999516
914,4,3,4.753059630170216,1.8083449844029964,2002.1611149003497,0.7609027186819998,0.01657870510999102,11.896520736737289,0.08595571102974525,0.4,0.2,True,exact,12,4.753981150934049,2025.9227052338367,0.0002610227581515412,9.216246065990003,8.778535159518544,True,1,11.044767608999791
915,4,3,4.1822901711448175,2.229263324553179,2002.6830903893892,0.41423660904813353,0.020437637502274876,10.923971663348757,0.11387040830122329,0.4,0.2,False,alias,13,8.364663558952778,2027.7781313018584,0.00043715484954631734,10.389566516483683,12.885104457701882,True,2,11.828450721000081
917,4,3,4.996019045901482,2.242188341188578,2002.762178659482,0.1174460118660089,0.020556132613101723,12.298548202084998,0.1312427016471679,0.4,0.2,False,alias,11,2.4979935929441823,2027.744335772386,0.00020242241974133268,10.162264859511533,11.1144661894086,True,1,10.66215899999952
916,4,3,3.471125581695523,1.8928517935831155,2000.9757652576188,0.7591960895187194,0.01735345411046783,9.647571552236137,0.07786491076963016,0.4,0.2,True,exact,16,3.4714468445780002,2028.748137256624,0.0002458893266455986,10.946898091358362,8.84363103849887,True,1,11.05346513600034
918,4,3,3.321240682828139,1.9678997933462454,2003.0460668280584,0.8833881148698411,0.01804148580126734,9.36780891616799,0.05738708064887874,0.4,0.2,True,exact,16,3.3215760711326054,2026.294652289595,0.0002719303466091061,11.738693453059835,8.99451924207501,True,1,10.94960973599973
919,4,3,4.277717744844101,1.8412271761656265,2000.163532890992,0.37150759416211077,0.01688016537631448,11.089514699269085,0.11643501158020109,0.4,0.2,True,exact,13,4.27691809195073,2025.8358575100378,0.00028390411047762854,12.047950701055779,10.449589081903797,True,1,10.544295826000052
920,4,3,3.216531270319002,1.975736045802015,2001.5842095231183,0.5707828834982641,0.018113327689707966,9.169865717772238,0.09444870853265637,0.4,0.2,True,exact,17,3.2160109519892335,2027.3181917825805,0.00031200388861163386,9.208117920312603,14.113649842405314,True,1,10.815193106999686
921,4,3,3.9307777163655095,2.31920416463392,2003.153024485571,0.2254483198172835,0.02126220509192411,10.48150021648489,0.11911059015136638,0.4,0.2,True,exact,14,3.9311098466320065,2026.7384819964586,0.0004491460205565678,13.688274168950736,18.269058838643307,True,1,10.576214482000069
922,4,3,4.385002487473145,2.1297337029628047,2003.3888507572135,0.47573890540142627,0.019525161033300365,11.274164140933447,0.11185634640235131,0.4,0.2,True,exact,12,4.385074620790511,2025.3141751872859,0.00035038053369274014,11.766843569463312,13.741395277740729,True,1,10.607020300999466
923,4,3,4.181941446504301,1.9486737276967745,2000.3729162529091,0.23320620851798468,0.017865223375913175,10.923364418533604,0.1209343756959542,0.4,0.2,True,exact,14,4.181854644226748,2025.4601382820272,0.00031489122881667164,10.587741139640878,12.93050785554118,True,1,10.766787501999715
924,4,3,4.429147251798969,1.8366744990254211,2004.0216606308456,0.7029577675528069,0.0168384269401093,11.349704039682333,0.09150525610497204,0.4,0.2,True,exact,12,4.429301263995368,2026.1693578824768,0.00021460853296839666,7.44714315898297,7.863247031318155,True,1,10.850370158999795
925,4,3,3.173332694762042,1.7901061114913246,2002.7987703002584,0.5625396646923398,0.01641149315754322,9.087578908443263,0.0944136376670834,0.4,0.2,True,exact,16,3.1727036144740883,2028.1839075616263,0.00021311744830998514,9.618485398449868,8.737407148879969,True,1,10.859885752999617
926,4,3,4.584368588968839,2.2076667388648734,2000.5877636980897,0.1484541512335811,0.02023964241361801,11.613348965099417,0.1270022057017107,0.4,0.2,True,exact,12,4.585079908440382,2028.0917294506423,0.00036337625096793946,10.18577352320253,14.433050579036628,True,1,11.092587965999883
927,4,3,4.5920975021350925,2.123730784984619,2001.187231291122,0.009634311318235656,0.01947012695085583,11.626398143233931,0.12833034340326144,0.4,0.2,True,exact,12,4.593744419719332,2028.7405915183158,0.0003828173362989684,12.558093600707974,14.901148062698077,True,1,10.743666055000176
928,5,3,5.141884574653713,1.8828956036942794,2002.8369032877079,0.7371544826195054,0.017262176872103612,12.536780043925058,0.09172648626004064,0.4,0.2,True,exact,11,5.1409896136312785,2028.5502605681565,0.0003074105574428776,12.704844221866534,9.39381122081844,True,1,10.966264300000148
929,5,3,6.299155584076024,1.8181189233259571,2002.3114071263128,0.6060281701586607,0.016668311491828788,14.353550695581257,0.11419437444609692,0.4,0.2,True,exact,9,6.299311841015937,2027.5006848640637,0.00022933946896463997,7.816761295070743,7.848064280284097,True,1,10.857153803000074
930,5,3,5.18495618559297,2.1445247509028507,2003.5753233142173,0.4773187970329142,0.019660763710986736,12.606693222091502,0.11814655917308212,0.4,0.2,True,exact,9,5.18518315125785,2029.5002907562891,0.0003334716567564566,9.70071511477635,11.577711418772138,True,1,10.89315693000026
931,5,3,5.670188595346627,2.1787934717103705,2002.4046666644854,0.18188107933826017,0.01997493552093706,13.381438223986777,0.1355082049623359,0.4,0.2,True,exact,9,5.671106210834371,2025.0853623433375,0.00039755081950143545,11.61260654715733,14.164793784440413,True,1,10.703363076999267
932,5,3,7.296345692358436,2.1649872224487066,2006.0731044658878,0.0407252296406641,0.019848361367687358,15.830989426980945,0.14960232359959835,0.4,0.2,True,exact,6,7.295410197347899,2027.9677930920436,0.00033805326486013865,9.511253716616732,10.334339873542024,True,1,10.801132607
933,5,3,5.957999344576425,2.196637061799714,2003.55362356438,0.7699957240052372,0.020138523564560525,13.830506702444135,0.09193767493923796,0.4,0.2,True,exact,9,5.958633577955172,2027.3867218118207,0.00034810897330384005,12.893336574611421,10.532409577094569,True,1,11.012207824000143
934,5,3,6.047050698010908,1.8587501677802343,2003.6835574640504,0.717599527039691,0.017040814208881865,13.967977620577448,0.09949197576046177,0.4,0.2,True,exact,9,6.046791327107359,2027.8715403084295,0.0002822967504105822,11.1745552886616,9.606870701658632,True,1,10.686243480000485
935,5,3,5.229197795706313,2.0280093131594326,2001.7895156242685,0.010212062930391253,0.018592563174158656,12.678304271278233,0.13386625482193126,0.4,0.2,True,exact,11,5.233335792083976,2027.9303508354199,0.0003160360851431898,12.196780219624713,11.95543736171393,True,1,10.752514920000067
936,5,3,5.018493850189518,1.9198325603261261,2000.2548465723737,0.1400278813969348,0.017600810770470123,12.335404298393325,0.13067992510126836,0.4,0.2,True,exact,11,5.017517016989164,2025.3475850849459,0.00032558081776357106,10.777336389383802,13.824208787520625,True,1,10.705319696000515
937,5,3,6.202760253842229,2.3396278540971296,2000.959378809326,0.7558762945159869,0.02144944719881688,14.206740714967498,0.09565369434306284,0.4,0.2,True,exact,8,6.202472652075719,2025.7717656083028,0.000356865218186897,14.087534085440032,11.364079023716117,True,1,10.740800798000237
938,5,3,5.7232779068136,1.7523170202327891,2003.475555970634,0.4287026063683225,0.01606504698396831,13.46483431506704,0.12479753135752296,0.4,0.2,True,exact,9,5.717335456891734,2026.368091827567,0.0002778126955893523,11.563664886401275,9.655911268838675,True,1,10.881640864000474
939,5,3,6.161055011743483,2.3459023665550514,2004.327186753513,0.21607675535587495,0.021506971229157356,14.142988290251331,0.13857262037840348,0.4,0.2,True,exact,8,6.159714530533573,2028.9694831221343,0.00042050863655762605,12.557534571468356,14.972394991287818,True,1,10.81245785200008
941,5,3,5.278223614457175,1.9100122335415433,2000.818980907861,0.8992483202049486,0.017510779109891215,12.757423741221157,0.06287313642278766,0.4,0.2,False,none,11,5.280088939246233,2027.2086087587313,0.00023822555890939956,7.651418391013872,6.87894157079597,False,0,5.57790460599972
940,5,3,5.968516689190022,2.3347334755446227,2005.1444615877276,0.06672680990279402,0.02140457608217789,13.8467780976729,0.13996997430427507,0.4,0.2,True,exact,8,5.967518220624503,2029.017260382498,0.0004152396031126271,14.544210729518083,13.854640456953367,True,1,10.89495627100041
942,5,3,6.32723054361894,2.070315852851137,2001.1933177865671,0.6110502624961657,0.018980424811082128,14.396167688881029,0.11424367918711381,0.4,0.2,True,exact,8,6.32791652759524,2026.500884860381,0.00035917219264858247,12.589117080068512,11.85744761322247,True,1,11.07941419600047
943,5,3,5.310233650943527,2.307385542536818,2002.7662428772016,0.6500021314304246,0.021153853282814546,12.80895041371464,0.10412837254415323,0.4,0.2,True,exact,9,5.309874699203308,2029.3224984960166,0.0003773711861404516,10.606057959548854,12.167675919236487,True,1,10.659856344000218
944,5,3,7.354933707424457,2.012268411329855,2005.1934828966707,0.7022265125651378,0.018448252341961978,15.915622604333798,0.10864995768503422,0.4,0.2,True,exact,7,7.355551258086172,2027.2613412742587,0.0003451391413604732,11.378816254207052,10.133010022975936,True,1,10.916454684999735
945,5,3,5.023768083529565,1.820698153212146,2001.4852238632752,0.40448497728595867,0.016691957583732053,12.3440454580728,0.12101614223183667,0.4,0.2,True,exact,11,5.025304003907732,2026.6012856445386,0.00023194980231966422,9.965383399738913,9.233851403483659,True,1,10.715141201999359
946,5,3,5.052836284100832,2.0342856194994,2002.5322632824966,0.555898147919958,0.018650103650609633,12.391615866148621,0.11099201525562846,0.4,0.2,True,exact,11,5.0532683330161285,2027.7959510400808,0.00033229155006264666,13.052295938252303,13.164527572687646,True,1,10.937859624999874
947,5,3,5.080613171478618,2.0587111463417536,2000.557239993427,0.01812297506834758,0.01887403415622012,12.436987865238066,0.1326142274535736,0.4,0.2,True,exact,10,5.081388275337553,2025.9594413766877,0.0003470502120012098,11.655898751744894,12.34282942871905,True,1,10.854142381999736
948,5,3,6.138828938676178,2.2208459776856877,2002.0226297075344,0.7472183940448899,0.02036046820508421,14.108953816874832,0.09640746618623972,0.4,0.2,True,exact,9,6.139332792933804,2026.5738936717353,0.00035805508292652277,10.352567540239876,11.338527640687841,True,1,10.85392984400005
949,5,3,6.745263011762842,2.2925244390317587,2005.8334702051025,0.4395701467375782,0.021017608343522294,15.023474458614487,0.13184286682063717,0.4,0.2,True,exact,8,6.747727860796228,2026.0716992073885,0.0004708808753035587,12.658560432784828,14.971962957249547,True,1,10.904682466999475
950,5,3,6.531593035665286,1.9780776576974517,2004.929201170903,0.04237040563883272,0.01813479532637648,14.70450927380738,0.1439449447833085,0.4,0.2,True,exact,8,6.533309286588944,2024.527740359767,0.0003332512297361534,11.691914944932439,11.029019604271545,True,1,10.71824672099956
951,5,3,7.425464963711447,1.9970189047875042,2003.3804491651456,0.4840769792311477,0.01830844656694722,16.01721085910446,0.13233284458697867,0.4,0.2,True,exact,7,7.422617754036011,2025.657462637108,0.0003383427647717374,9.43542219370155,10.43109875183915,True,1,10.626331053000285
953,5,3,7.753736151941736,2.0302986265720384,2005.4885637829268,0.8439247579381561,0.018613551344170073,16.485867426612604,0.08552462357867734,0.4,0.2,False,none,7,7.761686791585461,2028.7556072497564,0.00032853370313334906,7.249383676551837,6.359774724266571,False,0,5.481766588999562
952,5,3,5.537799163295033,2.008779325458287,2002.8249870218424,0.00942663660438261,0.018416264791872215,13.17232967487957,0.136415951272105,0.4,0.2,True,exact,9,5.537679297488841,2024.9826703149554,0.00036178111358853293,12.66340150449224,11.958067836807011,True,1,10.945769376000499
954,5,3,7.40313253925929,2.349561222989043,2000.978976587924,0.25544083476987733,0.021540515216826813,15.985079745007376,0.14592133844938787,0.4,0.2,True,exact,8,7.402107482918007,2030.599679931672,0.00045868238319068944,12.602590514783817,14.84291325962711,True,1,11.02262563899967
955,5,3,7.754667496248169,1.8054061107917823,2003.8903858782153,0.39434499132329004,0.016551761844532224,16.487187539575256,0.14039128420623295,0.4,0.2,True,exact,7,7.749659627962109,2027.1489788838865,0.0002741432010767708,8.564424291670228,8.821237839391568,True,1,11.017203417000019
956,5,3,5.881713488266863,1.8013629122240706,2000.1669628309073,0.29598098689930896,0.016514694251051235,13.71219668954469,0.13291963818891345,0.4,0.2,True,exact,9,5.882394007763273,2029.5744700388163,0.0002887448172582685,11.58109462858307,10.730494868588718,True,1,10.842675493999195
957,5,3,7.150150954641891,2.0752188693869913,2001.982190771003,0.6877320730800878,0.019025375119788943,15.6188096192184,0.10972341176927275,0.4,0.2,True,exact,8,7.150243276376861,2030.5863637305074,0.00029891390361669323,10.774527795842681,10.177582132161705,True,1,10.928710017999947
958,5,3,5.438322439451455,1.9563222208043047,2004.6651450410027,0.20005717461595707,0.01793534390759226,13.01410859539514,0.13290623273172875,0.4,0.2,True,exact,10,5.439797336648516,2026.411923721594,0.0003351897580018415,9.099156251317952,12.597534457013348,True,1,10.973820379999779
959,5,3,7.259901515168035,2.0070901330469972,2000.1565583158838,0.3236641526239635,0.018400778464261972,15.778229797063526,0.14154104929226163,0.4,0.2,True,exact,8,7.261659196885254,2029.196949287541,0.00034296041422610113,12.117158752620062,11.625291387066126,True,1,10.899163868999494
960,6,3,8.175307142289203,2.1195440296179986,2002.6445301528113,0.8370205113661198,0.019431743244655103,17.078137636452265,0.08879487326587986,0.4,0.2,True,exact,7,8.176436918427378,2027.173060755282,0.0003321469465161764,12.253121118122166,9.22004255588311,True,1,10.948926340999606
961,6,3,9.303350867540377,2.100160349844496,2002.8008829527466,0.32485648019045443,0.019254035830592466,18.61504359290683,0.1537830274494315,0.4,0.2,True,exact,6,9.300467159922896,2030.7045264797687,0.00032359418082850144,9.218649197109416,10.483802287733601,True,1,11.118421096999555
962,6,3,11.804540875201134,1.9543801886075718,2009.9593432895012,0.2587680314357772,0.017917539573031414,21.817443382240906,0.16962078231107577,0.4,0.2,True,exact,4,11.788961544648764,2021.7663052946489,0.00030225225678914835,8.50975751123616,7.42475666669596,True,1,10.95318740499988
963,6,3,9.855653998907302,2.0154492405091826,2006.0919554545367,0.12244343203427115,0.01847741382908095,19.344674341550792,0.1640479451122111,0.4,0.2,True,exact,5,9.850254617545078,2025.80382173509,0.0002652449365410092,8.539955712903305,7.0493313997339575,True,1,11.085227169999598
964,6,3,11.75984212917986,2.191603030161364,2009.0551761839624,0.8073131079774458,0.020092372124007756,21.762333016326533,0.10734624198931018,0.4,0.2,True,exact,4,11.76941171552521,2032.5753859310503,0.000342799382338943,8.108323872381204,7.227565026727113,True,1,10.820819081000081
965,6,3,8.189099273153385,1.8884966404680468,2003.6427390936424,0.36135288610576766,0.01731352655249281,17.097339991850216,0.14509334988047012,0.4,0.2,True,exact,7,8.18875292175738,2028.2103212652721,0.0002678212048771167,11.273877562551958,9.448949870685567,True,1,11.120279144000051
966,6,3,8.5152393084027,2.2601340824283906,2004.444282956434,0.3192709792416293,0.020720657167078507,17.54832608234364,0.14984896159611902,0.4,0.2,True,exact,6,8.515563010627291,2029.9870015318818,0.0003966963172383764,12.714789497866322,11.88921433833276,True,1,10.673403656000119
967,6,3,9.701474152982588,2.189384080282968,2003.2677033215564,0.11089093145236578,0.020072029039029462,19.1423951963066,0.16366340680562141,0.4,0.2,True,exact,6,9.701734946214303,2022.6697198924285,0.0003633982590359741,12.790570003634667,10.649639184260044,True,1,10.783157635999487
968,6,3,11.397250758581789,2.1226272250065925,2003.801700867528,0.8520476534215196,0.019460009636070932,21.31266996542792,0.09536725650758296,0.4,0.2,True,exact,5,11.398033700998917,2026.6115049019977,0.00039631837832998507,7.879960046563628,7.399003308429966,True,1,10.936170054000286
969,6,3,10.060370058826903,1.8137447358640877,2002.0677787876812,0.06210682086420131,0.016628209429085435,19.611633175207075,0.16576647179784268,0.4,0.2,True,exact,6,10.063624683492437,2032.2481240504774,0.0002285617796603523,8.690174228927368,7.0237441568593235,True,1,10.927408481999919
972,6,3,9.764958222003969,1.7631368960327263,2002.3270485633122,0.8327293412287302,0.01616424239842796,19.225813144940428,0.0942555776425861,0.4,0.2,False,none,5,1.1481943949404068,2027.5832279785698,0.0001407213927500095,4.920191733935162,4.4602576949293455,False,0,5.452979628000321
970,6,3,8.79056704919706,2.2141238961675973,2007.886052796293,0.102859907209906,0.020298840911523,17.92458259984274,0.15855016410371342,0.4,0.2,True,exact,6,8.789698000579374,2025.4720210011587,0.00033767955622709955,11.210582553716609,10.889432733509844,True,1,10.907446076999804
971,6,3,11.40495205827653,2.0024268518543615,2010.0728879412975,0.40206303645427344,0.018358026022441142,21.3222697530102,0.1593785132697185,0.4,0.2,True,exact,4,11.394292444134908,2032.8700848882697,0.00035591489377828633,9.479228497941314,8.939461557379598,True,1,10.711488672999621
973,6,3,8.438210971588884,1.8874477437047386,2001.6417710686858,0.8078627868364392,0.017303910383963193,17.442338492580415,0.09533130778097101,0.4,0.2,True,exact,7,8.437979832671832,2026.9564394980155,0.00028716151326591,10.064198263006016,8.725698847950298,True,1,11.112877259000015
976,6,3,10.609605599820297,2.190022532080549,2007.0724272441278,0.8862785598512481,0.020077882293895285,20.319075806179583,0.0840296904977237,0.4,0.2,False,none,5,10.613327639914292,2028.2813427798285,0.00028518437772673266,5.745575521925748,5.54042819959018,False,0,5.44346176199997
974,6,3,11.603493308291249,2.0416798250316095,2007.992136714893,0.41775937207902014,0.018717892902162008,21.569014123218412,0.15918280217060254,0.4,0.2,True,exact,5,11.5966076154758,2031.2033089809515,0.0003692554954435323,11.190859587224127,9.700855491190897,True,1,10.846437589999368
975,6,3,10.977375280094373,2.2768554974002835,2007.3247025265098,0.22337812150148553,0.020873957234395214,20.785962132557,0.167528377843675,0.4,0.2,True,exact,5,10.97754197781224,2029.2822089556246,0.00035526778641148393,11.268888602383006,9.541883815212197,True,1,10.967449443000078
977,6,3,12.297803124627812,2.157152047672428,2009.5823217087159,0.6807038919220109,0.0197765293592921,22.42106037616342,0.13265911056514376,0.4,0.2,True,exact,4,12.297595188567234,2021.8798764385672,0.00032566099929787207,9.524190997143643,7.646669337278481,True,1,10.86906083300073
978,6,3,10.978333556898077,2.2039849508493536,2007.0711455413539,0.6713208548274657,0.020205888191766944,20.787171797287392,0.12924011972684427,0.4,0.2,True,exact,5,10.978142632143182,2029.0270977642865,0.0003190886785745528,10.524793120360757,8.322637408918474,True,1,10.881311383000138
979,6,3,8.64646912089842,2.275354488182407,2000.4431496546915,0.2447026893078166,0.02086019614931179,17.72815964434226,0.1539607320171449,0.4,0.2,True,exact,7,8.647333164481697,2026.3827807434452,0.0003611046751442748,9.45955368907438,12.505787121439166,True,1,10.737788839000132
980,6,3,9.009493668677148,2.066149432440662,2004.5383943572372,0.2633379967576327,0.018942227533491143,18.220965270199475,0.15501533448137747,0.4,0.2,True,exact,5,9.009788554778716,2031.567990664336,0.000309746773557551,9.906120310922777,8.799911468648082,True,1,10.78007433500079
981,6,3,8.232181534985797,2.325470722404067,2007.9993156684507,0.5550068505913476,0.021319656194574356,17.15725278563395,0.13106523734551473,0.4,0.2,True,exact,5,8.229565042020294,2024.4663175840408,0.0003429200547542255,8.013955436619158,9.127915972206667,True,1,10.850449828999444
982,6,3,9.13626613722755,2.0539622754796873,2004.1903086453947,0.08366874258938854,0.018830497037856827,18.39149155419119,0.1606422619462202,0.4,0.2,True,exact,4,9.13754396395473,2031.5953818918642,0.0003126085698289538,10.52131030487738,8.230605524468855,True,1,10.770066291000148
983,6,3,11.251047597425197,2.0805914235992384,2003.6954398593928,0.02921239544398758,0.019074630097539604,21.130013054820626,0.17271879125220357,0.4,0.2,True,exact,5,11.247080670170767,2026.1948488403416,0.00031321016897190024,9.627680644081888,8.522419212259086,True,1,10.685225322000406
984,6,3,10.06344941666557,2.2360935449600228,2000.8902228895915,0.509866367992283,0.020500256201106112,19.61563489386984,0.14445785450935447,0.4,0.2,True,exact,5,10.057752980857101,2031.0811339425713,0.00033480487511705626,9.484395019720706,8.190683977162424,True,1,10.62515860900021
987,6,3,9.373069077694963,2.0097144392864243,2003.7247054703669,0.8799710841223758,0.0184248378111438,18.70792711261502,0.08186297191564941,0.4,0.2,False,none,5,9.37711272903378,2031.8424319371013,0.0002821157161522203,5.540296856493986,5.446072542618068,False,0,5.30364346100032
985,6,3,9.939908165868559,2.124052581959047,2006.2364531194614,0.07340907728093325,0.0194730771496234,19.454767218821587,0.1654452908620257,0.4,0.2,True,exact,5,9.941217024044839,2026.1187777980897,0.000371459682376174,10.392187614311338,10.619071227239877,True,1,10.6544492539997
986,6,3,11.519401385743656,1.8820211009064343,2007.1888474354466,0.6766509780334903,0.017254159528088727,21.464679007139882,0.12984678605595046,0.4,0.2,True,exact,5,11.518404733706836,2030.2285594674136,0.00027713780367033536,9.958458558069385,7.61703994220014,True,1,10.727173419999417
988,6,3,10.094536199961665,1.9701959405163223,2002.3340051584655,0.13635075991722262,0.018062536622404996,19.656010279389477,0.16500094878504787,0.4,0.2,True,exact,6,10.096164511294837,2022.5183602725897,0.0002768826774922628,11.392551868178165,8.530896765131308,True,1,10.846722506999868
989,6,3,8.972787974246716,1.9952653017535011,2002.925335943806,0.3722873803121691,0.01829236972993245,18.171442091720017,0.14907073295431167,0.4,0.2,True,exact,6,8.968964649635728,2029.8376126989074,0.0003864137858008432,12.62318164617878,11.105218489108,True,1,10.576946217999648
990,6,3,9.397325433649957,2.0312928499919263,2007.7868642871954,0.06171074251249888,0.018622666273585605,18.740189091866814,0.16237193479126194,0.4,0.2,True,exact,6,9.403487352901292,2026.5777247058024,0.00027589026104279935,11.322679457287217,8.334043027526452,True,1,10.792444034000255
991,6,3,10.099479932036251,2.2076765153088047,2010.0410858969412,0.12571093612644976,0.020239732042965485,19.662427356017446,0.16561250308462985,0.4,0.2,True,exact,6,10.09819022953818,2030.2437554590765,0.00036614076387597727,12.24512822128933,10.27733783968718,True,1,10.826481155000693
993,7,3,15.115208321313995,1.962248933695638,2008.7039954443915,0.07474372776695055,0.01798967935030063,25.726490688334238,0.18991878435863752,0.4,0.2,False,none,4,15.10468620039702,2023.835811200397,0.00027523817307362197,9.507779999299595,6.892481755582566,False,0,5.351634257999649
994,7,3,14.133250252142947,2.2945763076935006,2006.691920329372,0.8908106097136097,0.02103641964654293,24.59985175862577,0.09131656104845859,0.4,0.2,False,none,4,10.80315526607826,2024.1341855321566,0.00030412679596447667,5.174902164526424,5.53073972398729,False,0,5.5043833390000145
992,7,3,19.711999066249827,2.2418624469708903,2005.4125512468236,0.6496144198610615,0.020553144851264964,30.70847412778248,0.16087866410689022,0.4,0.2,True,exact,3,19.74143110223997,2025.11983110224,0.00046485634446591373,8.700443474921478,8.469509873437769,True,1,10.845866118999766
997,7,3,14.19539754592637,1.9049277543988554,2003.5011624286115,0.4287408887636341,0.017464165172245708,24.67191331294734,0.1690566693974507,0.4,0.2,False,none,4,14.193121322456854,2031.8974613949135,0.00026912419603863924,7.353300235924184,6.623124159481341,False,0,5.486177087999749
998,7,3,14.93954818960424,1.800867920531221,2005.2539147243333,0.3465965184717551,0.01651015622242372,25.526783776845487,0.17807680908935683,0.4,0.2,False,none,4,14.911168592608178,2020.2324185926082,0.0002302514685175172,6.5275838861726285,6.092740365814407,False,0,5.493356349000351
995,7,3,15.759059408327365,2.0659982063725586,2000.01662330509,0.38812342830990215,0.018940841109766876,26.451967831265655,0.17871864976201976,0.4,0.2,True,exact,4,15.743593439797237,2031.5349993795944,0.0003890039048310978,9.444087845223297,7.532102749242436,True,1,10.93396775400015
996,7,3,13.000623977990328,2.127422324842019,2001.3879578117212,0.4081025090745262,0.01950397057650551,23.26736782710261,0.16623335873075815,0.4,0.2,True,exact,5,13.000110399844107,2027.384720799688,0.0003311579105350626,12.274703665118155,9.267020391401665,True,1,10.796563673000492
999,7,3,19.89516471820716,2.0789880062806523,2016.2400523640995,0.049498862781221696,0.019059930146411712,30.89841131676051,0.20865435235155275,0.4,0.2,False,none,2,19.82286776456572,2036.0957677645656,0.0003794988232090901,6.426088873745027,7.178026743630165,False,0,5.409470476000024
1002,7,3,16.512693253703155,1.9688489420740534,2015.9071690511366,0.6164883548158465,0.018050187490933622,27.288713785016064,0.15611098956781247,0.4,0.2,False,none,3,16.509017045912667,2032.4292295459127,0.00024627767552598545,5.958859333644493,5.537925523621917,False,0,5.285074401999736
1000,7,3,13.526557766008702,2.1195380122314558,2004.7126533607266,0.18036947112706564,0.019431688077926473,23.89072440330225,0.18088391778168258,0.4,0.2,True,exact,4,13.522716823435596,2031.7644336468713,0.00032726388251380634,9.20752817721892,8.023597099798453,True,1,10.912917231999927
1001,7,3,17.33896737214291,1.917385307712411,2001.6929653622153,0.44095948641520244,0.017578374631479845,28.191614209677574,0.17959178840098533,0.4,0.2,True,exact,4,17.344665255918866,2019.029465255919,0.00028976837449601334,9.405651215088044,7.999501142533723,True,1,10.884931282999787
1003,7,3,17.02107296111209,2.1081042240779158,2007.9798216998017,0.3484951179039887,0.019326864383486207,27.845973977491564,0.1864300688609369,0.4,0.2,True,exact,3,17.011778027633078,2025.008165527633,0.0003276222344517077,8.312338095564359,7.578334657520805,True,1,11.381133745000625
1005,7,3,13.039477320626862,1.8165295389077158,2003.364255438561,0.4907170565680552,0.016653740192765994,23.313702286478108,0.1585907121553488,0.4,0.2,False,none,4,13.040955806769963,2029.45053661354,0.00022361574002949247,5.7227580438246015,5.999869216194443,False,0,5.581631416999699
1006,7,3,12.861127736310703,1.87941087441192,2007.9222193946948,0.41827119220818754,0.01723022926273777,23.100630055169677,0.1643969141374296,0.4,0.2,False,none,4,12.859328922109572,2033.6684703442193,0.0003040256147976983,7.023543629548703,6.490524521099351,False,0,5.58949055300036
1004,7,3,12.705458301939226,2.1870034934745726,2009.6193229363448,0.33793852088482434,0.020050204084706296,22.91384727999879,0.16993910284946406,0.4,0.2,True,exact,4,12.70870939585018,2022.3319593958504,0.0003547701070120146,12.29115778151488,8.620567980098077,True,1,11.21882559200003
1010,7,3,18.352844781062448,1.7587441559153656,2002.352901747341,0.6331910637508469,0.01612397024700847,29.280155924058125,0.15861644861343652,0.4,0.2,False,none,3,1.1480925604082888,2027.6081276997988,7.527823768593844e-05,5.752037539455722,4.906235459907306,False,0,5.468276420999246
1007,7,3,15.936630617828067,2.0188011276411975,2008.8837176095508,0.07766888367563939,0.018508143556429955,26.650301611287652,0.19335240394096082,0.4,0.2,True,exact,2,15.923534642237257,2024.8245346422373,0.0003993142034381947,7.456186145660562,7.4963907294788195,True,1,10.815090618000795
1008,7,3,15.07189646471003,2.2425789566361254,2005.8470513653606,0.49061749774632946,0.02055971373195468,25.677321892057158,0.16726594948922988,0.4,0.2,True,exact,4,15.070014933916303,2020.9151399339164,0.0003971777667334253,12.28554751588036,9.356591535529853,True,1,10.937633425999593
1009,7,3,13.689009850585716,1.8805095725578465,2000.5713344844055,0.3840601304232591,0.01724030200478827,24.08162641260826,0.17050287320013377,0.4,0.2,True,exact,4,13.694468074004611,2027.9356861480092,0.0004037399424138277,10.723341969357516,9.198739961637598,True,1,10.896572494999418
1011,7,3,18.645016906185525,2.071944903496258,2010.7344212478174,0.6820445014238379,0.01899535976568849,29.59009174608382,0.151904256907861,0.4,0.2,False,none,3,18.630116702456213,2029.3645292024562,0.000365005501027027,7.580351892829332,6.7957143051315425,False,0,5.301766606000456
1015,7,3,16.720801623714465,1.8001687523112284,2006.9977514403681,0.675895585202439,0.016503746326169678,27.51751342380786,0.14691399892078505,0.4,0.2,False,none,3,16.724785466227182,2023.715085466227,0.000286432562636052,6.067876275411355,6.718433968744822,False,0,5.354999488999965
1012,7,3,16.910805856910102,2.310538258620167,2000.3248826623362,0.5407302584332843,0.021182757032205384,27.725581263827408,0.16824444938024025,0.4,0.2,True,exact,4,16.911867145744544,2034.143009291489,0.0003663913210975034,11.798781009424046,9.30231991846259,True,1,10.75845487800052
1013,7,3,13.571420126881076,2.3510069161148484,2003.4238284595492,0.11743528552633374,0.021553769170148215,23.943519442281833,0.18314506232633337,0.4,0.2,True,exact,4,13.57064827715171,2030.5764840543034,0.00045473525995387565,11.373011377806531,12.216879462534251,True,1,10.666849121999803
1014,7,3,17.19570599669697,2.032361271829052,2010.6536513090273,0.17984451900621726,0.01863246144581411,28.036112769336494,0.19579195049823717,0.4,0.2,True,exact,3,17.19227914155298,2027.850979141553,0.0003517008424619439,9.687011831184494,8.282248167245845,True,1,10.97393478000049
1016,7,3,18.710087211377683,1.8905327004024406,2015.845677206557,0.665264561769582,0.01733219292286446,29.65889719315844,0.15460804015750762,0.4,0.2,False,none,3,18.70533055769443,2034.5529805576944,0.00029516011105845674,7.453629492860893,6.373228627959443,False,0,5.413171284999407
1020,7,3,17.348351252759887,2.003743352649209,2015.8552530715162,0.47283769319399993,0.018370095554882736,28.201784860943697,0.17666325580357323,0.4,0.2,False,none,3,17.34922345700935,2033.2065484570094,0.00024349061430328778,6.428687454357887,5.775343080969321,False,0,5.149947029000032
1017,7,3,15.997319643084541,2.1535703899611836,2011.8938933703546,0.7503400579968654,0.01974369312090186,26.717917577828587,0.1316779667769318,0.4,0.2,True,exact,3,15.965781029122395,2027.8808810291223,0.0003520791756411734,9.298923964452191,8.047886343200542,True,1,10.683799804000046
1018,7,3,16.183397516001794,2.271870906458824,2011.5393061551222,0.7528956455449657,0.020828259060636806,26.924703244636397,0.1319599259582095,0.4,0.2,True,exact,3,16.186141522496094,2027.7245915224962,0.0003322389425862715,7.051244105355354,7.024860582194497,True,1,10.736474053000165
1019,7,3,13.47443395991382,2.246156617079461,2006.7859672298341,0.10559598798896197,0.020592513323838595,23.82931057100945,0.18276799778339128,0.4,0.2,True,exact,4,13.472251559039824,2033.7451281180797,0.0003854495270479985,10.831208464282392,9.931333732630245,True,1,10.972216533999926
1021,7,3,15.085500097964166,1.9793158655933896,2003.9282125872053,0.8932388217340527,0.018146147078253842,25.692770173378342,0.09138097345249621,0.4,0.2,False,none,4,0.7005578833681944,2027.0744873284082,7.395924350128702e-05,4.686640348220196,4.6662608895549695,False,0,5.295032686000013
1023,7,3,19.86540456590444,1.75961974284536,2009.1786907848084,0.5463103331561431,0.016131997530317653,30.867590734929706,0.17556468177302337,0.4,0.2,False,none,3,19.865451904192824,2029.049951904193,0.0002384551900462828,5.735380385671134,5.659586346567296,False,0,5.604272917999879
1022,7,3,17.639659414259224,1.905427380058538,2001.6631789568576,0.22140601693241382,0.017468745684564267,28.516611637368168,0.1955828040097221,0.4,0.2,True,exact,4,17.641135863912602,2019.3052358639125,0.0002960891182954839,10.167508435981683,8.018405404874892,True,1,10.84232245899966
1024,0,4,0.5574333720869935,2.9986286533759174,2000.4202859964419,0.8367754865955422,0.02749109302011922,2.850360346270835,0.03914619188453237,0.4,0.2,True,exact,95,0.5574432932011015,2027.1767442194864,0.0006376964252733375,19.11631088588565,42.15165463117173,True,1,10.315020688000004
1025,0,4,0.6428290521146031,2.482620499143081,2000.4585376623666,0.33127007802371844,0.02276038781886515,3.1344988978335717,0.06458921691905539,0.4,0.2,True,exact,82,0.642830384191576,2027.4578605110462,0.0005445201322891169,16.26709344550168,43.39338007617148,True,1,10.13869885799977
1026,0,4,0.7889053341340713,2.8714037004446693,2000.3222624174093,0.5314457216743351,0.026324708842613405,3.5929765748847755,0.06269701489560243,0.4,0.2,True,exact,68,0.7888999734088615,2027.1448647209013,0.0006857783774569803,18.109088962151873,49.81341214171739,True,1,10.083550379999906
1027,0,4,0.6714278924620822,2.9264701053713167,2000.0124881875638,0.11071979190739278,0.026829551500745716,3.2267900559171876,0.06883808632204257,0.4,0.2,True,exact,79,0.671154470105482,2027.545002545158,0.0007634009576167333,15.970693928959285,52.550595232976434,True,1,9.999635444999512
1028,0,4,0.5460038464081672,2.467505005466086,2000.5344893068097,0.06814957847243278,0.022621810658851865,2.811263747252492,0.064574186772644,0.4,0.2,True,exact,98,0.5460275958869597,2027.288555323461,0.0005548177871190774,18.154779471879223,47.10076457194859,True,1,10.348506925000038
1029,0,4,0.7396005646276037,3.0477588345195494,2000.2724291848174,0.41678335397647776,0.027941513040749082,3.441670426782803,0.06559789280650957,0.4,0.2,True,exact,72,0.7396267259974502,2027.6376732369056,0.0008220389919295634,15.918934312701342,65.21903162742221,True,1,10.242762833000597
1030,0,4,0.604995396178159,2.6980449982816843,2000.12067953871,0.7672721042714195,0.02473537559801698,3.0102726809489897,0.04535579403582883,0.4,0.2,True,exact,87,0.6049986483318887,2027.3452516749348,0.0005653655223890608,19.382969132219397,38.71072044933039,True,1,10.736307328000294
1031,0,4,0.6036565822648082,2.766739981391821,2000.3523050873378,0.7694975328422402,0.02536516354077213,3.0058300214264446,0.04523098342873704,0.4,0.2,True,exact,88,0.6036509776400726,2027.5170283688033,0.0006093186798382666,19.209283579854638,41.60811801715854,True,1,10.858700423999835
1032,0,4,0.686747900274392,2.478199429051549,2000.1175553311487,0.427469353504584,0.02271985594140245,3.2756891652109488,0.06342302994623247,0.4,0.2,True,exact,77,0.686759379645465,2027.5875626858185,0.0005414638786311876,17.247140660654605,43.798126907172865,True,1,10.502239221000309
1033,0,4,0.7698080685875249,2.5725037849117114,2000.3560471667809,0.7746858480966128,0.0235844277570007,3.534755915034495,0.0478368815404197,0.4,0.2,True,exact,69,0.7698223156105759,2027.29924979637,0.0005094724714660437,16.90642914780241,29.66992522652381,True,1,10.679199071999392
1034,0,4,0.7192547674065156,2.6334952085978927,2000.172964775775,0.6411917975491416,0.02414359032623001,3.378259112124415,0.055669554273908496,0.4,0.2,True,exact,74,0.7192665884596773,2027.5046564031345,0.0005734756128837892,18.27311160611814,41.517480760141616,True,1,10.316459693999604
1035,0,4,0.6098291428643658,3.1355100161414833,2000.5916846954697,0.5105160627271177,0.02874600608588759,3.0262855717343573,0.05902672732969892,0.4,0.2,True,exact,86,0.6098319505138818,2027.4234261351107,0.0008227614539660921,16.345302802456832,68.82684640094453,True,1,10.083106967000276
1037,0,4,0.7636177821242495,2.908319034324369,2000.249176094746,0.33752962182312457,0.026663144506000082,3.515780983915392,0.06823768845702194,0.4,0.2,True,exact,69,0.7636048752523843,2027.7397755090858,0.0007504214525846375,16.205027357575595,58.61324741076998,True,1,9.6868274010003
1036,0,4,0.5162743366292184,2.370536217490296,2000.029268704624,0.8510740264541911,0.021732811626814515,2.708267027169247,0.03643271952351955,0.4,0.2,True,exact,103,0.5163012072305381,2027.3921866394685,0.0003768853811488837,20.96831598031636,24.295381346749288,True,1,10.73461963599948
1038,0,4,0.6958363646226903,2.9538766835480126,2000.0622150464703,0.3110959872642854,0.027080811952476035,3.3045262414082273,0.06691388007865874,0.4,0.2,True,exact,76,0.6958778830382251,2027.1997843134907,0.000799232569177688,18.47130756316681,66.36245670811647,True,1,10.255220173999987
1039,0,4,0.5853372880146642,2.478006692027268,2000.567038213252,0.16525424862187757,0.02271808894986218,2.9447058430819646,0.06528821581291333,0.4,0.2,True,exact,90,0.585333059903568,2027.4917270055641,0.0005777959524175813,18.08882385221274,49.27109227810548,True,1,11.1955592409995
1040,0,4,0.5058094692461251,2.567802053188945,2000.405052128852,0.018270869046407723,0.023541322805008497,2.671544592846205,0.06329444271390328,0.4,0.2,True,exact,104,0.5058049461557271,2027.2139121462535,0.0006262168251879308,16.67357953682106,52.68530886002556,True,1,10.70199820200014
1041,0,4,0.6785794330509679,2.53175329728092,2000.3280446589433,0.04916063512105367,0.023210831831806004,3.2496624521417776,0.06911330175908624,0.4,0.2,True,exact,79,0.67855948860471,2027.4724576691883,0.0005831100964264202,15.391995731062709,49.29825904843535,True,1,10.75330108900016
1042,0,4,0.7279352603460417,2.586792027359724,2000.4304412714855,0.2988108878524692,0.0237154207700202,3.405385599191267,0.06784550116411966,0.4,0.2,True,exact,73,0.7279491710946634,2027.3638068305027,0.0005989247938199549,15.551869366789619,47.26934707742044,True,1,10.655273848000434
1043,0,4,0.5465944689611143,3.1355553287207605,2000.0984199263378,0.3972732884410505,0.028746421506560132,2.813290712910097,0.060492327298444906,0.4,0.2,True,exact,99,0.5465744354562494,2027.4280056269793,0.0008610321229787221,18.209259860144492,71.82841351910689,True,1,10.428550847000224
1044,0,4,0.5041232285524622,3.049514068096152,2000.0217762396226,0.7510789133268065,0.02795760482639653,2.6656037867894646,0.04460657097100868,0.4,0.2,True,exact,105,0.5041222090541609,2027.2444742889245,0.000725236943727503,16.955043577229297,52.889749500978766,True,1,10.352722491999884
1045,0,4,0.5624535270979487,2.423506022767002,2000.1128941803584,0.7426459585427923,0.02221843289321578,2.867448018936536,0.045908268163849,0.4,0.2,True,exact,95,0.5624451570807235,2027.6732892594555,0.0004654586599683874,19.15955524502984,32.00105707638649,True,1,10.461256241999763
1046,0,4,0.7554010637272048,2.715229089197079,2000.514519371324,0.8409491885103845,0.02489291742677575,3.490515081139356,0.041791859077288204,0.4,0.2,True,exact,69,0.7554153301909138,2027.7084935535395,0.0005017462511071047,17.778600873271955,30.253924205239485,True,1,10.60272718899978
1047,0,4,0.7060301284644854,2.771656701150124,2000.0273693832114,0.016207098571874422,0.02541023947909387,3.3367214008981296,0.07019172348987103,0.4,0.2,True,exact,75,0.7059309516832758,2027.5645102406477,0.000683708548172679,16.159944893290692,52.63426243532203,True,1,10.182788162000179
1048,0,4,0.5356025828836994,2.6005314159114925,2000.2269949844997,0.5447234875285943,0.023841381951739387,2.775446749061877,0.05527089653094835,0.4,0.2,True,exact,98,0.535598439033393,2027.5417573698699,0.0005848928466838377,18.852276809440898,45.47056673898357,True,1,10.2842843920007
1049,0,4,0.7552842566113207,2.434488554789168,2000.1095348343197,0.6443713726162797,0.022319119521777765,3.4901552479969578,0.056136282030848535,0.4,0.2,True,exact,71,0.7552909090303197,2027.2995222042582,0.00044665650715913774,16.44624380495916,29.748121841190738,True,1,10.419041479000043
1050,0,4,0.5397441571350672,2.723090262396103,2000.1561386800074,0.8932684509196521,0.024964987785810817,2.7897358954361597,0.032874226898243,0.4,0.2,True,exact,99,0.539754189361626,2027.142657384748,0.000497116080133031,20.89855264265523,31.32216699446046,True,1,10.563662253000075
1051,0,4,0.6804215038681739,2.681846396561158,2000.4047560143636,0.5121904012829749,0.024586868624272996,3.2555408141297715,0.06056632339081295,0.4,0.2,True,exact,77,0.6804105419916477,2027.621695117166,0.0006177169891751211,16.76367955962634,47.32737751101266,True,1,10.633284059000289
1052,0,4,0.700249628528505,2.757601735985772,2000.4979253973136,0.15051259441911405,0.025281385126190672,3.3184839039284837,0.06930146330103927,0.4,0.2,True,exact,76,0.7002383999311838,2027.107106072385,0.0006987949286760831,15.389053127690573,54.18246926140108,True,1,10.465934541000024
1053,0,4,0.764654052202108,2.956107032093905,2000.6773305251056,0.022043229380368522,0.027101259539166502,3.518960999878613,0.07207559288888207,0.4,0.2,True,exact,69,0.7646408466709459,2027.4401640084832,0.0007726927764005742,15.170117622268611,60.806435449658494,True,1,10.17070496999986
1054,0,4,0.6960258822301117,2.79745243506161,2000.1413807893412,0.20169112902052744,0.02564673189027807,3.30512622680132,0.0686276387082658,0.4,0.2,True,exact,76,0.696001335700268,2027.2866302173104,0.0006896621239994571,18.12617586400996,55.279203797261786,True,1,10.194517451999673
1055,0,4,0.7110823581688367,2.961214412608453,2000.2838232873678,0.2050417830424929,0.027148083434034753,3.3526204781231845,0.06914785460080085,0.4,0.2,True,exact,74,0.7110929036515902,2027.3047334637604,0.0007767576550943289,17.68847587571598,61.36455849668354,True,1,10.254173235000053
1056,1,4,0.8964045034295672,2.383386749196966,2000.038540097243,0.3438913759586883,0.021850623868122997,3.9123750188648327,0.07118667300295047,0.4,0.2,True,exact,60,0.896364912520989,2027.8263747881506,0.00048826458197948064,14.950339011820947,34.70374982395757,True,1,10.245754972999748
1057,1,4,1.1755232392546475,2.805176772824405,2001.1519145453078,0.061858498334538305,0.02571754775729673,4.687327195809823,0.0824036841411031,0.4,0.2,True,exact,45,1.1756205612690498,2027.012089847919,0.0007001305108396139,15.973367964283547,44.17460645633107,True,1,10.2567133069997
1058,1,4,1.1112683866607045,2.8422851248324146,2000.0174728626944,0.342055981809716,0.026057752989354067,4.514923857989549,0.07660523308098591,0.4,0.2,True,exact,48,1.1108862079971198,2027.803405199928,0.000679156906607914,12.62165847267297,40.07192719642153,True,1,10.557881933999852
1059,1,4,0.8212802955200666,2.507725002562027,2000.7916378662749,0.06408175669890968,0.022990543105995204,3.69061486102729,0.07328747809110722,0.4,0.2,True,exact,65,0.821242428488069,2027.0719452116182,0.0005628772938210957,15.224577323618755,43.88136625401024,True,1,10.496986311
1060,1,4,1.2566206752248628,2.4655036811931934,2001.1120481267722,0.7620012831804478,0.02260346274115036,4.900502231925997,0.056537376947855794,0.4,0.2,True,exact,41,1.2566591586474354,2027.5014959774294,0.0004255028015813789,16.345895380818675,21.33262401697568,True,1,10.634335007999653
1061,1,4,1.236546011147629,2.5998744338213684,2000.7354755217693,0.4665856590971771,0.02383535881321844,4.848171541553904,0.07478222842668229,0.4,0.2,True,exact,43,1.2365364138968706,2027.9397386057312,0.0005747658840319358,14.960009273270106,32.59593169701768,True,1,10.44167756800016
1062,1,4,0.9642309015371539,2.656397912528841,2000.9434457617363,0.4121262715703858,0.02435355976124795,4.1073195069290955,0.07106629341691735,0.4,0.2,True,exact,55,0.9642554178695408,2026.9782556574776,0.0005912886242753768,15.350591220091646,39.605652887683064,True,1,10.706411885999842
1063,1,4,1.0147170261751306,3.021848268271728,2000.2443481233893,0.6219996337696455,0.027703967859514022,4.24946662271435,0.06326327138436716,0.4,0.2,True,exact,52,1.0147462153840043,2027.642288440368,0.0007174941364936904,13.446352967581314,45.24682613970167,True,1,10.605603906999931
1064,1,4,1.069601013418489,2.978147697420942,2001.0130870800604,0.31834958923261003,0.02730332590041758,4.401347524430959,0.07639255008236988,0.4,0.2,False,alias,50,0.5347846884911153,2027.2173594245558,0.00041989081391979877,12.871432545218399,40.51404505787717,True,1,10.197149137000451
1065,1,4,0.8535508607722333,2.487999171490068,2000.8269621354223,0.12302654556938579,0.022809698886992677,3.786669432130483,0.07379635355340224,0.4,0.2,True,exact,63,0.8535686703748765,2027.2868006566212,0.0005595356047581879,14.847156749141261,43.70801883650753,True,1,10.32083615799911
1066,1,4,1.0512363954116406,3.00938877898901,2000.5937104250922,0.6273332050244614,0.027589740651530553,4.350822672443722,0.06363858199572976,0.4,0.2,True,exact,52,1.051287036712608,2027.9252598295277,0.0007412976372813684,13.82377215618153,46.48286672601701,True,1,10.211935977000394
1067,1,4,0.903083083793606,2.807659234226184,2000.6522636524412,0.4609321457936927,0.02574030668652871,3.931783498274476,0.06809588063716034,0.4,0.2,True,exact,58,0.9030795504658555,2027.7447302639757,0.0006617035438618579,16.843541707560377,43.46806301506193,True,1,10.266756846000135
1068,1,4,0.8634510821455217,2.882936766679053,2000.4804784249768,0.2238944978885955,0.026430442707425138,3.8158938303218766,0.07313434127508521,0.4,0.2,True,exact,61,0.8634456886909437,2027.2472850994193,0.0007514840970606063,15.005458600278368,54.55586009037509,True,1,10.242226807000407
1069,1,4,1.2478004556538043,2.7077418725358577,2000.8177027815132,0.40607521634825444,0.024824275459567276,4.877544241379593,0.0773778794141621,0.4,0.2,True,exact,42,1.247805593495672,2027.0218862134093,0.0006032454423904321,14.242802200122483,36.05991544033823,True,1,10.35236675499982
1070,1,4,0.9569114767808838,3.1107301535395075,2000.8355810389355,0.70622390612088,0.028518827069556323,4.086507493518645,0.05691519521328926,0.4,0.2,True,exact,55,0.95692828354882,2027.628952876867,0.0007332849980427047,17.301327943964267,41.10266280886223,True,1,10.439564539999992
1071,1,4,0.8609740429838046,2.9347139442665937,2000.5814516261876,0.31692218526647864,0.026905130096200606,3.8085923987052133,0.07133378098020332,0.4,0.2,True,exact,62,0.8609766797422552,2027.2723083220098,0.0007895036668802424,17.55388781693319,55.31463797386358,True,1,9.576315742000588
1072,1,4,0.8404369954220039,2.6728020124282015,2000.8398196414037,0.6913876356796411,0.02450395071937374,3.7477841058459602,0.055301883413089586,0.4,0.2,True,exact,64,0.8404221957387714,2027.7333540136408,0.0005467749593800475,16.879308117094503,35.345167332258,True,1,9.91384879799989
1073,1,4,0.8714277923861145,2.9222095941872523,2000.4829899270512,0.027935105106946103,0.026790491609437563,3.839359050864878,0.07507061846739557,0.4,0.2,True,exact,61,0.8713699070777094,2027.497623369409,0.0007479061479137572,16.71945983555213,54.63866806282015,True,1,9.917281018999347
1074,1,4,1.0978176144791236,2.8423545231949445,2000.1151866247085,0.7877576104115565,0.026058389225800886,4.478417593265765,0.052307385684697214,0.4,0.2,True,exact,48,1.0978030668272614,2027.5606365665149,0.000594715453553829,17.722394510589968,32.233912895075434,True,1,10.585535702000016
1075,1,4,1.118227743792221,3.134523042951684,2000.2711489158103,0.5880085941333998,0.0287369576257728,4.5337541502083285,0.06723543348029691,0.4,0.2,True,exact,48,1.1182297453199328,2027.1089982626784,0.0008310405832566703,16.89616230266801,51.56889696478761,True,1,10.287121974000002
1076,1,4,0.8723314279378617,2.41750884203799,2000.43065163575,0.5533567006357663,0.02216345140923172,3.8420127662495935,0.06331455342189807,0.4,0.2,True,exact,61,0.8723309926865067,2027.4739013982817,0.00045659580706325364,18.133350456041537,30.95136633836096,True,1,10.271744571000454
1077,1,4,1.0016851081218268,2.465690390813553,2000.3091841342862,0.5361519103116917,0.02260517447412379,4.213004621749064,0.06693282526151574,0.4,0.2,True,exact,53,1.0017158958199532,2027.3549229371388,0.0004774757720141798,14.14777687495652,31.39848122103273,True,1,10.368930563000504
1078,1,4,0.9499540528543619,2.7588908681316715,2000.0850139463655,0.710569449984911,0.02529320374591148,4.066675544278378,0.05613922139386646,0.4,0.2,True,exact,56,0.9499095492034283,2027.6336399477327,0.0005920952934690416,17.343487062255797,35.54238959769563,True,1,10.599531045000731
1079,1,4,1.2112355408819204,3.093665489740031,2000.6544595053454,0.12539233743487446,0.028362380135275103,4.781786642601657,0.08296369967061137,0.4,0.2,True,exact,44,1.2112444868412973,2027.3012849605086,0.0008282050768031457,12.716657278899309,51.09612862741301,True,1,10.018680952999603
1080,1,4,1.2099126915533776,2.6008283717104344,2000.4076955210608,0.7668406411117792,0.023844104409380944,4.778304393824525,0.055588421849587344,0.4,0.2,True,exact,43,1.2098640148834605,2027.0255369732695,0.0005025727723562134,15.316645074609093,25.526091021001257,True,1,10.304797424999379
1081,1,4,1.1637658534895885,2.5804563157659266,2000.3292547925407,0.43075554885590006,0.023657335672828312,4.656020290086897,0.07470513811388436,0.4,0.2,True,exact,46,1.1637787454839184,2027.09503614613,0.0005554673635465024,13.774098453129163,36.77113084226557,True,1,10.53983523199986
1082,1,4,0.9048378075176792,2.7699820142911777,2000.2161758412005,0.8879324343287219,0.025394886136769528,3.936874917216276,0.03862741427187154,0.4,0.2,True,exact,59,0.9048663703082508,2027.3607046509142,0.0005133222809826643,19.78022013882794,26.77075217935755,True,1,11.151965330000166
1083,1,4,0.8305954438257394,2.378513210933219,2000.8026204509074,0.878862641591261,0.021805943812926786,3.7184689014767875,0.03827461459103834,0.4,0.2,True,exact,62,0.8305454132146651,2027.3820756187026,0.00035730743477679905,20.902927384408386,18.94327318990977,True,1,10.80007428099998
1084,1,4,0.968428906761475,2.9684043732341157,2000.716822603124,0.08553807474524872,0.027214000191065853,4.119232325245088,0.07743225941704905,0.4,0.2,True,exact,54,0.968406159655136,2027.8325599703437,0.0007507528941822494,16.457111782285573,47.645175841214495,True,1,10.23556592299974
1085,1,4,0.9395640628998276,2.796216660800179,2000.2462040878922,0.5141144230664267,0.025635402449690415,4.0369687621850945,0.06684212399041123,0.4,0.2,True,exact,57,0.9394957104533391,2027.4934224781468,0.000651702747524463,17.794899734487487,43.66076363200879,True,1,10.33912816999964
1086,1,4,1.188843363593671,3.192324668927338,2000.60696162129,0.8062466655234611,0.029266876485389472,4.722669448258625,0.052196195499716554,0.4,0.2,True,exact,44,1.1888625990845105,2027.9495038414436,0.0007335706030480171,15.514993546176967,37.59177002769827,True,1,10.914149366000856
1087,1,4,0.9179204516815812,2.6764903253605747,2000.4194303662046,0.8349012124569535,0.024537764760934715,3.974731728057084,0.044823202162663375,0.4,0.2,True,exact,58,0.9178804589825235,2027.03910622716,0.0004898038216955003,19.227552724838617,26.55474610835893,True,1,11.254910334999295
1088,2,4,1.299913643193387,2.702981584237443,2001.1882532785612,0.7432679374046738,0.024780633667421066,5.012420051613015,0.05909060976704382,0.4,0.2,True,exact,41,1.2998508348317168,2027.185167738301,0.0005823377948276365,15.800608381810378,28.957817228514728,True,1,10.79122569699939
1089,2,4,1.6058994127404256,2.4187462013156025,2000.4438393535543,0.02051255995758369,0.02217479538107093,5.770985949205219,0.09100293443089336,0.4,0.2,True,exact,33,1.6059020337551584,2027.742652282171,0.0004996785651092406,12.021316995984444,27.833212976382924,True,1,10.517924755000422
1090,2,4,1.4494740307652207,2.5506113836377478,2000.6552520126963,0.09448367947474774,0.02338372066405048,5.389867429004758,0.08777109260254161,0.4,0.2,True,exact,36,1.4494617194845874,2026.7453890757226,0.0005747689321371485,15.413269160139256,35.20895812965285,True,1,10.276840616999834
1091,2,4,1.393739948649387,2.839089110513777,2000.4924674307729,0.1314878362226752,0.026028452286571687,5.250801770058548,0.08654946851151671,0.4,0.2,True,exact,38,1.393755302771586,2026.97353825266,0.0007223747354924148,13.227469258433752,40.56637850570993,True,1,10.157731760999923
1092,2,4,1.8332057568585345,2.8138144861622716,2000.3375646532872,0.052821689250365005,0.025796737349707607,6.303454161336583,0.0952606406902083,0.4,0.2,True,exact,29,1.8332343980954442,2027.8344534714317,0.0006714310024763526,11.904143882386853,35.777646441833966,True,1,9.848931394999454
1093,2,4,1.2970780783110627,2.7387324545509535,2000.7299206297694,0.30531533561341684,0.0251083936587199,5.005128175145664,0.08140040863553247,0.4,0.2,True,exact,40,1.2970539431145494,2027.9693828054055,0.0006193861915636534,13.18498645141791,40.19652201214995,True,1,10.23830980799994
1094,2,4,1.9266824482734903,2.906598837669773,2000.573814262062,0.5527949264869035,0.02664737393494549,6.515952125490463,0.08196302659266627,0.4,0.2,True,exact,27,1.9265156318861039,2027.5477813464054,0.0006778124433310939,15.690034343782854,32.348289463331206,True,1,10.41298502400059
1096,2,4,1.7678564512861121,2.5159469391454574,2000.941311097267,0.34892572493125595,0.02306592090349812,6.152747923627744,0.08846442770761798,0.4,0.2,True,exact,30,1.767923336418817,2027.4594750462823,0.0005369127357145453,13.4445023065296,28.328892349772143,True,1,10.906478887999583
1095,2,4,1.4437205415350145,2.969400792533896,2000.518500888569,0.6942080393733276,0.027223135252063307,5.375595081391658,0.06549477993286267,0.4,0.2,True,exact,36,1.4437246375712214,2027.9483462388532,0.0006881823424732536,14.914356464631393,34.27013149871018,True,1,11.027147666999554
1097,2,4,1.9705330382429798,3.1229762359067474,2000.3220098444933,0.2002736660519098,0.028631097786742596,6.614447969065294,0.09609652674604789,0.4,0.2,True,exact,27,1.9705845256981516,2027.9101234639409,0.0008112328495560872,11.383023577513182,41.99706829170886,True,1,10.293002561000321
1098,2,4,1.6910742855578758,3.149016638332741,2000.9293505414992,0.09909347353511981,0.02886983329157691,5.973280571895646,0.09275725020538818,0.4,0.2,False,alias,31,0.8455277408433561,2027.1408720819875,0.0004414449455988345,11.80860417484746,32.07937683946789,True,1,10.255180941999242
1100,2,4,1.6621787066788243,2.4530080305101207,2001.15904856776,0.8134334559659185,0.02248890400948196,5.905041222405689,0.05614853345727701,0.4,0.2,True,exact,32,1.662023609605088,2027.7544871286814,0.0004293682326145243,14.905616950091206,19.367634431648913,True,1,9.947490696000386
1099,2,4,1.7525655452655582,2.7881990737629248,2000.791297745327,0.5538617495548063,0.02556189810603322,6.117218176685508,0.07930562979778487,0.4,0.2,True,exact,30,1.7524008973336687,2027.078200960005,0.0006415250226983193,12.96291441975484,33.64173419784189,True,1,10.14139262000026
1101,2,4,1.943220021216902,2.896256873998686,2000.1768716200068,0.022962320285359484,0.02655255996557571,6.553185198663562,0.0972716664010283,0.4,0.2,True,exact,27,1.9433833443725734,2027.3809345295494,0.0007042829809361661,12.558687708412133,37.00096901704529,True,1,9.93538467200051
1102,2,4,1.5129826092552108,2.5840592155195425,2000.624097895625,0.6916892049093888,0.023690366655893625,5.546177289383102,0.06625444327105905,0.4,0.2,True,exact,35,1.51294376078191,2027.8579876940744,0.0005277322061265632,13.917308638671928,27.812686192949307,True,1,10.23737660200004
1104,2,4,1.835332177956347,2.635690995631676,2001.0135948590937,0.5400094291864422,0.02416372105683253,6.30832766700485,0.08114829691880471,0.4,0.2,True,exact,28,1.8353261444798148,2026.7094097727174,0.0005668210993124978,12.670827069374875,25.965656660063154,True,1,10.263546720000704
1103,2,4,1.9646151966792547,2.8380817839232244,2000.2212196980788,0.7564653420013302,0.026019217228749055,6.6011984665724945,0.06622516490883869,0.4,0.2,True,exact,26,1.9646011398689651,2027.7251190831655,0.000572613547052736,14.657485690469985,25.738777551760208,True,1,10.550684134999756
1105,2,4,1.3588178924088323,2.7975010334282,2000.1727249568569,0.09935717885075264,0.02564717743468219,5.16272067644701,0.08610656606615504,0.4,0.2,True,exact,39,1.3587760365599633,2027.3489582311993,0.0006968600007706272,15.384062879765636,43.61075303943045,True,1,10.021476128000359
1106,2,4,1.3944936581392697,2.852584853132221,2000.2369700795043,0.5696007367773567,0.026152179749550985,5.252694625568259,0.0728843120236918,0.4,0.2,True,exact,39,1.3944972145348786,2026.7317752011627,0.0006477038714852723,14.45010109088761,35.08219062998407,True,1,10.11448401600046
1108,2,4,1.8981353062036603,2.857612718939888,2000.7623997903268,0.8712951859753274,0.0261982746624558,6.451428705814005,0.051305141940176206,0.4,0.2,True,exact,28,1.898045965460502,2027.336901328947,0.0005438768593220011,15.628832024499774,21.435708524642315,True,1,10.043007643999772
1107,2,4,1.8591670135957166,3.036583929004658,2000.4289928553296,0.6895633941506527,0.027839062753463574,6.36282620335203,0.07148451983304208,0.4,0.2,True,exact,28,1.859105838351503,2028.3162750752726,0.000686836231461152,15.678257611499507,32.915632787388866,True,1,10.436676512999838
1109,2,4,1.6611840771376525,2.87308217753705,2001.5578765067178,0.7003065023705431,0.026340096933375103,5.902685312727313,0.06787702734531617,0.4,0.2,True,exact,32,1.6612867074833604,2028.1372279447337,0.0006208046263670441,13.885412967829046,31.25512771088419,True,1,10.769048293000196
1110,2,4,1.4584099600730625,2.966520065179793,2001.3535546030187,0.13481963491944246,0.027196725065003938,5.411996891542957,0.08789931406443284,0.4,0.2,True,exact,36,1.4583595547056456,2027.6051594847015,0.0007571095043266141,13.345389089126131,44.698946650052584,True,1,10.042654206999941
1111,2,4,1.559115390323003,2.951670987918786,2001.1784336210906,0.03236291936234923,0.02706059038097572,5.6583520280409525,0.09053940586357034,0.4,0.2,True,exact,34,1.5590461154758055,2027.6823646922553,0.0007787590348513618,14.992117068919207,41.92186513616611,True,1,10.22618046200023
1112,2,4,1.7389408627947196,2.4909764119402795,2000.6383559805276,0.683952476300725,0.02283699389535187,6.085472899127217,0.0698021090338906,0.4,0.2,True,exact,32,1.7387543436809614,2026.7219401552145,0.0004841269508938373,14.867001844569579,24.120011897130553,True,1,10.545268664000105
1113,2,4,1.4264517665922845,3.0994923566620547,2001.2304204799566,0.5219734123153069,0.0284158002012739,5.332643096880385,0.07616921273589272,0.4,0.2,True,exact,36,1.426342009505171,2026.906968671093,0.0007878173949977807,16.65422453608487,40.59828375750338,True,1,10.334340403999704
1114,2,4,1.5048919763296398,2.575799269885359,2000.8863307326696,0.3671748519194759,0.02361464039565302,5.526387605219526,0.08342584457709872,0.4,0.2,True,exact,35,1.5048946496841207,2027.9740411943142,0.0005482674253699527,15.098438352560414,33.419524578421644,True,1,10.325674824000089
1115,2,4,1.8529599711638205,2.884946461092264,2000.9980009302617,0.7466404958891132,0.02644886736163946,6.34865629440017,0.06603314860114906,0.4,0.2,True,exact,29,1.8526861090874995,2026.9402096938918,0.0005854191606140535,16.751571812179414,26.46678730498174,True,1,10.402646432999973
1116,2,4,1.4274444250345208,2.8154042350429034,2000.3945748222477,0.49276381201149444,0.025811311990120947,5.335116777637125,0.07732595129982685,0.4,0.2,True,exact,38,1.4273725290630743,2027.5161718021984,0.0006458564587112914,16.618447166309203,37.938442136785575,True,1,10.334715470000447
1117,2,4,1.307868115683727,3.025980799827658,2001.03357773494,0.6357100976929214,0.02774185444786659,5.032847359402849,0.06763488053211587,0.4,0.2,True,exact,41,1.3078136801499922,2027.1914298529998,0.0007241084137402654,16.935746740071178,39.85272783841659,True,1,10.239097591000245
1118,2,4,1.286334601212793,2.4113291899016644,2000.2353701011214,0.3909601959113448,0.02210679704773869,4.977452130657346,0.07840516308297155,0.4,0.2,True,exact,42,1.2862849367878755,2027.2487024225452,0.0005059119950983071,16.654682155921996,30.05251259746122,True,1,10.225102863000757
1119,2,4,1.7903488592585166,2.572763822391358,2000.2813826921806,0.8049688370815504,0.02358681175160891,6.204825420332832,0.05866897191282489,0.4,0.2,True,exact,30,1.7903078963385577,2027.1361939659116,0.0004762121923206353,15.985074222660911,21.151151605808174,True,1,10.667931833999319
1120,3,4,2.2268041370214617,2.9375617625854784,2001.0079750452826,0.36256489354661087,0.026931238576895847,7.176165902086441,0.09530960260389316,0.4,0.2,True,exact,24,2.22679766493422,2027.7293844792107,0.0006976091446709853,11.41782075510784,35.3575612036498,True,1,10.406805456999791
1121,3,4,2.4499514175454227,2.911276464015969,2001.37899587113,0.684284601956178,0.02669025789153407,7.6479100665175705,0.07849392284991032,0.4,0.2,True,exact,21,2.4497540402878366,2028.3277631931662,0.0006092839898182989,16.135301014418868,26.532550741414475,True,1,10.549475605000225
1122,3,4,2.8067821313983496,2.9897494231973116,2001.40693380592,0.4983567422153876,0.02740968922825179,8.373562368907626,0.09621715548712077,0.4,0.2,True,exact,19,2.8067662375537847,2026.6662346796506,0.0006852296136030667,11.936613221478437,30.306185029107628,True,1,10.401830239999981
1124,3,4,2.0119017590914527,3.148720423564426,2001.6346654180843,0.39315233753587653,0.028867117627621484,6.706701401998636,0.09125359949573585,0.4,0.2,False,alias,26,1.005925918772624,2027.789882619361,0.0004035964925991342,11.85642155330598,28.012306097874134,True,1,9.802669660999527
1123,3,4,2.300767264216142,2.6922416841784553,2000.8114812372673,0.5924497337171573,0.024682171461633762,7.334202842052829,0.08394101240135336,0.4,0.2,True,exact,24,2.3009413180074776,2028.4222333160897,0.0005339932795371816,12.40778079532979,26.22861546423923,True,1,10.556814748999386
1125,3,4,2.75365397231139,2.5061922996005754,2001.025448755646,0.07427345355218418,0.02297649145620588,8.267560232892308,0.10844916556978472,0.4,0.2,True,exact,20,2.753540605020803,2028.560015425208,0.0005371679159229537,10.41925638910545,27.600230570433425,True,1,10.231503008999425
1126,3,4,2.8502557461625027,2.832270835551778,2001.0229508436034,0.13648840199944243,0.025965943102246362,8.459804832468716,0.10932945617990501,0.4,0.2,False,alias,18,1.4250955338509157,2028.0992109765007,0.0003490345553115448,10.452300004442797,22.898652232390106,True,1,10.097034166999947
1127,3,4,2.6552005980779585,2.461328075478443,2001.6241990569806,0.322626284922062,0.022565181253714327,8.069302853959957,0.10196119373118318,0.4,0.2,True,exact,20,2.654904300581675,2028.1783398808166,0.0004757941481474681,12.735272888814066,21.858874659745133,True,1,10.195588450999821
1128,3,4,2.7223606206680584,3.0454146981984853,2001.4115984636169,0.5823732042104205,0.027920022260428,8.20480429919072,0.08984664839514929,0.4,0.2,True,exact,20,2.722525558589193,2028.633849335892,0.0006969190023657923,14.515023406767984,31.251884892027757,True,1,9.95272223899974
1129,3,4,2.1524870713173145,2.598117265569712,2000.037993215468,0.48272587226205527,0.023819249290685896,7.015600092128566,0.08863301130601002,0.4,0.2,True,exact,25,2.152232480900887,2028.0212097517115,0.0005319411638848859,11.524127716542488,26.849108180832943,True,1,10.257019308000054
1130,3,4,2.06983355358243,2.400102258422735,2001.4585585578723,0.204242447536713,0.022003869792217978,6.83483559739243,0.09692173383008815,0.4,0.2,True,exact,24,2.069674176432123,2028.3670924186174,0.00044756843692328463,12.652604726979012,22.335785359073892,True,1,10.510770313000648
1132,3,4,2.7720054966110834,2.999901312472756,2001.969865883923,0.1384725126049366,0.027502760616763672,8.304251917842912,0.1084679419525296,0.4,0.2,True,exact,19,2.772094166485172,2026.9157745817,0.0007158581558748267,14.277065511735477,34.02295673315933,True,1,9.765516305999881
1131,3,4,2.2243313820559063,2.973209147316464,2002.1558842385173,0.8026455322865179,0.027258049823917118,7.17085240210004,0.0637874627702905,0.4,0.2,True,exact,23,2.224203387911856,2026.6228127878637,0.0006294066461611791,15.11835237367255,24.733181514525825,True,1,10.442845620000298
1133,3,4,2.9402788142807537,2.5750172564633598,2001.3255311619714,0.08435679546101253,0.023607470983827733,8.63701089012291,0.11080633136203934,0.4,0.2,True,exact,19,2.9397712763534627,2027.787694091348,0.0005460208004699485,11.75484877188169,27.20803923241001,True,1,10.243305934000091
1134,3,4,2.555421804662258,2.4321217342759405,2002.1977828112106,0.5620832131761762,0.022297420775313173,7.8658595617339,0.08870520904187441,0.4,0.2,True,exact,21,2.555458774440773,2027.7506814944077,0.0004531004442268616,12.279983813384561,20.955121040444187,True,1,10.11109645200031
1135,3,4,2.8248677256450123,3.1758953143114264,2001.3339568619358,0.6938197489452047,0.02911625399483931,8.409494068777676,0.08165969681067757,0.4,0.2,True,exact,18,2.8251772349113455,2026.7578451142022,0.0007403860235181137,15.904349192888398,28.62843681948857,True,1,10.432025375000194
1136,3,4,2.491940241932077,2.7997157654112517,2002.2486147334012,0.2595684151171359,0.025667481850466443,7.735045506390545,0.10209470588508511,0.4,0.2,True,exact,22,2.4919239204948385,2027.1672209757817,0.0006481809006803063,14.016465626534098,33.07948365022846,True,1,10.470627540999885
1137,3,4,2.852794949565152,2.977293904731481,2000.7944624648417,0.13637339580618135,0.027295498424274627,8.464828469856299,0.1095081980831854,0.4,0.2,False,alias,18,1.4262697202868204,2027.8946976021164,0.0003908506018862612,11.014907443939482,24.422513261791,True,1,10.209658495999975
1138,3,4,2.96793962909786,2.6773324364183777,2000.7962170230262,0.7029879847366828,0.024545485141181624,8.691095041937865,0.08138341192427999,0.4,0.2,True,exact,19,2.967878781292803,2027.5077840316353,0.0005192043090826992,14.306208810911352,20.72890134012199,True,1,10.782092508999995
1139,3,4,2.2123292316812333,3.1938329616575944,2001.0997528220717,0.488547329028859,0.029280704344901976,7.145033936606785,0.0897412642560364,0.4,0.2,True,exact,24,2.2123141940491067,2027.6479656410893,0.0008199328957534391,15.097295870892268,38.978243788852176,True,1,10.048661798000467
1140,3,4,2.8370532590528894,2.725126634474141,2002.4327429742632,0.2585795091840813,0.02498365701788058,8.433660542761547,0.10650020341174439,0.4,0.2,True,exact,18,2.8371587662836966,2027.9643768132198,0.0006334830482317422,11.584683350206818,30.661107022249798,True,1,10.024152824999874
1141,3,4,2.122654048828241,2.653640744699475,2001.8008250975834,0.22110155930824796,0.024328282354129253,6.95062625223428,0.09761483135321396,0.4,0.2,True,exact,25,2.1228197552413888,2027.2739021670632,0.0005696283873453112,11.95105429412562,27.938392018742714,True,1,10.191736581999976
1142,3,4,3.1176611617095644,2.7888946325042467,2002.8953891715219,0.34993845557940967,0.02556827491098941,8.980980068939768,0.10680948186982983,0.4,0.2,False,alias,17,1.5587498303703187,2027.836898157962,0.0003329388288236812,10.143443512966115,20.302371291848008,True,1,10.160873744000128
1143,3,4,2.1504114292836296,2.542961069271039,2000.1253851853994,0.7047551439876776,0.023313583435270395,7.011089274239525,0.07294387543699847,0.4,0.2,True,exact,25,2.15021542384887,2028.0797536350353,0.00047730550907365554,14.129613549754618,20.47422288299184,True,1,10.495725026999935
1144,3,4,2.8937122930894077,3.0155486584337665,2000.5529674528364,0.7170614450643107,0.027646213739192765,8.545576314490901,0.07972458202358697,0.4,0.2,True,exact,18,2.8935035103755746,2026.5970003433802,0.0006002845525407974,12.879344988253106,25.575029408736906,True,1,10.162143689000004
1145,3,4,2.340504028895488,2.5752279095409785,2002.2233122496834,0.5507647935684469,0.023609402227746608,7.418408073640623,0.08708667984949679,0.4,0.2,True,exact,22,2.340460579736309,2027.9669413770994,0.0005113026679258725,13.423902531091018,23.339260321895047,True,1,10.595385533999433
1146,3,4,2.2981175169327512,2.4422707769901604,2001.0890370363413,0.18920642554799877,0.022390466066869254,7.32857065823917,0.1006394592323408,0.4,0.2,True,exact,24,2.2983189036224005,2026.367705856513,0.0004908568292765203,11.935645185312513,23.82063831308982,True,1,10.622357504999854
1148,3,4,2.3954229984320676,2.7788909497382845,2002.055279863169,0.14024235285303907,0.025476562263225176,7.534005518748187,0.10314137911591091,0.4,0.2,False,alias,22,1.1976317455203838,2027.2129374639485,0.00034768754548897274,11.115712585835013,23.15040885051178,True,1,10.118947465999554
1147,3,4,2.6765163719183205,2.568976571494914,2000.3744294444402,0.03640469471927349,0.023552090657829112,8.112431827196504,0.10771247891513053,0.4,0.2,True,exact,20,2.6765550342211033,2027.1379461755444,0.0004991951858470678,13.444420169395457,23.216147599887986,True,1,10.39668969900049
1149,3,4,2.544620291615278,2.3829042378246155,2000.9215322386913,0.3742942442919765,0.02184620025768173,7.843678447993456,0.09854216717589481,0.4,0.2,True,exact,21,2.5446668829750667,2026.367697475584,0.0004580427698374079,15.282463736739926,21.36273000967871,True,1,10.636821576999864
1150,3,4,2.4136499900133344,2.9599144344243276,2002.1064302865245,0.223124842231433,0.02713616537904528,7.572175170344925,0.10207094867295731,0.4,0.2,True,exact,21,2.413552060300016,2026.2435284155004,0.0007470938287085227,15.022339169105736,34.34264451201411,True,1,10.729885113999444
1151,3,4,2.809451091081987,2.3709143576084135,2000.1879028867359,0.18907350016080132,0.02173627837323878,8.378869789514097,0.10745207546630048,0.4,0.2,True,exact,20,2.809897589856406,2028.2809420443973,0.0004744832873619931,11.26535847064211,21.947403640952864,True,1,10.191164800000479
1152,4,4,3.289613779634925,2.3928265389486696,2001.4159840621041,0.7854751964327144,0.021937166807630457,9.308243423663415,0.07386668970016026,0.4,0.2,True,exact,16,3.2896186315310443,2027.7290584272484,0.00039570772628727546,13.831971957476718,13.986403960479205,True,1,10.813184960999934
1153,4,4,3.251403708459118,3.0927557141467186,2002.4962997168461,0.5376671881064841,0.02835403941411411,9.236024052161609,0.09854408489305365,0.4,0.2,True,exact,16,3.2512880341929065,2028.5074396902098,0.0007638420945126345,14.31927605924532,32.0736121307943,True,1,10.722599673000332
1154,4,4,3.5954274923158116,2.51345919034285,2002.769049245707,0.581357196162433,0.023043113499965115,9.876539705273423,0.09783443649718558,0.4,0.2,True,exact,14,3.5950861675117833,2027.9398870267491,0.0004918191027889485,13.23060580899599,20.048156375070505,True,1,10.659571442000015
1155,4,4,3.95653425609625,2.6053106070681005,2000.9176156907174,0.10550245942166163,0.023885197043181042,10.527237256081985,0.12203535742537612,0.4,0.2,True,exact,14,3.9559434994777676,2028.6124378296777,0.0005847109496986969,10.47767563373799,24.00246055644555,True,1,10.54612606900082
1156,4,4,3.5291159380740247,2.6155279910634635,2001.6853299261638,0.1521410173139447,0.023978868879979697,9.754725993054201,0.11683709433105655,0.4,0.2,True,exact,16,3.529683137799838,2026.3903340479321,0.0005386996833539603,11.809174233621272,22.98950785920926,True,1,10.168121590000737
1157,4,4,4.94816776600284,2.6812137158825657,2004.8467612792174,0.6759471446952462,0.024581068278382336,12.219892947297648,0.09946218764255937,0.4,0.2,True,exact,11,4.947598765203083,2029.5867438260154,0.000577320097642553,13.89839432263664,21.043627611855186,True,1,9.806442072000209
1158,4,4,4.9989705775818605,2.6173592602908964,2004.6604964569838,0.884947060514256,0.023995657751992763,12.303391522482103,0.0668250992648438,0.4,0.2,True,exact,11,4.99863424806879,2029.653327490344,0.00044610280226098364,13.153397339207881,14.357807805164246,True,1,10.268150932000026
1159,4,4,4.367921067785067,2.4404266276656523,2000.4424729687487,0.44576894601798434,0.02237355911156288,11.244866707852847,0.11397820643070487,0.4,0.2,True,exact,12,4.36777349774299,2026.6501305697911,0.0005118914399947494,13.96336988149518,19.740021869346556,True,1,9.90471405900007
1160,4,4,4.132234535089535,2.414263860294591,2002.3138852846946,0.4562235417005515,0.02213370177856106,10.836634676519296,0.11125185452620294,0.4,0.2,True,exact,13,4.1317663367171,2027.1096084369694,0.0004650904695405744,11.347778856263025,18.885206781347286,True,1,10.378144207999867
1161,4,4,4.180856804525517,2.5393481219909244,2001.2416694103151,0.7879399888700844,0.023280460337602865,10.921475590587399,0.07981079551478953,0.4,0.2,True,exact,12,4.181271827210967,2026.3251309632658,0.00044130494974081724,10.904968360880595,14.131059786085807,True,1,10.57017475000066
1162,4,4,4.040544032622889,2.56406399313511,2000.7859444206508,0.2449274075363781,0.023507052687386874,10.675732585488829,0.11992830313802853,0.4,0.2,False,alias,13,2.019803198191107,2027.053014493151,0.0002926820763605731,10.550965137774286,16.513326481886434,True,1,10.503280509000433
1163,4,4,3.4380085058581047,2.929313059555373,2002.2347857555624,0.3111991303348521,0.026855615387595407,9.58611030372447,0.11196720510307856,0.4,0.2,True,exact,16,3.437786108137467,2026.302263173629,0.0006709793206710613,11.220298670064972,30.221821096885748,True,1,10.588941296000485
1164,4,4,3.5100228291252473,3.0382835025164647,2002.2783104401985,0.1603980402557068,0.027854644253845425,9.719511056627677,0.11693546386914573,0.4,0.2,True,exact,14,3.5096592624191847,2026.8493856702678,0.000744677383298642,9.59419917934486,29.018912059019502,True,1,10.494103036000524
1165,4,4,3.6082909692540013,2.371855093186497,2003.3254686506384,0.8320889698019684,0.021744902932086814,9.900082757243647,0.06907688348722793,0.4,0.2,True,exact,14,3.60818347320498,2028.5854093124349,0.00039137955593504525,14.635982167187848,13.723304759691265,True,1,10.632111252999493
1166,4,4,3.6259711845372227,3.027028668460547,2003.554426218645,0.6158501212345461,0.027751461190611205,9.932395924141003,0.09590730136465576,0.4,0.2,True,exact,15,3.6259198815114093,2028.9367777122466,0.0006886140063597779,11.591535241963214,26.771828984052906,True,1,10.715992344999904
1167,4,4,3.1652229163633843,2.5307090942324937,2002.5182326896072,0.11565260591185815,0.023201258694730872,9.072089477298334,0.11315264302691458,0.4,0.2,True,exact,17,3.1654356794181164,2027.8388500186784,0.0005520181574821814,10.192964049038377,23.02143966651659,True,1,10.877369427000303
1168,4,4,4.570616640369591,3.1044047374638133,2002.8085763031347,0.1674897373502359,0.02846083636052601,11.590112594529584,0.12755281149126454,0.4,0.2,False,alias,12,9.14254495322106,2030.2322598596631,0.00082409449591625,10.06573099942435,23.5237321971972,True,2,11.577648235000197
1169,4,4,3.909374577936523,2.532192081995286,2001.7709344532266,0.8705632716555967,0.023214854561124237,10.443417662705647,0.06431874430694413,0.4,0.2,True,exact,12,3.9097002738372924,2029.1387352501943,0.0004147524114191947,14.583432883416124,11.938427065312553,True,1,10.91457500999968
1170,4,4,4.645051131791087,2.612022597056173,2003.3674698995753,0.28526310017319845,0.02394673181872068,11.715606870617224,0.12429398440514951,0.4,0.2,True,exact,12,4.645075749144386,2026.5917849957218,0.0005196901973850698,9.317020049953232,21.228758486866912,True,1,10.804339728000741
1171,4,4,3.8553405090056816,2.708800368181825,2000.9808619505873,0.8145410549609264,0.024833979629582434,10.346964326849463,0.07403904327126173,0.4,0.2,True,exact,14,3.855097233105193,2027.9653681317363,0.00048168542407711623,14.660143945104359,16.10425176366381,True,1,10.839109526000357
1172,4,4,3.7381415141558856,2.7915359876519172,2003.115516555373,0.4039504154651251,0.025592490560360347,10.136194830312633,0.11091082266269528,0.4,0.2,True,exact,14,3.737687228300795,2025.5440921198049,0.0006019942597754735,14.020221747118335,25.04653671554738,True,1,10.574211698
1173,4,4,4.159660907914641,2.932104660909736,2001.0559245819384,0.1895132181744984,0.026881208477430484,10.884531566893093,0.12296570590699603,0.4,0.2,True,exact,12,4.15934296826328,2026.0123078095799,0.0007255395196814618,12.813749720590176,27.985875071498445,True,1,10.506363066000631
1174,4,4,3.5426062095141435,2.5722962698428535,2002.739385082932,0.004330123775985651,0.023582525281996124,9.779568891995456,0.11824109538691766,0.4,0.2,True,exact,14,3.5426768349631224,2027.5375399280754,0.0005019464979081345,14.248234902955916,20.133697092508555,True,1,10.312294544999531
1175,4,4,3.752122407182451,3.10064707949784,2000.2348366816027,0.8554231996682244,0.0284263865714319,10.161452455541331,0.06737460375380797,0.4,0.2,True,exact,14,3.752064629716443,2026.4988274080151,0.0006225341166786746,13.6114331608927,20.427653495669123,True,1,10.877753015000053
1176,4,4,3.7041017388286157,2.817394380719499,2003.0115890385707,0.09024458299661407,0.02582955742369849,10.074567133898862,0.11980080824757249,0.4,0.2,False,alias,13,1.852075863668131,2027.086874591354,0.0002820718247061871,10.244257174685673,16.63585602793157,True,1,10.34188706399982
1177,4,4,3.184420983543904,2.8001995417612133,2002.7007216479265,0.7245246171152372,0.02567191705808135,9.108735868051784,0.08113298480072578,0.4,0.2,True,exact,16,3.1846252751294375,2028.1746584510354,0.0005555223200877091,15.205147637889706,21.584319365116713,True,1,10.706538780999836
1178,4,4,3.932049856026382,2.7549953483052674,2001.059081684993,0.6471867452776315,0.02525749005465837,10.483761552361877,0.09520557127612962,0.4,0.2,True,exact,14,3.9321061717379364,2028.5829463271657,0.0006029561035876263,14.269671363664214,23.703910542261706,True,1,10.384969146999538
1179,4,4,3.229308391513904,2.7981245760882043,2001.0766312413932,0.13615408641832918,0.02565289400423771,9.194133485975291,0.11390039435263946,0.4,0.2,False,alias,16,1.6148391972471368,2026.9106042392875,0.00033743218322013213,10.826198143969496,20.955733321281258,True,1,10.484318664000057
1180,4,4,4.1186023809963155,3.0403970024120883,2002.2596804611617,0.8312592086339177,0.0278740205851438,10.812788334408022,0.07355983568042539,0.4,0.2,True,exact,13,4.118542385966711,2026.9706293158004,0.0006130958051360214,14.52797251590464,19.382138192036717,True,1,10.537912884999969
1181,4,4,4.087728628630053,2.5066928231102916,2001.5612802112666,0.4713363399248239,0.022981080199913396,10.758684249192429,0.11004218332589495,0.4,0.2,True,exact,13,4.087194830592361,2026.0880778377207,0.0004754101798046806,13.703349971962167,18.959283872622517,True,1,10.610206281000501
1182,4,4,4.933443351832396,2.5508287245957977,2002.6608584219534,0.27290335678724503,0.023385713221711166,12.195638835581441,0.12717462666850213,0.4,0.2,True,exact,11,4.933627455030849,2027.3287622751543,0.0005333763932784397,12.575357430821981,19.516818533663745,True,1,10.262315830999796
1183,4,4,4.812078743578746,2.8995250626922693,2003.0369777313972,0.8282263383162367,0.02658252235497709,11.994798067065735,0.07767590067197308,0.4,0.2,True,exact,10,4.811978216727016,2027.0950473336352,0.00048561183678386133,12.70451752705962,14.889518954248903,True,1,10.43600859900016
1184,5,4,7.0478615942693486,2.5298113174283268,2001.0944131642361,0.5185044781281153,0.02319302797713039,15.469491396836718,0.12806272863147888,0.4,0.2,True,exact,8,7.0482479731092,2029.2814293924368,0.00048532431986214597,12.851855104994621,14.866370414024823,True,1,10.655437454999628
1185,5,4,7.652234043409234,3.0261997736563844,2001.069274493048,0.2372268103569591,0.0277438619755035,16.34167692932204,0.14916084499861093,0.4,0.2,True,exact,8,7.652249139845696,2024.0251849195372,0.0006199569241568392,12.825758613313926,20.845198067042897,True,1,10.122331851000126
1186,5,4,5.270732153838439,2.8252815267828266,2001.931110302573,0.7583831169651525,0.025901865899056412,12.745349684172316,0.09115120391550834,0.4,0.2,True,exact,11,5.270624881716261,2028.2843744085815,0.0005372461864423528,15.52105470089145,17.213118047000012,True,1,10.645690109000498
1187,5,4,6.411521669131001,2.859772951058446,2003.5363377156873,0.44304657829440297,0.026218079429561416,14.523742273108848,0.13022002131702776,0.4,0.2,True,exact,9,6.411684754234543,2029.1808015169381,0.0005814266996075901,11.443738553972912,19.325050517076455,True,1,10.432712003999768
1188,5,4,7.338264612960901,2.792728191477569,2006.986907832274,0.31006873676961666,0.025603420552052725,15.891566250708973,0.14381333821797537,0.4,0.2,True,exact,7,7.338907426514215,2029.0001597795426,0.0006310615459323987,12.776074698436231,20.42867031633705,True,1,10.68961516500076
1189,5,4,6.161986552647482,2.7040930675462773,2004.4845084095737,0.589176355123512,0.024790823622419016,14.144413851305824,0.11644387528152535,0.4,0.2,True,exact,8,6.162899427505831,2029.1330039600232,0.000537514035260922,11.045360068330675,17.755746774331616,True,1,10.604140722999546
1190,5,4,5.076164083420285,2.438846459854008,2001.9341203028175,0.47685037573428546,0.02235907230932133,12.429726099600822,0.11774988983180856,0.4,0.2,True,exact,11,5.076832280136223,2027.310723900681,0.00046483321668022715,12.097427415108285,17.88578764851255,True,1,10.451653690000057
1191,5,4,5.978632771788912,2.5217004428411314,2005.0785458840123,0.42685852023414067,0.023118668383620842,13.862419684906735,0.1278038481723517,0.4,0.2,True,exact,8,5.977233928807559,2028.9916700902302,0.00046291980322965554,14.355332373783423,14.680289463437065,True,1,10.708556309999949
1192,5,4,6.585804244214283,3.005679422022181,2004.8459134326288,0.6279023142308021,0.027555733680608985,14.785760566319924,0.11548558682561479,0.4,0.2,True,exact,8,6.5857659047237975,2024.6015164641715,0.0006947136235004869,11.526129448743475,21.848688584031606,True,1,10.302442013000473
1193,5,4,5.967534897699236,2.7882966834883796,2003.368913637482,0.6379975618823376,0.02556279298110857,13.845259571674449,0.11034217378407324,0.4,0.2,True,exact,9,5.967699677732647,2027.2402518359306,0.0006131560649785817,14.494679472321705,21.29823386174425,True,1,10.384977250999327
1194,5,4,6.270838380186506,2.7290717071734063,2004.6725969832123,0.14327890110149633,0.025019825004344836,14.31050179760599,0.14169512206999405,0.4,0.2,True,exact,9,6.270169123730791,2029.756613994923,0.0005697113877917159,11.14883724162437,19.63161712579364,True,1,10.497763760000453
1195,5,4,6.274120239229595,3.0216451939846847,2002.922920693358,0.36925550667204665,0.027702106097101796,14.315494320274135,0.13394258230820602,0.4,0.2,True,exact,9,6.274364982236622,2028.0183974289466,0.0006896248347411094,11.048632145273674,24.084184534259514,True,1,10.632092512999407
1196,5,4,6.870364469642072,2.972208714242394,2006.2153522856972,0.6936527949726601,0.027248877965084684,15.208660847613535,0.10910880395185442,0.4,0.2,True,exact,8,6.869562055033799,2026.8271236651012,0.0006225852638418461,12.707019534821141,20.398060263146427,True,1,10.4311206400007
1197,5,4,6.272865850746034,2.4679202571526493,2001.3507671191546,0.22804440996370504,0.022625617639996137,14.313586186655868,0.13919226936684587,0.4,0.2,True,exact,8,6.272934260582449,2026.44454954233,0.0004500858517454409,11.235136918482892,15.698916003241532,True,1,10.727600676999828
1198,5,4,7.418649155411393,2.5383426292277753,2007.216834980703,0.2055700188448372,0.023271242092105324,16.00740793118627,0.14798553953501306,0.4,0.2,True,exact,7,7.416751884339467,2029.4733806530185,0.0004978648031831456,11.578332851826051,16.099709094379573,True,1,10.467914302000281
1199,5,4,6.97148363829869,3.1367267160603745,2006.5078864512257,0.011936164867090438,0.028757160655030437,15.357526227874237,0.1487521099642667,0.4,0.2,False,alias,5,13.944235544326085,2020.450673044326,0.000781950954645283,10.605362119016194,18.090210472442358,True,1,10.872189677999813
1200,5,4,6.182273060519546,2.8988829704370995,2005.82618213337,0.33014567407458595,0.026576635724802164,14.175441025838229,0.13508439850468398,0.4,0.2,True,exact,8,6.183359403080011,2024.37523445924,0.0006467511327181708,11.04809513979859,21.09424797673761,True,1,10.636651573999188
1201,5,4,7.401050903928918,2.39653916160367,2000.7003136616945,0.5085998893267538,0.021971203718016915,15.982083115659483,0.13079641709632528,0.4,0.2,True,exact,8,7.399294568646669,2030.3040532745867,0.000416533776200656,12.374014208908171,13.582109016902466,True,1,10.187479944000188
1202,5,4,5.839875498225583,2.954715425208127,2000.2971556959492,0.3058934004038081,0.027088501442460767,13.647094001201609,0.13370131700638152,0.4,0.2,True,exact,9,5.839267309697422,2029.4969615484872,0.0006549355967777615,14.340385411393,22.26301569604933,True,1,10.25218232899988
1203,5,4,5.5844726740418915,3.085185647743237,2004.380351476157,0.33898761209129763,0.028284637889709845,13.24623851685784,0.1304375089080929,0.4,0.2,True,exact,10,5.584264005031812,2026.720493520127,0.0006914933043782323,12.325997013745246,23.919587431579792,True,1,10.480606147000799
1204,5,4,6.024290881518588,2.5290135090747876,2001.400607177881,0.1361940514611452,0.023185713759134547,13.93290726082042,0.13969855447146526,0.4,0.2,True,exact,8,6.0244929685122885,2025.499534374049,0.0004889500014236825,11.246337791833474,16.928570678185103,True,1,10.52712384499955
1205,5,4,7.117362169266497,3.079927006201637,2006.77930304171,0.44210056460186287,0.028236427250617598,15.571023774346727,0.1352049411736216,0.4,0.2,True,exact,6,7.117380281420393,2028.128390844261,0.0006913308727787282,11.301984007152699,19.646578187882888,True,1,10.67925517399999
1206,5,4,5.103882217256941,2.691571285228212,2004.3398761690094,0.8860819111315733,0.024676025318835792,12.474932941809486,0.06720629591171698,0.4,0.2,True,exact,10,5.10368646739336,2029.8602292119667,0.00045870535144310054,11.779066359860293,13.895194441537761,True,1,10.427907897000296
1208,5,4,6.464801071320743,2.790454242578938,2000.554024098761,0.13668449957893009,0.02558257324219164,14.604092259295665,0.14334415093614483,0.4,0.2,True,exact,8,6.464835518834691,2026.4118420753389,0.0006409421105790791,12.202735887083469,20.275215730015557,True,1,10.037336756999139
1207,5,4,7.1836190884953774,2.5611851138148523,2001.1837070489228,0.4536945915362632,0.02348065944289566,15.667510265579317,0.13402821424723882,0.4,0.2,True,exact,8,7.184022524666493,2029.918277598666,0.0004996359896219937,14.09132022488521,16.495288073249093,True,1,10.468325294000351
1209,5,4,5.477358211192154,2.487656579331791,2002.0592950391433,0.2489713217047606,0.022806558040299116,13.076310369394648,0.13242265954807053,0.4,0.2,True,exact,10,5.477558098861127,2029.4474779943057,0.0004737699695310793,13.952190218438686,19.196766306679528,True,1,10.561644893999983
1210,5,4,6.700560190528429,2.401787932402225,2000.5371132687342,0.5553679429441599,0.022019323863237933,14.957024300341006,0.12249542036245431,0.4,0.2,True,exact,7,6.6991735737873945,2027.3375536701496,0.00043008715231840355,13.629564178569169,13.299970640203897,True,1,10.621088255000359
1212,5,4,6.040060297525297,2.7625183264274105,2001.3500385025418,0.5483551859261467,0.025326459878951657,13.957210875549777,0.11951226553545408,0.4,0.2,True,exact,8,6.039992154700083,2025.5070779938003,0.0006009278298548804,12.68459330735712,20.29815616223551,True,1,10.296407735000685
1211,5,4,7.628933348934554,3.0340937200078706,2001.6532790642568,0.3587947610229601,0.02781623279514475,16.30848697719525,0.1435342897509272,0.4,0.2,True,exact,7,7.628668327580752,2024.5394424827423,0.0006801944332328613,11.453098563352484,20.93687023711254,True,1,10.41331198700027
1213,5,4,6.700582279762726,2.3863341811591887,2005.9289086393742,0.06043970176474578,0.02187764559558922,14.957057172123188,0.1455778372662957,0.4,0.2,True,exact,8,6.700497766320688,2026.0327432989623,0.0004818396020123128,10.19213610943986,16.808980551475457,True,1,10.21945399300057
1214,5,4,5.25658957175409,3.0027842958480404,2001.917951549199,0.00577870616917362,0.027529191486773588,12.722540347030431,0.13528229639405415,0.4,0.2,True,exact,11,5.256220847978065,2028.1986042398903,0.0006990073860368984,13.581789710342354,26.020849252136912,True,1,10.272836288999315
1215,5,4,6.628928404620244,2.5277498695891,2002.2379184035285,0.31699733377170086,0.023174128853279054,14.850235573404923,0.13835894612960276,0.4,0.2,True,exact,8,6.628860646664961,2028.74981758666,0.000502882611258082,13.63073373977163,16.160121252371393,True,1,10.190410834000431
1216,6,4,8.633890983087893,3.182220320623698,2000.6243830258757,0.7139862330442998,0.029174240947204267,17.71096254104947,0.11514585424572059,0.4,0.2,True,exact,7,8.634852553828399,2026.526042036485,0.0007650640328067393,12.613064815971773,22.592708977333107,True,1,10.511373993998859
1217,6,4,8.491610115343438,3.084275936076536,2006.8976733505988,0.024690538312190702,0.028276297754620892,17.51584746537516,0.15872439034314506,0.4,0.2,True,exact,5,8.493194756593272,2023.8790457631867,0.0007478430455148954,11.996170335570431,22.07860344052224,True,1,10.679601592999461
1218,6,4,10.969889183265561,2.5749533846852057,2000.930459840802,0.56531147403348,0.023606885414490027,20.776510971257053,0.1435113962266233,0.4,0.2,True,exact,5,10.9671358562444,2022.869521712489,0.0005182222109898493,13.928627227028274,14.536867554024107,True,1,10.82329961600044
1219,6,4,9.549003659249879,2.7831029601721022,2007.2312495950675,0.46083519244281096,0.025515177505064948,18.941302089505893,0.14711545627241968,0.4,0.2,True,exact,5,9.54883442148426,2026.3257000929684,0.0005326408664659832,12.546946474458792,15.418011044477067,True,1,10.638936847999503
1220,6,4,8.310108244158448,2.8570127904782883,2002.469904879267,0.14144879371099064,0.02619277458523727,17.265357600945972,0.15581546888162065,0.4,0.2,True,exact,7,8.30939985551327,2027.4022620665398,0.0006011400351342289,11.251758316541395,20.672016229354316,True,1,10.665946537999844
1221,6,4,12.28938070886761,2.7430857538649445,2008.753847906039,0.1284562523168709,0.025148304221253418,22.410822176052623,0.1775942125978064,0.4,0.2,True,exact,4,12.284145252798185,2033.3335405055964,0.0005485488965735197,11.376164811883868,13.613361944858351,True,1,10.49290856100015
1222,6,4,8.95009714928889,2.5585090442792437,2003.7704809384884,0.5212055219137933,0.023456125535888234,18.14079394437067,0.13843590763672814,0.4,0.2,True,exact,6,8.949683032957422,2030.6222990988722,0.0005291895699681692,14.831110715495225,15.441894339518216,True,1,10.70088798300094
1223,6,4,8.104685279844396,2.6549147069937087,2007.3202680264926,0.16987300231189995,0.024339961898342064,16.97964322953916,0.15357641598272428,0.4,0.2,True,exact,6,8.106995302778577,2023.5264906055572,0.0005440982662031635,10.133012472024406,16.19011701495773,True,1,9.931156303000535
1224,6,4,10.279700853153452,2.7092668506589694,2003.1739281300227,0.22992428380635802,0.024838256288900348,19.895648905943656,0.16433305079648525,0.4,0.2,True,exact,5,10.278804222138989,2023.731233444278,0.0005130623104234733,11.22567314665552,15.277401571101478,True,1,10.34324229699996
1225,6,4,10.40083416583031,2.3852564453386513,2001.330555666256,0.12148414649388253,0.0218677650337997,20.05164029958862,0.16759676331976878,0.4,0.2,True,exact,6,10.402332651285887,2032.5378729538577,0.00039695539398221236,14.716291192247768,12.914597866202753,True,1,10.184998062999512
1226,6,4,8.389127688360341,3.0986299750603936,2000.4020278465812,0.47042279334856285,0.028407893982941922,17.374633826951257,0.14066918902035916,0.4,0.2,True,exact,7,8.38911628949212,2025.5695363684765,0.0007068415141964213,12.374908304297504,22.164075526919042,True,1,10.621626042999196
1227,6,4,8.489901524760814,2.511732436114423,2003.8209670168176,0.29694303233158753,0.02302728280980509,17.513497819444545,0.1511626190909706,0.4,0.2,True,exact,7,8.489838136186869,2029.2923269085607,0.0004293166847099128,12.58807998195099,14.809811035126204,True,1,10.306465994000973
1228,6,4,9.354676313080057,2.6422365784169095,2002.2169338622107,0.3297069043319758,0.02422373022969799,18.68344540301606,0.15464090742391587,0.4,0.2,True,exact,6,9.35780698691106,2030.286670960733,0.0005351989916719813,13.02682328318928,16.267331559484244,True,1,10.065321293001034
1229,6,4,10.178391200238757,2.900360578295623,2007.7471959475185,0.4938017579290644,0.026590182268833282,19.76471470451102,0.1476317518562214,0.4,0.2,True,exact,5,10.179367458146785,2028.1027661662936,0.0005841676544037222,14.035681473134048,16.97715123455181,True,1,10.233174441998926
1230,6,4,9.36931289485805,2.6007098669899538,2001.3116104156134,0.71226429573463,0.023843017971321868,18.70292874346672,0.11739450001198977,0.4,0.2,True,exact,6,9.368223728635433,2029.4209211859063,0.0004576019987300173,14.016832331534738,12.511109685904612,True,1,10.57399222999993
1231,6,4,8.205677965178763,2.5026295784584356,2001.855470887653,0.4081629085020493,0.022943828826168966,17.120407728623384,0.14321476205354355,0.4,0.2,True,exact,7,8.206575462799826,2026.4722263883993,0.0005010771131146452,13.880968046398563,16.38880919171705,True,1,10.519374669000172
1232,6,4,12.58037564410277,2.3868572152677885,2011.631117801301,0.016430020166672655,0.02188244071395642,22.7632113206202,0.17980470642185944,0.4,0.2,True,exact,4,12.582093652158024,2024.213843652158,0.00046774316911157854,10.674896034524501,11.489488212315605,True,1,10.42918479400032
1233,6,4,10.153962526929861,2.712621797931568,2007.3669665111279,0.09553927523479655,0.024869014071276892,19.733077805654098,0.16721019856691272,0.4,0.2,True,exact,5,10.147299722575394,2027.675818195151,0.0005368361552813283,14.10958254709608,14.323544578041446,True,1,10.767895789998875
1234,6,4,12.297133963164116,2.5927063167021607,2006.5948335300752,0.30285264807194173,0.02376964231501804,22.420247036008657,0.17080767366961866,0.4,0.2,True,exact,4,12.296249532569922,2031.19324906514,0.00045493366145521463,11.457180084578894,11.327165159366084,True,1,10.119392935999713
1235,6,4,10.092122527647659,2.8665137338312308,2002.305391345109,0.629040693521698,0.026279878174139678,19.65287689728122,0.1326537758504092,0.4,0.2,True,exact,6,10.096348650705684,2022.4944473014114,0.0005486144189015274,14.387115113438115,15.148308343048715,True,1,10.493311092999647
1236,6,4,10.26769649209312,2.566540173183866,2000.5821588342842,0.646707846961818,0.02352975402987497,19.88015681691261,0.1305286700119864,0.4,0.2,True,exact,6,10.271495539156675,2031.38823661747,0.0004959561568882442,12.27812488099287,13.993372878777096,True,1,10.566320101999736
1237,6,4,9.96416442318234,2.728691587819815,2008.3097723192398,0.7608918589916914,0.025016340112510513,19.486404541212565,0.11189601560807257,0.4,0.2,True,exact,5,9.963906845795067,2028.2404386915903,0.0004550221567316548,12.815022528378565,12.047033193190158,True,1,10.641380779999963
1238,6,4,12.331543258123004,2.633197037945717,2000.1886625601628,0.5929654469910635,0.024140856730949515,22.462051116130954,0.14600440304747103,0.4,0.2,True,exact,5,12.33128449110036,2024.8520377322009,0.0005085975823085898,12.97001952721459,14.754542535533899,True,1,10.60338718499952
1239,6,4,8.203504509243274,2.892373275545206,2000.9406864961588,0.25945976143145355,0.026516955568139825,17.117384448498242,0.1516130217680927,0.4,0.2,True,exact,7,8.202708544868809,2025.5506256346066,0.000645570917494398,12.017065823875688,20.64135640819319,True,1,10.438774203999856
1240,6,4,9.109925454544763,3.108817905987217,2004.3750041339915,0.6063960017782747,0.02850129579729347,18.35612498923174,0.13134852706422598,0.4,0.2,True,exact,4,9.110752018207988,2031.7061623046238,0.0006991895537717951,14.34939182040925,16.143009139326836,True,1,10.534307676998651
1241,6,4,11.831344660554052,3.0102642395592896,2005.856841581228,0.5018949678286834,0.027597766776387964,21.85045717420866,0.15463371680642335,0.4,0.2,True,exact,4,11.832258191703703,2029.5193913834073,0.0006576802547706428,12.10190011089098,17.219801601874597,True,1,10.33532945099978
1242,6,4,12.401376618079938,2.4541426040053866,2011.9235787907935,0.25692724950643314,0.022499305652733587,22.546772803069977,0.17334213176702465,0.4,0.2,True,exact,4,12.402106542060464,2024.3166065420605,0.00048295457808578135,13.389652869242534,12.799500151810435,True,1,10.54862735200004
1243,6,4,8.726210059237484,2.394102587785471,2007.1496257443293,0.3653097878929496,0.02194886548103279,17.83698989179056,0.14872875913703243,0.4,0.2,True,exact,6,8.728698943287155,2024.6033353865741,0.00044686592661413727,13.635506984800932,12.943022752177313,True,1,10.337829554000564
1244,6,4,10.76742106000064,2.5136995866569145,2008.9912316956554,0.6780689329946683,0.023045317426558094,20.52007395763326,0.12805089058599295,0.4,0.2,True,exact,4,10.767551255185664,2030.5294775103714,0.000522183534630738,12.933065426012844,11.784581519548096,True,1,10.296699524998985
1245,6,4,10.789753353589607,3.1023051599231777,2000.3971940522779,0.26873876571401545,0.02844158766782524,20.548437422407808,0.16600116902038023,0.4,0.2,True,exact,6,10.792520770298731,2032.7675623108962,0.0007724002493886273,11.203899794401798,23.366598715818068,True,1,10.274393083998802
1246,6,4,8.512396281943627,3.0158703032099727,2003.6001881864076,0.8431415636334614,0.027649162542624017,17.544419898762186,0.09085862477084496,0.4,0.2,True,exact,7,8.512456384356263,2029.1373691530687,0.0005158023277028745,15.601845405183353,13.540697381478065,True,1,10.486416738000116
1247,6,4,12.47889813287144,2.41013246324957,2001.6648889885237,0.10186233599019771,0.02209582559127797,22.64063571765572,0.17848938657977842,0.4,0.2,True,exact,5,12.47743089907675,2026.6230492981535,0.00043346943151556516,11.808556583414566,11.621095050414887,True,1,10.235282826999537
1248,7,4,17.147475608649106,3.1714400102488134,2009.986507021558,0.38583753661053993,0.029075408264148277,27.983664579033587,0.18613234968437278,0.4,0.2,True,exact,3,17.14003029117952,2027.1343052911795,0.0007716070139389686,10.754918114788861,18.531061193053457,True,1,10.538295024000035
1249,7,4,15.090823249296763,2.8458034722175465,2000.6806937267313,0.631500381522129,0.026090008805736288,25.698813878074816,0.1512391888377591,0.4,0.2,True,exact,4,15.082388383629205,2030.8662142672586,0.0005513385186558528,14.050869407616883,13.109254319185913,True,1,10.582852044999527
1250,7,4,17.190731690360096,2.7994444290927714,2008.8229470989047,0.6477371645913406,0.025664994269364104,28.030705724188067,0.15530639888657696,0.4,0.2,True,exact,3,17.18813854336517,2026.017138543365,0.0005908681807398342,12.661335296886575,13.298936806835759,True,1,10.381739603000824
1251,7,4,17.78442240514253,2.611147570791421,2002.9920584433685,0.43791950290984266,0.023938709675527903,28.67241676532001,0.18279330076671943,0.4,0.2,True,exact,3,17.78425506752385,2020.773605067524,0.0004780448541092941,12.847342950467844,11.169622311513436,True,1,9.835778491999008
1252,7,4,14.782088609527483,3.164655955323512,2009.2874491344712,0.29821946838974206,0.02901321280530242,25.347102725057823,0.18288073502415442,0.4,0.2,True,exact,4,14.778234483176284,2024.0699844831763,0.0007491294037589302,13.357305180366852,17.773791577807632,True,1,10.342395134999606
1253,7,4,13.46828385356244,2.6724487594739132,2005.3368925095788,0.1431784037936039,0.024500712135691483,23.82205911265745,0.18262129784152092,0.4,0.2,True,exact,4,13.46758383782812,2032.2781676756563,0.0005767357627735059,11.820663622256175,14.225406273528076,True,1,10.47516880600051
1254,7,4,16.998284652216693,2.98141087312534,2005.921164863486,0.430499199313699,0.02733324233129327,27.821114426924353,0.18146577195634392,0.4,0.2,True,exact,3,16.997256305005273,2022.9280313050053,0.0006043711703482835,13.360495162042529,13.206789040896787,True,1,9.850609766999696
1255,7,4,15.149216631526473,2.532821092942946,2002.1304582579778,0.03991534992700727,0.023220621263331038,25.76506493756707,0.19140894267934097,0.4,0.2,True,exact,4,15.156566287620745,2032.4240075752416,0.00042834945142800063,11.924868205957276,10.630367060430963,True,1,10.595793279000645
1256,7,4,18.726843303885918,3.1210821650446072,2002.2725835063868,0.3584571748506696,0.028613733156347576,29.67660219086883,0.19370735814142243,0.4,0.2,True,exact,3,18.725001453266373,2020.9948014532665,0.0006789402943532252,12.198211542852036,15.565473286827633,True,1,10.553985410000678
1257,7,4,19.93316688205931,2.5154512348249476,2005.600799402847,0.5678913459762495,0.0230613763415797,30.937745262489965,0.17457466289191495,0.4,0.2,True,exact,3,19.93386418820129,2025.5356891882013,0.00038155896409630685,10.38675589692116,9.062181645910123,True,1,10.311106512999686
1261,7,4,16.680624134685388,2.3729222574774815,2004.808866898485,0.7797185703861433,0.021754686575272568,27.473415545006386,0.12767933106144247,0.4,0.2,False,none,4,16.672862065660716,2021.5024870656607,0.00033842079617096843,7.183899262527536,6.873985918313678,False,0,5.405811296001048
1258,7,4,15.287533400755013,3.1281824808975154,2003.8755884263396,0.7964121014612452,0.028678828060101257,25.92165562775119,0.12229574707127117,0.4,0.2,True,exact,4,15.285653446061643,2034.445806892123,0.0006913818794093141,14.847625082146848,15.07399361281223,True,1,10.821611118000874
1259,7,4,16.595459922355246,3.17687557125211,2001.1719957823202,0.6512559487646632,0.029125240881131352,27.379824031437657,0.15380403398935547,0.4,0.2,True,exact,4,16.598186439084007,2034.362772878168,0.0006953001050832297,12.50173830250989,18.011207031447565,True,1,9.842472928999996
1260,7,4,15.92260486338035,2.9468812796217336,2012.5089271696288,0.42165971959578386,0.027016678869563573,26.634662779159783,0.17825941492694386,0.4,0.2,True,exact,3,15.91656254188542,2028.4311750418856,0.0006697370526257407,14.232358563097973,14.67665356519374,True,1,10.650301489000412
1262,7,4,13.40433155575296,2.47668112665751,2008.9650366306685,0.15998923957515748,0.02270593631440889,23.746588787664002,0.18155386185226802,0.4,0.2,True,exact,4,13.402894179853932,2022.382644179854,0.0005192710464574368,12.007840443283362,13.758843614210043,True,1,9.978766831998655
1263,7,4,18.522201568439517,3.140854773273733,2016.353770395653,0.45215528276413186,0.02879500622310938,29.460008069931266,0.18499279457905293,0.4,0.2,True,exact,3,18.522323529565995,2034.877911029566,0.0006570154821771146,12.653473148471319,15.366838986806165,True,1,10.40806267699918
1264,7,4,13.156026878279615,2.6444446274976126,2005.242851144577,0.4553694948469754,0.024243973377378932,23.452417962467678,0.1638937428167706,0.4,0.2,True,exact,4,13.15514319608974,2031.5509113921794,0.0004922962963344046,11.197138545874386,12.752386305357533,True,1,10.39092711900048
1265,7,4,13.483160948824782,2.6978602500114737,2004.8152608625173,0.4050702607794828,0.02473368184648294,23.839598483072695,0.1695253793702959,0.4,0.2,True,exact,4,13.484296833736236,2031.7850936674724,0.0005411448501995153,11.389831822063485,13.014319987309543,True,1,10.402390195000407
1266,7,4,16.69775030649087,2.880928160421891,2015.3555022057249,0.5634525623194798,0.0264120280293041,27.492217157941326,0.1659249327260369,0.4,0.2,True,exact,3,16.693319621202804,2032.0475446212029,0.0006329472858552787,11.642077164498119,12.724401835009285,True,1,10.105269130001034
1267,7,4,18.110217541906316,2.9615417763302356,2010.1604916579383,0.8643070696749459,0.027151084668121137,29.02152538928979,0.1102953006127798,0.4,0.2,True,exact,3,18.11281332616956,2028.2687508261695,0.0005624557907673022,10.855563236827821,10.144310642948513,True,1,9.589692423000088
1268,7,4,14.207462857443984,3.133495632167636,2001.9989625703604,0.756716582841362,0.02872753843830444,24.685891184624847,0.12774563582787435,0.4,0.2,True,exact,4,14.207106626911159,2030.4122132538223,0.0007060505923657256,13.165618259671476,16.010760340069766,True,1,10.058748108000145
1269,7,4,14.183930585155311,3.061171905232916,2007.9960676811302,0.6167399191028583,0.028064482576924052,24.6586249700663,0.15067590960950927,0.4,0.2,True,exact,4,14.185357658427582,2022.1793264084276,0.0006269851515442459,12.4405844921557,15.151947073002734,True,1,9.378455078000115
1270,7,4,15.69383763203149,3.0762961436287517,2006.0738870882433,0.771146161360118,0.02820313990754426,26.3789331609268,0.12886302194595584,0.4,0.2,True,exact,4,15.692310714673512,2021.7673107146736,0.0006914976790250993,13.835534660947905,15.678938989137304,True,1,10.088251268000022
1271,7,4,17.015940685466145,2.9372454640005823,2015.4765178689102,0.3591349005577925,0.0269283387867502,27.840376194972166,0.18722602442471806,0.4,0.2,True,exact,3,17.014758375692228,2032.4899208756922,0.00061109155297423,12.509392056683302,13.255178908933898,True,1,10.29153321800004
1272,7,4,15.440407099060048,2.7903284146443035,2010.2361962794735,0.7401332716947724,0.02558141966572205,26.094178076653996,0.1337881155742098,0.4,0.2,True,exact,2,15.451025123312839,2025.6800876233128,0.0006750800077065522,8.2095240052719,10.807268593006858,True,1,10.608057432998976
1273,7,4,15.996563326174252,2.733578529393046,2005.1486978765727,0.5604576764008503,0.02506114304775303,26.717075462918036,0.16363837592348177,0.4,0.2,True,exact,4,15.996926340989315,2021.1566263409893,0.0005420188853572094,12.348207230329288,13.859994963791378,True,1,10.403768253001545
1274,7,4,14.460002277933212,2.4214337599382136,2001.7335155532842,0.2153861453532634,0.02219943461874647,24.97756119381951,0.18419365636548254,0.4,0.2,True,exact,4,14.458574536699933,2030.6477740734,0.0004857014217990452,10.872880820023115,11.905013197888827,True,1,10.123510370000076
1275,7,4,18.936991280202953,2.8940499686055627,2002.657451695657,0.2847544209987157,0.026532327303094926,29.898204645172108,0.19888419767165233,0.4,0.2,True,exact,3,18.936115858620987,2021.597865858621,0.0005836533604941518,9.92019454923291,13.599777225418464,True,1,10.433960479000234
1276,7,4,19.00863548376454,2.37556659749114,2007.4486404719466,0.7470809203391635,0.02177892958956194,29.973566305933083,0.1407703663506976,0.4,0.2,True,exact,3,19.004240470774644,2026.4517404707747,0.00043792089148042557,9.493687423989353,8.502161525185405,True,1,10.283908820998477
1277,7,4,13.594847029349935,2.4660773610855764,2001.3066019910539,0.5575423519937449,0.022608722174414137,23.971065625675365,0.1548296218234577,0.4,0.2,True,exact,4,13.596661380954236,2028.4949477619086,0.00040294416965813706,11.811777142394208,9.77830885783692,True,1,10.023914837998745
1278,7,4,13.276369849607647,2.940795017787965,2011.4450865615909,0.6328374749549807,0.02696088069994742,23.595219345172822,0.1449407941271221,0.4,0.2,True,exact,4,13.272993007394444,2024.7257742573945,0.0005879416018699235,13.913900701003158,14.985411682416437,True,1,9.947915717000797
1279,7,4,14.081036061374858,2.828677356683803,2004.732107226939,0.16565554378795957,0.025932998488809776,24.539226235057182,0.1849862721633064,0.4,0.2,True,exact,4,14.077881466750414,2032.8929504335008,0.0005963790968185334,13.780606844410842,15.243543810812245,True,1,9.984886145999553
1280,0,5,0.5464329523399374,3.3149196758424915,2000.0572272899437,0.6034392217204936,0.0303908138342547,2.812736474356454,0.05372934883661789,0.4,0.2,True,exact,99,0.5464359433076348,2027.378763311215,0.0009210986221992457,18.738846463644126,70.09422002191262,True,1,9.888495918001354
1281,0,5,0.676824074270517,4.059260139557645,2000.6196001007636,0.4652455559105343,0.037214844180124496,3.2440558516368574,0.06310539167436675,0.4,0.2,True,exact,78,0.6768420998002663,2027.6928246170107,0.001418272498359574,16.033963687850587,101.69977782540896,True,1,9.97575617199982
1282,0,5,0.7248568856174067,3.2182675145661865,2000.5211881686967,0.8479124108734605,0.029504717600480946,3.395778100543599,0.04118893240654946,0.4,0.2,True,exact,73,0.7248841726262787,2027.340896678839,0.0007545472160681577,19.05032599439242,44.37353066656536,True,1,10.133315387000039
1283,0,5,0.6876808521498067,3.9430090259575223,2000.2001282939373,0.8943783286235827,0.03614906693755882,3.2786551918218723,0.03647333959606717,0.4,0.2,True,exact,76,0.6876649558172877,2027.7071190660247,0.0010104336728674612,19.82351303203264,55.50174236891282,True,1,9.965396554000108
1284,0,5,0.603356277320155,3.8211839179001443,2000.4750309878862,0.6629311636188406,0.03503218793554536,3.0048330522845186,0.05274816857184906,0.4,0.2,True,exact,88,0.6033527526145627,2027.626134284322,0.0011775993591505163,17.06218694358191,86.85867457141799,True,1,9.86104996299946
1285,0,5,0.6152074179140162,3.857826400292512,2000.4490297612128,0.5657737944161186,0.03536812212693067,3.04405269609529,0.057598328058366406,0.4,0.2,True,exact,86,0.6151947517673584,2027.5177878277639,0.0012528200737295103,18.365047808333383,95.15199603758363,True,1,10.389425916999244
1286,0,5,0.5149495573735249,3.817732428174226,2000.32529664228,0.5635938270628589,0.03500054506272536,2.703632033842175,0.05482906012889091,0.4,0.2,True,exact,103,0.5149488079272632,2027.6178076534782,0.001268028187745629,16.785861048627375,101.22474955334579,True,1,10.374536205999902
1287,0,5,0.5476881464860397,3.4665890332923026,2000.466803835662,0.19474652187053673,0.03178130158580082,2.817042193322645,0.06430334374479,0.4,0.2,True,exact,96,0.5476836370041562,2027.3032950882036,0.001108031454113645,16.957162081189193,99.004421074966,True,1,10.10350698199909
1288,0,5,0.5759991177783741,4.014293689105082,2000.37323482039,0.4413389216887653,0.03680259677803813,2.913303090535228,0.06084346779773959,0.4,0.2,True,exact,92,0.5760039746630776,2027.4449081633313,0.0013972100610409877,17.91934555434185,113.70175700591348,True,1,10.094558875000075
1289,0,5,0.5775578330463325,3.5631353474518717,2000.4527715507518,0.20224116408903625,0.03266642742501478,2.9185565295888143,0.06530750457764646,0.4,0.2,True,exact,92,0.5775533107627049,2027.598130605847,0.0011651879684247968,16.097482431359825,92.0038692022704,True,1,10.187328682000953
1290,0,5,0.7116470992091778,3.5006311317116765,2000.3108798947676,0.2915366816781417,0.03209339574697462,3.354395342244566,0.06813623920918328,0.4,0.2,True,exact,75,0.7116066620207722,2027.3535531567893,0.0010868499249263586,17.251375757689708,82.2283887027723,True,1,10.270651581999118
1291,0,5,0.6747164822028044,3.4357970883539366,2000.4874304365287,0.02525093302950181,0.031499004469211216,3.2373178134229326,0.06962611559051676,0.4,0.2,True,exact,78,0.6747014749062694,2027.4763402462509,0.0010812437964904387,17.34870046660586,87.7784136830687,True,1,10.150305144999948
1292,0,5,0.6182350288699885,3.450167252764617,2000.1061136367812,0.22221583472848377,0.031630748533646696,3.054031622712153,0.066335613393852,0.4,0.2,True,exact,86,0.6182501406493205,2027.30847493857,0.001102110072963458,17.850643474904246,91.38799618453545,True,1,10.15638417899936
1293,0,5,0.5154758471363403,3.326763502607382,2000.0861100917461,0.37217144909094846,0.030499396716947166,2.7054738344354208,0.06017875692786701,0.4,0.2,True,exact,103,0.5154710538343386,2027.406228874053,0.0009891089270712694,17.16212752055945,81.88696719739205,True,1,10.567131440000594
1294,0,5,0.6699344605976778,3.8992719543250223,2000.0205939859113,0.18099723034615925,0.035748090343367005,3.222003461693291,0.06878926557613355,0.4,0.2,True,exact,78,0.6697697482127004,2027.4898565517208,0.0013723255174582505,14.664508237254614,102.86610578391439,True,1,10.291138876998957
1295,0,5,0.7171549257380724,3.7799664727816884,2000.0250472616501,0.5406291985525483,0.034654310996189285,3.3716807611695367,0.0612418955107186,0.4,0.2,True,exact,75,0.7171008149238988,2027.2775002379415,0.0012162702644820111,15.883759242492365,88.512593585179,True,1,10.144581624999773
1296,0,5,0.6739971184783613,3.268888971237198,2000.1506329815213,0.21221353321195696,0.02996880946880548,3.235016379585604,0.06812322917591593,0.4,0.2,True,exact,80,0.6740093655776808,2027.1107652481073,0.0009391932377247336,18.121971682146675,72.58891034116219,True,1,10.265871962999881
1297,0,5,0.6226876523647812,4.194382882172693,2000.1515562560382,0.4975026854010094,0.03845363441251352,3.0686778131626573,0.06060517731792476,0.4,0.2,True,exact,86,0.6226920430810089,2027.5498170830645,0.001529239645289504,15.8502744531695,112.74109427267194,True,1,10.147569099000975
1298,0,5,0.5978305011273835,3.784413045346436,2000.5551653396926,0.281728191863309,0.034695076677481826,2.9864586316478237,0.06497870680143687,0.4,0.2,True,exact,89,0.5978431504986104,2027.4576292724375,0.001290468390928834,16.919897590367082,101.15685021091498,True,1,9.910903981999581
1299,0,5,0.5356569504147934,3.6172568225901784,2000.0182366539802,0.39133638194130915,0.03316260707224726,2.775634564480197,0.060597649632395306,0.4,0.2,True,exact,99,0.535537364814793,2027.3384472722212,0.0011730894269935677,17.244634347366844,89.94491896264421,True,1,10.104740437000146
1300,0,5,0.5483481320197343,4.122836485440297,2000.3535942472477,0.13879222668860478,0.03779770502772281,2.819304836038031,0.06526063846747483,0.4,0.2,True,exact,96,0.5483502381111086,2027.2226772924444,0.001535756406324973,16.057778522431683,123.36826772491551,True,1,9.821198835001269
1301,0,5,0.6566663709305556,3.600607012202574,2000.4616265764482,0.31391981747616826,0.03300996346777237,3.179320482527641,0.06611786522092623,0.4,0.2,True,exact,81,0.6566691801893271,2027.3843738877624,0.001164513262500777,15.506281943886494,97.11376906391813,True,1,9.80781350899997
1302,0,5,0.5057892949300449,3.9446942597992622,2000.4711242268368,0.21411359469923968,0.036164516973444985,2.6714735556321267,0.06288097164138239,0.4,0.2,True,exact,104,0.5057985372897439,2027.2780256013564,0.0014407811709784557,16.465345264788777,117.26171155180005,True,1,9.624870092000492
1303,0,5,0.7331189695573369,4.131659332752101,2000.1303671309722,0.7064515720838033,0.03787859190775647,3.421533229117107,0.05346612305839839,0.4,0.2,True,exact,72,0.733123483889106,2027.2557772372302,0.0013291151771246401,18.69861187673145,88.30223139344898,True,1,9.91067052499966
1304,0,5,0.787971943396277,3.530271217500911,2000.6330130432814,0.013267149668677735,0.03236513274736605,3.5901420035117138,0.0731516450964243,0.4,0.2,True,exact,66,0.7879709002708637,2027.4238231092095,0.0011194434212832283,17.30376081580235,81.91850218290064,True,1,9.833964560999448
1305,0,5,0.7311766740776491,4.33381742862895,2000.609273997731,0.8307795754093426,0.03973195478157008,3.415487310510836,0.04418541299980452,0.4,0.2,True,exact,72,0.7311846108598822,2027.662554560149,0.0013360905768154963,17.96496008525969,79.08090647915378,True,1,10.043182670000533
1306,0,5,0.5561938026771972,3.226421645508001,2000.4422803510995,0.4461768918263707,0.029579473763424725,2.84613319801109,0.05955774523356618,0.4,0.2,True,exact,95,0.5561945074858831,2027.1400446926557,0.0009256468707099508,18.029682893885788,71.18195141862863,True,1,9.996040400999846
1307,0,5,0.6265377994712792,3.2781403011531176,2000.1879916220944,0.8457888202264997,0.03005362462955972,3.0813141312944765,0.039836643067334615,0.4,0.2,True,exact,84,0.6265701444237235,2027.1295604810537,0.0007584867830374709,20.56020980389968,47.12679745371843,True,1,10.058018979998451
1308,0,5,0.7381526559467532,4.017508439068153,2000.4232554095706,0.33275262000644606,0.03683206924711885,3.437177143897292,0.06840646129316538,0.4,0.2,True,exact,72,0.7381381425377337,2027.7349393988961,0.0014108673796622284,16.01833708127974,106.48200903295731,True,1,9.885842016999959
1309,0,5,0.6845987179106723,3.4985065518882883,2000.5045629890437,0.39409622095140995,0.032073917836134384,3.268851400844056,0.06501615629204781,0.4,0.2,True,exact,78,0.6845787155648139,2027.2044292820278,0.0010749020696281253,18.384623317509533,86.1677902488313,True,1,10.162771573999635
1310,0,5,0.5769791524927512,3.644831725299671,2000.1503088842367,0.0326698700856833,0.03341541070451895,2.916606717270215,0.06648836833611471,0.4,0.2,True,exact,92,0.5769754772907905,2027.268238057667,0.0012239325451277594,17.426135937282663,109.4237217388531,True,1,9.658963279998716
1311,0,5,0.6840954949898861,3.923665603671031,2000.1523318388479,0.8055568483261506,0.035971728599646695,3.267249330904148,0.04511901307254232,0.4,0.2,True,exact,78,0.6840844705510216,2027.516503822041,0.0010828950170820306,19.26982498415419,70.00807246561712,True,1,10.317890508998971
1312,1,5,0.8157269836747646,3.8242827214012305,2000.6310377474088,0.22688823930554256,0.03506059742039556,3.6739593194543243,0.07244569424484508,0.4,0.2,True,exact,65,0.8157355360970707,2027.5501320662033,0.0012564393059312229,17.213069560590558,93.94285017148076,True,1,9.797471916999712
1313,1,5,0.9322457199115538,3.8248685521173558,2000.1047115718054,0.29884295242685854,0.03506596825105607,4.015978595981053,0.07419893331996848,0.4,0.2,True,exact,57,0.9322858398979064,2027.1394143570394,0.0012636977905239322,14.609998545907946,87.27001745360252,True,1,9.725347608999073
1314,1,5,1.2356913970128904,3.6377158850921374,2000.5591878206683,0.4426751648731951,0.03335017347521369,4.8459374727320625,0.0765898328813008,0.4,0.2,True,exact,42,1.2356906425423635,2027.7453503859322,0.0011374468799170145,13.719104909524203,65.64786057411327,True,1,9.77184116999888
1315,1,5,0.9549661564246205,3.317210139261114,2000.5918228417343,0.3259790466499144,0.030411812547393002,4.0809672651841025,0.07376458839626304,0.4,0.2,True,exact,55,0.9549781550228897,2027.331185215641,0.0009552823476388639,16.79313860260535,64.23791410477075,True,1,9.945564006000495
1316,1,5,0.9816939331799968,4.306477882497689,2000.683704901614,0.7617973607536219,0.0394813088721554,4.1567623469041965,0.05435604216943853,0.4,0.2,True,exact,54,0.9816995134663338,2027.189480613591,0.0013902123684776946,16.403246420466186,76.17961948054665,True,1,9.966726652999569
1317,1,5,1.0105497365982266,3.8773907141546733,2000.2005213564603,0.7889183357040683,0.03554748557416979,4.237824032787793,0.05204879768507592,0.4,0.2,True,exact,54,1.010524885341089,2027.4851484667095,0.0010782049240680713,15.82934361727246,58.58272293871978,True,1,10.146003935000408
1318,1,5,1.2431644945104765,3.543711712917756,2000.1386321491943,0.34539122272950457,0.03248835371016349,4.8654557003188215,0.07987672467134864,0.4,0.2,True,exact,43,1.2431344270116031,2027.4872386442553,0.0010496275996026982,15.873911144202514,62.65955867296818,True,1,9.832027948999894
1319,1,5,0.8076465398016744,4.059743445398864,2000.6590524123985,0.7980925937250732,0.03721927507416774,3.6496567015327015,0.048102289846278456,0.4,0.2,True,exact,66,0.8076415691920943,2027.3111561583391,0.0011996822048101485,16.876880674118656,69.48531998026075,True,1,9.86329085699981
1320,1,5,1.186229141762499,3.9495724432930497,2000.588580058757,0.5900755678311003,0.03620923961559206,4.71574359346039,0.06912815362835038,0.4,0.2,True,exact,44,1.186244397235376,2027.8715117614136,0.00130415148579488,13.693179243425156,71.82049024927416,True,1,9.924690249999912
1321,1,5,1.091137407332528,3.9389692275633563,2000.3250674787575,0.8782506474768974,0.03611203051648964,4.4602317065985835,0.04377837958706956,0.4,0.2,True,exact,48,1.0911465575810402,2027.604054564526,0.0010434090064317392,17.069345778583983,49.628320362796856,True,1,10.145032390999404
1322,1,5,0.8597412900870094,3.289917655707353,2000.5194981706643,0.08801400756702886,0.030161598102439367,3.8049560719428186,0.07476793417667298,0.4,0.2,True,exact,62,0.8597339305588978,2027.1720643473259,0.0009599152686470269,17.47735874855626,69.97721489198003,True,1,9.23468385399974
1323,1,5,0.9316976298928902,3.32893312739562,2000.6875743311289,0.7117451386176333,0.03051928759500072,4.014404380460547,0.05627919141266321,0.4,0.2,True,exact,57,0.9316717807073971,2027.7069582030144,0.0008525357911791653,15.749056956709149,50.45272781728756,True,1,10.12624716999926
1324,1,5,1.2015772576366022,4.311859497693395,2000.2485572981614,0.1897492767510069,0.039530646919991724,4.75633304890435,0.08290110855988722,0.4,0.2,True,exact,44,1.2015837104291172,2027.8848628398696,0.0016119487406133226,14.963606403117458,95.03976895456407,True,1,9.601537198999722
1325,1,5,1.0987161851455185,3.5972296442712373,2000.6387634575628,0.4163599022370742,0.032979000135297365,4.480861002115574,0.07467158217350436,0.4,0.2,True,exact,48,1.0987493504661157,2027.0074844111869,0.001098205603149438,16.325843572975838,65.2227182124293,True,1,9.727533785999185
1326,1,5,1.0820999480135294,3.789975208935713,2000.583521668796,0.7045820023922822,0.034746069972851616,4.435569360499529,0.05990525803256959,0.4,0.2,True,exact,50,1.082128264817819,2027.6358889121123,0.0011063446118895204,17.03191334076386,60.93420462253,True,1,10.031500189001235
1327,1,5,1.2265877146792392,3.2790813139600976,2000.3530976369386,0.3607070704126184,0.03006225173001135,4.822107238856873,0.07887589715896944,0.4,0.2,True,exact,43,1.2266272837701397,2027.337362742943,0.0009244393883680591,13.47672001275792,53.88669799525183,True,1,9.930592314000023
1328,1,5,1.0979661998634846,3.4871194620881436,2000.671677173429,0.2421031421601329,0.0319695222669892,4.478821675195249,0.07906706999578107,0.4,0.2,True,exact,48,1.0979421750569212,2027.0232684513662,0.001058690279840735,16.222431221970652,67.64676310028962,True,1,10.09375790500053
1329,1,5,0.8232440684833535,3.8383469821579026,2000.592570206858,0.12396868743616439,0.03518953699425229,3.6964956340196453,0.07387265823234389,0.4,0.2,True,exact,64,0.8232531905721443,2027.7591521638808,0.0013190283498271116,14.573384897049754,93.85644984400886,True,1,9.946472966999863
1330,1,5,1.0907426430183282,4.273254437721398,2000.968332930209,0.5291827849612987,0.039176720036266856,4.459155858902875,0.07061605012308446,0.4,0.2,True,exact,48,1.0907180481749974,2027.1459831562,0.0015056307349818887,13.512460366571421,92.02566965379188,True,1,10.042469317999348
1331,1,5,0.8376387865154605,4.251749915526241,2000.6242730914055,0.29579452853882215,0.038979568975446195,3.739460728878271,0.07211426124662339,0.4,0.2,True,exact,63,0.8376686916401405,2027.4284450074845,0.0016062237280306535,14.643664961075526,114.4399146295679,True,1,10.072141808001106
1332,1,5,1.0929828734887865,4.082953119358167,2000.1163630408357,0.7905380333088423,0.03743205877616548,4.465259419319118,0.05339220956222541,0.4,0.2,True,exact,50,1.0929730636697856,2027.4405375292447,0.001212532992022508,15.359833140491789,63.78932258905237,True,1,10.641182064000532
1333,1,5,0.918464836851075,3.8138054488014816,2000.6423527446473,0.48532995165972875,0.03496454295386047,3.976303085125377,0.06833691146520868,0.4,0.2,True,exact,58,0.9184388781353574,2027.2773055909254,0.001272059577772211,15.837509413708254,82.30230393845162,True,1,10.532178933999603
1334,1,5,1.1820036481304281,3.22270485561089,2000.6736288270783,0.875817185234098,0.029545398648227424,4.704538229839784,0.0441544111069618,0.4,0.2,True,exact,44,1.1819384616828157,2027.859714827038,0.0007168804759440928,16.318385744304617,32.830382281846326,True,1,10.615544935999424
1335,1,5,0.9681923044817218,3.2356425919893708,2000.4500756625519,0.623005372955499,0.029664010372240056,4.118561369471744,0.06248565659449419,0.4,0.2,True,exact,55,0.9681730502812067,2027.5600172828738,0.0008288535247190643,17.02417437170144,50.49321748213767,True,1,10.531527986999208
1336,1,5,0.8322044517030239,3.9614460867421863,2000.6152242952162,0.7912282291729313,0.03631809585431988,3.723269566477251,0.04900806658626207,0.4,0.2,True,exact,64,0.8322098071929203,2027.2459482051734,0.0011408662690481908,18.544933669592133,64.94964232847022,True,1,10.65007813199918
1337,1,5,0.9097138765518757,3.7307838083577014,2000.7088568659112,0.28353613629115665,0.034203409814699236,3.95100582819866,0.07388035861899075,0.4,0.2,True,exact,58,0.9097292110952493,2027.0899596217623,0.001213049957678014,14.979126818624446,81.37122999992057,True,1,10.12840425000104
1338,1,5,1.2109528930897344,4.2432242909249585,2001.1237800502772,0.5653574951024769,0.03890140700006968,4.78104271132231,0.0711705543596862,0.4,0.2,True,exact,44,1.2109836104182148,2027.7646863042007,0.0014617485846328826,13.611707605808586,82.18114517202103,True,1,11.01767656100128
1339,1,5,0.9641922443563419,3.9171073213810645,2000.4460818651737,0.22685528628468493,0.03591160299913838,4.107209727930776,0.07643280517978839,0.4,0.2,True,exact,55,0.9642309825822116,2027.4437800123019,0.0013625374218637631,14.291620521099826,90.0562937756943,True,1,10.377686795000045
1340,1,5,1.0247467659059541,3.5842263855255694,2000.4598738926934,0.7837151022457475,0.03285978770953089,4.2774226188519595,0.05241096193769614,0.4,0.2,True,exact,52,1.0247339358518153,2027.103694311314,0.0009165870093046369,17.54377453169677,50.1933597311153,True,1,10.566808411000238
1341,1,5,1.1754679261287153,4.063605213615719,2000.7253867683155,0.7720253418430342,0.037254679334429226,4.6871801561800694,0.05627610707134425,0.4,0.2,True,exact,45,1.1754567172989694,2027.7614159562095,0.0012196414215176477,17.290791126819276,61.70915432684763,True,1,10.552887396999722
1342,1,5,0.8176585938911676,3.9800731098634117,2000.126238956925,0.7541275268395867,0.03648886632459369,3.6797568960723765,0.05172334696032883,0.4,0.2,True,exact,65,0.8177017317209633,2027.1085712092918,0.001223796783490605,17.996507109603694,75.3106310572561,True,1,10.298908029999438
1343,1,5,1.033067183003136,4.119048265249838,2000.1774701594113,0.5278261844972589,0.037762975047563596,4.300545047696326,0.06935419747060456,0.4,0.2,True,exact,51,1.0330382782484808,2027.0367296094605,0.0013980564576897558,12.870061200882239,84.6016456241704,True,1,10.445048826999482
1344,2,5,1.4878670250209487,3.9665801320579828,2001.3547515585446,0.1411497212606018,0.03636516420911171,5.484628338121861,0.0892132466816626,0.4,0.2,True,exact,34,1.4878874138381688,2028.136660949087,0.0013273888347289375,12.315576100577962,81.47936858732677,True,1,9.974044937000144
1345,2,5,1.938546372989954,3.2585851957215914,2000.896280058582,0.35842847734821875,0.029874345604185542,6.542673583178762,0.09153035361023709,0.4,0.2,False,alias,28,0.9693391585491012,2027.067990614159,0.0004791011982225868,11.348010104878162,33.923589075942566,True,1,10.210222269000951
1346,2,5,1.8068516797164993,3.7265294444905193,2000.205626122301,0.5346792661181056,0.03416440628130657,6.2428963806850994,0.08213219410917859,0.4,0.2,True,exact,31,1.806852801109604,2027.309042016644,0.0011597503038,11.698329642113505,58.0193924766264,True,1,10.084761506999712
1347,2,5,1.7640476385378565,3.936904696281479,2001.709175915472,0.7244426921333151,0.03609310312398002,6.143907429177888,0.06834158611869628,0.4,0.2,True,exact,30,1.7639851813957628,2028.1707152209365,0.0011393685840589418,16.433238222379554,55.55229113849944,True,1,10.415684853998755
1348,2,5,1.5154366086778266,3.2299332958777978,2000.6035264642364,0.3227871419110978,0.029611668182317353,5.552172793097792,0.08553553628956753,0.4,0.2,True,exact,35,1.5154763270735767,2027.8809176373245,0.0009118560674371556,12.196952550757828,54.71584265601926,True,1,10.464986707998833
1349,2,5,1.3906688720546339,3.764480428199625,2001.2917645226423,0.8677893152855201,0.034512336666810445,5.243085580574906,0.04830791370593698,0.4,0.2,True,exact,38,1.3906682500725709,2027.714688938879,0.0009230448878955189,16.011380169145884,40.61771593704028,True,1,10.257404470999973
1350,2,5,1.5242025582657164,3.577719337169307,2000.1833445022519,0.30099174888604413,0.03280013181601201,5.573563005112129,0.08658539308343763,0.4,0.2,True,exact,34,1.5243157969624626,2027.6181530953243,0.0011003467947868772,12.840441135066763,58.43026539284204,True,1,9.983592803000647
1351,2,5,1.9349812762152618,3.32393641142995,2001.4198707450682,0.7466787083750484,0.03047347826037281,6.534649557177146,0.06751386409564405,0.4,0.2,True,exact,28,1.9349556248367243,2026.5743449978775,0.0007699772794248494,13.462397429883612,38.64675655491694,True,1,10.153463345999626
1352,2,5,1.3306425529956014,3.5783353381864793,2000.4165490564399,0.5366638574916511,0.032805779244627256,5.091105099166031,0.07420431576120727,0.4,0.2,True,exact,40,1.330663451854767,2027.0292846620953,0.0010213220482753194,16.396664395610184,58.694823769470105,True,1,9.908046489999833
1353,2,5,1.2849305331406107,3.976225141985237,2000.2797735948322,0.62853990672504,0.03645358858429789,4.973829458082432,0.06863811368180081,0.4,0.2,True,exact,42,1.284949183321881,2027.2632297247594,0.001279941237949056,16.63517067404124,70.17463886502327,True,1,10.635789093001222
1354,2,5,1.5247120640817529,3.3002071797998727,2001.180755785736,0.4466650008966633,0.03025593131160208,5.574805011766269,0.08146687373725604,0.4,0.2,True,exact,34,1.524818047842686,2027.1008130633256,0.0008941175043382099,13.262861462570882,46.48242991668728,True,1,10.330546628001684
1355,2,5,1.670167864223408,3.595454006755892,2000.1150417035385,0.14483175859214997,0.03296272128861543,5.923947570357677,0.09227519421559593,0.4,0.2,True,exact,32,1.6701511382919625,2026.8371968585047,0.0010769905472270969,15.209425623024242,58.18572233539736,True,1,10.419974120000916
1356,2,5,1.6782377031733264,3.5419840870337858,2001.6064055496731,0.6479071973488347,0.032472515028762666,5.943014271801128,0.07291743560622474,0.4,0.2,True,exact,31,1.6781482965016246,2026.7796463225243,0.000993019016415131,13.538625439470676,46.91120537666405,True,1,10.351010607999342
1357,2,5,1.8306702683836722,3.952963065472387,2000.1074580142197,0.5916662820370604,0.03624032446153433,6.297640657950496,0.07931148223748272,0.4,0.2,True,exact,30,1.830634664966888,2027.5673324745032,0.0012400225585769142,13.68978371065921,60.67439593368678,True,1,10.234210844999325
1358,2,5,1.8019447456882105,3.2402152991592907,2001.765117097444,0.5842101446822948,0.02970593244152346,6.231588548686656,0.07863818130484339,0.4,0.2,True,exact,30,1.80200576410141,2026.9905806974198,0.0007994135625096765,12.572462750029931,39.52528466096466,True,1,10.313057261000722
1359,2,5,1.8949791267417642,4.021495579921002,2001.2250790862297,0.07142014610926854,0.03686862290972279,6.444275189142687,0.0972481225790499,0.4,0.2,True,exact,28,1.8949461030194557,2027.7554173172725,0.001394685251006167,13.583350225834119,66.18170209594994,True,1,9.842801107999549
1360,2,5,1.7401423040170845,3.4461528990195864,2001.19504399707,0.6727994085812379,0.03159394538628263,6.088275561563095,0.0717848683796855,0.4,0.2,True,exact,29,1.7402531141227011,2027.2971560868405,0.0009126329688357027,13.488921383121225,42.96318679807432,True,1,10.219180895001045
1361,2,5,1.853264911174714,3.678448491842837,2000.6937363066431,0.6263290787789084,0.03372360547049418,6.349352803860251,0.07699879579988127,0.4,0.2,True,exact,28,1.8532495910157576,2026.6392442742206,0.0010849266138368563,15.766841427409902,50.539995685913695,True,1,10.239897767000002
1362,2,5,1.888952437506371,3.511484260507244,2000.5661883798723,0.30124410464340934,0.0321928960211891,6.43060458675729,0.09277926292658539,0.4,0.2,True,exact,28,1.889000892443629,2027.0115072858775,0.0010234414195985364,15.553977088632944,52.976943399193814,True,1,10.021693569999115
1363,2,5,1.4945791510220867,4.278374144970135,2000.4870050659301,0.7837124445337379,0.03922365694125919,5.501110945820292,0.05978685250349553,0.4,0.2,True,exact,35,1.494595156751192,2027.3893664673546,0.001357306955840687,14.83393762708796,60.23951533409579,True,1,9.814299253999707
1364,2,5,1.6779853836417973,3.2183122888649103,2001.1635484675758,0.19586417042326087,0.029505128086257416,5.942418577022802,0.09133829398007143,0.4,0.2,True,exact,31,1.678020721392633,2028.0129148756155,0.0008936223526634368,12.035080011117984,50.06980756848892,True,1,9.597567730999799
1365,2,5,1.4714308141971522,3.5740912751111815,2000.9458403445885,0.7472144643337676,0.03276687014774562,5.444161773812732,0.06210298477423148,0.4,0.2,True,exact,36,1.4714825083036591,2027.432323170299,0.000975250140101247,14.840377201031547,45.379475301301646,True,1,9.876659854000536
1366,2,5,1.7308415876646563,3.522175577921229,2000.36560235544,0.09610238989706991,0.03229091282670604,6.066562438446778,0.09380620803336909,0.4,0.2,True,exact,32,1.7307534342709778,2028.0587867191691,0.0010737368072641917,14.981170800400196,55.56528842318344,True,1,9.402791520999017
1367,2,5,1.2578787291915703,4.158615094987951,2000.5600626126745,0.7518330501706112,0.038125719329226176,4.903772414229318,0.0593666990387367,0.4,0.2,True,exact,43,1.257853933314885,2026.9748284329457,0.0013033184956079413,15.704032734636758,65.99770120958978,True,1,10.36785731999953
1368,2,5,1.4395816233112746,4.013299154722953,2000.5218731410148,0.8295318091732442,0.036793478997755445,5.365316179452282,0.053888932583285136,0.4,0.2,True,exact,36,1.4395598494295065,2027.8739027641607,0.0011253728516736894,15.12919765618098,51.07091878332879,True,1,10.081143750001502
1369,2,5,1.436096917955446,4.217332602398018,2000.4747361784825,0.14108764469049354,0.038664034887674004,5.356654358648808,0.0883958697962722,0.4,0.2,True,exact,36,1.4361711591451116,2027.7603640029238,0.0015602291231568977,12.242582804281305,84.10554839802793,True,1,9.756158972999401
1370,2,5,1.6213992399964068,3.2822244128803977,2001.061626771074,0.5879969998124539,0.030091067310324085,5.808060088563583,0.07581717924181634,0.4,0.2,True,exact,33,1.6213384271966453,2027.0031335851463,0.0008650225601322115,13.116004983741078,43.23034534179525,True,1,10.171057125000516
1371,2,5,1.6556717823176725,3.6280455355033965,2001.0096096710533,0.09622275916465932,0.033261516788837445,5.889620189101308,0.09254397614978863,0.4,0.2,False,alias,32,0.8278242687577706,2027.5001670148397,0.0005913196400960663,11.47658821206012,41.9559600894246,True,1,9.594637759999387
1372,2,5,1.884353951822591,3.5021706357495246,2000.231967155326,0.5311327185011598,0.03210750974827374,6.42016386008698,0.08322870170088656,0.4,0.2,True,exact,28,1.8843393329670748,2026.612781911539,0.000969983494865434,14.91357101037766,47.433607962909235,True,1,9.603059467001003
1373,2,5,1.4041477163085634,3.3413077843974186,2001.2695747381022,0.8718518387113086,0.030632737070095117,5.276909621896298,0.04728937549258407,0.4,0.2,True,exact,38,1.4040891257124293,2027.9491777635362,0.000730957428767609,18.91571024579323,32.58761773040067,True,1,10.139059191000342
1374,2,5,1.390347927152874,3.676268148031316,2001.369922210879,0.4129307666835863,0.03370361632163078,5.242278867415909,0.08069749321153195,0.4,0.2,True,exact,39,1.3903863466361623,2027.786090586087,0.001149623276103795,12.651412591526128,63.16955307959475,True,1,9.97071667199998
1375,2,5,1.4471244058002346,3.3974327417575063,2001.1225218290765,0.7229506572925821,0.031147284418863806,5.384041135814462,0.06368303745898819,0.4,0.2,True,exact,37,1.4470944786349307,2027.1707474904288,0.0009007621300157753,15.06825530509806,45.3528646058352,True,1,10.037012479999248
1376,3,5,2.6317034876374694,3.946322011903871,2000.8576346758923,0.5317881921708578,0.03617944002317677,8.02162634141832,0.09326765574707321,0.4,0.2,True,exact,20,2.6317942049762437,2027.1745826747624,0.001229357042567547,14.907481811976806,52.8133770196885,True,1,10.159830779000913
1377,3,5,2.142183244694631,3.9874778134564104,2001.4185689340668,0.6027973095463747,0.036556751821196394,6.993193353527417,0.08273277166414847,0.4,0.2,True,exact,25,2.142111796816277,2027.1256540617953,0.0012148959186230046,13.710892859285906,56.049861838785745,True,1,10.259032022999236
1378,3,5,2.7275106784848435,3.5007672240788876,2001.3706552106737,0.3429928492310283,0.03209464342661716,8.215148729580546,0.10320725306423817,0.4,0.2,True,exact,20,2.727463004869431,2028.646374840361,0.0009798460941210507,14.275266086120808,43.51518849123079,True,1,10.323552130999815
1379,3,5,2.331343156104593,3.297212943590433,2002.003475585963,0.654880346795103,0.030228480488018024,7.399038028616155,0.08023548079880649,0.4,0.2,True,exact,22,2.3314036297897536,2027.6470024276873,0.0008301220215038985,15.673322975152182,36.367532017462864,True,1,10.527074750998509
1380,3,5,2.411953470332567,4.1910615034848355,2000.1391773765793,0.8702022956163281,0.038423184383177565,7.568626506248515,0.05791671880106254,0.4,0.2,True,exact,22,2.411901228854801,2026.670887475736,0.0011916927257212828,16.3944115419007,44.39564658730662,True,1,10.647945923999941
1381,3,5,3.110776106196242,3.3270237943701773,2001.163240003697,0.5502907813610366,0.03050178304279492,8.96775277562071,0.09653752661883656,0.4,0.2,False,alias,17,6.221644981623494,2029.1615799264941,0.0008952331252440882,10.99959870757259,26.08142627964395,True,2,11.066870482000013
1382,3,5,2.0587643858272027,3.563490371373313,2001.9582807494335,0.20491637172021243,0.032669682244726356,6.810446024206349,0.09779785044564938,0.4,0.2,True,exact,25,2.058897943279629,2026.6636112568556,0.0010544623019910215,14.572515867445512,49.10893053980423,True,1,10.154570120999779
1383,3,5,3.1114607838555837,3.538427338089872,2002.472839589221,0.5486499346210422,0.03243990715117294,8.969068587614752,0.09691280595574514,0.4,0.2,False,alias,17,6.222685567339306,2027.365742269357,0.0009329489585263584,10.65986452009844,28.20286011117068,True,2,10.996638478000023
1384,3,5,2.4210528061896293,3.215900580656132,2001.7105335223664,0.7904051676621575,0.029483017814406893,7.587650157967524,0.06744704319687589,0.4,0.2,True,exact,21,2.42099479567752,2028.3418802524527,0.0007177057382784513,14.57333920452286,28.444017032846602,True,1,10.673984981000103
1385,3,5,2.1132502148620063,3.496866434688417,2000.1699840693552,0.8185241490547542,0.03205888142458846,6.930082508163561,0.06153293964736751,0.4,0.2,True,exact,26,2.113292540393591,2027.64207385845,0.0008316781573903809,13.963486979453823,34.86853573315113,True,1,10.230472982999345
1386,3,5,2.5249399716104146,3.5260490041462407,2001.8857101012343,0.06650780904362205,0.032326423966285954,7.8031836651636945,0.10642136566052415,0.4,0.2,False,alias,21,1.2624684298517992,2027.1361208810545,0.0005316927322409626,10.109725209450986,31.640577128589033,True,1,10.049609109999437
1387,3,5,3.1004395959892337,3.3275803738037903,2002.8544443195915,0.26107823175000744,0.03050688570096012,8.94787634700675,0.11022684741386636,0.4,0.2,False,alias,17,6.20105832377989,2027.6597020451195,0.0009311751834999438,9.380999527192156,27.328326319028047,True,2,10.816833246000897
1388,3,5,2.680227425158188,3.3849344913395583,2001.8933040844558,0.29350054507375756,0.03103270185311605,8.119928814444208,0.10417297969430814,0.4,0.2,True,exact,20,2.680220236844579,2028.6946502851124,0.0009295468611280056,13.880217051316063,44.73621211434912,True,1,10.259687342000689
1389,3,5,2.9207531252344547,3.7407921793091936,2002.108896282657,0.3589247910473402,0.03429516544322548,8.59873089327772,0.10519551828057225,0.4,0.2,True,exact,18,2.920650503792739,2028.3966618258012,0.0011073698967347667,13.76424938803342,49.62760487615497,True,1,10.093192522999743
1390,3,5,2.2581714971008555,3.2854959478914076,2001.69169344416,0.10920750618397934,0.03012106037839038,7.24339893618541,0.10200148469097227,0.4,0.2,True,exact,24,2.2582232495787853,2026.5313411620332,0.0009345507495288619,12.182482311066746,43.03077754044055,True,1,10.269312936999995
1391,3,5,2.274695292356139,4.248221461389656,2000.5108425452804,0.67224458052982,0.03894722050149398,7.278690896103227,0.07929670676267497,0.4,0.2,True,exact,22,2.274851262279725,2027.8068088973569,0.0013749237171156725,12.229963280285245,59.62608018844346,True,1,9.978547671000342
1392,3,5,2.11915312455731,3.350832665849496,2001.388226351583,0.7493199452518645,0.03072006012082028,6.942981637063123,0.06928696527805328,0.4,0.2,True,exact,25,2.119084275369001,2026.817683179428,0.0008387174426328636,12.969302405158881,40.01621164889382,True,1,10.180119141999967
1393,3,5,2.67759910301043,3.5855072037558178,2000.8110514321866,0.3229010346433411,0.03287153010820035,8.11461949426175,0.10338337650084779,0.4,0.2,True,exact,20,2.677708353403705,2027.5861330132036,0.001073614176390958,13.971492437237492,43.47473706455304,True,1,10.139843861999907
1394,3,5,2.4317626950906215,4.100776423980816,2001.966754002484,0.5983565127521145,0.03759546084489298,7.610010428784147,0.08667149147977238,0.4,0.2,True,exact,20,2.4317243269047184,2026.2836495190472,0.001346296689986759,11.454284791187485,52.61562271523254,True,1,10.43780073599919
1395,3,5,2.042669402978362,4.303321171058876,2000.158501898982,0.3524454390566842,0.039452368493791315,6.774904533264428,0.09430647616910495,0.4,0.2,False,alias,26,1.0213118591006578,2027.7349905082176,0.0008067734560713857,10.577314204591657,54.80120906971028,True,1,9.642996002001382
1396,3,5,3.125731411618229,4.069725365563847,2003.0589196225105,0.01744840058092443,0.037310788204833654,8.996471921429668,0.11495942000992992,0.4,0.2,True,exact,17,3.1259764581926768,2028.0648429155412,0.00135611882631137,11.876871337074018,56.83093981610918,True,1,10.34238177899897
1397,3,5,2.4641571360688896,3.2309478293605713,2000.571593969943,0.34569983800876747,0.02962096931212399,7.677445164929058,0.09945160690566218,0.4,0.2,True,exact,23,2.4645425542833066,2027.6782623679496,0.0008387916129026785,12.583358329126892,39.9722280105294,True,1,10.441236118998859
1398,3,5,2.1716223193467057,3.9173054881979916,2000.0860574138485,0.1343469032571628,0.03591341977041197,7.057117066763748,0.10098851090387245,0.4,0.2,True,exact,25,2.1717643053615094,2028.3169203446996,0.0012730943764480696,14.870387312319213,59.15692357785433,True,1,10.2483764410008
1399,3,5,2.0883126776604657,3.304321705701841,2001.0844197820484,0.3228499318205033,0.03029365282612751,6.875455476609723,0.09502140767278748,0.4,0.2,True,exact,24,2.0880334195207837,2028.2334318496034,0.0008438111238862067,12.109495817580132,39.70399945703721,True,1,10.157213975999184
1400,3,5,3.054222648138847,3.2327264285165604,2001.355360728464,0.8055621687095336,0.029637275310797004,8.858732467426117,0.07073004428330269,0.4,0.2,True,exact,16,3.054404500608964,2028.8431561304806,0.0007297410399218496,13.755328380535538,27.549058825290288,True,1,10.47884190699915
1401,3,5,2.8326913138427847,4.13959538172671,2001.7997628071807,0.3607758593287383,0.037951348719550276,8.425013871972208,0.10448810982729705,0.4,0.2,True,exact,18,2.832919976387223,2027.293545412485,0.001435407731323557,12.306793208097025,58.61132346639206,True,1,10.320541248000154
1402,3,5,3.1041324544287905,3.965300832148647,2000.7194880246786,0.6747931723246225,0.03635343573023902,8.95498000303806,0.08714840838312331,0.4,0.2,True,exact,17,3.103952955602462,2028.6551078504222,0.0012290380660209266,11.183940554057054,48.92506907701676,True,1,10.58404070799952
1403,3,5,2.1995745928963477,3.670122275978449,2002.0845842156907,0.2686351094364561,0.033647271652174994,7.117545526768164,0.09858044381538628,0.4,0.2,True,exact,24,2.199373565041524,2028.478094759665,0.0011586802380086914,12.117099320124856,54.725392051663874,True,1,10.397728459000064
1404,3,5,2.0168387230019262,3.787383854494197,2000.3048554285447,0.13129126366285446,0.034722312724377515,6.71766854316271,0.0984895031321458,0.4,0.2,True,exact,28,2.016811113295593,2026.5236877020093,0.0011801828650749302,12.041333216054271,56.48432769973381,True,1,9.993361216000267
1405,3,5,2.1299217763866656,3.6924725350892036,2000.5190765623047,0.7215748661097451,0.03385217633470239,6.966482651552158,0.07258284510650423,0.4,0.2,True,exact,24,2.130067562063853,2028.2084564318302,0.001032573893478217,15.324426031932784,43.15943714092463,True,1,10.42481326699999
1406,3,5,2.4226323214106062,3.2563367512699832,2000.020876179568,0.6233408568126552,0.029853732116249938,7.590949963764961,0.08372659896937386,0.4,0.2,True,exact,22,2.4214856569076235,2026.6738422259837,0.0007762888733107154,11.668582046219655,33.86579159676234,True,1,10.200579047999781
1407,3,5,2.343855891313073,4.136145299497694,2000.9684058343112,0.06366509721877445,0.03791971875050488,7.42548904186068,0.10443264807048235,0.4,0.2,True,exact,22,2.343873424159683,2026.7512274574233,0.0014715695130438355,10.172181471683846,64.59998385188841,True,1,9.829757686000448
1408,4,5,4.23446771324803,3.6560271403300755,2003.7195699644453,0.5652039131644364,0.033518049020755,11.014640860928974,0.10613414569014228,0.4,0.2,True,exact,13,4.234588567109425,2029.1280392151566,0.001050197005202147,12.69286914212985,40.5694573654685,True,1,9.828391377999651
1409,4,5,4.13546170595382,4.193694347649824,2000.1272842800329,0.3999431562781048,0.0384473220048086,10.842276034478454,0.11658361273216904,0.4,0.2,True,exact,13,4.13569463319826,2029.0751228490544,0.0014278573108175152,12.420611769029875,53.21366653245703,True,1,10.235138325999287
1410,4,5,3.9157636814192656,3.906981271670078,2003.7404513911818,0.5810218641402207,0.03581876850487124,10.45479303975675,0.10250732497445356,0.4,0.2,True,exact,14,3.915847897008941,2027.2351915487204,0.0011328282513877186,10.650544820133245,40.91676194955832,True,1,10.32371606400011
1411,4,5,4.889271742056397,3.4939942273427853,2000.2606957094545,0.28355647334834283,0.032032549348016415,12.122733962472237,0.12756986537249076,0.4,0.2,True,exact,12,4.88904671460436,2029.5966500792929,0.001004584657520069,9.217658284023734,37.34213375922265,True,1,10.367753530999835
1412,4,5,3.18199389690861,4.07349974489657,2000.2090335483194,0.8342898895814924,0.037345391293552986,9.104106978325206,0.06892814832962388,0.4,0.2,True,exact,18,3.182043828783456,2028.8473788340511,0.0011459151982878835,15.068742704723874,39.91144638338635,True,1,10.195142882001164
1413,4,5,4.632685407912669,3.818086771390251,2003.191890915978,0.884786009399061,0.0350037936418056,11.694805332283977,0.06793249621838415,0.4,0.2,True,exact,12,4.632321453343134,2026.3565942458824,0.0008873196942295047,14.049793653882979,26.269613749748444,True,1,10.207531938000102
1414,4,5,3.7966235957699217,3.321765265649836,2003.345392469399,0.881081370429204,0.030453573438035387,10.241639521223556,0.06331636828371875,0.4,0.2,True,exact,13,3.795962363787232,2026.1237559535566,0.0007633168967291493,17.39537217600376,22.527908102915703,True,1,10.53273704899948
1415,4,5,3.287589890088913,3.323045274899457,2002.3946343597859,0.6602428038544238,0.030465308420060695,9.304425186412908,0.08931563890231844,0.4,0.2,True,exact,16,3.287368584403815,2028.6942611752306,0.0008206131408590167,11.544300540016359,31.201470648859274,True,1,10.390600413998982
1416,4,5,3.6723021279688823,3.301131099514358,2000.9925850692025,0.8830685795393102,0.030264401704488325,10.016824396139064,0.06220147893901769,0.4,0.2,True,exact,14,3.67210862188761,2026.69759889488,0.0006374867251229821,15.963528353421815,19.758172371957087,True,1,9.873823882000579
1417,4,5,3.1776876419594915,3.430946860485009,2000.4114526807773,0.12011675206373222,0.031454538121114616,9.095891279813845,0.11417253822618244,0.4,0.2,True,exact,18,3.1777326459927604,2025.8314965846087,0.00093207760919789,10.656191722566591,40.097113958345325,True,1,9.722805709001477
1418,4,5,4.048296627598322,3.401452122260031,2000.5909941809366,0.28215158258043893,0.03118413365097988,10.689383913283226,0.11978017038202649,0.4,0.2,False,alias,13,2.0241585843840397,2026.9031240969925,0.0004523910324465419,10.564871829044558,25.93056829393391,True,1,9.81725753200044
1420,4,5,4.371531624420145,4.296239207485393,2002.4903315739405,0.2434503299417419,0.03938744184168835,11.251062582445085,0.12517079311213894,0.4,0.2,True,exact,12,4.370984558799212,2028.7175740194618,0.001472689597400878,12.77907365258283,53.01017106630572,True,1,10.252554063999924
1419,4,5,4.797429140148969,3.2679284346772546,2003.3146638731025,0.8177857091225802,0.029960003376764407,11.970441536593283,0.08009972505583238,0.4,0.2,True,exact,11,4.797367362994609,2027.300899314973,0.0007707669051676413,11.97645383222295,24.120820967161066,True,1,10.633977858000435
1421,4,5,4.077413384711011,4.157339666049679,2003.1328217647972,0.4566601584268852,0.03811402633898442,10.740577179660283,0.11289986476995358,0.4,0.2,True,exact,13,4.077522003945038,2027.596642440337,0.0013897356448104858,13.346038561716698,52.35806719994387,True,1,9.907376231998569
1422,4,5,3.6956677907332227,4.24174682400702,2001.9995376927334,0.1437887689700063,0.03888786174816613,10.059268660415169,0.12054519616241027,0.4,0.2,True,exact,15,3.695587052722773,2027.8698906190596,0.0014825593405100035,8.979091233728036,62.25082144360832,True,1,10.02116553399901
1423,4,5,3.165611751094419,4.015118681339238,2001.0879797771056,0.06436915117552404,0.0368101602148193,9.07283244155813,0.1151814780938099,0.4,0.2,False,alias,16,1.582892196040696,2027.9958860826919,0.0006898382317298557,10.097321663119367,38.139837166605744,True,1,10.005265349998808
1424,4,5,3.6778733922429563,3.6514543148457514,2000.4880108500645,0.569464488271144,0.03347612586677833,10.026952879177813,0.10098137903786855,0.4,0.2,True,exact,14,3.6780224620945385,2026.2332666096618,0.0010493899878704083,13.100087085254643,39.64141953850062,True,1,10.538417750000008
1425,4,5,4.788783936738571,3.8017920619556795,2000.6046706762183,0.6711252143064333,0.03485440556325933,11.956056330780376,0.10066173210547945,0.4,0.2,True,exact,12,4.788925539716552,2029.3382407382992,0.0010609516440276412,11.844310768355967,37.511434471269546,True,1,10.006475190999481
1426,4,5,4.519400240412571,3.8409928295551454,2001.0953663474922,0.157427924068867,0.03521379382806623,11.503367477645108,0.12813575098456376,0.4,0.2,True,exact,12,4.5196125929135755,2028.211165140815,0.0011628456029778578,12.610221110818363,41.86823610739486,True,1,10.257198143001006
1427,4,5,4.640057105010025,3.7189235183446216,2001.4676885582621,0.35118613974996765,0.03409467599878372,11.707208176786354,0.12290430797282367,0.4,0.2,True,exact,12,4.639840482280366,2029.3083137270157,0.0011369858516215858,9.103384090929048,42.366444193038824,True,1,10.096480052001425
1428,4,5,3.8968615104987703,4.340356395857078,2003.092162676255,0.41019802448782444,0.03979190330374591,10.42112100136698,0.11397547146636583,0.4,0.2,True,exact,14,3.8965945416556167,2026.473838083267,0.0015503775315048873,9.194328817501017,58.24819934023504,True,1,10.37180477000038
1429,4,5,3.169227357843772,3.4845211582347186,2002.4197936188982,0.5268179994152111,0.031945701307081874,9.079739490490367,0.0989120516225248,0.4,0.2,False,alias,17,1.5847384574371968,2027.7719990889323,0.0004945034626830935,10.547748317773467,27.507166303509955,True,1,10.183430621000298
1430,4,5,4.181297378365893,3.7642530887892316,2003.7127840306746,0.09854572122037053,0.03451025244445392,10.922242838731913,0.12568053748683947,0.4,0.2,False,alias,12,8.362501911280795,2028.7996151088423,0.0010930419223359467,10.219364335495767,30.75388865369389,True,2,10.417145043998971
1431,4,5,3.349452193588204,3.586035697938149,2002.4667350665793,0.6064660322205537,0.03287637528391449,9.420782554331057,0.09494269344464076,0.4,0.2,True,exact,16,3.3493424581156033,2025.9117383526427,0.0009869652972483989,11.741308160180958,39.37623972629206,True,1,10.403578260000359
1432,4,5,3.8672640813016974,3.78237175956687,2000.596093305072,0.7672101285797568,0.034676362397144535,10.3682870039355,0.08271117712817624,0.4,0.2,True,exact,15,3.8671812948156856,2027.6655815637098,0.0009770483437879784,15.702996108247213,32.05208990872006,True,1,10.339552823999838
1433,4,5,3.6193385706708767,3.3870073985164235,2000.0924668909256,0.22778578473023556,0.031051706034896653,9.920280025840512,0.11701226119716596,0.4,0.2,True,exact,16,3.6194935671187127,2029.0473547869499,0.0009357153696495368,12.274364293733786,38.211846571887726,True,1,10.157453218000228
1434,4,5,3.5431600920707575,3.4533572868743128,2002.8353882461038,0.19974199365630574,0.03165999441054054,9.78058821527704,0.11694596251310796,0.4,0.2,True,exact,14,3.543484915112805,2027.6379881557898,0.0009645466749665932,13.659727315659403,36.38542351736103,True,1,9.87251601800017
1435,4,5,4.066411613763867,3.9491912495854145,2002.68082389931,0.5746776811987042,0.036205744874199704,10.721248165231431,0.10436206505205853,0.4,0.2,True,exact,13,4.066377602055152,2027.0801666539976,0.0011994755034590021,12.802359111990887,41.152741002299074,True,1,10.342488121001224
1436,4,5,3.7180662476011914,4.164543352994761,2001.1854077183616,0.7154426835324696,0.038180068937380886,10.099872077912694,0.08845877163705379,0.4,0.2,True,exact,15,3.7181318788194613,2027.2105169017361,0.0012895495652820443,11.21439864758027,46.02206857599925,True,1,10.360322887998336
1437,4,5,3.511127217104809,4.2762086394495675,2002.420180763294,0.050931616897771995,0.03920380382819216,9.721549704025989,0.11955679969078302,0.4,0.2,True,exact,14,3.511082586675676,2026.9981510233965,0.0015153241957950314,8.461469829242848,58.19486882204722,True,1,10.139885099999447
1438,4,5,4.334262823414048,3.609955733810907,2000.4240300261436,0.12527820693065458,0.033095671504699366,11.18702527378449,0.12665192490362454,0.4,0.2,False,alias,12,2.1671187743892983,2026.4286023760048,0.0005301691061750935,9.34668789673865,29.047588602752587,True,1,9.90373340699989
1439,4,5,4.170595329565828,3.329008711180307,2000.4936287821802,0.03429326315855909,0.03051998053870794,10.903597860764128,0.12558688440240515,0.4,0.2,False,alias,14,8.339648120246705,2025.51277248574,0.0009376251905680588,10.011510509143882,25.59687783805637,True,2,10.520697739999378
1440,5,5,5.464256659694369,3.779505326867689,2003.0580411691915,0.10998174973830073,0.03465008326188703,13.05545015201099,0.13720856089752775,0.4,0.2,True,exact,8,5.465496079723037,2024.9169843188922,0.0011717912254833873,12.833931763981663,37.337717631667495,True,1,10.266968797999652
1441,5,5,5.419661959098638,3.479658136242142,2000.9887160289293,0.14371126825936237,0.031901117663886744,12.984321393672705,0.13591394671720958,0.4,0.2,True,exact,10,5.419902150743005,2028.086698253715,0.0009468860246761857,10.497291852752369,35.39319956341861,True,1,10.367076561000431
1442,5,5,6.783538523229974,4.157640854155159,2005.0088291533168,0.37386609599226,0.03811678759794023,15.080253930475255,0.13880693285378287,0.4,0.2,True,exact,8,6.783420343339531,2025.3593235300186,0.0014344024440452463,14.009323476992124,47.46892370054771,True,1,10.17880128700017
1443,5,5,5.563430972642918,3.736296785211535,2002.666297091742,0.16938453208108595,0.03425395217156489,13.212943970957527,0.1368941368098714,0.4,0.2,True,exact,9,5.5628254697500665,2024.9203643790004,0.001095694801400926,10.287746754665662,40.740938433756085,True,1,10.292578167000102
1444,5,5,6.569165315625246,3.963446626264369,2001.3026411895669,0.52073407496322,0.03633643657751441,14.760846076962897,0.127086223361991,0.4,0.2,True,exact,8,6.568666475417531,2027.5781034016702,0.0011422559348602812,11.281991002388292,35.5580600446333,True,1,10.507120573000066
1445,5,5,7.122753820279568,3.249320185879812,2006.7053499767362,0.7477709914258098,0.02978940502739691,15.57888651225962,0.1031961258466131,0.4,0.2,True,exact,6,7.122576214129739,2028.0727286423892,0.0007226668661991509,13.857530983076263,20.06105125246884,True,1,10.722865170999285
1446,5,5,5.854325012226215,3.6211904438767126,2004.570713969608,0.3442078908937825,0.033198670073436916,13.669595924542577,0.13295826071858313,0.4,0.2,True,exact,9,5.855269111327877,2027.9873264453115,0.0009803958639519328,13.475749355264934,34.610878171640394,True,1,10.20751582000048
1447,5,5,5.347669410368691,3.8633980583375798,2000.2514760184781,0.866039299905795,0.03541920246641213,12.86907973746599,0.07526077738495852,0.4,0.2,True,exact,11,5.347383945804749,2026.9908259790238,0.0008676453282134844,14.658737269178337,26.814834992499687,True,1,10.701554214998396
1448,5,5,6.688392767681287,3.9748846728588516,2004.4250343545034,0.675614289448411,0.036441299312866236,14.938912027460594,0.11217780583313071,0.4,0.2,True,exact,8,6.688589450193227,2024.4900652255797,0.001168420053295982,11.252407323368603,35.673037879656086,True,1,10.410350501999346
1449,5,5,5.560922723980724,3.8244619664857575,2002.0897813020813,0.11597235894595383,0.035062240719337084,13.208972340264994,0.13797733943215526,0.4,0.2,True,exact,9,5.560626969182946,2029.8953223459146,0.001195692913916857,10.719589166901022,39.91138145402617,True,1,10.279399540999293
1450,5,5,5.412364964143441,3.4741863740353267,2004.4885578962085,0.08232744928551407,0.03185095315830778,12.972664110473815,0.13674236818753402,0.4,0.2,True,exact,10,5.412244227063235,2026.138039408253,0.000959057221550097,10.778827434073271,36.231646427621044,True,1,10.037878671000726
1451,5,5,6.3576000558965315,3.7918563974501245,2006.090400066285,0.5154939598078906,0.034763316499319595,14.44219684096887,0.12588246819542123,0.4,0.2,True,exact,8,6.357617612880219,2025.1633997136407,0.001076770683233419,14.000444716146337,34.56685824858779,True,1,10.291903295999873
1452,5,5,6.812432308533927,3.302145427331998,2000.7109920008288,0.17904165858367777,0.030273700948779958,15.12304545003424,0.1456007633434478,0.4,0.2,True,exact,8,6.8124623556906485,2027.9607869227625,0.0008688855728820055,11.113346410301423,25.927326344960928,True,1,10.119321644999218
1453,5,5,6.070615508880884,3.2783251586765076,2001.196799256435,0.7876926477597992,0.030055319382714725,14.00424205833943,0.09176440849435663,0.4,0.2,True,exact,8,6.070648760581809,2025.4802512923272,0.0007647195912051652,15.50341488555585,21.17186791266572,True,1,10.516201632999582
1454,5,5,5.535495715306288,4.070921605227542,2005.5020249821885,0.18508747699208675,0.03732175519663905,13.168676733914529,0.13671970179903864,0.4,0.2,True,exact,10,5.534565065136379,2027.6429477605457,0.0013602615520621475,10.725894919694346,43.87509644039853,True,1,10.034194059999209
1455,5,5,6.010491283398631,3.9227529200095637,2003.0286580577856,0.39174553144841895,0.035963361217641224,13.91162210011925,0.1320491639075323,0.4,0.2,True,exact,9,6.01040408625736,2027.0722413450296,0.0011809680225799424,11.079209431332727,38.54461086973231,True,1,10.38083864300097
1456,5,5,7.360927273010859,4.32504572191581,2004.3629404994358,0.3918757316127465,0.03965153675284063,15.924267901093263,0.1418182433282262,0.4,0.2,True,exact,6,7.361032976438678,2026.4462239293161,0.0015198268849109242,12.83008645523741,44.887854408376256,True,1,10.89530752599967
1457,5,5,7.3923043724009725,4.304622402005339,2000.9859195079737,0.8717092122330296,0.03946429803396615,15.969488927475489,0.08357303039271034,0.4,0.2,True,exact,8,7.391873609996915,2030.5542131899876,0.001166019288755371,15.38227211618702,31.348486141738448,True,1,10.561659689001317
1458,5,5,6.1211925053457925,3.339370356686447,2001.4579239567233,0.7756764002449643,0.03061497494894614,14.081918158635444,0.09407292156156427,0.4,0.2,True,exact,8,6.121437767367762,2025.942626069471,0.0007214546670718525,14.82307599831219,20.741612041942016,True,1,10.56165757799863
1459,5,5,7.473259450587274,4.245714964942544,2002.242897438146,0.19612136770197894,0.03892424122164732,16.085867882215712,0.150988587014567,0.4,0.2,True,exact,8,7.472438110523004,2024.663876831569,0.0014507361566964416,9.981089175620477,47.92293164068121,True,1,10.117078352001045
1460,5,5,5.821782116586004,3.2463510022170023,2001.4020221182589,0.43181919228984783,0.029762183882765938,13.618891372532394,0.12736970006903808,0.4,0.2,True,exact,10,5.821981370237841,2024.6887848559513,0.0008252472098280172,12.794698568008693,29.98684512410249,True,1,10.401761671999338
1461,5,5,5.320146984358773,3.5270349504686433,2000.5527681061706,0.5169939600250066,0.03233546301219499,12.824886927869787,0.11818038182091634,0.4,0.2,False,alias,11,10.640656127179314,2032.472093381538,0.0009927104555494948,10.328144263577299,24.821007045481558,True,2,11.110104847999537
1462,5,5,7.020881891862509,3.7436305020980574,2000.7896772717484,0.08429117360773045,0.03432118686996065,15.429987309467597,0.14942208839594723,0.4,0.2,True,exact,8,7.021722813888202,2028.8750162555527,0.0010683721265315471,10.769408929938923,35.522298452300525,True,1,10.35333796499981
1463,5,5,7.762276120371052,4.061368496257217,2003.672019582628,0.3147732511737878,0.03723417335917516,16.49797023340569,0.14813056290057505,0.4,0.2,False,alias,7,15.523138206560676,2034.7196264131214,0.001302561122059842,9.62252394518459,31.32820317845365,True,2,10.914665297999818
1464,5,5,6.762948359979121,4.123413715199557,2005.8859319244934,0.8387462458564758,0.03780299700577015,15.049722944182845,0.08758333228741856,0.4,0.2,True,exact,8,6.763236609034875,2026.1748660771045,0.001154534884307501,15.260353142386455,30.5209283268465,True,1,10.206693568999981
1465,5,5,5.764363758190779,4.27787499656696,2001.1760745848007,0.4033306463610267,0.039219080804375056,13.529197709362611,0.13005951613675656,0.4,0.2,True,exact,9,5.764467367185001,2029.998118085925,0.0014594275928195843,10.663306647698604,49.81394773359683,True,1,10.22148572199876
1466,5,5,6.781955229118592,3.7785544264751927,2005.3812306805403,0.6281007813442671,0.03464136551315427,15.077907327635124,0.11787490489313558,0.4,0.2,True,exact,8,6.782904704217723,2025.7270734876531,0.0010551656274004895,14.038764512839109,33.04980127809614,True,1,9.997186433000024
1467,5,5,5.085822367361286,3.803808751346647,2000.784557992687,0.14855950515350885,0.03487289434664949,12.445487579449194,0.13337891457844622,0.4,0.2,True,exact,10,5.085097863768233,2026.213614318841,0.0011708890032288144,10.446309767602559,38.39841021850075,True,1,9.937148392000381
1468,5,5,5.532649744669294,3.41339098576336,2003.934606650623,0.37317891596443803,0.03129358781988973,13.164162729342298,0.1287831895591866,0.4,0.2,True,exact,10,5.532798307009202,2026.0650213530369,0.0009237380400625161,10.139876263124021,31.790744049701683,True,1,10.013135154000338
1469,5,5,6.320292977162866,4.010245066830796,2003.1261901066339,0.12202661026995713,0.03676547946062024,14.385642533136025,0.14411078962607837,0.4,0.2,True,exact,8,6.320609056856974,2028.406498727428,0.001236366718047388,11.116749071908469,38.55699154303642,True,1,9.77598560899969
1470,5,5,5.552140825560454,3.6827558624607577,2003.4701794239236,0.6975760614545575,0.03376309496386511,13.195062130034511,0.10238384037982423,0.4,0.2,True,exact,10,5.552854633864406,2025.6792310354576,0.0010502771365806796,11.109370726862343,34.964978267167915,True,1,10.321912870998858
1471,5,5,5.1433044190763395,3.5353854647885665,2003.9575132312784,0.39493211182643356,0.03241201959604421,12.539087817512423,0.12472678392255367,0.4,0.2,True,exact,10,5.14419521548574,2029.6749604524286,0.001039672663116109,13.22762167030545,36.27596272794287,True,1,9.989586126001086
1472,6,5,8.761133369802632,3.712102817204952,2006.1341830680265,0.31879508356554426,0.034032144571532134,17.884548680498156,0.15348533574283488,0.4,0.2,True,exact,5,8.760889533519508,2023.657341567039,0.0009884655791772001,12.39354403022581,25.523049170554405,True,1,10.313743011000042
1473,6,5,11.431751278221812,4.213785445366765,2010.8827695449988,0.040823365266781576,0.038631514947669636,21.355658561734614,0.17690804542990834,0.4,0.2,True,exact,4,11.43259435799796,2022.313594357998,0.0014294865714901128,13.514110240407167,34.897999557756705,True,1,10.455517764001343
1474,6,5,10.133922085646608,3.2354814217512637,2000.7143568864137,0.07979989229628107,0.029662532781474394,19.707105036638932,0.1681092952542128,0.4,0.2,True,exact,5,10.135092427764082,2031.1170272832921,0.0008186846184663477,13.688234258781845,20.719081048661142,True,1,10.315898860000743
1475,6,5,10.740181724504458,3.8157388778268198,2010.0506052722546,0.058844525892028036,0.03498226841550559,20.485451670412186,0.17251710932165937,0.4,0.2,True,exact,5,10.740484513274627,2031.5283440265493,0.0010953630482615218,10.310909890694584,28.12428480731033,True,1,10.258923837000111
1476,6,5,9.389695175603945,3.341475039086927,2004.5328686083571,0.852063392328763,0.030634270442432554,18.730043521739223,0.09263558114305745,0.4,0.2,True,exact,5,9.390462046428116,2023.311392842856,0.0006806937864141105,16.295791025917968,14.593225578792987,True,1,10.056937338000353
1477,6,5,8.018075870840473,3.5178647829404053,2000.7804288583345,0.5583781251334486,0.032251391939157964,16.858459942892086,0.13156753220624737,0.4,0.2,True,exact,6,8.018004409841794,2024.8340132295255,0.0009475647385608355,12.928423041812215,26.487577209098376,True,1,10.613286886999049
1478,6,5,9.34332785704582,3.8767853793138283,2000.9309934945245,0.04738790830280736,0.035541935931869384,18.668332024105258,0.16488554618171464,0.4,0.2,True,exact,6,9.34297035932381,2028.9600360779714,0.0010854919607040658,13.429008870696928,31.13708088260616,True,1,10.398936313999002
1479,6,5,8.645402562115333,3.690445249876877,2003.2573041392752,0.8771926756866655,0.033833590410003896,17.726701745720355,0.08505402451903606,0.4,0.2,True,exact,6,8.645887118192931,2029.1954738545787,0.0008998345499366955,13.764845597806344,21.004157436683755,True,1,10.617656999000246
1480,6,5,8.270976811277555,4.281574040360656,2007.9616010920367,0.3223307614418694,0.039252993225275694,17.21111446227338,0.151241582938294,0.4,0.2,False,alias,5,16.53977331306722,2032.7762233130672,0.001502670121925398,9.376151481601651,32.790698356397634,True,2,10.735512185998232
1481,6,5,8.188071432831958,3.3384091890739316,2006.8479890008737,0.8675900693465385,0.030606163071485473,17.095909333647857,0.08493020312609377,0.4,0.2,True,exact,6,8.188628424983062,2031.4143227749491,0.0007413691999115235,16.849745450476835,17.68024052066462,True,1,10.327948776000994
1482,6,5,8.248857351528962,3.2136161429706758,2001.9664075868468,0.3265429369518033,0.029462074344518134,17.180415110244454,0.14931593559503056,0.4,0.2,True,exact,7,8.248479594441974,2026.7116887833258,0.0007688645023595786,10.529847610393297,23.346411378188762,True,1,10.549676556000122
1483,6,5,11.850526243693222,3.328223316498611,2000.3088077015948,0.8715237210815686,0.030512780127870908,21.87406751904193,0.09491657797713184,0.4,0.2,True,exact,5,11.850399391714125,2024.0101737834284,0.0005928025891969169,14.820717487256736,13.313982523496758,True,1,10.134551841001667
1484,6,5,8.636084388216949,4.304163228573427,2001.011283211266,0.5033621461661472,0.03946008838315966,17.71396201305314,0.14125305655956688,0.4,0.2,True,exact,7,8.637347234075076,2026.9195417022252,0.0014433845425311231,10.238552856446098,45.94254779868413,True,1,10.142874408000353
1485,6,5,9.70487022003057,3.5314116077945013,2004.5681767760204,0.8158621640597622,0.0323755877183759,19.146862219517832,0.10217329329956572,0.4,0.2,True,exact,6,9.703504547317985,2023.977321594636,0.0008363225143895869,14.709038592993672,22.836196378212026,True,1,10.248290430999987
1486,6,5,12.489102269942645,3.400808468903754,2001.7787712833165,0.5735528878761144,0.03117823270880413,22.652976373243263,0.1504718300873732,0.4,0.2,True,exact,5,12.48835895464939,2026.7585304092986,0.0008504832123868988,11.585631169277278,24.491324294504654,True,1,10.45937397400121
1487,6,5,11.586504930226415,3.999109083797524,2006.2255741258216,0.1352095395449489,0.03666338601030471,21.547956554515846,0.17598751979963093,0.4,0.2,True,exact,4,11.586671215511164,2029.3987174310223,0.0011681553695951363,11.791864365738391,28.133213439399697,True,1,10.149585564999143
1488,6,5,9.86010712805225,3.6162689785065156,2005.8184425904399,0.1939133040860932,0.03315355062787467,19.35050096974827,0.16467888168487455,0.4,0.2,True,exact,5,9.861219532552825,2025.5383140651056,0.0010172924035617426,14.410228010275699,28.753080704792847,True,1,10.567226409000796
1489,6,5,10.261365462052202,3.453124905002613,2002.1373880508359,0.5976550348501113,0.03165786395946121,19.871983947888605,0.13832124896972497,0.4,0.2,True,exact,6,10.26119725343266,2022.6589570068654,0.0008897704164168019,12.703602622605304,26.372949927092552,True,1,10.756362795000314
1490,6,5,9.981384400639001,4.016786991125822,2004.1650768422812,0.4729021649741376,0.03682545509285555,19.508848896550006,0.15036901536085928,0.4,0.2,True,exact,6,9.981367781664183,2024.1270168133283,0.001237421459325816,13.031461475852648,35.10962354254365,True,1,10.1820243330003
1491,6,5,9.386754313305621,3.3006612497902665,2006.6099064299324,0.4800200983818329,0.03026009417462599,18.72613247148508,0.1455582595333877,0.4,0.2,True,exact,6,9.387208539863918,2025.3816358297277,0.0008611863450048718,14.77976188354039,26.682538066023213,True,1,10.225578929999756
1492,6,5,10.404391060837757,3.446150546121518,2007.8748967776312,0.3290615720986014,0.03159392381517558,20.05621156849781,0.16153097442736997,0.4,0.2,True,exact,5,10.404609561367073,2028.6872191227342,0.0008374276965935623,14.213813301018472,23.116535437114795,True,1,10.318424918999881
1493,6,5,8.969895726879775,3.427771665247253,2006.421948554625,0.48607213805574473,0.031425428285343546,18.167537015649383,0.14308091849987412,0.4,0.2,True,exact,6,8.97010977872182,2024.3620008074438,0.0008715279720160618,13.971735513039434,25.237555545746893,True,1,10.260074879999593
1494,6,5,10.305795178386333,3.2279575033864814,2005.8984050223885,0.44779026833036883,0.029593554337141465,19.92930385009252,0.15270060738228355,0.4,0.2,True,exact,5,10.307714997022533,2026.509117494045,0.0008065291586375478,11.201943621537799,23.750759462387204,True,1,10.474794144000043
1495,6,5,9.490931510471215,3.924504166502777,2000.5630147515242,0.2859743212368826,0.03597941645015289,18.864429843458353,0.1595538699313727,0.4,0.2,True,exact,6,9.489977906605294,2029.0354337198157,0.0012070117814491077,10.925664837172677,35.482907590181675,True,1,10.295816171001206
1496,6,5,9.897254073330616,3.6831621304601594,2006.606355613714,0.5956312391484457,0.033766819583567545,19.39907119341747,0.1373232634683556,0.4,0.2,True,exact,5,9.895631303515477,2026.402512607031,0.0010110619988641378,15.47753280008545,26.03402171270126,True,1,10.085602054001356
1497,6,5,8.077627680035494,3.2660531098279093,2006.1913097435104,0.5519631699192673,0.029942810607723715,16.941830993759332,0.13209620062177854,0.4,0.2,True,exact,7,8.07795931129233,2030.421846683877,0.0007766684083944098,11.111888100062899,23.198429888171013,True,1,10.512861220999184
1498,6,5,10.560173997565103,4.312171031185087,2005.8242466461154,0.1603696324645375,0.039533503024294384,20.25591379534028,0.17052076410887154,0.4,0.2,True,exact,5,10.561192225185339,2026.9431344503707,0.0013652203552391162,10.503254049911206,35.859677400148335,True,1,10.059790844999952
1499,6,5,9.410823009937642,4.3127026860008915,2005.2485871816266,0.6104326494090061,0.03953837717634366,18.758129417555285,0.13448830123563288,0.4,0.2,True,exact,6,9.410693298076314,2024.0700740961527,0.0013362312497706696,14.501989475797203,36.44786611616369,True,1,10.627920957000242
1500,6,5,8.430559364261372,3.29630867827742,2002.2584215283266,0.6561666998139266,0.03022019028449218,17.431792647122663,0.12239633564815966,0.4,0.2,True,exact,7,8.430542475429185,2027.5524868012876,0.0007521432227113323,10.832090540568096,23.027424222808378,True,1,10.553808449998542
1501,6,5,10.876155898143939,3.5319855937061253,2010.3998717227776,0.8457013182240164,0.032380849957189935,20.65799050475771,0.09932691302079844,0.4,0.2,True,exact,5,10.877890721436417,2032.1503126928728,0.0007723744562740942,15.523576799309726,17.97230917204752,True,1,10.484351322998918
1502,6,5,12.000636771178852,3.2180654558394526,2004.1816194545938,0.04230659272561756,0.029502865148612355,22.05839882584436,0.17819655552420716,0.4,0.2,True,exact,5,12.002223969726982,2028.182322939454,0.0007432602882443407,12.904187288866087,18.776445637600766,True,1,10.50383211999906
1503,6,5,12.084922855774213,3.786715949728077,2004.424305753179,0.15283313981355878,0.03471618944798138,22.16156260031379,0.17770095398419816,0.4,0.2,True,exact,5,12.084152469254521,2028.594804938509,0.0011069209771171762,14.719225292671794,26.740830649689688,True,1,10.124242173000312
1504,7,5,13.638888780324782,3.8150953614919034,2003.9293826364776,0.5010920657721937,0.034976368729526384,24.02280868678794,0.16373127720166913,0.4,0.2,True,exact,4,13.637888627920363,2031.2099022558407,0.0011101323018017917,14.338062294128738,29.06618809093754,True,1,10.343418073000066
1505,7,5,13.780290467240983,3.773967561672757,2007.843376699776,0.22875256628940027,0.034599313648275135,24.1885613415008,0.18303422958727203,0.4,0.2,True,exact,4,13.7786467701359,2021.622521770136,0.0010889328488354888,11.170353661964066,26.62030330550675,True,1,10.095923245999074
1506,7,5,15.747922348198557,3.8513660709390374,2000.9484506151555,0.6844361909021482,0.035308894548018215,26.4395038104727,0.14734487306635358,0.4,0.2,True,exact,4,15.747041228703381,2032.4458324574066,0.0010125040145311237,14.485267270394344,26.473603217630387,True,1,10.424313829998937
1507,7,5,14.20492617008584,3.8441775942266965,2013.6329674384494,0.5395327165839773,0.03524299139533893,24.682952717130377,0.16192425933260268,0.4,0.2,True,exact,2,14.197263680519262,2027.8423886805192,0.001127768251066641,7.48464450470666,20.79493619798597,True,1,10.617848370000502
1508,7,5,16.156316564737324,3.6429723982043383,2014.5091013915196,0.37723691214795063,0.03339836460110262,26.894658046219234,0.18402405401334956,0.4,0.2,True,exact,3,16.152859205519263,2030.6605217055192,0.001051813176040639,12.7003617627094,23.197723329611893,True,1,10.506238177998966
1509,7,5,19.97974197192062,3.3196424441775036,2002.846413627473,0.5584769380355958,0.0304341116475615,30.98591849790454,0.17778856986349742,0.4,0.2,True,exact,3,19.97756166152552,2022.8268491615254,0.0007702986197953843,12.837422176862788,18.496427745327868,True,1,10.262189174000014
1510,7,5,19.913337301626477,3.887251160144037,2011.4248405644119,0.5698447249913751,0.03563788504314314,30.91722387812389,0.17734685311314502,0.4,0.2,True,exact,3,19.913795459116102,2031.339970459116,0.001038077855160413,13.04869911883128,22.99065042205266,True,1,10.58055796699955
1511,7,5,12.875580840401135,4.310941402965349,2004.0324475159357,0.6068353689132524,0.03952222992993142,23.117933530409687,0.14971425512260925,0.4,0.2,True,exact,4,12.876226418131923,2029.783702836264,0.0013576030628796865,11.971363292968688,35.82436336534465,True,1,10.57737772099972
1512,7,5,14.453389021029126,3.91918046100411,2014.2126681953534,0.03462696781135538,0.03593060931195963,24.969944983742195,0.19081613145163157,0.4,0.2,True,exact,3,14.450402114868515,2028.6619646148683,0.0011751790833900433,10.428373783126977,27.855205655173474,True,1,10.550024087000565
1513,7,5,19.55524994484213,3.8845631488164063,2017.5021736648694,0.5953187603065792,0.03561324165511848,30.54546246930563,0.17274066406455205,0.4,0.2,True,exact,2,19.553424510497262,2037.0554995104974,0.0009101190576670248,11.507428423267642,16.11876977484824,True,1,10.38129054700039
1514,7,5,13.499222475949692,3.5749041355121562,2001.4868682197427,0.16784446322146185,0.03277432236123341,23.858527000851044,0.18359090266038672,0.4,0.2,True,exact,4,13.500045658103327,2028.4820913162066,0.0009754832389745616,10.941954875128525,23.81312005245773,True,1,10.355128319000869
1515,7,5,17.738282934976095,3.7340066704123593,2002.83747909503,0.4104053800978742,0.03423295665453079,28.622803953314815,0.18732066884244444,0.4,0.2,True,exact,3,17.73875054259195,2020.576000542592,0.0009865169255571793,11.921327226725117,23.050183194462043,True,1,10.45292882099966
1516,7,5,15.648485214250314,3.3029825293729056,2008.4220755444703,0.30039686887288136,0.030281375406918682,26.32808834856061,0.1865075687005242,0.4,0.2,True,exact,3,15.649074495176588,2024.0711619951767,0.0008258431508264552,12.583439697059951,18.171146674869018,True,1,10.613995846999387
1517,7,5,13.289385230441276,3.4291676887541263,2006.8558257686877,0.6105024269448687,0.031438226873138846,23.610637747124088,0.1490283978886984,0.4,0.2,True,exact,4,13.28922214390944,2033.4356005378188,0.0007852814659817797,14.64875534764612,18.559586696994682,True,1,10.334332733000338
1518,7,5,19.778010203835247,3.3114720526765073,2000.6361296941327,0.6839309401088702,0.030359206409624882,30.776993192358944,0.15769140889488242,0.4,0.2,True,exact,3,19.779075545702245,2020.4108755457023,0.000794846111071501,12.078690068610811,17.896584319348733,True,1,10.66063507599938
1519,7,5,17.23982569420558,3.473950633691716,2003.0016594283488,0.8853117220774779,0.03184879191713257,28.08404785541371,0.10362582217843314,0.4,0.2,True,exact,4,17.23600439976572,2020.2458293997659,0.0007563081279121642,15.022066379299076,14.830799948685229,True,1,10.747734661999857
1520,7,5,15.539196284224337,3.497050816165628,2005.2460266187288,0.6483657344384738,0.03206057181340519,26.205361739192046,0.15163247657073023,0.4,0.2,True,exact,4,15.539462645718183,2020.7842126457183,0.0008240299693544895,15.127174168234198,20.696859248635274,True,1,10.707701536000968
1521,7,5,13.452343441288217,3.403344288962349,2000.0904454289032,0.45837451055545175,0.031201480824250047,23.803258974855243,0.16624337870567085,0.4,0.2,True,exact,4,13.454571898109792,2026.9920187962196,0.0008126343846013295,12.968487931000904,22.229001151814227,True,1,10.440487329999087
1522,7,5,12.86698998359947,3.305583428225004,2008.935952265186,0.2325836606107864,0.030305220157484398,23.107649207403018,0.1779664886684577,0.4,0.2,True,exact,4,12.865662882965983,2021.801537882966,0.0007970055401023135,11.038493544243691,19.29110896247721,True,1,10.580680109000241
1523,7,5,16.219942534687814,4.003976880046436,2011.5873364977324,0.03374361637435199,0.0367080134233494,26.965221882150516,0.19843989843450888,0.4,0.2,True,exact,3,16.224820721582713,2027.8078207215829,0.001216929679789036,12.61230441010781,28.783517278532972,True,1,10.538882520999323
1524,7,5,16.900576258843675,3.2347509997207196,2012.356883807846,0.20942519421350766,0.02965583635377134,27.714399058514022,0.19573669508054856,0.4,0.2,True,exact,3,16.89891080256924,2029.2541108025691,0.0007209056735052455,14.140193817569074,16.90146424011949,True,1,10.757807460999175
1525,7,5,15.998503521635053,3.5287465369163176,2010.9997699859962,0.5046854927409367,0.03235115464583293,26.719235731124062,0.17170651130448772,0.4,0.2,True,exact,3,15.996926340989315,2026.9925638409893,0.0008132786670942416,14.338884538783331,17.801912436390467,True,1,10.719948040999952
1526,7,5,19.82008901083288,3.927422967034073,2011.1695860104287,0.5791012171156809,0.03600617568785399,30.820630894317325,0.17589795251190274,0.4,0.2,True,exact,3,19.81852758010986,2030.98831508011,0.0010847558150125503,13.743818866578607,24.96511824352692,True,1,10.555493930000011
1527,7,5,13.112608938022303,3.6082187395480276,2012.030624399031,0.42525680738335847,0.03307974693504567,23.400790593278238,0.1680022626428518,0.4,0.2,True,exact,4,13.111787727237235,2025.1432877272373,0.0008960631225699567,11.992571692888683,21.78421025056493,True,1,10.834102568998787
1528,7,5,14.413676466544445,3.2614278429567793,2013.404379039798,0.10268382194660701,0.029900406676962248,24.92418524506539,0.18869304872572676,0.4,0.2,True,exact,2,14.411711860354448,2027.8153368603544,0.0007539394445631453,11.417398936771937,14.313264083817879,True,1,11.375865685000463
1529,7,5,14.306499048844902,3.7560797868542832,2005.3948224526223,0.1572078657477646,0.03443532052398347,24.80047721133365,0.18779521000974594,0.4,0.2,True,exact,4,14.306173117341247,2034.0063462346825,0.001102297530556906,12.949284287261351,27.8280893623895,True,1,10.98149506200025
1530,7,5,13.193982365359485,3.653314582018736,2012.048998991711,0.3638007612861772,0.033493180588721715,23.497503533582602,0.17296599147213879,0.4,0.2,True,exact,4,13.199123476840418,2025.2452484768405,0.0009606931280693454,10.71549569322133,22.631712908462916,True,1,10.89900357499937
1531,7,5,16.14194569836485,4.099127383992545,2005.4332682248407,0.6101289495676973,0.03758034263021827,26.878707345415226,0.1604958607540102,0.4,0.2,True,exact,4,16.142958558900705,2021.5754710589008,0.0012139621268935086,13.968825359825779,28.230489647781862,True,1,10.941905057999975
1532,7,5,18.906295957184767,4.241873108407805,2014.5450028322473,0.8495072466998218,0.03888901950946647,29.86588753828414,0.12055954921619776,0.4,0.2,True,exact,3,18.90338693969481,2033.449636939695,0.0012018497005212847,15.227987077372656,23.653001987898254,True,1,10.882966430999659
1533,7,5,12.812739250956541,3.496433020079491,2012.043670305132,0.5851740807992415,0.0320549079277979,23.042651385832606,0.1505497392826725,0.4,0.2,True,exact,4,12.825834345178851,2024.842990595179,0.0008614805208270182,11.511096747663592,20.219044149926376,True,1,10.632047043000057
1534,7,5,17.13255302108274,3.720412458898107,2013.8209905777558,0.7636669678767374,0.03410832643969817,27.967427037297615,0.13602882815530787,0.4,0.2,True,exact,2,17.126149103036752,2030.952849103037,0.0009171853360808724,10.522010103407153,17.30715600246616,True,1,10.851683527000205
1535,7,5,16.640370495008344,3.418603923477457,2012.4587434187918,0.20731649294602186,0.031341379451389345,27.429198564740265,0.19514458512003258,0.4,0.2,True,exact,3,16.639307636349997,2029.0998076363499,0.0008696677493005289,13.432754997109553,20.097836194855507,True,1,10.573305634999997
1536,0,6,0.7535705733492523,4.3698156701391255,2000.1829599671225,0.1660039056707207,0.040061982644407586,3.484873982822323,0.07181983158330758,0.4,0.2,True,exact,71,0.753560711084897,2027.3117793490562,0.001724819386242804,14.338105529245086,126.97780124384012,True,1,9.890483919998587
1537,0,6,0.5264831299001876,5.231279802731759,2000.3415713212846,0.17539201298988571,0.04795978972229903,2.743852514720608,0.06483768540442358,0.4,0.2,True,exact,100,0.5264813406371944,2027.1923452474969,0.0024248729946682035,18.21579557362628,213.88677171343804,True,1,9.902452746999188
1538,0,6,0.7605561405262966,4.710605189317905,2000.2651418808573,0.039351888170908525,0.043186302943781125,3.506377267993556,0.07308350267530696,0.4,0.2,True,exact,70,0.760543920431612,2027.645206135538,0.001973625149455538,17.15025405564138,154.89479232055135,True,1,9.891915225000048
1539,0,6,0.7724785606070449,5.027225408115058,2000.5121638349508,0.6696725150259323,0.04608904179315603,3.5429259932326524,0.05731620532163262,0.4,0.2,True,exact,68,0.7724702456225659,2027.5491539092898,0.0019881592641919354,18.05533135619675,131.5616323100202,True,1,10.357557262999762
1540,0,6,0.7452684572121999,5.834322080442249,2000.3048306756655,0.1204435797057279,0.053488414059607164,3.45923142617096,0.07296050427411506,0.4,0.2,True,exact,72,0.7452711107124481,2027.134447485648,0.0031199136087185497,16.851230065592368,222.09684493450794,True,1,10.176730684001086
1541,0,6,0.7501732635193575,5.866386945288934,2000.0188946969765,0.7295445712358198,0.053782381163931796,3.4743922304196855,0.053909760768467214,0.4,0.2,True,exact,72,0.7501121965725621,2027.0259140766123,0.0027074550348084037,16.91187671676066,169.14107274776757,True,1,10.310885558999871
1542,0,6,0.6084979000665559,4.715224561617138,2000.1365161974798,0.6256590462503685,0.04322865283376493,3.0218797605768675,0.05544616738331791,0.4,0.2,True,exact,86,0.6085043532936856,2027.5194146482158,0.0018000647703381167,17.07237153782075,131.02806021215815,True,1,10.649181487000533
1543,0,6,0.6756864311982715,4.678509254941979,2000.244446145459,0.27429944412407364,0.04289205099747798,3.2404196410205874,0.06815879216559918,0.4,0.2,True,exact,78,0.6756938816822701,2027.2718958922908,0.0019895322767121693,16.43383112505427,142.22287987004273,True,1,9.980694965001021
1544,0,6,0.5958364492670697,4.36485439461207,2000.3554754238992,0.49170286530052176,0.04001649822376778,2.979814085135427,0.06014369672438654,0.4,0.2,True,exact,88,0.5958542161121295,2027.168257433379,0.0016621667630593029,17.99534533616749,119.84325029551144,True,1,10.20137478200013
1545,0,6,0.6028892553601709,4.849529473946741,2000.5460486915124,0.7749169144888063,0.044459945289319694,3.0032822779746353,0.046777456265508686,0.4,0.2,True,exact,88,0.6029018716955733,2027.6760920388008,0.0017618000685724056,17.35846232405432,116.29214203876222,True,1,10.104549391000546
1546,0,6,0.57112544422803,4.714934347965421,2000.478298027051,0.7921547377291349,0.04322599218737711,2.896846367739507,0.04473909601433341,0.4,0.2,True,exact,94,0.571113049343964,2027.3215450899997,0.0016359615222855117,17.479403352989593,104.96439377485167,True,1,10.409206759000881
1547,0,6,0.617553217314837,4.992536438363306,2000.1078701394692,0.058165962937275474,0.04577101718776053,3.051785813405631,0.06865607293559847,0.4,0.2,True,exact,86,0.6175611621582514,2027.280113009963,0.002247296703339119,17.978280014816733,171.92693425442963,True,1,10.063785768001253
1548,0,6,0.5410505401856867,5.118031762911736,2000.3432432741215,0.7225544589162246,0.04692154432517945,2.7942355521214903,0.048996889771192174,0.4,0.2,True,exact,97,0.5410483220755516,2027.3955801662776,0.0020683172799846883,16.7673852527227,146.5519471848805,True,1,10.444539112000712
1549,0,6,0.6187816829836547,5.328506910911818,2000.3716056301519,0.10001420788541482,0.04885115700515548,3.0558316425915395,0.06871754256718883,0.4,0.2,True,exact,86,0.6187909000091348,2027.597893350402,0.0025993745498039678,17.23095341735025,212.09113923893784,True,1,9.964801583000735
1550,0,6,0.7479031285644775,5.600117718907747,2000.6943143616577,0.46877629365336143,0.05134125459675938,3.4673793415003322,0.06605372623678953,0.4,0.2,True,exact,70,0.7478914485537979,2027.6194046479368,0.0026521460116152307,17.98567739852308,193.31310918030113,True,1,10.170827353000277
1551,0,6,0.7413737700331726,5.506388102704703,2000.4114552193307,0.6556185348287793,0.05048195193022979,3.4471692080628586,0.05781004243074759,0.4,0.2,True,exact,72,0.741362504494062,2027.100834015953,0.0024524461444733747,15.964909683513925,162.6281319326718,True,1,10.098578282000744
1552,0,6,0.5974585315407507,5.72811230621793,2000.5479282211381,0.27141194676343156,0.05251469469640446,2.985219721946032,0.06639392416020042,0.4,0.2,True,exact,89,0.5974418051994749,2027.4337093589763,0.0029087432006998926,17.292658127450263,241.14508487316382,True,1,10.166752901999644
1553,0,6,0.7309346513465401,4.971419111188764,2000.3574490403544,0.8232152720700886,0.045577415887700236,3.4147335745983307,0.045547252401873836,0.4,0.2,True,exact,73,0.7309345087300658,2027.402063802179,0.0017339060888050817,17.719439905185517,107.81928757517379,True,1,10.391395349000959
1554,0,6,0.7775544559352751,4.9669082105605,2000.1755009706742,0.7536965657636479,0.04553606045389669,3.5584292360798084,0.05195160741320566,0.4,0.2,True,exact,68,0.7775372681129555,2027.3901715714535,0.0018485727746253566,16.84477620347386,115.48180035629657,True,1,10.190049098999225
1555,0,6,0.6978240793695072,4.787654803356499,2000.2196581902476,0.014828669022918383,0.04389268521099337,3.3108163527189225,0.07124417513931025,0.4,0.2,True,exact,76,0.6978380715234129,2027.434434789413,0.002088743338129362,17.663161636778007,155.6951931769924,True,1,9.72715240099933
1556,0,6,0.573990464357503,5.314117596763938,2000.4360323203452,0.7336186932004131,0.04871923737806537,2.9065262021159883,0.04928027750919692,0.4,0.2,True,exact,93,0.5739931404574138,2027.4138104139986,0.0021735428499410903,18.925257852543286,147.93964931525042,True,1,9.81682239300062
1557,0,6,0.5221688862391685,5.723882225229201,2000.0036843840298,0.4863762347587806,0.05247591378573288,2.7288423792344902,0.059006361906884165,0.4,0.2,True,exact,101,0.5221630683676259,2027.1560326325823,0.002838293398120584,15.520427045289843,237.4882667186528,True,1,9.859846375000416
1558,0,6,0.5726487873475588,5.122477330993527,2000.441610703859,0.6591636428276297,0.04696230079748428,2.9019951858890125,0.05321573885783515,0.4,0.2,True,exact,93,0.5726564857444294,2027.355935559155,0.0021052956307794357,17.398511090060886,153.89523254464018,True,1,10.084489381999447
1559,0,6,0.604142966292915,4.697585521249964,2000.241711195842,0.6003583665097539,0.04306694007917838,3.007444395668388,0.05646977953536066,0.4,0.2,True,exact,87,0.6041560019909734,2027.4279055062605,0.0018144181773391832,17.85519017734065,133.4511797590992,True,1,9.948579764000897
1560,0,6,0.6467679344697872,5.594346341544037,2000.5306576779071,0.3314090024669741,0.05128834325284178,3.1472901139533325,0.0667916281255361,0.4,0.2,True,exact,81,0.646751953082935,2027.6948320294832,0.002777205145592321,16.206760932537698,217.39251850155372,True,1,9.613441090999913
1561,0,6,0.5522428741891574,5.828640109693398,2000.3559028561904,0.46723683503636876,0.05343632238556197,2.8326388322086538,0.06059763317325181,0.4,0.2,True,exact,95,0.5522339547653808,2027.4159090960036,0.002929348259195552,16.719909930519716,232.70055842044874,True,1,9.92859632299951
1562,0,6,0.6633253723935041,5.703282245457047,2000.6490269424373,0.553650231205595,0.05228705546895155,3.200777831002571,0.06076960107169622,0.4,0.2,True,exact,80,0.6633089719064308,2027.1817729387571,0.0027343083632598297,17.357763238236203,208.34965701671493,True,1,9.987548286000674
1563,0,6,0.5200933896456422,5.242452547087792,2000.2791053762355,0.7083654328931951,0.048062220196321184,2.721606582754295,0.04939254733004666,0.4,0.2,True,exact,101,0.5200963064413953,2027.3239141849526,0.0021636660128713237,17.70842973603645,159.69664984500966,True,1,10.103318835001119
1564,0,6,0.5593860017694485,4.399585091011511,2000.3364081404873,0.19701216667242136,0.04033490537441501,2.857012805205529,0.06526742108462175,0.4,0.2,True,exact,96,0.5593961493637961,2027.1869526694622,0.001757541778847127,15.904555727263487,141.99140134964986,True,1,10.117675875999339
1565,0,6,0.5339185107779628,4.388712536378074,2000.3206806631426,0.8524783329795635,0.04023522700628575,2.7696258843221124,0.03878225158093347,0.4,0.2,True,exact,100,0.5339045205373079,2027.5500940890695,0.0013444536621962655,19.225882482399307,87.80320046439923,True,1,10.531737545001306
1566,0,6,0.6011227929752506,5.48510809939606,2000.0933493962266,0.650140827584121,0.050286859233517334,2.99741300850627,0.05468230228318382,0.4,0.2,True,exact,88,0.6011321812097862,2027.1437215919404,0.0024328492199012786,16.378181258600726,177.17299459430853,True,1,10.270910057999572
1567,0,6,0.6776501690521327,4.427480198712812,2000.6691923832225,0.45166332239531265,0.04059064461033517,3.2466949941175356,0.0638212305267938,0.4,0.2,True,exact,78,0.6777345988266094,2027.0976649792378,0.0016980236942796267,15.714080736525064,122.38919747300734,True,1,9.6767709249998
1568,1,6,1.0513348369810167,4.923537171419153,2000.3060320508348,0.3137010702799669,0.045138439604755644,4.351094286027802,0.07756985741483653,0.4,0.2,True,exact,50,1.0513802847025322,2027.6405749022658,0.0021319845501371892,12.292068837546703,133.56658633204776,True,1,9.745299542000794
1569,1,6,1.20563029766698,4.972986360508002,2000.7437147666387,0.27189731941733036,0.04559178425464437,4.767022769041423,0.08203428851733029,0.4,0.2,True,exact,44,1.2056556469257502,2027.2673929823666,0.0022153738084456087,12.79059752099638,125.80309793879957,True,1,9.880256943999484
1570,1,6,0.8710077297311977,4.708929872246442,2000.1990236800411,0.21331976420860002,0.043170943823738726,3.8381251364638054,0.07477959079527403,0.4,0.2,True,exact,60,0.8710056344206658,2027.2003934170407,0.001974122804018652,15.16497774029745,131.8059095377427,True,1,9.991771033000987
1571,1,6,1.1345572939820998,4.786538990481088,2000.1598890273372,0.702615773629046,0.04388245556301198,4.577785215348522,0.061938401004439196,0.4,0.2,True,exact,47,1.1345712321788501,2027.3892147806257,0.001781686862084464,16.656621759447454,91.14860186698107,True,1,10.065561629000513
1572,1,6,0.9696095599652412,4.453399855375146,2000.0053269290497,0.35507276298113727,0.04082827313147652,4.122579600506751,0.0742338985470419,0.4,0.2,True,exact,55,0.9696216906161882,2027.1543950216371,0.001725986417944525,15.45113548899666,119.27257648619674,True,1,10.00412407300064
1573,1,6,1.0261804949676439,4.743999019597785,2000.6283250283493,0.20503593819020874,0.04349245385496138,4.281411400060571,0.07891471502047818,0.4,0.2,True,exact,51,1.0262021904792809,2027.3093819524613,0.001983738177714356,15.540199678771879,121.82921590317939,True,1,9.891492115000801
1574,1,6,1.2397446100273641,4.881433987586821,2001.060806514957,0.3580057764384303,0.044752442311668104,4.85652851765979,0.08052813838239915,0.4,0.2,True,exact,42,1.2397210694994576,2027.0958612094885,0.0020839521713118536,15.700451890440641,126.17704810787407,True,1,9.829461194000032
1575,1,6,0.8537742746454005,4.368400613882519,2000.7760308211543,0.36730866314916105,0.04004900956648569,3.787330168060352,0.07095508785423611,0.4,0.2,True,exact,62,0.853785004165869,2027.242725754142,0.0016823442579562142,15.288965818632017,114.94972202161246,True,1,9.812353579000046
1576,1,6,1.1725586248905133,5.5713257486987775,2000.1336423097357,0.5040563037636175,0.05107729302540703,4.679443066984497,0.07448993442600689,0.4,0.2,True,exact,46,1.1725114274751713,2027.102528456929,0.0026900624900731973,13.503972973606036,156.0685611482073,True,1,10.127471730000252
1577,1,6,1.0179761119021171,5.160855667309752,2000.4225623644568,0.16433718327521657,0.047314149104022325,4.258560765949893,0.0795580643436714,0.4,0.2,True,exact,52,1.018004395759204,2027.9079936854985,0.002384265483528325,13.166481251561418,150.82187755837046,True,1,9.79274389100101
1578,1,6,1.1210641483461392,4.35629053327644,2000.8836477144569,0.615859733723794,0.03993798569827579,4.541417544772638,0.06684814791181248,0.4,0.2,True,exact,48,1.1210812961541539,2027.7887636076996,0.0015244998550320021,15.52034495173961,88.5588449969473,True,1,9.945285110999976
1579,1,6,0.8609000050833981,4.586080373645935,2000.570915721944,0.5555009528656683,0.04204467332348877,3.8083740535812205,0.0647241224838256,0.4,0.2,True,exact,62,0.8609221355511715,2027.2588987020863,0.0017752741744369027,17.481667181417862,113.26575081686815,True,1,10.274020123999435
1580,1,6,1.113935647951707,4.852186433220676,2001.0791521146834,0.2909115191129283,0.04448430399557969,4.522145437420547,0.07948352697771642,0.4,0.2,True,exact,48,1.1139448410045723,2027.8128011841097,0.0020476783423870604,15.190434405279536,122.56188805934048,True,1,9.74783458300044
1581,1,6,0.8558863581657252,5.063546643565094,2000.532852152482,0.03229403483054568,0.04642203082840668,3.7935737099531566,0.07610201236479425,0.4,0.2,True,exact,62,0.8559079790260127,2027.0651785998064,0.002317951201601054,15.251438962983672,154.02550988836816,True,1,10.044659698000032
1582,1,6,0.9631628583444097,5.325990446405327,2000.4649176830997,0.24614438380718417,0.04882808633925229,4.104285928643835,0.07710546198135153,0.4,0.2,True,exact,55,0.963119831816672,2027.433761540867,0.002547609945031004,13.465240003427922,168.00683825048287,True,1,9.915445684999213
1583,1,6,1.2560403767281554,5.057620364586938,2000.3673211332266,0.11672983149611459,0.046367699363765925,4.89899343771827,0.08553686130444771,0.4,0.2,True,exact,44,1.2560224095911705,2028.0004617610057,0.0022922428986568155,12.867861836496017,133.99175401881516,True,1,9.72635706300025
1584,1,6,1.1533577009686817,4.564451121052782,2000.5828699867345,0.7267607288421741,0.04184637874829201,4.6282179663288385,0.06022844904145757,0.4,0.2,True,exact,46,1.1533707226274372,2027.1102089120977,0.0015664159356093554,15.912220793725897,83.19580427426413,True,1,10.316261260000829
1585,1,6,0.8314451975284521,4.542499884006619,2000.442604422373,0.4734836100374563,0.04164513225554495,3.7210046278710043,0.06725322163789349,0.4,0.2,True,exact,64,0.8314298660502916,2027.0491150886094,0.0017660417483905677,17.285116925479688,119.08492182180261,True,1,9.982037762998516
1586,1,6,1.0227066122163289,4.460398767348892,2000.8717728925471,0.02453443054249721,0.040892438375776864,4.271743493690582,0.08010884158093828,0.4,0.2,True,exact,52,1.0226844995469266,2027.4616719882201,0.0017781591566380373,16.05642806222844,117.57861060207205,True,1,9.366497115999664
1587,1,6,1.116628065439392,4.452090548337266,2000.6790068889163,0.831061753560657,0.040816269550596404,4.529429283651671,0.05018683813834885,0.4,0.2,True,exact,47,1.1166581181860809,2027.4779198364658,0.0014522888861978611,18.03213503305355,70.617663252114,True,1,10.446764771000744
1588,1,6,1.1556755494047135,4.856460761789487,2000.3431355187586,0.6393602847663128,0.04452349056312998,4.6344166318293984,0.06655902726136882,0.4,0.2,True,exact,47,1.1556820511290382,2026.9244371759678,0.0018787256947406794,16.60505305105282,110.80054785205046,True,1,10.284240221999426
1589,1,6,1.2415369905190277,5.739941327011608,2000.1598535542828,0.5656557843820677,0.052623141839604336,4.861208326035436,0.0730769198909859,0.4,0.2,True,exact,43,1.241513091765823,2027.4734442688482,0.0027085320055640905,15.955256750457417,155.00124301155537,True,1,9.865176422001241
1590,1,6,0.9025230391405917,4.806825543175234,2000.0568446391665,0.5203959492876117,0.044068440415302515,3.9301578065976397,0.06736580887451354,0.4,0.2,True,exact,59,0.9025190342960435,2027.1322116538813,0.0019257358509288114,16.113004819912003,130.09242763966512,True,1,9.92684277599983
1591,1,6,1.027309301227709,4.455089800422391,2000.4109422304984,0.47649539935108953,0.04084376635916925,4.28455054787593,0.07163792262186712,0.4,0.2,True,exact,51,1.0273210328398252,2027.1205031038355,0.001695756742033594,15.123272215895035,97.82099751632461,True,1,9.870231558001251
1592,1,6,0.7987727089751043,5.271020985538216,2000.0500960711913,0.788040381763324,0.04832413245344444,3.622874330414017,0.05003277904637268,0.4,0.2,True,exact,67,0.7987570483375753,2027.2083255809775,0.0020129038558690526,18.003178660980545,120.30190946170171,True,1,10.341238222001266
1593,1,6,1.0040983136551234,4.446597780250857,2000.2721709443856,0.49803078389449945,0.04076591246545637,4.219768402842609,0.07027047074796622,0.4,0.2,True,exact,53,1.0041176433865133,2027.382660746436,0.001620930771594642,16.049308052058205,96.92803388102477,True,1,9.706092263000755
1594,1,6,1.0500165753689892,5.644377829812334,2000.796924382623,0.0069181064428299075,0.05174702635665667,4.3474563204426975,0.08166642911359961,0.4,0.2,True,exact,50,1.050022345717068,2027.0474336429268,0.002923611265650772,12.163623843046857,190.9028318880118,True,1,9.763333753999177
1595,1,6,0.9595911385553798,5.590672407985265,2000.9339551894134,0.16347639807862838,0.051254661039774066,4.094132966186615,0.07839562379871244,0.4,0.2,True,exact,56,0.9595994957643298,2027.8015983814012,0.002803174588114854,14.080267713756513,189.29155609975993,True,1,9.670738520000668
1596,1,6,0.89714071738249,5.406239580138394,2000.6512966102537,0.7645036348346645,0.04956380144614157,3.914516872563835,0.053807755057642216,0.4,0.2,True,exact,59,0.8971261933229138,2027.5659342371875,0.002185518010765386,15.280311679170524,119.44134435120004,True,1,10.417300691000491
1597,1,6,1.0136562100979352,5.283417328147238,2000.3427172248814,0.6571938368908428,0.048437780739767,4.2465044252336694,0.06322999123203017,0.4,0.2,True,exact,52,1.0136282246300778,2027.7113865441788,0.002251466081742204,13.471347974705436,134.3598584677165,True,1,9.971862725999017
1598,1,6,1.0390847647570218,5.850572889104309,2000.348953273166,0.3097049534581362,0.053637399660767845,4.317229230308004,0.07807762850931788,0.4,0.2,True,exact,51,1.0390769493804086,2027.3652194338906,0.003043547729754903,15.233527812768692,206.05270720046897,True,1,10.04674209499899
1599,1,6,0.9070818018097051,4.82290475689079,2000.7057058514174,0.7041363024931863,0.04421585285313375,3.9433811862757393,0.05776569119613916,0.4,0.2,True,exact,58,0.907058894075018,2027.0110881365088,0.0018156078870843473,17.58037257260872,110.10005716180906,True,1,9.816663817000517
1600,2,6,1.5788075355355105,4.542162014098976,2001.0218466737736,0.4964570622965561,0.04164203470191847,5.705896869414215,0.08131417809285577,0.4,0.2,True,exact,34,1.5788059810907351,2027.8615766785424,0.001706888694852693,12.897397505285737,85.93150075860486,True,1,10.076279975000944
1601,2,6,1.3399028278630731,4.565442863690159,2000.151434974916,0.26570083336865674,0.04185547093417019,5.114697970941566,0.0846742254669011,0.4,0.2,True,exact,40,1.3399521070559608,2026.9490421411192,0.001790255388377071,12.563742899251059,99.0468876468045,True,1,9.85787319100018
1602,2,6,1.3492640731745464,4.979225764671817,2001.0714047929712,0.6936227111529157,0.045648986416060536,5.138492911655722,0.06626745923700261,0.4,0.2,True,exact,39,1.349322698193497,2028.05676646387,0.0019229842648568196,14.76969579036313,100.23808902117706,True,1,10.016305752000335
1603,2,6,1.6853671925249645,5.469088536432661,2001.3190924457488,0.11261108161364397,0.05013999366712829,5.9598337857283585,0.09448686825294289,0.4,0.2,False,alias,32,0.8427041192932476,2027.442443275717,0.0013499386567757954,11.08194076295532,105.70589426363824,True,1,9.239089086999229
1604,2,6,1.3189663849465711,5.417789936250629,2000.3014135163337,0.06134095722737004,0.04966969382262489,5.061278969709981,0.08756254303260308,0.4,0.2,True,exact,40,1.3189300361276972,2027.9998745086818,0.002663271818361568,11.76565630559909,146.91763318466033,True,1,9.794194233998496
1605,2,6,1.2639973990109203,5.89798705778222,2001.1136281644865,0.7648629702363217,0.054072087470520024,4.919661752861361,0.06027182531548951,0.4,0.2,True,exact,41,1.2640050155665645,2027.6573865768978,0.0025778481902656303,16.5558869906445,128.99888698804787,True,1,9.99370347399963
1606,2,6,1.5151379599620791,5.791016410493342,2000.5008520440254,0.6472040514505117,0.05309139250793098,5.551443320710429,0.07294407666922988,0.4,0.2,True,exact,34,1.515149925552027,2027.7726986599364,0.0026745131312210235,12.583581754841804,141.2589083960613,True,1,9.829408630001126
1607,2,6,1.6369513679070067,5.687439989694995,2000.938844558963,0.6932161706648982,0.0521418154352072,5.845140778941363,0.07127984392783708,0.4,0.2,True,exact,32,1.6369231997032756,2027.1302243202524,0.0025481299114781253,14.367404067403433,128.8427442639342,True,1,10.006671885999822
1608,2,6,1.940763361564007,5.2639796703380775,2000.712000576713,0.6006771269070642,0.048259578461094285,6.547660917826816,0.08163474134006421,0.4,0.2,False,alias,27,0.9703591184693146,2027.882555317141,0.0010924434839110209,11.693005801397863,70.58912220757728,True,1,9.90582225000071
1609,2,6,1.7154881463651313,4.638809369658461,2001.5414428853933,0.21618400408910285,0.04252808687741646,6.030633535283969,0.09285230551240599,0.4,0.2,False,alias,30,0.857753609232762,2027.273434802882,0.0009044142409502243,10.849679761660862,61.768703427096,True,1,9.537657549999494
1610,2,6,1.551659523907489,5.178110502431054,2000.3782838489185,0.25437463092854423,0.047472339507769884,5.640298366181828,0.08955966565169117,0.4,0.2,True,exact,35,1.5517148381402528,2026.7564959983843,0.002354720894151896,12.9438635932065,126.37727332221033,True,1,9.581682145000741
1611,2,6,1.5251871051614494,5.086064095849639,2000.7747746262353,0.7008539875384662,0.04662846831930226,5.5759628801740835,0.06844693078821494,0.4,0.2,True,exact,36,1.5251658569299222,2026.7032101928087,0.0020109164018862202,14.440869543470754,101.98803572483241,True,1,10.073232325999925
1613,2,6,1.5914070665384488,4.760906385226461,2000.7039387566622,0.6290774312712041,0.043647458697158095,5.7362135650645145,0.07425078270554958,0.4,0.2,True,exact,34,1.59135848645141,2027.758172394674,0.0018051992226054692,13.353311045554822,85.26526597240768,True,1,9.925352410000414
1612,2,6,1.9206925608315402,4.557767413939501,2001.2618593246982,0.8382952634452879,0.041785103266993716,6.5024401008107775,0.058735255093462724,0.4,0.2,True,exact,28,1.9207147276890408,2028.1513994168133,0.0014310762042151204,16.60478461846392,57.806205751003546,True,1,10.426893675001338
1614,2,6,1.8843076604739633,4.586257898165855,2000.1875516814919,0.4019295059955054,0.0420463008484859,6.420058713790003,0.0903375880431558,0.4,0.2,True,exact,29,1.8843154572055905,2026.5679815050448,0.0017800798540912321,14.163800160786431,84.78845752752243,True,1,9.972263677000228
1615,2,6,1.3006655427436238,5.590959898228782,2001.0012917100491,0.4028886887737312,0.0512572967182593,5.014352730328727,0.08094548689141248,0.4,0.2,True,exact,40,1.3006745972394056,2027.014273194788,0.002712216848311133,13.035715646428088,163.03763834952804,True,1,9.532003901998905
1617,2,6,1.4709216417943953,5.558546404032671,2001.3196321533833,0.7689151849647996,0.05096013341894607,5.44290577328128,0.062438760917717454,0.4,0.2,True,exact,36,1.4709232728600796,2027.7966058906482,0.0022592488614772144,14.521080518925285,104.77170027496607,True,1,9.78640301499945
1616,2,6,1.343306296416707,4.653469304377703,2001.0697174427528,0.4823367654265296,0.04266248752371917,5.123355490544558,0.0779229774992818,0.4,0.2,True,exact,40,1.343249918025054,2027.936092110501,0.0018411344249851247,12.087559663136771,97.14904692312896,True,1,10.044320314000288
1618,2,6,1.6763756071821552,5.159472240521527,2000.0981206275205,0.07054907479735097,0.04730146600153853,5.938617393451234,0.09438826901549471,0.4,0.2,True,exact,32,1.676384368106428,2026.920131660536,0.002342749128849686,13.252386610941715,129.98065033545936,True,1,9.85584645400013
1619,2,6,1.2885384915656,5.87553218165335,2000.943121572518,0.5514230841034082,0.05386622367083977,4.983135788533698,0.07479107844240761,0.4,0.2,True,exact,40,1.288519721121234,2028.002273518546,0.0029063187156469494,15.162585296593297,156.97293881933524,True,1,9.687974303000374
1620,2,6,1.3044378406665744,5.491548156648,2000.9662856283494,0.0453670019627664,0.050345900960064124,5.024043410516221,0.08737244617902748,0.4,0.2,True,exact,40,1.304454104947071,2027.0547070989414,0.002723843656213365,14.64670808794024,160.24372462585293,True,1,9.620894174999194
1621,2,6,1.271260436987276,4.631553604149884,2001.1099348170203,0.5978133800834403,0.04246156682855883,4.938489617384226,0.0708572480452894,0.4,0.2,True,exact,42,1.2712649438758985,2027.805938821394,0.0016889534475686974,13.167148567367848,93.65297652198683,True,1,9.977551141000731
1622,2,6,1.7585548923711285,4.3975658780461115,2000.8378020852451,0.5667561743961581,0.040316393455175945,6.131147206385765,0.08026429269967528,0.4,0.2,True,exact,30,1.758606820709377,2027.2158210606408,0.001557231166301687,14.917709020138622,75.75876716258172,True,1,10.063550315000612
1623,2,6,1.4604337616453915,4.462978282344035,2000.9634640778447,0.1222819504309156,0.040916087081527226,5.4170024690874286,0.08928013729216408,0.4,0.2,True,exact,36,1.460467619865379,2027.25143799091,0.0017352656203097894,12.371107242422958,94.38435066917144,True,1,9.836934880000626
1624,2,6,1.5416933559205457,4.731238643237505,2000.2855565918517,0.6189977021738546,0.043375468147812464,5.61612102279155,0.07412402083647429,0.4,0.2,True,exact,35,1.5416417543888963,2028.0354890790002,0.0018113007584857899,12.67279490263998,90.70983712995384,True,1,10.073636569999508
1625,2,6,1.563264296873002,4.562649513636484,2000.0847151232226,0.6752557874059326,0.04182986181245488,5.668385740912311,0.0703805441161633,0.4,0.2,True,exact,34,1.563200025161546,2026.6603379277462,0.0016417819428308222,14.4174452195301,84.04770988428649,True,1,10.052939891000278
1626,2,6,1.5598443656396475,5.752441289621664,2000.996160165779,0.015260802370334425,0.05273774010253836,5.66011562536626,0.09287910450870611,0.4,0.2,True,exact,33,1.559836484449418,2027.5138348189735,0.0030216885492078127,14.25696451469704,181.5670862253091,True,1,9.573907994001274
1627,2,6,1.783478606419059,4.686366624198189,2000.8553334791939,0.3797479481372761,0.042964086482389634,6.188941726445973,0.08964231221619845,0.4,0.2,True,exact,30,1.783492875605665,2027.607861884085,0.0018244188683445017,11.559759631225935,90.02835508758385,True,1,9.890106009001101
1628,2,6,1.7136418861061689,4.493458020358077,2001.1948349785491,0.45431249367265103,0.041195521919858924,6.026305858578453,0.0853890230136444,0.4,0.2,True,exact,32,1.7136021041999756,2026.8993440629997,0.0017140954475056702,11.218966005869996,86.3026858337031,True,1,9.754991538999093
1629,2,6,1.6052146185078602,5.330210887980789,2001.5258706679206,0.1435460626189285,0.04886677887685823,5.769345240875645,0.09255143551821077,0.4,0.2,False,alias,34,0.8026427420347667,2027.2094761121473,0.0013348182753837312,11.644202789445641,114.40713254347553,True,1,9.512401095000314
1630,2,6,1.8709071079334652,4.727886078162868,2001.3662272890183,0.7434518510423549,0.043344732205161114,6.389584344994583,0.06884589081220453,0.4,0.2,True,exact,28,1.870945025763368,2027.5584647356873,0.0016544295422996624,12.159056067721759,82.02822743387543,True,1,10.408311066999886
1631,2,6,1.4029886841374044,5.091454168148632,2000.8794812262176,0.17894160504869797,0.04667788390091819,5.274005392917268,0.08794193572905029,0.4,0.2,True,exact,38,1.4030220832022242,2027.5363258308423,0.0023030920399889077,15.122616288410056,142.84299712907358,True,1,9.738882268000452
1632,3,6,2.475588804161919,5.057572626157721,2000.6154868407655,0.0125692535762563,0.046367261703171715,7.701171542549265,0.10739162712194389,0.4,0.2,False,alias,22,1.2377904726909996,2027.8472758158687,0.0011751123802070662,10.138265249980213,78.50996340684434,True,1,9.894377832999453
1633,3,6,2.141537772358639,5.116375751759845,2000.7612522895747,0.08756186645325753,0.04690636219965426,6.99178851274903,0.10210103761047173,0.4,0.2,True,exact,24,2.141514754444689,2026.4596353866696,0.0023423491800390606,12.569490512810006,112.49405429585649,True,1,10.276608919000864
1634,3,6,2.347515111334285,5.093239252546201,2001.8145704180563,0.2563918832879115,0.046694249355562635,7.433215464849496,0.10239613403210712,0.4,0.2,False,alias,22,4.695136090272004,2025.28974295136,0.0022330204438542056,9.46311567203234,73.94217907055246,True,2,10.266554904001168
1635,3,6,2.2873310872510944,5.457098167907026,2002.2402994556198,0.704069041195295,0.050030067305918934,7.305621127230976,0.07814895238690221,0.4,0.2,True,exact,21,2.287279397635039,2027.4006983739853,0.0022621397713487035,14.756964112323327,98.05781121976355,True,1,10.312329323000085
1636,3,6,3.070892436483619,5.659712743879841,2002.5022489505511,0.09185223538449881,0.051887615138335515,8.89093688405454,0.11548041293413085,0.4,0.2,True,exact,18,3.0708969904134573,2027.0689988399743,0.0028230494044581,11.300188471184136,125.2337739422711,True,1,9.870207160000064
1637,3,6,2.2963965886833626,4.9161581758735595,2002.149079837842,0.5836586488803209,0.045070789796664006,7.324911570960207,0.08699060065227418,0.4,0.2,True,exact,21,2.29636860268252,2027.4092733795078,0.0019216523460859891,13.055935825539423,82.19681954352615,True,1,10.310890587999893
1638,3,6,2.0347037755693513,5.803015806231351,2001.0490560430542,0.8013721363404933,0.05320140162961647,6.757280046148971,0.06608213522517557,0.4,0.2,True,exact,26,2.034778774308342,2027.5003011493418,0.0024504304662674725,13.42940749606361,101.12707661244666,True,1,10.2048812489993
1639,3,6,2.8189358760936294,5.011340888482215,2000.8155936098158,0.7341238884453457,0.04594341428895848,8.397717392715647,0.08001760547326958,0.4,0.2,True,exact,20,2.8189197010451883,2026.1859023094066,0.0018359364256477217,14.238974246609883,74.45109074921656,True,1,10.126934228999744
1640,3,6,2.664537826996619,5.092413033211366,2000.7051070465077,0.7200189298624469,0.0466866746688593,8.08820935703532,0.08009922270833178,0.4,0.2,True,exact,19,2.664475133070695,2027.3502200807068,0.00200575922322499,12.007361226982034,80.10361173783323,True,1,10.26722131600036
1641,3,6,2.4909380219398636,4.556840390620144,2000.2615925455796,0.31365126478964234,0.04177660442060419,7.732971423219876,0.102227876954579,0.4,0.2,True,exact,22,2.491039993000465,2027.6617914855053,0.0017392207806767868,12.98755836846905,74.67519754826652,True,1,10.275822311999946
1642,3,6,2.4083406677980768,5.577979840018925,2002.2351272498454,0.17352899642370617,0.05113829699241728,7.561066718657572,0.10547026340782062,0.4,0.2,True,exact,21,2.4083893311670765,2026.317877686671,0.002755038325028991,12.975955297166394,130.16663832015442,True,1,10.077695698999378
1643,3,6,2.4855196264969615,5.1110062982191415,2001.1522134818522,0.8652751806189886,0.04685713564851445,7.721753292537242,0.06081607958266467,0.4,0.2,True,exact,20,2.4855225454840646,2028.4930917503248,0.0017635160941776862,14.423197104300597,63.5312542779967,True,1,10.304704476000552
1644,3,6,2.5637540136281625,5.666416768972801,2000.2070579929973,0.21072572009874274,0.05194907689260518,7.882948565812957,0.10703859733457714,0.4,0.2,False,alias,21,1.281859473023904,2027.1262103918352,0.0014108811203927818,9.876400076700685,95.76244836594961,True,1,9.963890781000373
1645,3,6,2.642099156941684,4.728585006205889,2002.5768750409434,0.8622297721301703,0.04335113989949947,8.04273696942656,0.06184371134651906,0.4,0.2,True,exact,20,2.6419846250091092,2026.355986625082,0.00142614830420007,15.57655815838786,51.20854633032192,True,1,10.547838435000813
1646,3,6,2.1166650320879965,5.471281436245917,2001.9889965306345,0.6719365018394432,0.050160097928015075,6.937546081299451,0.07892960275086512,0.4,0.2,True,exact,25,2.1166423064244713,2027.3895514270937,0.0023522328181518892,10.90066988092104,104.31339692112311,True,1,10.099348125000688
1647,3,6,2.0451144413200835,5.382753897873093,2000.1687453965635,0.6070212259167207,0.04934848733078105,6.78030974745135,0.08273436699067681,0.4,0.2,False,alias,26,1.0225549263931992,2027.7777330126164,0.0011846700988655812,11.39817272939068,80.56992032392532,True,1,9.97115296100128
1648,3,6,2.96925326183795,4.968182873264985,2000.1057534531249,0.3634676854819191,0.045547746419392555,8.69365934947888,0.10689971523210318,0.4,0.2,True,exact,19,2.969195252532303,2026.829137481124,0.0020811272227123645,12.8755216143004,99.10798503965562,True,1,9.850862765000784
1649,3,6,2.7867631331464944,4.486897779330251,2000.080607956294,0.5690353886642199,0.04113537836186039,8.333699345774784,0.09319214136161506,0.4,0.2,True,exact,19,2.786815112734036,2027.946536544007,0.0016129978140543288,11.809178650522716,66.0388450138473,True,1,10.094604345000334
1650,3,6,2.38561603251189,4.873439216854282,2001.6196124329767,0.7061060047919133,0.04467914714534756,7.513428431360352,0.07829813184413137,0.4,0.2,True,exact,22,2.38558051045367,2027.8605262399903,0.0018258633874863595,11.619189756023044,73.76384121503004,True,1,9.985796709001079
1651,3,6,2.736891143178161,4.613101734014027,2000.992906810896,0.5572040805549711,0.0422924021413179,8.233973662430776,0.09359068418793626,0.4,0.2,True,exact,20,2.7368098833101158,2028.361913937268,0.0017247633790856698,12.089481296551112,78.93083526823284,True,1,9.82061720099955
1652,3,6,2.618488104587893,5.784784285076184,2002.5484282185698,0.7125362745782731,0.053034257077252275,7.9947495076189075,0.08128606488265507,0.4,0.2,True,exact,20,2.618489272084498,2026.1140596987605,0.0026136747935435745,12.114553340886594,112.87643938982526,True,1,9.776427525001054
1653,3,6,2.422162266186572,5.678122617289724,2000.587482842471,0.06135498675533381,0.052056394804277116,7.589968034301763,0.10703423578542304,0.4,0.2,True,exact,23,2.422099373401884,2027.2309837324208,0.0028873563343244646,11.035043403326819,145.48530802758182,True,1,9.63545081600023
1654,3,6,3.1001251706196995,5.4526519376787705,2003.0478120385228,0.19538187211475883,0.049989304763129176,8.947271381851479,0.11406241471052153,0.4,0.2,True,exact,18,3.100140358839153,2027.8479978707132,0.0026713998226375324,9.708494646254273,120.59853766619311,True,1,9.68043298900011
1655,3,6,2.89875607170221,5.6157780290783,2002.1480830842722,0.315819749008476,0.0514848265736155,8.555503466686343,0.10848910859383004,0.4,0.2,False,alias,18,1.4494433538952853,2026.7870506826152,0.0014120543474649416,10.512356843122612,92.51762396511934,True,1,9.927691368999149
1656,3,6,2.8780325606767234,4.9765684519835505,2001.6265032413198,0.6427088343664807,0.04562462446973736,8.514678598774074,0.08913330443664216,0.4,0.2,True,exact,19,2.8779272603701713,2027.5279078433316,0.0019528990401479485,13.772137479320461,81.6382772014265,True,1,10.026739603999886
1657,3,6,2.725327779691972,4.603918359279679,2000.8308246760412,0.6740966277659348,0.04220820998608843,8.210764944454079,0.08439682263642502,0.4,0.2,True,exact,20,2.7255974633018143,2028.0833183830182,0.0016561104305262697,14.475933667680442,67.93516544218164,True,1,10.170606900001076
1658,3,6,2.214883552391083,4.566342832168653,2000.7662004022716,0.25119623061335805,0.04186372174479644,7.150532575085334,0.10009143911813222,0.4,0.2,True,exact,24,2.2148384758437873,2027.345119001792,0.0017428688892034971,14.121410601846497,76.72699215180909,True,1,9.828478437999365
1659,3,6,2.9815664852800237,4.627538889095283,2002.6024964540638,0.7529631797076264,0.04242476036874892,8.71767731202634,0.07886683761324643,0.4,0.2,True,exact,17,2.9817120002497717,2026.4552585019983,0.001564829609092433,13.974765250621749,59.7719660331394,True,1,10.670583952000015
1660,3,6,2.6204242804691407,4.53720048497829,2001.6665170305978,0.48102990445187727,0.041596547956360544,7.9986900345078125,0.09673283028383292,0.4,0.2,True,exact,20,2.6205139192523568,2027.8708292966903,0.0016775586897521677,11.625914358924216,72.24631931228753,True,1,10.327178641999126
1661,3,6,2.2421547032828486,5.1117269226961675,2000.9134001566708,0.4126970047927275,0.046863742253339696,7.209107590791443,0.09568893782929828,0.4,0.2,True,exact,24,2.242029246536229,2027.8197806459348,0.0022206741161963084,12.93297485278288,110.99737944242672,True,1,10.353083665999293
1662,3,6,2.537928571824181,5.309910273184122,2001.8472851830613,0.42804364187820043,0.04868066510478029,7.829921128851323,0.09917037256849691,0.4,0.2,True,exact,21,2.5379049099440842,2027.2267053494409,0.002442282628733805,13.378251477286055,112.62470399110816,True,1,10.091314391998822
1663,3,6,2.1440934112535346,5.1802244485654345,2001.4139734729574,0.8432309396991675,0.0474917199301354,6.997349916596558,0.06113982900016648,0.4,0.2,True,exact,25,2.1441755878374864,2027.1428674707165,0.0017968739014110335,14.30422105200493,70.77265182000023,True,1,9.758217328000683
1664,4,6,3.5950617345865448,5.572058098246846,2002.979851179038,0.833721630267109,0.051084007124375753,9.87586987635065,0.07448458268763658,0.4,0.2,True,exact,14,3.5949039629863457,2028.1447964909044,0.0021317616908049786,13.911300317023858,73.94720723539578,True,1,9.922522443999696
1665,4,6,4.569690638640351,4.723512826407983,2002.332615481125,0.7231496223318827,0.043304638720875026,11.588547112585644,0.09464398110255928,0.4,0.2,False,alias,12,2.2847015025293667,2027.4656367803523,0.0008767505281824794,11.107530366421138,40.76208870126392,True,1,10.018693620000704
1666,4,6,3.7068278289089704,4.950725763021708,2002.1996260205538,0.48834487022031603,0.04538770157988897,10.07950954851295,0.10848122580531773,0.4,0.2,False,alias,14,1.8534374564068723,2028.1468743461032,0.0009760234922971955,9.942424281616042,56.278705249016845,True,1,9.804612005000308
1667,4,6,3.8650298988185092,4.891905785367599,2003.3849580038238,0.5415991760995817,0.04484844658567354,10.364293331971052,0.1063414169577978,0.4,0.2,True,exact,14,3.865123845533247,2026.5753133856995,0.0019037860855414257,12.996615780598379,71.71545428188364,True,1,9.703278969998792
1668,4,6,4.830997291920996,5.678196118968709,2004.0707075185678,0.21499739960992836,0.0520570686594715,12.02621563764481,0.13186683903435983,0.4,0.2,False,alias,10,9.661827910603328,2023.3952183212066,0.002793307089790975,9.019678627229768,68.77330949729712,True,2,10.402897332000066
1669,4,6,4.99052671174431,4.378323881100224,2000.2083340349889,0.47187870485071076,0.04013998497347324,12.28953300843456,0.12001827421728731,0.4,0.2,True,exact,11,4.990585080706265,2025.1612066535313,0.0014868906974616625,10.59098480813924,56.53379716048423,True,1,9.858010035000916
1670,4,6,4.241041069995293,4.921460631282644,2002.9307861719913,0.18874865952189152,0.04511940211640625,11.026036932278389,0.12605596011971743,0.4,0.2,True,exact,12,4.2408708849759025,2028.3769961431888,0.002107273350336114,9.30881594884645,81.02559764857394,True,1,9.87359164100053
1671,4,6,3.8437115191592044,4.696830798474867,2001.2713335077894,0.3653353284003859,0.04306002086495982,10.32614726128142,0.11600438755207457,0.4,0.2,False,alias,14,1.9218101966307812,2028.1782594194974,0.0009752619115509509,10.489161617675936,55.578915419523106,True,1,9.947131846000048
1672,4,6,4.85244632105702,5.267045827880618,2004.1007280322965,0.23452825797012875,0.04828768865143793,12.061785953194429,0.13101845835129597,0.4,0.2,True,exact,10,4.852572372320638,2028.3639035282697,0.0023533282362615537,12.138515019510386,84.36675111017523,True,1,9.795411050999974
1673,4,6,4.92494910712922,5.150307172802376,2001.0338355588897,0.4236388322222001,0.04721744168298237,12.181636108605263,0.1234493214278496,0.4,0.2,True,exact,11,4.924671904652461,2025.6592970232623,0.0022848441301304145,10.232297707624857,84.65988150827032,True,1,9.911912741001288
1674,4,6,3.736393200056485,5.334597359009212,2003.2471732995282,0.024425349728869405,0.04890699355396961,10.133034144908539,0.1232996611978692,0.4,0.2,True,exact,14,3.7363614075246105,2025.664783028481,0.002511740250805916,12.363670446341736,103.30941331532956,True,1,9.686646284000744
1675,4,6,4.5863443705743725,4.976334712876682,2001.3994258178725,0.10270899047166049,0.045622481575677394,11.616685490505187,0.13094943464076328,0.4,0.2,False,alias,12,9.171939269446069,2024.331128538892,0.002110731852495329,9.727779487693521,61.02293966483115,True,2,10.3105194510008
1676,4,6,3.246338248816733,5.6174567345486945,2001.7533720008328,0.39869325695192653,0.05150021675812136,9.226428839838734,0.10927762821878316,0.4,0.2,True,exact,16,3.246389389955171,2027.7247609529747,0.0026903222713331454,12.680192994893865,123.34605975509724,True,1,9.676074795001114
1677,4,6,4.516707975376185,4.879724519954184,2001.953439961605,0.7698460725060152,0.0447367701030901,11.49879855432044,0.08856013765794536,0.4,0.2,True,exact,12,4.516864627539553,2029.0535315152372,0.0017450255832004435,14.106267903812592,54.25511761127489,True,1,9.932373644998734
1678,4,6,4.156150829416475,4.952012565718644,2000.0827356203154,0.06984325257586005,0.04539949884348151,10.878407520359389,0.12704677982059834,0.4,0.2,True,exact,14,4.156076738623958,2029.1771725870344,0.002135996571324905,11.992884289965902,87.4972007595071,True,1,9.945819776001372
1679,4,6,4.877588269742351,4.592083179435993,2004.4182793044752,0.38297063566638556,0.04209970637740507,12.10341382603622,0.12451852174543097,0.4,0.2,True,exact,11,4.877661618037059,2028.8062768401853,0.0017389326943128003,9.96405971808277,61.87192624286921,True,1,10.321037872001398
1680,4,6,4.563091713122147,4.909729639888165,2002.2266498268511,0.13854834208381067,0.0450118536958038,11.577388023681838,0.13013116925174809,0.4,0.2,False,alias,12,9.126717869672813,2029.6054036090184,0.0020447542683657005,9.443321135654035,51.647195071056665,True,2,10.492941172000428
1681,4,6,4.700034123773069,4.469064255694529,2002.5570018667702,0.11047603883807698,0.04097188260636089,11.807876389664665,0.13132141794024038,0.4,0.2,True,exact,12,4.700552865930312,2026.0578424546516,0.0017370060258706799,11.14906126173209,65.74442852285055,True,1,9.872859913999491
1682,4,6,3.5340858419920242,5.8351456713288625,2002.5659611217452,0.10729220030102063,0.053495964648990396,9.763881955466317,0.12098661178870561,0.4,0.2,True,exact,14,3.5341135506941828,2027.3049406881926,0.0030191913688540906,11.339600815190787,124.65905817461358,True,1,9.944207640999593
1683,4,6,4.044451899473151,4.510183532699305,2001.249251079434,0.6701426019111424,0.041348859551400656,10.682614929239422,0.09633605515363211,0.4,0.2,False,alias,13,2.022364053818678,2027.5393004079763,0.0007948860897510901,10.989579518710755,41.66256412029393,True,1,10.596047869999893
1684,4,6,4.305623062435159,4.791353887848389,2003.4745339034746,0.2986049289393824,0.0439265980050105,11.137690068759273,0.12330119512836497,0.4,0.2,True,exact,12,4.305845399097359,2029.3085098945842,0.001844358257528822,12.181042105480259,70.8276416801754,True,1,10.275006519999806
1685,4,6,4.352809466833229,4.360770713143782,2001.1169057626062,0.8039948493879914,0.039979059487569864,11.21891598370816,0.08172552086870381,0.4,0.2,True,exact,13,4.352525567627593,2027.2331221557656,0.0014104380870599842,11.707237092082627,44.42993063922094,True,1,10.521734912999818
1686,4,6,3.3244892048318353,4.905701707048657,2000.5124584698274,0.1481439996481009,0.04497492605681621,9.373916387758534,0.11702832397029121,0.4,0.2,True,exact,16,3.324691948901771,2027.1087335078807,0.002103340792133479,9.723401292473397,88.55982702527271,True,1,10.07122622300085
1687,4,6,3.729661349554825,5.71346998482414,2001.8441985999725,0.274152034107784,0.05238045552710485,10.120859378624827,0.11942816605857831,0.4,0.2,True,exact,15,3.729550325716281,2027.9519043633472,0.0028670020006036356,12.275683760016124,117.34148092736851,True,1,9.954595805000281
1688,4,6,3.8981425876181337,5.196951419160443,2002.643097461403,0.5652219981725052,0.047645070930785134,10.423404809891707,0.10528640551573953,0.4,0.2,False,alias,14,1.949030438845391,2027.980696977169,0.0010865652312789242,9.565562634434704,61.961357191298184,True,1,9.815766626999903
1690,4,6,4.698796473556125,5.636977921664368,2003.8429485083589,0.16481623084112174,0.051679184824159126,11.805803402980528,0.13177378712947013,0.4,0.2,True,exact,10,4.6987664255532,2027.3365404610993,0.002810387101819356,10.998685045559743,93.04385533232004,True,1,9.743225248001181
1689,4,6,4.502539645284433,4.931624177771495,2000.9081532051941,0.8931059060044133,0.04521258037695037,11.474739133271092,0.06805095229319606,0.4,0.2,True,exact,11,4.503149842179001,2027.9238469697407,0.001516969776113708,13.387156509335902,39.589786744039365,True,1,10.383387978999963
1691,4,6,4.273901708909857,4.7910058225709005,2000.8188263731392,0.055083327963217035,0.043923406981370504,11.082918614877975,0.12815382939434786,0.4,0.2,False,alias,12,2.1369068527390493,2026.4621530662018,0.0009832278110750714,9.589776159212006,50.09155322261932,True,1,9.94109858399861
1692,4,6,3.344421048721949,4.833938406975333,2003.3017954215977,0.5264643439856226,0.044317008126389786,9.411346345515705,0.10233635622684868,0.4,0.2,True,exact,16,3.3445079571325405,2026.7121416374277,0.0019808088170943927,10.867659963968974,79.57120878597095,True,1,10.161683130998426
1694,4,6,3.8547291846333787,5.201950387724053,2002.5582950460082,0.5467381799702834,0.04769090091697971,10.34587051621921,0.10627432329561617,0.4,0.2,True,exact,12,3.8546087959511723,2025.6863767340403,0.0022922908980170797,11.869470855704227,81.79819621569469,True,1,10.162049504000606
1693,4,6,3.591744125800347,5.226046445112516,2002.9332323506358,0.40015070426905697,0.04791181088338672,9.86979314917398,0.11246215204871364,0.4,0.2,True,exact,14,3.591853409572397,2028.07474470034,0.002308870082637915,10.444981875013026,98.78393332105887,True,1,10.350782739000351
1695,4,6,3.178580231703137,5.521653900305016,2002.8916690001292,0.16073663590969936,0.05062190705984681,9.097594513976068,0.11573785983913612,0.4,0.2,True,exact,16,3.1785783050426346,2028.3197722736745,0.002663188958047513,10.366360374402994,113.76314515881519,True,1,10.095958482001151
1696,5,6,5.584310610037504,4.459432600321528,2004.1035797526076,0.11148958971022503,0.04088358066423852,13.245982240934008,0.13902415530766338,0.4,0.2,True,exact,10,5.584264005031812,2026.4401810201273,0.001685455511608147,11.831060408650607,60.529690409435595,True,1,10.389903967999999
1697,5,6,6.617758049358586,4.35147840987786,2001.960531224663,0.5739533574222234,0.039893868687713066,14.833548207591653,0.12330645178161206,0.4,0.2,True,exact,8,6.617381461306014,2028.431400845224,0.001438135042975297,13.524541292654519,46.077506651485706,True,1,10.267399722000846
1698,5,6,7.3445367778100765,5.369380284414696,2000.609741698151,0.6863913758607529,0.04922587953431849,15.900620192379378,0.11683354417845768,0.4,0.2,True,exact,8,7.344935063515383,2029.9877871290614,0.002251424182023065,12.933089360260697,69.02488085338679,True,1,10.24907599999824
1699,5,6,5.902074166555315,4.9715698298956355,2005.525709952727,0.5216867349165699,0.04557879765999332,13.743823390985812,0.12404181331722489,0.4,0.2,True,exact,8,5.902012474631548,2029.1342217735262,0.0019472428678718456,10.73659992745179,60.31634709818772,True,1,10.269294738000099
1700,5,6,6.016267535332846,4.558702774136373,2001.7463663433061,0.046811295968978144,0.04179367854494639,13.920533647708657,0.14330855286944447,0.4,0.2,True,exact,8,6.0161637331430295,2025.811529932572,0.0016552541752938854,10.27900235105206,53.263681897776166,True,1,10.346699681000246
1701,5,6,7.275681885389121,4.583909872315638,2006.1551144181435,0.030910492919091103,0.042024774409395386,15.801085588636013,0.1527705457403223,0.4,0.2,True,exact,6,7.276025734051921,2027.9827647021557,0.00169584666171807,9.198618522502102,47.968656032658785,True,1,10.128379608000614
1702,5,6,7.370661808122631,5.211565758362606,2003.8366878380593,0.6468397918481382,0.0477790535624731,15.938304284679852,0.12149037258999688,0.4,0.2,True,exact,6,7.37111208366873,2025.949742501006,0.0022181729392136695,13.122450965000446,62.243171432022834,True,1,10.414055365999957
1703,5,6,5.636547156537647,4.972396570418862,2002.3144221562538,0.6712224161762503,0.0455863771248937,13.328457368975931,0.10811990842622003,0.4,0.2,True,exact,9,5.63689399586924,2024.859450983477,0.0018454000993840536,11.941095859248847,59.822807919505166,True,1,10.33187083499979
1704,5,6,7.845576186549741,5.883797675473957,2007.4934058515657,0.5974557669115272,0.053942000796234645,16.615790972859575,0.1306389458188843,0.4,0.2,True,exact,7,7.845327639832112,2031.0307485444962,0.0027841433224123913,12.68310659300887,83.94658631210947,True,1,10.356971000999692
1705,5,6,5.2818796464460425,4.752447605732798,2005.0878431892786,0.03131724060517971,0.043569909550272186,12.763314127820262,0.13755837185624298,0.4,0.2,True,exact,10,5.282256831911747,2026.215277327647,0.001855604563695712,12.717094921884923,66.59249701463048,True,1,10.313524863999191
1706,5,6,5.87117431384129,4.556201261458926,2003.4624012926304,0.32971789291260073,0.04177074495574411,13.695811620155125,0.13500293957269524,0.4,0.2,True,exact,9,5.871136237572591,2026.9457949502905,0.0017472223862088354,11.484708642041275,55.21786232594242,True,1,10.471093595999264
1707,5,6,6.647792924861127,4.954660330121324,2003.1998635428404,0.7259375705237299,0.04542377325218746,14.878395968691912,0.10716534142290988,0.4,0.2,True,exact,8,6.647632608882869,2029.7911554355314,0.001904991475555451,13.647347239246264,58.262638822173734,True,1,10.316220934999365
1708,5,6,5.180856484573291,4.597447712872802,2000.0942112868386,0.5030615607891641,0.04214888782158117,12.600047008883438,0.11965488789432392,0.4,0.2,True,exact,11,5.181006688226679,2025.9990959411334,0.0016692838566215729,12.17151683873809,56.4391777495412,True,1,10.256309103000603
1709,5,6,5.517180840994501,5.642008074076067,2004.854631243728,0.16707581951221,0.051725300700394654,13.139613892364814,0.13893927796319094,0.4,0.2,True,exact,10,5.517174477160408,2026.9233854086415,0.002739374891496338,10.589620895977028,105.38963489580925,True,1,9.917940618001012
1710,5,6,6.030918486941157,5.608590810724929,2003.4973520988094,0.5806615968022847,0.05141893495743089,13.943124218601177,0.1208667175883002,0.4,0.2,False,alias,9,12.061033094303511,2027.621941188607,0.0025261643045646487,10.006359415860326,58.817950342449436,True,2,10.596320585000285
1711,5,6,6.963755786032458,5.81221775616904,2005.1451255093102,0.41808147860538847,0.05328576408023825,15.346174973059252,0.13978477755696936,0.4,0.2,False,alias,8,3.481843002945064,2026.0359218539488,0.0014006042244172345,9.578524713999034,65.053975477367,True,1,9.233685897001124
1712,5,6,7.252986706935672,4.814831510811295,2005.989910414554,0.34842391185509525,0.04414183823358563,15.768209389307344,0.14424398716325385,0.4,0.2,True,exact,7,7.253383717179854,2027.7482761515396,0.0018149069604272983,9.926557061238965,50.330174786205056,True,1,9.97497888900034
1713,5,6,5.05383804996948,4.961681978300161,2002.0302322573334,0.7119656088805515,0.04548814693948003,12.393253637753958,0.09960611880739682,0.4,0.2,True,exact,11,5.05388298939326,2027.3000399469663,0.0017922707365295443,13.993897136928782,61.90673681654396,True,1,10.10249523099992
1714,5,6,6.628748455371226,5.359467751201213,2006.121651978888,0.3469267473599052,0.049135002535484334,14.849966821990257,0.1408258848061245,0.4,0.2,True,exact,8,6.628457531340505,2026.0075600940215,0.0024068453286233416,12.764865299172586,81.22906478512976,True,1,9.93435957499969
1715,5,6,6.924171965370558,4.683154942899238,2000.258716106334,0.503297950943993,0.04293464214647927,15.287965274215457,0.13184113567093275,0.4,0.2,True,exact,7,6.923876292987293,2027.9555051719492,0.0016898210972983163,14.012401604102793,48.60365616150826,True,1,10.201709030998245
1716,5,6,6.880223526649502,5.249990217246269,2001.1815659839112,0.8267750267737237,0.0481313247155648,15.22320711282091,0.0928439884549671,0.4,0.2,True,exact,8,6.8806417688938,2028.701473325575,0.0018510846532044933,12.845795195534317,52.30284909434057,True,1,10.022210993000044
1717,5,6,6.163005485026502,4.898771420634982,2002.208102680282,0.3467066737263296,0.04491138996399594,14.145973067527896,0.13684976220151568,0.4,0.2,False,alias,9,3.0815379334093578,2026.8602461756082,0.0009729445264264891,9.568368635460933,45.80868781306257,True,1,9.971962538000298
1718,5,6,5.71967853449254,5.446681436897401,2001.1612571269434,0.41902728888739055,0.04993456787792916,13.45918836250982,0.13039857788402082,0.4,0.2,True,exact,9,5.719595915166321,2029.7598545758317,0.002445187891322642,12.47352455600663,82.10214673297655,True,1,10.117083438999543
1719,5,6,7.143669956525261,4.550870346229201,2006.2587524615524,0.005027751295584604,0.0417218717195407,15.609370119309823,0.15186432910215691,0.4,0.2,True,exact,6,7.14448403396699,2027.6897021019008,0.0017265582360006526,8.787833654216536,48.1147634804089,True,1,9.643506230999265
1720,5,6,7.3646301181264615,5.306951740362623,2006.2084860865373,0.5647038251215236,0.048653541605874435,15.929607822083812,0.13018402695145498,0.4,0.2,True,exact,6,7.364391146587974,2028.301298439764,0.0021249378216515735,12.099745942517144,59.09652285720949,True,1,10.496872703999543
1721,5,6,5.656899406209351,5.312504387735994,2003.6595550618408,0.8850876293765066,0.04870444765763827,13.360522047444007,0.07599902713401466,0.4,0.2,True,exact,10,5.656897628721176,2026.2877467648848,0.0017997057997327648,13.70784079779954,53.646332388961156,True,1,9.669802864998928
1722,5,6,6.965095389062281,4.756588629615142,2002.8848237802365,0.8972370437266721,0.043607873995326056,15.348142984198502,0.07713918308690007,0.4,0.2,False,alias,8,3.4825489531364915,2027.2645614219555,0.0008838459341691252,13.391238987756058,29.44569318041634,True,1,9.92815353199876
1723,5,6,7.7314390677632,5.640045386506501,2000.8107002116208,0.41523701823278175,0.05170730699967963,16.454247128331275,0.1446494397436146,0.4,0.2,False,alias,7,15.463147350905661,2031.7365759518111,0.00267974076616051,9.673239770204681,61.486115513488926,True,2,10.335232883999197
1724,5,6,5.936391260516136,4.8213342363327065,2000.9314953372323,0.0877426279332174,0.04420145449583676,13.797046736215655,0.14264398670883066,0.4,0.2,True,exact,10,5.936479799642194,2024.6762316985687,0.0018923158264849693,10.310286836550619,70.35239424234372,True,1,9.953546946999268
1725,5,6,5.923855368645993,4.4310999438179,2004.3005530717567,0.7913205571425324,0.04062383002970382,13.777616388904168,0.09268149078177568,0.4,0.2,True,exact,9,5.924397903071954,2027.996029112288,0.0014199720386079973,12.98677117575293,39.92713990143738,True,1,9.993902662999972
1726,5,6,5.696251882045554,5.154596850522724,2003.5804584050516,0.338489943294139,0.04725676896984187,13.422412477804436,0.1340405302594725,0.4,0.2,True,exact,10,5.695732417083472,2026.366054668334,0.0022098992755049673,10.690318814487858,75.17789636379317,True,1,9.930022512000505
1727,5,6,6.8942057532058705,4.653723012384575,2001.0969608079893,0.495928829927506,0.042664813490426994,15.243824882965708,0.1321854999161017,0.4,0.2,True,exact,8,6.894149681461301,2028.6734737258453,0.0016776125727504532,12.508338686976021,55.50871754641044,True,1,10.032478772000104
1728,6,6,12.32028296996429,4.877970370175436,2010.6303132621551,0.12700338368481193,0.0447206882535805,22.44837520272421,0.18122352095329458,0.4,0.2,True,exact,4,12.318247030847635,2022.9506220308476,0.0018800059885611953,12.731123305405573,45.73302323433773,True,1,10.273252100998434
1729,6,6,8.034087086513994,4.820310851162397,2001.5798530135294,0.15488386496641007,0.04419207221474613,16.880895473739244,0.1565417589171316,0.4,0.2,True,exact,7,8.034478045530415,2025.6824966365912,0.0018710100234039517,11.313324313780354,65.33931749895454,True,1,9.757518686999902
1730,6,6,7.963830745578424,5.243622234419502,2000.956552943499,0.26071506724387866,0.048072943759308644,16.782338311426557,0.15344688735518436,0.4,0.2,False,alias,6,15.9259755988143,2032.8118011976285,0.0023908946747539517,9.946792849349663,61.85828685528844,True,2,9.890306590999899
1731,6,6,9.54343579469032,5.299003946688685,2001.5316004110848,0.08711654722098659,0.0485806771199872,18.933938469177836,0.1677401643673472,0.4,0.2,True,exact,6,9.543785252754416,2030.1621057582631,0.0024163788758849725,10.178453515875178,69.08856505390064,True,1,10.326057600999775
1732,6,6,8.640666433918996,4.455864654386072,2003.9351340033834,0.843562226082519,0.040850870133879266,17.72022712149534,0.09476452043158391,0.4,0.2,True,exact,6,8.640893545876581,2029.85783688763,0.0013629392096569104,13.09945627474759,32.17701041601657,True,1,10.196384172999387
1733,6,6,9.451294832611506,4.465068247104529,2005.6596954820543,0.22278005698165365,0.04093524764533189,18.81187126898099,0.16270245017653348,0.4,0.2,True,exact,6,9.45128665674984,2024.5624483134998,0.0015562859264223183,12.118414053379718,45.16942066149855,True,1,10.148358464999546
1734,6,6,10.030808775980434,4.761776808723565,2004.7571509405732,0.09383160484683971,0.04365543864269048,19.573196595317885,0.1696400586625204,0.4,0.2,True,exact,5,10.031189731199165,2024.8203794623985,0.0019280805528544276,10.845601014789107,51.58062530593676,True,1,10.255534598998565
1735,6,6,9.510015373727343,4.726670203710733,2008.5805751342616,0.2758093313712397,0.04333358520380542,18.88970910854256,0.16134295085748507,0.4,0.2,True,exact,5,9.510943938412662,2027.6018878768252,0.0016881568361237775,9.699377177432119,48.6598652665976,True,1,10.362185153999235
1736,6,6,9.384960213448876,4.478707106702763,2006.364576391503,0.06905041738994613,0.0410602871888183,18.723746299028456,0.1658189994379149,0.4,0.2,True,exact,6,9.384127310302322,2025.1350046206046,0.001576965805308972,13.540154866722185,44.354358306496266,True,1,9.50780521500019
1737,6,6,11.238261472685934,5.178937960519159,2008.6310631885558,0.7445551639276727,0.047479925551225016,21.114001379563625,0.12493319315270643,0.4,0.2,True,exact,5,11.239698464950806,2031.1058969299017,0.0019116708973879737,13.947364558708031,45.806416499758605,True,1,10.108655964000718
1738,6,6,9.19881067530863,4.431185086538795,2002.9281571163965,0.4388486041098813,0.040624610608671965,18.47533170472404,0.14964843721283186,0.4,0.2,True,exact,6,9.198743376505917,2030.522917629518,0.0015330514509975801,13.001932995355775,46.68797657910768,True,1,10.541221942999982
1739,6,6,11.186440722731735,5.77903719506726,2002.2648674195323,0.003874945922043194,0.052981568397094274,21.049045544887765,0.17820044456571413,0.4,0.2,True,exact,4,11.186934265881433,2024.6358685317628,0.0028344507598446755,13.101012446025127,70.97676126726952,True,1,10.134782678998818
1740,6,6,8.364468648351684,4.645830362033499,2003.0415776973675,0.2924464005972803,0.042592454552372955,17.34056974025615,0.15376170842664738,0.4,0.2,True,exact,7,8.364917907176594,2028.1335037215297,0.0017744471382749039,12.8762083032663,53.69877692338603,True,1,10.180848466998214
1741,6,6,9.031784265700452,5.008323435860136,2002.9430304601904,0.606783931797853,0.04591575061989296,18.251006832501513,0.13431652292130988,0.4,0.2,True,exact,6,9.031505452204767,2030.0373288566143,0.0019341626562418002,10.460877409789171,52.563400527562706,True,1,10.405045311999856
1742,6,6,12.080502567692037,5.675600563242288,2004.9496643830737,0.5265921822239785,0.05203327289408601,22.15615826495584,0.15815662413437073,0.4,0.2,True,exact,4,12.081067327258088,2029.110259654516,0.0025892273779200004,13.0590996420677,68.68883115129495,True,1,10.236058409998805
1743,6,6,10.876349026614538,5.579134572897907,2007.2956071425774,0.2294504469456052,0.05114888345465019,20.65823505404773,0.1719920451044423,0.4,0.2,True,exact,5,10.875906950796383,2029.0496889015928,0.0025868841957631394,12.949733048149062,68.30877849931927,True,1,10.155983196998932
1744,6,6,8.223651899427049,5.089659315774262,2006.3767876856116,0.16902593598607005,0.04666142889455199,17.14539927336284,0.15780453246815965,0.4,0.2,True,exact,6,8.222686416916238,2031.0472780007487,0.0021278298648964578,10.232739674061907,69.40086561736983,True,1,10.204118792998997
1745,6,6,11.974813051791442,5.743341505500572,2009.286535020129,0.21077048780333124,0.05265431429672732,22.026743039455365,0.1785451577262005,0.4,0.2,True,exact,4,11.975329302903132,2033.2375336058062,0.002752430273971429,10.153004301529728,68.59787627075417,True,1,10.210509118000118
1746,6,6,10.529725953552925,5.44272125424216,2010.3729453912938,0.7659172413298572,0.049898261365073915,20.216959278433475,0.11916130675338556,0.4,0.2,True,exact,5,10.529649891664853,2031.4340497833296,0.002171350565398189,12.754149630695602,57.0786597738571,True,1,10.148018302999844
1747,6,6,10.053547196177277,5.096563394167321,2003.2202971143504,0.763661209523315,0.046724724715162556,19.602765203963155,0.11697853112212667,0.4,0.2,True,exact,5,10.0528013966081,2023.328727793216,0.0019111615106973678,14.095923311877103,49.07739751663194,True,1,10.240697635999823
1748,6,6,8.202778453337864,4.830456461520172,2005.2208217724012,0.41735579844441983,0.04428508603884118,17.116374444266967,0.14614531101450304,0.4,0.2,True,exact,6,8.20183562205441,2029.8298818661633,0.0018920365425177943,12.186963068111794,56.0969231728999,True,1,9.72666238400052
1749,6,6,8.120490835927276,4.802205266212627,2001.10498541886,0.507888559986931,0.0440260822314658,17.001711579768962,0.13880796948656843,0.4,0.2,True,exact,7,8.121675890469941,2025.4659651714098,0.0016937699519811167,9.956160213169218,53.956737495408724,True,1,10.232163833001323
1750,6,6,8.846068332791388,4.3760041840488855,2000.0534446185661,0.029116598782211112,0.04011871824965099,17.999950768728805,0.16273619018127078,0.4,0.2,True,exact,7,8.841792172688658,2026.593907768066,0.001531013253673108,10.759204147133838,50.44656615157175,True,1,10.292019108999739
1751,6,6,12.29941706432621,4.364392497749655,2001.3924053795763,0.47366078064129324,0.040012263604854215,22.423021997416626,0.16174096677276809,0.4,0.2,True,exact,4,12.298492374377565,2025.9912347487552,0.0013705825358762969,12.399313762542937,36.2905822290074,True,1,10.419351249000101
1752,6,6,9.90016919142298,4.58312550573395,2009.2919552102876,0.02037590494998104,0.042017583424064545,19.402880183083052,0.16928858917296388,0.4,0.2,True,exact,5,9.899963779571536,2029.096552559143,0.0016559712194863518,13.585431279675024,42.735010166977716,True,1,10.12681697699918
1753,6,6,8.752816500408862,5.6648768365662425,2001.1549485215203,0.16756145868494512,0.0519349589640695,17.873228455691603,0.16198203372518505,0.4,0.2,True,exact,7,8.752425048140262,2027.412650144421,0.0027897567811271395,10.656469925302744,91.17811494950813,True,1,10.05447872699915
1754,6,6,11.144212768893004,5.038026652222211,2006.7809339410383,0.893507658303375,0.04618806639433446,20.99603980847928,0.09203710200801565,0.4,0.2,True,exact,5,11.144169575746293,2029.0711516514928,0.001507262657290065,15.550199309859613,31.0161684435917,True,1,10.653051694000169
1755,6,6,12.35406716563499,5.0301382836165685,2007.5656489792134,0.409980677540004,0.04611574671084495,22.48939450478023,0.16836698342769005,0.4,0.2,True,exact,4,12.353569972622756,2032.2731399452455,0.00201934517224156,14.322924054843691,49.39584580781551,True,1,9.956569570998909
1756,6,6,8.730917571125778,4.947201913857161,2000.3083155715162,0.8200246420210082,0.04535539532380676,17.843404306413834,0.1011069726683027,0.4,0.2,True,exact,7,8.731379219401575,2026.5007001582046,0.0015942617886062216,14.879939443141655,45.55227313969037,True,1,10.356762960998822
1757,6,6,10.653597976644603,4.916011861534903,2008.1741340116093,0.731384710821159,0.045069448403127446,20.375205309026573,0.1243499006046473,0.4,0.2,True,exact,5,10.654055274641912,2029.4789855492838,0.0017427116212017646,15.178612820225348,41.67448190265548,True,1,10.742885510000633
1758,6,6,8.411933022979916,5.607445161303233,2002.843033880152,0.5651581941017598,0.05140843177132119,17.406107503072434,0.13651746216449234,0.4,0.2,True,exact,7,8.411849858985867,2028.0792995769575,0.0025859953861264717,9.239463621968454,79.48652431325023,True,1,10.275493765999272
1759,6,6,10.519334099472305,5.085707239873268,2007.4006666775458,0.5774028759226278,0.04662519670351544,20.20365559172946,0.1447795690013235,0.4,0.2,True,exact,5,10.518900928757859,2028.4391768575156,0.0020885445044530604,9.799193686269412,53.5003370482934,True,1,9.740319783000814
1760,7,6,18.901428716061584,5.825714836924948,2002.6349493852758,0.5500866092523202,0.053409503811112556,29.860761531083146,0.18106747388299976,0.4,0.2,True,exact,3,18.899661919842,2021.536099419842,0.00261636104937657,11.571739495749505,62.82412023318791,True,1,10.292974685000445
1761,7,6,17.21551224940518,5.650942811190429,2009.2247576297505,0.3001677938949613,0.05180721337365772,28.05763689443248,0.19693660041219962,0.4,0.2,True,exact,3,17.216389686716454,2026.4418396867163,0.0026232991145165308,10.404214888455135,64.18416403275876,True,1,10.200795486000061
1762,7,6,17.432555313931353,5.416886092679049,2014.4623353026288,0.5059609573535656,0.04966140748557747,28.29296693311839,0.18043077308349526,0.4,0.2,True,exact,3,17.433766580230184,2031.8930540802303,0.0022851372642545,13.2179212865894,53.93098011627514,True,1,10.394861634000335
1763,7,6,19.533688686551077,4.65989603885246,2015.5439300152768,0.3811121536315989,0.04272140710853079,30.52300576522968,0.19776278588669424,0.4,0.2,True,exact,3,19.534166534523926,2035.0776165345237,0.0013733045638412156,12.318478758283858,31.636878504390708,True,1,10.193433398000707
1764,7,6,15.924142903127548,5.311714891585314,2006.303743146745,0.8836387544187216,0.04869720964499108,26.636377930287548,0.10753823871342943,0.4,0.2,True,exact,4,15.923883327412886,2022.2295083274128,0.0017469089658554982,15.549537947154349,35.39380681462363,True,1,10.340467960999376
1765,7,6,17.63776824886926,4.93769832983745,2014.8250109130838,0.8446913031676485,0.04526826752556597,28.51457340479279,0.12128806958276847,0.4,0.2,True,exact,3,17.638045797990294,2032.4644207979904,0.0016172531512600452,14.914120998269187,29.092895673472725,True,1,10.604488781000327
1766,7,6,16.0902800201173,4.373542760014211,2000.5805012262367,0.6517137806673237,0.040096152188654074,26.82132275106171,0.1548579460115142,0.4,0.2,True,exact,4,16.091431992225836,2032.7620139844516,0.0013886332225256925,13.10189983603136,35.40639350257652,True,1,10.830811013998755
1767,7,6,19.97971676197705,5.842049090853045,2007.0528860927625,0.6673110280958837,0.0535592544291646,30.985892433056048,0.1673915933745207,0.4,0.2,True,exact,3,19.979749047941308,2027.0328240479414,0.002504376714327905,12.434381526183676,53.26911506278853,True,1,10.114946315999987
1768,7,6,15.409008980035448,4.6983627409619935,2000.4071761960106,0.0019736026167660238,0.043074065542805365,26.058791011501935,0.19638168596979735,0.4,0.2,True,exact,4,15.409936798759459,2031.2267485975187,0.0016165604496370944,11.26020275808616,45.83235032578658,True,1,10.14932121899983
1769,7,6,17.864906660549256,4.8366774886904,2011.7129959795916,0.4151834629714417,0.044342119722029956,28.758857245594132,0.18953563459571987,0.4,0.2,True,exact,3,17.867396542741783,2029.5789840427417,0.0017493061697889667,11.749980241632564,38.56562278584796,True,1,10.330293536000681
1770,7,6,16.64477127294406,4.496699693735903,2005.160506216973,0.17663093546572775,0.041225241219803026,27.434034374212743,0.19822242772123017,0.4,0.2,True,exact,3,16.644044923069895,2021.8037449230699,0.00151215389583359,12.06208316389229,34.34856283815573,True,1,10.427960495000661
1771,7,6,17.356216175025885,4.356784129474063,2006.947465890611,0.21464826546661372,0.03994251093315872,28.21030778766771,0.19932400415235596,0.4,0.2,True,exact,3,17.35568295920317,2024.3054829592033,0.0014289859679801342,12.035041034094201,35.40935299552536,True,1,10.384816396999668
1772,7,6,15.134412018949718,5.213686134242834,2002.0924608640196,0.29141029673626806,0.04779849293203137,25.748276216486687,0.18836600353672567,0.4,0.2,True,exact,4,15.133639848152894,2032.3597796963058,0.0021488343648553565,12.985745495494445,56.69960124778008,True,1,10.296254987999419
1773,7,6,14.532205031560142,4.411785064752808,2007.1946111343893,0.887328537209678,0.0404467533728617,25.060638689533203,0.10035467642209941,0.4,0.2,True,exact,4,14.531009462058224,2021.728665712058,0.0011647269956720496,15.441913636969403,22.84025639824923,True,1,10.302985948999776
1774,7,6,18.60460073714326,5.110017274963063,2009.3733559148714,0.470286516434843,0.046848068393620684,29.54731532557792,0.18750589747330923,0.4,0.2,True,exact,3,18.604433696598605,2027.9795086965985,0.0019530792696146326,14.352992352628279,43.28038153737995,True,1,10.589029975999438
1775,7,6,19.14695046281218,5.397937943452579,2013.4165037221308,0.7996596951745631,0.04948769296698993,30.118790884824936,0.13759686647762173,0.4,0.2,True,exact,2,19.1496104663088,2032.5584854663089,0.0020073440457700764,15.039723646773734,31.96695590465814,True,1,10.326357490999726
1776,7,6,18.770898242616322,5.25510024038879,2014.116436551963,0.07084820093288215,0.04817817283775153,29.723126807776723,0.2102675899294368,0.4,0.2,True,exact,3,18.770569665887976,2032.886619665888,0.0022875902234615886,11.426835616749317,45.782287636586986,True,1,10.603110079999169
1777,7,6,15.406723617571716,5.559361367214498,2003.4576477393791,0.04678840078845289,0.050967604910494166,26.056214369265952,0.19766324363211293,0.4,0.2,True,exact,4,15.407407535158585,2034.273252570317,0.0026005138576815634,10.694045940158508,76.20263600324584,True,1,9.838900481001474
1778,7,6,16.3671151232123,5.271710818448606,2009.306926601416,0.18084885066665435,0.048330456764621325,27.128089870351808,0.19836059042735274,0.4,0.2,True,exact,3,16.366839595452852,2025.6741895954528,0.002238843114218625,13.614124895309429,51.96554033986254,True,1,10.147040647001631
1779,7,6,14.743907681215143,4.574680349026495,2013.2816435051263,0.5866246375093541,0.04194015916936307,25.30343758269125,0.1597874279416133,0.4,0.2,True,exact,2,14.741354813140243,2028.0243235631403,0.0015800749969899774,14.889185464041706,27.693578770218277,True,1,10.276401584998894
1780,7,6,15.063047417369484,4.3850546787613585,2013.7845282439303,0.8606734674562647,0.04020169217566167,25.66727042186362,0.10919639207715513,0.4,0.2,True,exact,2,15.061771607434055,2028.845834107434,0.0011373878929771264,11.216841945041981,17.504677180380146,True,1,10.581211027998506
1781,7,6,14.556837013782351,5.725995857209525,2001.858009638234,0.29787196262201476,0.05249529132796906,25.088949096292612,0.18649775798920168,0.4,0.2,True,exact,4,14.55673936257487,2030.9708537251497,0.0026720628585010786,9.297138904973913,65.69199914872856,True,1,10.289504906999355
1782,7,6,16.94343019055692,4.9051581918806155,2009.5006718133104,0.6777138481786962,0.044969943170380555,27.7612286100383,0.15459270429868405,0.4,0.2,True,exact,3,16.943744938943016,2026.4450449389428,0.0017643923801834438,15.38273140448363,38.67289602902543,True,1,10.319843114999458
1783,7,6,15.212059120020987,5.708965926376326,2001.1492311578209,0.5253914963118652,0.05233916282164847,25.83626877013013,0.1709576577406481,0.4,0.2,True,exact,4,15.21139862786374,2031.5732972557275,0.0026196730755377873,11.034954671702927,64.95283247230988,True,1,9.66320336300123
1784,7,6,13.381056591377096,4.57731479787237,2001.7540878704658,0.896417585656689,0.04196431150252949,23.71909214953937,0.09545750923717679,0.4,0.2,True,exact,4,13.381400084990867,2028.518268919982,0.0012732588145625279,15.786378297472146,23.177138365841124,True,1,9.798746006001238
1785,7,6,12.863797444467707,5.851484111901446,2006.8802502816673,0.833585856286455,0.05364575364973208,23.10382675809815,0.11430302378743279,0.4,0.2,True,exact,4,12.865428236197602,2032.6102314723953,0.002304980407715429,12.807356915239033,50.16811011154841,True,1,10.453524615999413
1786,7,6,16.44545239515333,4.8823584804460785,2004.3194675111965,0.10414379858282648,0.04476091795908169,27.214582364095854,0.20000993883436202,0.4,0.2,True,exact,4,16.44587528776591,2020.7631752877658,0.0018683064537222682,13.621142770978228,49.44075172736421,True,1,10.345396805001656
1787,7,6,13.577727184543848,5.228661837915071,2012.5128794564519,0.5125570081214671,0.047935788512873535,23.950937062645316,0.16501413573828375,0.4,0.2,True,exact,4,13.579066114754376,2026.0883161147544,0.002242831546135138,10.497354432801375,58.34347079562011,True,1,10.132694915000684
1788,7,6,17.966707936767886,5.852628969584836,2004.4444438953706,0.7474687129135033,0.053656249577273316,28.86800661215804,0.14718416558366532,0.4,0.2,True,exact,3,17.96626320222509,2022.409113202225,0.0025433355777962907,13.760932072203671,59.762609742124006,True,1,9.3423147170015
1789,7,6,19.321415724198967,4.762937733060535,2017.489242153238,0.5184273687911557,0.04366608186751962,30.301473930512767,0.18390158841686682,0.4,0.2,True,exact,2,19.32061481657374,2036.8130148165737,0.0016632841559170997,11.749345407820103,32.06557464314749,True,1,10.26675044500007
1790,7,6,13.521309173983639,5.53014198448823,2003.1537902924229,0.5861007929150939,0.050699724868857814,23.884543930866013,0.1572230756607076,0.4,0.2,True,exact,4,13.521976946145031,2030.19639139229,0.0024052920513157883,9.986492973478391,56.31958024290489,True,1,9.465152332000798
1791,7,6,13.540355233291065,4.76014374123823,2002.7933731978292,0.2525227934159216,0.04364046686214109,23.906967780738345,0.18262502057988889,0.4,0.2,False,alias,4,6.770129386058338,2029.8753612942332,0.0008683788910593959,10.199331978872092,31.87550518586025,True,1,9.936405823000314
1792,0,7,0.7775407923011006,7.580965795992614,2000.7210731059718,0.6824301944738611,0.06950144881906065,3.5583875487807424,0.05891426347142286,0.4,0.2,True,exact,68,0.7775372681129555,2027.1572957616738,0.004456311738283758,16.106824763350293,289.3047654973667,True,1,9.023036724000121
1793,0,7,0.5763030015665426,6.390919365404137,2000.0634454887456,0.3201280300205913,0.05859123588397891,2.9143276612630964,0.06526840932988145,0.4,0.2,True,exact,92,0.5762886817424658,2027.1500211668958,0.0036334421324425437,17.94616173111191,291.1168287665217,True,1,9.697219010000481
1794,0,7,0.5751427958028978,6.530569924334661,2000.4620695710585,0.3787790431344136,0.05987153663130501,2.9104149564746975,0.06410203521737148,0.4,0.2,True,exact,92,0.5751579846919449,2027.4933627805215,0.00371745782952293,17.963832144879728,322.33620961193924,True,1,9.512345410999842
1795,0,7,0.6057824174511908,6.937014155610466,2000.3731671318023,0.44192192531238433,0.06359777200790444,3.012882767229085,0.06374891567083998,0.4,0.2,True,exact,87,0.6057887371667915,2027.6335400475057,0.0041248735057635155,17.90585888725902,341.43655321780665,True,1,9.497045058000367
1796,0,7,0.5914750406858598,6.943224236190479,2000.476526589093,0.8913925414492629,0.06365470533397512,2.9652551755876493,0.038909993265061636,0.4,0.2,True,exact,88,0.5914688449450866,2027.6842595758073,0.0030501092761676674,18.437353290574734,181.85754835746442,True,1,9.755681582999387
1797,0,7,0.6070186459505594,6.9125865844160215,2000.4726280923849,0.43635253282224856,0.063373822759902,3.0169803285222354,0.06392475938686093,0.4,0.2,True,exact,88,0.6070181064189576,2027.1814529324342,0.004105268852427346,17.786126807800393,331.71293183149595,True,1,9.652412944000389
1798,0,7,0.7831348556688241,7.597308157394984,2000.5403920412607,0.0665168824742255,0.06965127376553248,3.5754345021766167,0.07559820449702044,0.4,0.2,True,exact,68,0.7831235906301359,2027.1672177064247,0.005133609290757013,15.010561551337759,396.93221312961407,True,1,9.54818429199986
1799,0,7,0.6417715038400201,7.547938707545034,2000.3070042109273,0.5133363873496999,0.06919866015609168,3.1310601469274366,0.063027233787048,0.4,0.2,True,exact,82,0.6417561275151906,2027.2613745431381,0.004870332267952748,16.004780058451693,359.5383329907258,True,1,9.749653360999218
1800,0,7,0.656389452361679,6.725634283065331,2000.2646895661962,0.36227434263420927,0.06165986491421444,3.178426599111366,0.067181844680372,0.4,0.2,True,exact,81,0.6563697118204076,2027.1767831846366,0.003908861239264594,15.561107882501306,313.8672633648345,True,1,9.318283480999526
1801,0,7,0.5294262262703505,7.954837306675629,2000.1265046734793,0.7984139699617608,0.07292906112650256,2.7540686284077234,0.046409491414819946,0.4,0.2,True,exact,100,0.5294314382028344,2027.6566066615474,0.004563748214568064,17.902902403666364,333.9432678040204,True,1,9.786388910000824
1802,0,7,0.6139402166172325,6.830917540445247,2000.1873747406084,0.005813632942926883,0.06262509007433352,3.0398711763051978,0.06978549167056643,0.4,0.2,True,exact,87,0.6139410435688978,2027.2009059170316,0.004265922243257947,16.22235716294758,373.36202174078886,True,1,9.520207195999319
1803,0,7,0.636067459402188,6.31618398923514,2000.3473247690565,0.15073509728013584,0.05790607029141964,3.1124800476835457,0.06955464244249412,0.4,0.2,True,exact,84,0.6360570049035684,2027.6981074608534,0.0036483827173952044,16.639678649200963,304.216627448253,True,1,9.941889959000036
1804,0,7,0.5303030911399575,6.389155068092183,2000.1976472718563,0.32078821325957174,0.058575061003016744,2.757108749670346,0.06368498134088718,0.4,0.2,True,exact,100,0.5303109514320813,2027.2431241480363,0.003597169680374823,16.185568453413897,291.76937702583876,True,1,9.770680546000222
1805,0,7,0.7500466521566402,6.119265040475792,2000.1645011599219,0.39541093632312635,0.056100739333992594,3.474001289703041,0.06868410008901533,0.4,0.2,True,exact,70,0.7500551720262612,2027.1660486929454,0.0032665118171559815,16.368086272004017,234.93527785651034,True,1,9.638275716000862
1806,0,7,0.7462282746043325,6.841024511485128,2000.192735040263,0.08005310984160398,0.06271774965747204,3.462200842255919,0.07390921194575635,0.4,0.2,True,exact,72,0.7462160204539728,2027.057136111343,0.0042800690884202686,17.456915719967665,302.61501047441936,True,1,9.707807340999352
1807,0,7,0.6902058130878652,6.992559662124875,2000.4631169263794,0.03280800446932691,0.06410700701595323,3.2866757908079416,0.07240396794768435,0.4,0.2,True,exact,77,0.690213923169766,2027.381233628621,0.0044108758187325625,14.817299561290824,352.7557025406041,True,1,9.541051755000808
1808,0,7,0.5577725929153247,7.920019195890597,2000.0981105574815,0.3320743546682612,0.07260985257051863,2.8515166023140424,0.06540745233369613,0.4,0.2,True,exact,95,0.557782429968309,2027.428995318447,0.005510364434705872,16.56552353442966,455.17723976829564,True,1,9.72543564499938
1809,0,7,0.7886728386511236,7.942981062608946,2000.592395955982,0.02869029566854835,0.07282036440337232,3.5922706246490317,0.0761091551440713,0.4,0.2,True,exact,67,0.7886601077801983,2027.4074124145268,0.005653954901618685,16.99838561149882,429.8411852860129,True,1,9.676783483999316
1810,0,7,0.7553910545790845,6.956837619757458,2000.4031300297365,0.6543591819600818,0.06377951131604864,3.4904842479292064,0.05942219778645941,0.4,0.2,True,exact,70,0.7553770445740098,2027.5972194379976,0.003884905789247828,15.639889338885489,260.90182663963327,True,1,9.573420516000624
1811,0,7,0.5802485331427785,7.042146244926817,2000.3021355245273,0.348024505502001,0.06456161127607839,2.927614064581203,0.06527490273141319,0.4,0.2,True,exact,91,0.5802305702312585,2027.5735711758691,0.004390115072762657,15.5312559355407,364.76092662354296,True,1,9.459183218999897
1812,0,7,0.575020478733377,6.831487567538041,2000.0861290974422,0.28008234182364233,0.0626303160191381,2.9100022983189686,0.06620960940108575,0.4,0.2,True,exact,92,0.5750268217939798,2027.687224946111,0.004052974245040697,18.145623668926557,341.28869640257557,True,1,9.776841422999496
1813,0,7,0.7545704772520251,7.617382040318192,2000.6643032204347,0.2554317186534089,0.06983530888508475,3.4879559936070903,0.07284444366324254,0.4,0.2,True,exact,69,0.754573494694073,2027.0741348142926,0.005168324416377601,14.627658910419251,382.64674405353486,True,1,9.624419074998514
1814,0,7,0.651858512948472,6.211562126183626,2000.0365695794776,0.5359758200037913,0.05694690872072989,3.1637829780582267,0.06151847626367812,0.4,0.2,True,exact,83,0.6518692604541082,2027.4143162307394,0.0032462454886132974,17.510458192760318,244.0455681677773,True,1,10.00742143000025
1815,0,7,0.6091359476639365,6.099148705717312,2000.2646987712556,0.23882824423990306,0.05591631502074973,3.023991809850642,0.06751185050778141,0.4,0.2,True,exact,88,0.6091214804780836,2027.6760916215137,0.0033217182211652263,16.101336721876983,280.42259931235577,True,1,9.629800442999112
1816,0,7,0.6551775396038579,7.936056105740795,2000.421194915838,0.44738438980774553,0.07275687717123093,3.174513107364746,0.06578484476643898,0.4,0.2,True,exact,82,0.6551649019664569,2027.2836359806247,0.005429152508909296,15.441342231189552,424.6892144389675,True,1,10.006755250000424
1817,0,7,0.5029596124593566,6.815754956352587,2000.1154657592,0.0036803786940067806,0.062486081194641996,2.661500380119349,0.06574354300390066,0.4,0.2,True,exact,106,0.5029610079824297,2027.2751288060513,0.004118371940350141,16.16681564254703,389.9206450811715,True,1,9.696719020001183
1818,0,7,0.6387605602095393,7.0903045521363905,2000.597104948223,0.5230889445309718,0.06500312126488589,3.121259324653966,0.0622669187490931,0.4,0.2,True,exact,81,0.6387545124668752,2027.4250202527755,0.0042425521824990264,18.267358713561347,291.5876694944193,True,1,10.001386955000271
1819,0,7,0.604257488766224,6.191714042609836,2000.1190861275993,0.749573785106827,0.0567649437044269,3.00782444819368,0.049739074813596816,0.4,0.2,True,exact,88,0.6042631826738964,2027.3107885328254,0.0028885862136401874,18.608398614017126,187.490845526464,True,1,10.031784226999662
1820,0,7,0.5578503305530805,7.400612163842588,2000.0972119003338,0.015362165843512743,0.06784798683657382,2.851781543042855,0.06814522961026201,0.4,0.2,True,exact,95,0.5578460410780044,2027.432112262822,0.004915293862911563,16.553954429279482,433.12357711936284,True,1,10.271116664000147
1821,0,7,0.5334002431452509,6.7457763038243606,2000.118356365112,0.3886064217482768,0.061844524713845266,2.7678333014420633,0.06263516168939438,0.4,0.2,True,exact,99,0.5333906319537807,2027.3217373338096,0.004028847951804471,16.589713935254807,312.7946386731511,True,1,10.22275738100143
1822,0,7,0.6805882059767894,6.353850177623747,2000.1405056598317,0.07655702069461927,0.058251389705191926,3.256072527053212,0.07153714299688044,0.4,0.2,True,exact,79,0.6805829895018355,2027.3639445800734,0.0036466413493602134,15.744858112911789,283.5136571536086,True,1,9.772533237999596
1823,0,7,0.7641034189657903,7.027860574122244,2000.043779495763,0.4492328416411084,0.06443064183959908,3.5172714432254564,0.06816963382085572,0.4,0.2,True,exact,70,0.7640791177488432,2027.5517701139584,0.004198257033810493,15.539305853907974,301.35325850644375,True,1,10.063869672001601
1824,1,7,1.01047190628472,6.67030172141372,2000.9276933822807,0.017621638741124424,0.0611525821609154,4.237606438083268,0.0813994013585586,0.4,0.2,True,exact,52,1.010460867042176,2027.2001075430965,0.004035053992983206,13.58367188281714,260.2181347750833,True,1,9.697793834999175
1825,1,7,1.052525720919434,7.179536972434599,2000.0209358264308,0.13335737017372262,0.06582119414098767,4.3543794243557565,0.08222172703486949,0.4,0.2,True,exact,51,1.052179892543065,2027.3898803311197,0.00464776790050514,11.088499214900171,278.0790472899818,True,1,9.593861334000394
1826,1,7,1.0009934924290322,7.577248499153954,2000.0007905660214,0.830980399113207,0.06946736905627976,4.211065146296588,0.052193750038603125,0.4,0.2,True,exact,53,1.001005370772558,2027.0282880775867,0.003997799629848919,15.280226046703218,209.44691137602314,True,1,9.552729729999555
1827,1,7,1.1386025829862079,7.994661031202657,2001.006825034644,0.16425567565541815,0.07329416059093527,4.588660221855671,0.08459366101866297,0.4,0.2,True,exact,46,1.13864689224482,2027.194347271631,0.005804707340147264,15.601425696821458,375.39198150671353,True,1,9.381710863999615
1828,1,7,1.141956417911162,7.158181453840228,2000.0387944426939,0.34569542413205934,0.06562540912855881,4.597666620761672,0.08057753183107325,0.4,0.2,True,exact,46,1.1419266405137896,2027.446083122331,0.0044296015188162174,13.615972813572599,278.65166574639045,True,1,9.378873528999975
1829,1,7,0.9647239154628384,7.254883040451102,2000.1046224383515,0.43948234139240927,0.06651195848828688,4.10871944352683,0.07375382516798809,0.4,0.2,True,exact,56,0.9647564777456542,2027.1166970018783,0.004526305073051962,14.109569879758585,289.1878994361679,True,1,9.453602036999655
1830,1,7,1.1532096502038591,7.627265812239978,2001.090160965022,0.727319656919107,0.06992592220360472,4.627821890379192,0.06333900174188166,0.4,0.2,True,exact,45,1.1532099795744526,2027.6143243218792,0.004547113633067035,15.329006415365845,245.34598244244245,True,1,9.562492961000316
1831,1,7,1.1364490875480922,6.614916674670376,2000.935989916607,0.5582256905298705,0.060644818230149666,4.582872556303203,0.07219957281921432,0.4,0.2,True,exact,46,1.136470428257775,2027.0743667249287,0.003591982266669791,16.234913440539383,218.34455586182352,True,1,9.53015372900154
1832,1,7,0.8718030752308396,6.734824948356189,2000.3911375881514,0.3183339713234499,0.0617441239084528,3.840461258989319,0.07432819755233239,0.4,0.2,True,exact,61,0.8718227004865906,2027.4171287150843,0.004069901445153734,16.04689283255923,287.12786130808723,True,1,9.272815116000857
1833,1,7,0.9993814556276754,6.022510508084548,2000.1556975852957,0.8441730416001866,0.0552137045732558,4.206542828957831,0.04906767264801605,0.4,0.2,True,exact,53,0.9993705426342466,2027.1388640261248,0.002438643395276774,16.01476188835968,128.50629395108055,True,1,8.951448087000244
1834,1,7,0.9405228759313381,6.655575587810452,2000.7548178114246,0.018140046916400098,0.061017574610627914,4.0397147450476085,0.07955277544329077,0.4,0.2,True,exact,56,0.9405200189260329,2027.089248029929,0.003950774613345698,15.907813262170755,264.43839810638156,True,1,9.579796306999924
1835,1,7,0.9390389842904906,7.154034452651692,2000.761611486569,0.2334103073722425,0.06558738988422849,4.035464572804528,0.07802307607693998,0.4,0.2,True,exact,56,0.9390434644699303,2027.054935755158,0.004605002002067038,16.508363352306215,317.33471203419634,True,1,9.037322660000427
1836,1,7,1.0205495035160428,6.151272048994391,2000.8520566903212,0.2654663202857651,0.05639417601795476,4.265734694911544,0.0787880594209404,0.4,0.2,True,exact,51,1.0205227787039322,2027.3867172463024,0.003306648649722299,14.606047779536238,213.94310952747318,True,1,9.444484898000155
1837,1,7,1.0413593207373755,6.6105058766765366,2000.7646885261556,0.6638869618568988,0.060604380526132845,4.323527208937075,0.06458268774715874,0.4,0.2,True,exact,50,1.0413439433009957,2027.8399164841592,0.0035296830323772177,16.394973335784588,198.87489118691005,True,1,9.974792302999049
1838,1,7,1.1363341970934908,6.078223238131297,2000.5442471512113,0.3389629264716442,0.05572447266799659,4.582563677715685,0.07977959966732923,0.4,0.2,True,exact,47,1.136355235020066,2027.8162756404815,0.003250512590599386,16.121997894331248,198.18121126682007,True,1,9.758581447000324
1839,1,7,0.8012528620260924,6.578335337423303,2000.1875093816063,0.8156271771425005,0.06030944461063615,3.6303696953341382,0.04914931483168442,0.4,0.2,True,exact,67,0.801260806058889,2027.4301720935023,0.003073022229610589,18.68767507103112,186.0391312495344,True,1,10.051533992000259
1840,1,7,0.8810080372306797,6.618870182425002,2000.26190293954,0.13285450376627014,0.06068106354826061,3.8674470018712697,0.07732689340096913,0.4,0.2,True,exact,60,0.8809951163345067,2027.5733486063698,0.003960491250240339,14.459277375764358,273.4368406163169,True,1,9.614555500998904
1841,1,7,0.8499012242349568,6.798021992021824,2000.039472913077,0.412773644800644,0.06232350735563374,3.775867627460997,0.0713805572955145,0.4,0.2,True,exact,63,0.8499101402099488,2027.2361869867184,0.0039595797803692045,15.082008169194536,261.12313025737194,True,1,9.554065874001026
1842,1,7,0.9361356948970564,6.231909800206572,2000.1173614599106,0.570858876545962,0.05713345392654526,4.027142470988354,0.06707181827082474,0.4,0.2,True,exact,57,0.9361328899201923,2027.2650413076856,0.0031731671261842065,16.740223624351913,216.55410654564216,True,1,9.67318200400041
1843,1,7,1.1810314368067931,7.730077332897796,2000.6111359526017,0.7190221117806963,0.07086848675715889,4.70195818559195,0.06452008720290099,0.4,0.2,True,exact,44,1.1810552080679393,2027.7746213480625,0.0045848478382752855,15.584081863376019,253.4926921393384,True,1,9.607946695999999
1844,1,7,1.1206630938461066,6.393900996776321,2000.1509510035048,0.17601339312789785,0.05861857114782098,4.54033436883991,0.08281794936834251,0.4,0.2,True,exact,48,1.1206978296318817,2027.0467479111653,0.0037214118308301902,14.844758429060873,234.35151557738857,True,1,9.328788012999212
1845,1,7,1.0494770866328507,7.5083752238517665,2000.839537288551,0.8357954864403644,0.06883594655059502,4.345967071188461,0.052399077355343486,0.4,0.2,True,exact,50,1.0494770018104993,2027.0763781702626,0.003938926366893525,14.496473784156166,209.65481105630295,True,1,9.866101352999976
1846,1,7,1.1052651003127496,7.45145216685954,2000.3591640973652,0.4084580655144672,0.06831408231342077,4.498648855651537,0.07816131682578968,0.4,0.2,True,exact,48,1.1052841707711891,2026.8854138485085,0.004843640542415817,12.999807267843238,321.2297532858146,True,1,9.930349207999825
1847,1,7,0.9935825230062502,6.986666867901931,2000.7192290835294,0.6044621866829913,0.06405298253581329,4.190254680632537,0.06729972340228353,0.4,0.2,True,exact,53,0.9935878067701053,2027.5456207827929,0.004040131601824926,14.409654694671111,255.5383922036746,True,1,9.350131608000083
1848,1,7,0.9617932358215984,6.168543089725358,2000.170769229368,0.5412963102810977,0.056552514992924116,4.100394128830245,0.06892524058206559,0.4,0.2,True,exact,55,0.9618149517245923,2027.1007405232886,0.003170921682400185,14.25497342992057,211.40652269944277,True,1,9.839061362999928
1849,1,7,1.1376637169712436,6.864186489323969,2000.9186779394845,0.011646364737892446,0.06293009608675752,4.586137404568678,0.0846961516915766,0.4,0.2,True,exact,46,1.1376662473651609,2027.0850736893988,0.004200471577407994,15.783086263419154,297.09603064770977,True,1,9.68895334499939
1850,1,7,0.9095942371994048,6.308327358510375,2000.5122684822234,0.8193119769954578,0.05783404157728191,3.9506594144139617,0.050382722937819625,0.4,0.2,True,exact,57,0.9095908986564422,2027.8004222721934,0.0028475407250181384,16.666667236821244,160.86355539961872,True,1,9.466628176000086
1851,1,7,1.079350482695237,7.842951879033512,2000.145301649355,0.5406484459985405,0.07190330800584109,4.428052732314765,0.07290099332742515,0.4,0.2,True,exact,50,1.079375793817847,2027.128926095446,0.00521516617847817,15.954081356518417,333.18340533615805,True,1,9.530728034000276
1852,1,7,0.9613671344212641,6.407694672425807,2000.4836036560796,0.8343672765761233,0.05874503002759671,4.099182979594202,0.04991556016811107,0.4,0.2,True,exact,55,0.9613641429926425,2027.4021803787941,0.0028279890134585983,15.875409705920008,151.57959979895145,True,1,9.72588323799937
1853,1,7,1.180650497654742,6.79375748601271,2000.8905943715497,0.14718875129495548,0.06228441084021514,4.700947060225138,0.08486483642630532,0.4,0.2,True,exact,44,1.180651227433526,2026.8649520035376,0.004106519646664419,15.069141361945297,260.537319622739,True,1,9.75244721800118
1854,1,7,0.7980295173288527,7.4838675308076335,2000.6162134869164,0.12446394956285678,0.06861126275441162,3.6206267927408624,0.07561871496796026,0.4,0.2,True,exact,66,0.798008458883836,2027.7494751020504,0.004981443234714278,15.015685060186893,367.61564880220135,True,1,9.81415327600007
1855,1,7,0.816200995010215,7.6007456785506395,2000.7117488958165,0.8662942051744934,0.0696827885760584,3.6753824506247534,0.04588064625982249,0.4,0.2,True,exact,64,0.8162111282214338,2027.6466208771408,0.0038056541682575107,18.999168662976043,208.96725881587565,True,1,10.09030847699978
1856,2,7,1.7831632494174388,7.118622880613695,2000.3987746238204,0.6962880263180871,0.06526274054167344,6.188212147139054,0.07463471371105297,0.4,0.2,True,exact,30,1.7831765300299678,2027.1460854504496,0.004053321185146341,12.010593715477507,202.55464187202162,True,1,9.91709135400015
1857,2,7,1.2657756481573703,5.9579087869907,2000.751948173183,0.1667759326863582,0.05462144320009399,4.924274807883083,0.08590259210714041,0.4,0.2,True,exact,41,1.2657679860539148,2027.3334714571322,0.0031893509557046062,14.79887606892132,187.2388986521794,True,1,9.496891060000053
1858,2,7,1.4240417351500698,6.737121516571931,2000.1560222356538,0.49711811943127193,0.06176517858969014,5.326634967955221,0.08061327577132442,0.4,0.2,True,exact,38,1.424012527446354,2027.2132692714808,0.0039114706284290035,15.382503597246117,222.28535957451228,True,1,9.856921053000406
1859,2,7,1.8173949908111295,6.083265354422126,2000.6479008454194,0.8559146381000755,0.0557706982277415,6.267158453814969,0.05769048063395657,0.4,0.2,True,exact,28,1.8173227300053982,2027.909255012581,0.002500330571668208,15.038055299297188,101.81705579939045,True,1,10.052258317000451
1860,2,7,1.8135574772737129,7.271759741529711,2001.11665971682,0.6711089871047632,0.06666668220130897,6.258333082933105,0.07714887752959322,0.4,0.2,True,exact,28,1.8135043041481693,2026.5062477580743,0.004244391381020174,12.150590046225439,209.51697353916907,True,1,9.759513685999991
1861,2,7,1.895883949824181,7.486314901395979,2000.3575714191606,0.49738670477577185,0.06863369997498016,6.446326386761733,0.08913269489527889,0.4,0.2,True,exact,28,1.8958106712779264,2026.899943147891,0.004788429799360228,12.8977689165894,251.71573684685248,True,1,9.713753668000209
1862,2,7,1.9170945417678846,6.079685289728754,2001.2938127490281,0.1469263694603984,0.055737876593961434,6.494316914910568,0.09869049205306009,0.4,0.2,True,exact,28,1.9171162542076872,2028.1329869339074,0.0033784048172930126,13.590313786660884,183.417392406614,True,1,9.992927523000617
1863,2,7,1.8820145839095817,6.099720512898162,2001.3360508930934,0.2681280915667163,0.05592155728520306,6.414849135054251,0.09586939975678023,0.4,0.2,True,exact,28,1.8820486388122653,2027.6840325058715,0.0032755645111007814,12.814002891317525,179.91438584502546,True,1,9.828012022000621
1864,2,7,1.353926879564577,6.749016972064262,2000.3229753968803,0.4821805838554373,0.061874234798797,5.150324555838698,0.07997393008887763,0.4,0.2,True,exact,39,1.3539296038120858,2027.4020295762416,0.003952451728764905,15.722997221989186,234.6953618790016,True,1,10.026508955999816
1865,2,7,1.6169308901902821,7.513162298091067,2000.069781199028,0.31000307367492297,0.0688798339132595,5.797384379841396,0.09142541538970109,0.4,0.2,True,exact,34,1.6169275843277946,2027.5577559127391,0.004962403123105141,14.047319336357125,296.244081245277,True,1,10.03011442999923
1866,2,7,1.26982598524458,6.971861708336646,2001.1553835725542,0.5222263614100087,0.06391725048432077,4.934773957066044,0.0768133834243606,0.4,0.2,True,exact,42,1.269783887251326,2027.8217116322778,0.004040075211963479,12.847118061686896,241.5817123206609,True,1,9.87311032100115
1867,2,7,1.5145798991816837,7.302498196830201,2001.312594144464,0.8142530755689508,0.0669484889308649,5.550080085992901,0.06070613189155905,0.4,0.2,True,exact,34,1.5144973333937233,2027.0599312301933,0.003834916297794644,13.47257599830029,175.53465581111777,True,1,9.839588590000858
1868,2,7,1.575037986039583,5.904311698253551,2000.9412117766585,0.3391901198228911,0.05413007106889603,5.696811012624254,0.08844962755164813,0.4,0.2,False,alias,34,0.7875017849713934,2027.7172499739986,0.001546582358544657,11.85746962279766,123.0695310466169,True,1,9.417226202000165
1869,2,7,1.303392996453945,6.314103125799809,2000.1949560640926,0.4779710989718996,0.05788699316754889,5.021360240010327,0.07880491220017083,0.4,0.2,True,exact,42,1.3034132339785516,2027.5662091635495,0.003446282676975554,14.334875121174994,213.56866853240265,True,1,9.799711229999957
1870,2,7,1.3893677166905347,7.529156351767892,2000.1881279187617,0.6639824640661295,0.06902646561335458,5.239814668602244,0.07160065911178765,0.4,0.2,True,exact,39,1.3894001345485196,2027.9755026909704,0.004494080390065602,13.00727242110006,246.895258771269,True,1,9.72552579799958
1871,2,7,1.3902085702318046,7.463582101471458,2001.320688100008,0.4615990337184703,0.06842528820094165,5.2419285665870605,0.08213097634383033,0.4,0.2,True,exact,38,1.3901397280063468,2027.7345298321206,0.004726394773908238,11.943235208551913,275.4943473100428,True,1,9.51296005400036
1872,2,7,1.5064952531116174,5.98577730875847,2000.2424171060238,0.5120169914830167,0.05487693869914101,5.530312031492805,0.08069618678127878,0.4,0.2,True,exact,35,1.5065353983570857,2027.3590434204275,0.0029354451075175314,15.086506222856753,164.06388805937917,True,1,9.952282067000851
1873,2,7,1.8082177642205772,7.524357422067279,2000.3911267015874,0.26923775604329153,0.06898246956114319,6.246042645100624,0.09586254352324784,0.4,0.2,False,alias,31,0.9040985213688819,2027.5148827243997,0.002596986393960221,11.209004826314176,213.9426669145632,True,1,9.710548843000652
1875,2,7,1.3022760092648786,6.176847453027192,2001.2526452831582,0.841910238678481,0.05662864846938728,5.018491012546092,0.0536458815196967,0.4,0.2,True,exact,42,1.3023071872714242,2027.2984874954284,0.0026987006507650513,15.696804008251084,131.5535115185607,True,1,9.787365890000729
1874,2,7,1.6942025010811563,6.773144362020185,2000.6958838913868,0.8167100822895778,0.062095432018687564,5.980644708399282,0.061940634172845684,0.4,0.2,True,exact,31,1.6941503404565152,2027.8030200306375,0.003237841187627044,14.404831540723434,144.32792482358377,True,1,9.986809318999804
1876,2,7,1.4821533580763921,6.261685155783384,2000.012595375566,0.8724379365843572,0.057406431065260895,5.470578054406273,0.052300299153280154,0.4,0.2,True,exact,35,1.481904353188153,2026.6930934615534,0.002580042402413496,16.133460596903387,108.46670605199377,True,1,10.27029798500007
1877,2,7,1.851305949536971,5.963524144052067,2001.484386389047,0.3046452676956974,0.054672924167282574,6.344877699491544,0.09428880501234078,0.4,0.2,True,exact,29,1.851348526059106,2027.4026033231607,0.0030689395705139066,13.717905426758701,164.67565654188672,True,1,9.828716370999246
1879,2,7,1.9862144498809586,6.155013104355629,2001.1101919445232,0.6616125888397784,0.05642847359622056,6.64949323922901,0.0789023941698219,0.4,0.2,True,exact,27,1.9863274211808435,2026.930850225351,0.0029927960318667512,14.829676052517492,144.2109698650977,True,1,9.920896814001026
1878,2,7,1.910483998888192,6.323121597434149,2001.3558141239932,0.6425030831279946,0.05796967350955116,6.479379146713121,0.07950541310548159,0.4,0.2,True,exact,27,1.9105930393978987,2028.1029900515705,0.003228644428490801,11.674318564418938,164.88251296841847,True,1,9.95892385300067
1880,2,7,1.2777969379857164,6.399623513635724,2000.738228084515,0.3696547341327691,0.05867103454408511,4.95540345681446,0.08221182049775845,0.4,0.2,True,exact,42,1.2778215715936376,2027.5725342534663,0.003604750846520677,12.894116380478764,223.70265349184064,True,1,9.692926461999377
1881,2,7,1.8960859446101028,7.446788757086219,2001.4919645767225,0.7498769319637766,0.06827132869278657,6.44678425627689,0.07188656705445252,0.4,0.2,True,exact,28,1.8960749235828662,2028.0372364301602,0.0040986618728824364,13.823019676166682,200.49305167338096,True,1,9.686579068000356
1883,2,7,1.9862674377323206,6.554780418441887,2000.3789226548759,0.17026084454676574,0.06009349574078511,6.649611501313888,0.09993396523288886,0.4,0.2,True,exact,28,1.9861009205298121,2028.186142054084,0.0038914569524296505,13.689127694672532,217.67059304427713,True,1,9.1183934949986
1882,2,7,1.5686781793618225,6.328954686496892,2001.195027196797,0.66463040846458,0.05802315061944204,5.681465332772874,0.07311067436186931,0.4,0.2,True,exact,34,1.5686564097554023,2027.8624714658417,0.0032557809598098286,12.425951378407557,171.82033623818816,True,1,9.85126462900007
1884,2,7,1.859126924598174,7.010891340894753,2000.4955061655003,0.49269321563306245,0.06427506980215729,6.3627347357794095,0.08833122561105965,0.4,0.2,True,exact,28,1.859035171135076,2026.523367395891,0.004218659365084254,14.660589889947476,230.54816383274985,True,1,10.172361527998873
1885,2,7,1.356853061407207,7.263008775237116,2001.0441250732447,0.50299471414813,0.06658645431844165,5.157742663368644,0.07958533899771465,0.4,0.2,True,exact,39,1.3568147548556715,2026.8247928422577,0.00450975998965264,15.383969171545054,254.6602557136423,True,1,9.945186163999097
1886,2,7,1.6766530640786452,6.13897307482226,2001.3806991486845,0.024819944539904115,0.05628142039460091,5.939272642348766,0.09539789045002799,0.4,0.2,True,exact,32,1.6766817681501633,2028.2070515195692,0.003353960018192992,12.788303455815296,202.21006437779405,True,1,9.499636202999682
1887,2,7,1.446549667874044,6.198838710049211,2000.1001548020847,0.4567091846321525,0.05683026186080907,5.382615495885853,0.08225987155303811,0.4,0.2,True,exact,38,1.4465078548167691,2027.5844304915186,0.003299852259632141,13.569362582549607,189.29827698320412,True,1,9.786362781000207
1888,3,7,2.0841189820601356,7.420757740768574,2001.49902580529,0.30838448393242174,0.06803267923874665,6.866247651624075,0.09926468150089307,0.4,0.2,True,exact,24,2.084200696599673,2026.508129713363,0.004890611688250668,10.584098232953929,266.4375424137563,True,1,9.545416610999382
1889,3,7,2.6014812303392705,7.974394360434189,2001.1143058938128,0.2196308883609325,0.07310835801392167,7.960095080674815,0.10963239797598764,0.4,0.2,True,exact,20,2.6014911348679024,2027.1291040570125,0.005666033460789088,10.099525600067551,286.68840834171414,True,1,9.781782694999492
1890,3,7,2.5900738561414935,6.691788898859747,2000.9112352746135,0.6632309504671081,0.06134957420701072,7.936808276842929,0.08653338794332253,0.4,0.2,True,exact,20,2.590045356681227,2026.8121723168124,0.0036057941070464228,14.248167552143395,153.95295399808043,True,1,10.029677349000849
1891,3,7,2.8095777307122467,7.055566884848377,2000.4200334432835,0.6446522145499192,0.06468465020590977,8.37912157986179,0.09086245964349182,0.4,0.2,False,alias,20,1.4048721392840866,2027.1097581463976,0.0021214971293505025,10.632312526877946,130.48635472896456,True,1,9.35030345999985
1892,3,7,2.0746040563096217,7.031125039027148,2000.6611565939663,0.5669395158904671,0.06446057008972123,6.845333410882517,0.08746653396356599,0.4,0.2,True,exact,27,2.074610209578709,2027.6308702245233,0.004082032943556135,10.83843597423896,214.79139601126604,True,1,9.741903026999353
1893,3,7,2.3633016891089067,6.527453660610408,2001.2217589747765,0.24673635618117057,0.05984296707307638,7.466502834589676,0.10423692665403811,0.4,0.2,True,exact,22,2.3631972966614394,2027.2185426591093,0.003795521877299368,12.441981039627207,179.03808587550424,True,1,9.208614385999681
1894,3,7,2.77588689274306,7.524781210508444,2002.4689830678137,0.5803767655768646,0.06898635480630143,8.312001920269635,0.09585146824225688,0.4,0.2,True,exact,17,2.7759253705479563,2027.4524689599316,0.0046979786702293636,13.450373911314024,210.86591090819013,True,1,9.475578420999227
1895,3,7,2.9621419610102757,6.315318444894984,2001.867200687272,0.0438965862624342,0.057898135077453936,8.679773045339173,0.11510710477866723,0.4,0.2,False,alias,17,1.4810596390762218,2027.0450110033719,0.00170569298449319,9.909443498154241,114.41765371358282,True,1,9.41793965099896
1896,3,7,2.073844204086929,7.233191710983474,2000.5099719594905,0.849063865384235,0.0663130947992291,6.843661843928237,0.06280115938522486,0.4,0.2,True,exact,27,2.0738743103045487,2027.469806138126,0.0036169867169534298,12.77989334482768,148.5576037722975,True,1,10.038152279001224
1897,3,7,2.4247016260552177,7.944515227408278,2000.020736186299,0.31703555073288864,0.07283442945512827,7.595271916254244,0.10455943805587338,0.4,0.2,True,exact,22,2.4233272730622852,2026.6964437536851,0.005571501102535348,9.634829127838715,252.91730808802322,True,1,9.320854057999895
1898,3,7,2.9000415011188574,7.33665416763557,2001.9238175040384,0.3003926139134058,0.0672616270613719,8.55803252465167,0.11080010536421021,0.4,0.2,False,alias,18,1.4500127953854205,2028.0242014456562,0.002360308319741433,10.151000273645936,157.8785336155243,True,1,9.119571154000369
1899,3,7,2.7672839620969,6.805992512536712,2002.5381112510872,0.8586848450288157,0.062396580198663794,8.294819528861392,0.06685509089812074,0.4,0.2,True,exact,17,2.7673213622765713,2027.4433271563223,0.0031566922225283456,14.938333350277263,103.74948530052698,True,1,9.66362504099925
1900,3,7,2.6978715258716734,7.457652002352239,2001.7595420768425,0.670496043930767,0.06837092171367373,8.155525820713834,0.08803584218192174,0.4,0.2,True,exact,20,2.697835338335476,2028.7385096333546,0.004449889644695282,11.087610858892864,184.34312104243588,True,1,9.797077268000066
1901,3,7,2.865536422974477,5.901350017686368,2000.0247086639768,0.3850835564533557,0.054102918711808855,8.490014124040433,0.10576607324634058,0.4,0.2,True,exact,20,2.8642125966154492,2028.6841181536545,0.00303261985767711,10.964238372022686,133.06532072430764,True,1,9.24608040900057
1902,3,7,2.3743168063226867,6.638523688137657,2001.810877421493,0.6865456884076295,0.060861244696436376,7.489685273919508,0.08211610278973488,0.4,0.2,True,exact,22,2.374272274923971,2027.9287137741637,0.0034824819890669767,14.488683671946117,152.87001216147883,True,1,9.223432697001044
1903,3,7,2.3771114387393184,6.7428322922571375,2001.6591254848413,0.6041239052410621,0.06181753434417889,7.495561157404235,0.08863836700598321,0.4,0.2,True,exact,22,2.377071709004807,2027.807163799053,0.003732243913002309,13.332376617461255,166.77636200917325,True,1,9.727084662001289
1904,3,7,3.072888033344374,6.506274121032637,2001.0590449517406,0.49626664769203155,0.05964879541664261,8.894788273619286,0.10330956822548652,0.4,0.2,True,exact,16,3.072920999897397,2028.7144921240767,0.003580833627324531,12.698217856149547,158.91547427776158,True,1,9.080277027998818
1905,3,7,2.80796313778957,7.649511312726315,2001.9276083838809,0.4218341243664519,0.07012986647074847,8.375911093491718,0.1053251964282707,0.4,0.2,False,alias,18,1.4039645956156106,2027.1988299208633,0.002405564253887049,10.021390679644153,154.41463224594915,True,1,9.342116168998473
1906,3,7,2.1418174927128217,6.564737064615494,2000.0605531582087,0.2623932376541325,0.06018477716231722,6.992397328529728,0.10058764324872645,0.4,0.2,True,exact,25,2.1417861167092727,2027.9048080588873,0.003887826055123056,12.512273362161833,186.64559115981632,True,1,9.347532785999647
1907,3,7,2.7663892048334957,6.230667394320457,2002.2254946529424,0.35456622915915753,0.0571220636879622,8.293031433834543,0.10609832895620239,0.4,0.2,True,exact,18,2.76633974665911,2027.122643657432,0.0034286595980190793,12.424740870268995,156.86328272718293,True,1,9.207241114998396
1908,3,7,2.5472678913643083,7.640150254445607,2000.9449872073803,0.41947216411700605,0.0700440453325852,7.849118243627802,0.10210420459689619,0.4,0.2,True,exact,21,2.54718305910295,2026.4180545493628,0.005125621289518989,13.167110502897833,239.76032468050263,True,1,9.624376955000116
1909,3,7,2.6884860679799,7.692155699300922,2002.2880091923823,0.36295231397090566,0.07052082545021017,8.136600335069657,0.10630260981188855,0.4,0.2,True,exact,20,2.6885193692746014,2026.483848802638,0.005231169369385391,11.815517751249686,251.9141847539858,True,1,9.089776963999611
1910,3,7,2.0348325202423942,6.899091859679115,2001.428826673278,0.19874059041400813,0.0632501046287471,6.757565085064379,0.10056240167745693,0.4,0.2,True,exact,26,2.0348819052694918,2027.8811991435034,0.004366231062806314,10.93347829431988,223.7611687756613,True,1,9.44391237200034
1911,3,7,3.1112459233203653,6.267532361261038,2002.7392984989726,0.211632398258438,0.05746003759286909,8.968655679511269,0.11469299073379016,0.4,0.2,False,alias,17,1.5555535368725308,2027.6293059601662,0.0017740447225336187,9.947434217552999,113.14507237033722,True,1,9.244085307000205
1913,3,7,2.104822901899002,6.616246708281713,2000.7706012327064,0.38485129832597637,0.060657011829943354,6.911646180705221,0.09628880245841603,0.4,0.2,True,exact,24,2.104874623423232,2028.1332268753354,0.003786828142688381,12.59494417817502,192.90010713160532,True,1,9.18500916099947
1912,3,7,3.041488031117839,7.804180277146685,2001.020069293387,0.8214181272464701,0.07154785428441753,8.834090931329644,0.07581549731964872,0.4,0.2,True,exact,18,3.041389912543665,2028.393993587893,0.0042692379821756,11.94695696104119,167.29827335053753,True,1,9.921170031000656
1914,3,7,2.079066873796663,7.49856734326719,2002.0156241298369,0.5254782803754775,0.06874602899538948,6.855146859762225,0.09038873838511316,0.4,0.2,False,alias,25,1.039577371772545,2026.9644342943136,0.0023831359824479925,10.391464187660674,158.94009514694255,True,1,8.968522237999423
1915,3,7,2.9011969369120907,7.188357183284252,2002.3221166910198,0.7742913460635612,0.06590205685023039,8.560305503756078,0.07944952613310075,0.4,0.2,False,alias,18,1.450711125641065,2026.9819408865392,0.0018856689586306263,11.075568122082844,100.8210415448124,True,1,9.459232265999162
1917,3,7,2.197927640733903,6.293476189994674,2001.9074694772507,0.008764838420602506,0.05769788772086393,7.113992197144075,0.10440234255352047,0.4,0.2,False,alias,24,1.0989581992889756,2027.184046262102,0.0017973377279106861,10.698292192793826,121.54922654450843,True,1,8.771016202001192
1916,3,7,2.9558922792667808,6.126718592649962,2002.625512239751,0.4118889564604243,0.05616907266893881,8.667560056028828,0.10591546496328155,0.4,0.2,False,alias,17,1.4778915658152172,2027.7498346430073,0.0015571730598527012,10.485908419879353,98.43455136354727,True,1,9.179665325000315
1918,3,7,2.7812088084672864,7.198469217015256,2000.7762020552414,0.39634999616461936,0.06599476284755643,8.322622346027398,0.10563180728765008,0.4,0.2,True,exact,20,2.7812768088780944,2028.5882238179477,0.004537124191266728,12.54872041234581,222.7612435366663,True,1,9.51120112999888
1919,3,7,2.4276185611154952,7.280065200220352,2000.3469298635594,0.6093822103756016,0.06674282572017454,7.601362143326816,0.08949383338458758,0.4,0.2,True,exact,23,2.427660586052469,2027.051141446577,0.0043153674705486145,11.12920100189538,198.50203133145416,True,1,9.459527879000234
1920,4,7,3.513616752834097,7.805822616442595,2001.54524873946,0.11073527009058164,0.07156291106789207,9.726144484122074,0.12281499064310836,0.4,0.2,False,alias,16,1.7568918823814272,2027.8971282357215,0.0029423431761472774,9.596762249050835,183.8765343823555,True,1,9.302066035999815
1921,4,7,4.184276636463422,6.212675743668778,2002.8425731757195,0.5974780654083912,0.056957118241618275,10.92743043394371,0.10654268052876117,0.4,0.2,False,alias,13,2.0921382625233647,2027.9480578294704,0.0016362985822446774,9.90798587486685,86.91529115101443,True,1,9.474674529001277
1922,4,7,3.807107403768644,7.976991783589525,2003.148304268628,0.5049780947790552,0.07313217089968714,10.260484691618096,0.11213098088273638,0.4,0.2,True,exact,13,3.806944456018661,2025.991080798612,0.005363493911768158,11.706316544280872,222.11374560417065,True,1,9.294454181999754
1923,4,7,4.402050539709262,6.270872797433768,2001.6025641105132,0.6875230952871054,0.057490662339100634,11.303366437218562,0.09987372397712287,0.4,0.2,True,exact,12,4.402276931988706,2028.0149636752656,0.003038654228303961,9.71276997832814,109.3357672985199,True,1,9.371606347000125
1924,4,7,3.4889596723670846,7.729309057829742,2001.794128657224,0.41724458265871744,0.07086144329703015,9.680588444454822,0.1134441722770262,0.4,0.2,True,exact,16,3.488997364326292,2026.2172523836173,0.005167916193577593,12.460978881607542,237.74332182412292,True,1,9.231245662998845
1925,4,7,3.464887891747498,7.350047513199208,2002.4722796059045,0.327520589425015,0.06738441575957434,9.636010153915482,0.11656013481156481,0.4,0.2,False,alias,16,1.7322892061974218,2026.7257443429612,0.0024104390786453544,9.628972969244234,155.54285513123256,True,1,9.546325708999575
1926,4,7,3.869745791504487,7.909143138146276,2001.4086554746752,0.8622162946591242,0.07251014208625954,10.372722238052978,0.07605792470162208,0.4,0.2,True,exact,14,3.869828196110586,2028.497000497774,0.00415006990463862,14.618640940123498,136.07167489175285,True,1,10.000513820999913
1927,4,7,3.943431511840669,7.736513431967294,2000.3295631412266,0.8141302178599072,0.07092749219553054,10.50398257007105,0.08345577212208433,0.4,0.2,True,exact,14,3.9433322441089365,2027.9334038337624,0.00424006294496615,13.372147810286554,144.46306590358955,True,1,9.92620885100041
1928,4,7,4.020513484440573,6.9777415440125905,2001.271215796156,0.32147005477239504,0.06397115616194725,10.640420863998006,0.12222898602001483,0.4,0.2,True,exact,12,4.020778937067593,2025.3942048724055,0.0043609613929875835,10.471272725359968,163.71434991993553,True,1,10.048548058999586
1929,4,7,4.904462136405025,6.1827577822061555,2004.4973528253297,0.8180878069859611,0.05668283370804812,12.147830254335254,0.08618968114009681,0.4,0.2,False,alias,11,2.4521142254098414,2026.5672360040983,0.001445060906618445,10.90587001341758,63.17083947635408,True,1,10.364277112001218
1930,4,7,3.626674616755942,5.908466001629284,2002.9558732023015,0.7207738324747497,0.05416815725886408,9.933680461177206,0.08972289816453628,0.4,0.2,True,exact,14,3.626471239074981,2028.343111173525,0.002630308503097867,10.86554807125552,99.94018290164585,True,1,10.045106905001376
1931,4,7,3.941023751149803,5.921674545784607,2002.4596410679742,0.84635474323326,0.054289251718368264,10.499706488755304,0.07540024395167207,0.4,0.2,True,exact,14,3.9410844685440254,2026.105491186264,0.0024024583031572178,14.41463709733189,84.39115187677184,True,1,10.264956982000513
1932,4,7,4.471436449194027,6.177041524534528,2002.6185268206973,0.521647569350865,0.05663042769531935,11.421833697130245,0.1147485018004622,0.4,0.2,False,alias,12,8.942830092028776,2024.9765351840576,0.0032005850979843764,10.081045371018169,87.82270112079148,True,2,10.48982131699995
1933,4,7,3.7529261547214943,6.234669942096203,2002.7926020376049,0.2987438062529517,0.05715875859951673,10.162903536637948,0.1194487699614159,0.4,0.2,False,alias,13,7.506027511001623,2025.3097231580048,0.003505906324491992,9.46510319539366,106.16461283843546,True,2,10.188603397000406
1934,4,7,3.272199848026412,7.832836936224694,2003.005403532528,0.1414549877806562,0.07181057533841415,9.275364901064322,0.11958215514453355,0.4,0.2,False,alias,16,1.6359901218538435,2027.5469356996614,0.002729437551772129,8.55560898017102,161.3977637043155,True,1,9.417314652999266
1935,4,7,3.8868611984284964,6.769690667250674,2000.2983305279483,0.48366479351516223,0.06206376893027386,10.403284581618385,0.11272752553525792,0.4,0.2,True,exact,15,3.8869295163785753,2027.5064232813168,0.0038430793423415155,9.339682419009671,167.27233289806142,True,1,9.85408267800085
1936,4,7,4.401522882467489,6.226782290995317,2002.9895582295699,0.33504510974418134,0.0570864454940308,11.30246315782446,0.12449839743104059,0.4,0.2,True,exact,12,4.401496081754049,2029.398299407191,0.003354362170218894,8.389959646021067,131.55831101850387,True,1,9.496849965000365
1937,4,7,3.3158535390378576,7.236564711910616,2003.311662556666,0.33555390705039373,0.06634401809549677,9.357676279783407,0.11446243484551546,0.4,0.2,True,exact,16,3.315731165776093,2026.5219020145992,0.004683212276209048,10.350876399230915,202.4084055960957,True,1,9.789972324999326
1938,4,7,4.47044111379554,7.622855702341155,2003.339451188832,0.36518162235328083,0.06988549080796626,11.420138644941982,0.12553191754672322,0.4,0.2,False,alias,12,8.94022082835896,2030.1619124850768,0.00503896816769156,9.682961452021326,138.34792262328185,True,2,9.846055813999556
1939,4,7,3.526099495984142,6.92134555148895,2001.407840501116,0.5269789091002287,0.063454123993031,9.749166761441536,0.10665935374563615,0.4,0.2,False,alias,16,1.7632030719146732,2027.8533846203868,0.0021438629183989644,9.921600952023445,124.93956042056023,True,1,9.754256709000401
1940,4,7,4.366309754442696,6.556482502075451,2000.7446581422464,0.302005652579359,0.06010910025368325,11.242101072108523,0.12584577514664558,0.4,0.2,True,exact,12,4.366279498227525,2026.942468656032,0.0037923703570206246,11.58910043686919,154.57489605237777,True,1,9.799864514001456
1941,4,7,3.743262858613217,7.493085930718228,2001.7326657497783,0.33884143119717225,0.06869577601655014,10.145450606035936,0.11930135880302445,0.4,0.2,True,exact,15,3.743184928053789,2027.9356278297098,0.0049563728746088165,11.173475311562898,208.10851376096355,True,1,9.648095710001144
1942,4,7,3.3710016798611484,6.3684524964670866,2000.2204664067287,0.05789548994385168,0.058385262135570964,9.461146558970968,0.12010851233394135,0.4,0.2,True,exact,15,3.371056195194657,2027.1885016448905,0.0036988158521766845,12.036526368948333,157.39302586597668,True,1,9.55292181599907
1943,4,7,3.4653553290365084,6.109650040713674,2002.4387078665889,0.297615575441303,0.05601259008865299,9.636876777278145,0.11624410904208513,0.4,0.2,False,alias,16,1.7326184774378681,2026.6968292449014,0.0016302930048157638,9.821791309004805,98.59060312095725,True,1,9.493577227998685
1944,4,7,4.725672864503069,6.3199081109090525,2001.177985988081,0.8442380808510207,0.05794021262352886,11.850778844935654,0.0811731791077688,0.4,0.2,False,alias,12,2.362748188611731,2027.169917574729,0.0014859244852293285,10.725696708195175,63.00160080300727,True,1,10.091464301998712
1945,4,7,3.4598548951385766,6.449326431561028,2003.0825382461028,0.8336823491828255,0.05912670535164496,9.626676565708058,0.07507162143636197,0.4,0.2,False,alias,13,6.919772090381102,2030.7611196115245,0.0028204072910653633,11.781868546276066,71.43158502661689,True,2,10.679009837000194
1946,4,7,4.21725953564365,7.224728697779024,2000.2950881743561,0.11712199338403094,0.06623550683815495,10.984779491602072,0.1297200115517293,0.4,0.2,True,exact,13,4.217400215876457,2025.5989325452588,0.00473734985261598,11.50402857717957,189.5931538121873,True,1,9.46266253199974
1947,4,7,4.199120023246342,7.261893880884784,2000.798465064794,0.825479376020952,0.06657623309137739,10.953257969231874,0.0827069196319708,0.4,0.2,True,exact,12,4.1992705642349,2025.9924983854094,0.0037634525698616583,11.19664892477245,122.03392505948436,True,1,10.337271375001365
1948,4,7,3.897477093109435,6.347962023811257,2002.2152013657515,0.8870074043627771,0.05819740776781742,10.42221844725945,0.06897595865343892,0.4,0.2,True,exact,12,3.8976315044227627,2025.6009582973697,0.002647815269888776,12.094874338426079,75.1725031911538,True,1,10.282135334000486
1949,4,7,3.836792627878166,6.420525427682997,2000.8257695338268,0.4635256294131353,0.05886266096062229,10.313751786861813,0.11300688409395163,0.4,0.2,False,alias,15,1.9184527369178386,2027.6843799835165,0.0019105002685581018,9.975172298858375,113.09056287566706,True,1,9.556703004000155
1950,4,7,3.237871459708563,6.994539614361686,2002.6963437310283,0.8507168118379033,0.06412515899721183,9.210379531892675,0.07189806032771826,0.4,0.2,True,exact,16,3.238008879335553,2028.5993835346844,0.0034132105605614305,13.619121051343688,112.58736816973713,True,1,10.082673970999167
1951,4,7,4.957945119449834,5.9508843670365055,2003.5383602429408,0.7185620060898384,0.054557044101474106,12.235984950822347,0.09979019994652207,0.4,0.2,True,exact,10,4.957914758299546,2028.3276987914978,0.0026638295033175607,13.134434619971124,89.26482555504359,True,1,10.193665369999508
1952,5,7,6.342124029278667,7.402543641133063,2002.826864200667,0.8536317046658844,0.06786569440493141,14.418749984899192,0.09001765564005851,0.4,0.2,True,exact,8,6.342363968866844,2028.1960183754672,0.003658049221603177,14.085670061596572,101.46795865325967,True,1,9.73676224999872
1953,5,7,5.142493528209992,7.23429073085679,2000.2452943295577,0.5640028974599007,0.06632317049084044,12.537769845232392,0.11837217329369451,0.4,0.2,True,exact,10,5.142396704974663,2025.9572178998735,0.004303478993322951,12.634523607719025,154.4250762293057,True,1,9.639114481000433
1954,5,7,7.571493623987395,7.067058568258661,2006.1475946090484,0.6390413753006449,0.0647900046776061,16.22652405908305,0.12665814052886337,0.4,0.2,True,exact,6,7.5713573814174255,2028.8617283942522,0.004097000938544704,9.721310915589775,119.49694008864837,True,1,9.788187189000382
1955,5,7,5.74850752021484,7.419494314103786,2005.6824771612762,0.6097859931613885,0.06802109628400943,13.50437616132652,0.11901325883001554,0.4,0.2,True,exact,9,5.7488011179035,2028.675907596614,0.004390779654127708,11.5448131733793,145.19405433803627,True,1,9.722056881000753
1956,5,7,7.796016263489872,7.278784378017895,2003.1613880880104,0.6654443879884554,0.06673108328508831,16.545743282301448,0.12519750772549032,0.4,0.2,True,exact,7,7.796102268871043,2026.5494786816132,0.004190359786973352,9.76444086327309,133.91952742274253,True,1,9.258425366000665
1957,5,7,5.828133463652916,7.130164270676777,2003.2091781782244,0.5492798864143021,0.06536855071841821,13.628794707275992,0.12445206656540486,0.4,0.2,True,exact,9,5.828180683790631,2026.5209258601624,0.004267300032347654,12.352206284873226,157.09439213057294,True,1,9.117624607000835
1958,5,7,5.641470337297953,6.549617248651494,2002.7665147801486,0.8913297959206312,0.060046160376058776,13.336217303617646,0.07745789542070405,0.4,0.2,True,exact,9,5.641180651399876,2025.3323007305994,0.00269906435315892,13.202557583288506,68.96370595536318,True,1,9.993364625999675
1959,5,7,5.975589281178461,7.653157131344952,2003.7522113996565,0.22144448249291562,0.07016329092918103,13.857714738014304,0.14386531582557102,0.4,0.2,True,exact,9,5.975235015597029,2027.6546900623882,0.005226746354276779,12.611195813473211,184.49664784384953,True,1,9.063624063999669
1960,5,7,5.413480720769708,7.457817125556594,2003.0742806459343,0.7955327352234753,0.06837243554479303,12.974446921841247,0.09493824825894337,0.4,0.2,True,exact,8,5.413725560925495,2024.727558493702,0.00397883775477248,11.986680663386485,112.912337691329,True,1,9.533978522000325
1961,5,7,6.0718886865925175,5.9124431524681595,2001.9248767947267,0.6700117333955714,0.05420461933413421,14.006200043835447,0.11250372612715528,0.4,0.2,True,exact,8,6.071664091801226,2026.211578242205,0.002627447778759562,12.769421918285953,85.67957839356198,True,1,9.638044455999989
1962,5,7,6.537742953304294,6.999796259851121,2001.0655614322468,0.17086341004337383,0.06417335133672047,14.713737990825228,0.1486944874171838,0.4,0.2,True,exact,9,6.5379794264198505,2027.2162927056793,0.004414130876157385,9.742948504948982,157.02654470677,True,1,9.066484289000073
1963,5,7,6.881691168818052,7.316222064859997,2002.659481728783,0.06464677215553037,0.06707430782216982,15.225371909393118,0.15336716329830366,0.4,0.2,True,exact,8,6.881478698592224,2030.186852294369,0.00482731947370707,9.607414554612365,168.0069059083392,True,1,9.366945777999717
1964,5,7,7.89679238057692,6.3862889742591,2004.821237527417,0.6942679432477801,0.05854878497444583,16.688024831365574,0.12051049690217688,0.4,0.2,True,exact,7,7.896664473690713,2028.510696546072,0.0031508249744480743,9.557952546852388,97.41955823590409,True,1,9.876286902001084
1965,5,7,7.574879956385413,7.361097236324933,2000.8745676767553,0.70269652121029,0.0674857183886791,16.231361881204407,0.11953254580141397,0.4,0.2,True,exact,8,7.575041834296136,2031.1736048371845,0.004246816982116153,9.754195824831207,131.28060131308936,True,1,9.445310598001015
1966,5,7,5.69156433128229,7.5338859747680695,2004.5899965316514,0.39158435165730227,0.06906982626946705,13.41504776690963,0.1345232982758562,0.4,0.2,True,exact,9,5.691490838351027,2027.356588353404,0.004936502523912312,9.588491009496657,168.5558239153171,True,1,9.136069687998315
1967,5,7,6.41634047572482,6.211483901150203,2004.6394800160574,0.24130920395971814,0.056946191562348876,14.531018584379822,0.14477502518822744,0.4,0.2,True,exact,8,6.4162679544230645,2030.3044468176922,0.0034307060785807586,8.83429702420485,118.72084468876555,True,1,9.727606193999236
1969,5,7,5.183007267637921,6.835086799577474,2002.1208375504384,0.17349653182952185,0.0626633133770089,12.603533960394001,0.13740796615782955,0.4,0.2,False,alias,11,10.36578072398884,2022.8519989479776,0.004227754533849715,9.421054861557396,119.70416226002455,True,2,9.324723712001287
1968,5,7,7.811535741734975,6.470160963181081,2004.1595860442526,0.6891109697687967,0.059317714013605354,16.56769433816191,0.1208976142900023,0.4,0.2,True,exact,7,7.811763682125087,2027.5941972963753,0.0032761579202347235,11.520773245103298,102.60953339811718,True,1,9.887887070999568
1970,5,7,7.429102734597614,6.241216833792759,2007.0821722873552,0.640565234253428,0.0572187797723352,16.022441704321444,0.12428933847064937,0.4,0.2,True,exact,7,7.429504783881927,2029.3700768516458,0.003185487091408201,9.055546823047774,99.04116856245226,True,1,9.825893818999248
1971,5,7,5.770197307211051,5.987782522814791,2003.8108452489646,0.35701267942754417,0.0548953222779431,13.538323889410414,0.13483775589581543,0.4,0.2,True,exact,9,5.770254516184937,2026.8916430647398,0.003109577235153149,9.524375202046373,104.10542676611948,True,1,9.419108657000834
1973,5,7,6.267175336881568,7.8934456288090145,2003.8375545298265,0.4719196356674791,0.07236622907159232,14.304928370324935,0.13446296445545944,0.4,0.2,True,exact,8,6.267119352761429,2028.9075399110457,0.005271633847289459,10.170678610695653,176.95925675610061,True,1,8.940166363998287
1972,5,7,7.470431428268271,5.907507348176635,2002.6042948601885,0.8891050632627387,0.05415936843094062,16.081809495707052,0.08388708563909787,0.4,0.2,True,exact,7,7.470166311391267,2025.0159676841738,0.0022632926883434656,12.890389768687532,54.45015100917013,True,1,9.638935634000518
1974,5,7,6.11303635672759,6.882052857448433,2004.0453846407977,0.36219835426891617,0.06309389295686625,14.069406463842832,0.13839490751508104,0.4,0.2,True,exact,8,6.112881561885317,2028.4977762475414,0.004248531812647616,12.491725599392872,143.28015619071925,True,1,9.349065050999343
1975,5,7,7.53594752744705,7.455503025198347,2004.794066186563,0.26267420773266137,0.06835122013082877,16.175698169654645,0.15369264054419174,0.4,0.2,True,exact,7,7.535986029284991,2027.401708087855,0.004953363177854109,11.091087108923086,163.5600631568741,True,1,9.408354360000885
1977,5,7,5.303590373264396,7.195173976378159,2001.0523277110397,0.4525868264203409,0.06596455244895434,12.7982652383484,0.12750653819810295,0.4,0.2,True,exact,11,5.303662227147433,2027.569795510737,0.004477839705607778,9.433441595525663,171.98705333312455,True,1,9.239143221000631
1976,5,7,5.287042185240341,6.588434353200147,2004.3012839624168,0.28366638966094215,0.060402031260810486,12.771629396837623,0.13481420052019313,0.4,0.2,True,exact,9,5.28683641766435,2025.4495331706573,0.00382162839122413,10.780206267365353,135.05018287733586,True,1,9.819100946000617
1978,5,7,7.2553503925883325,6.467950635564163,2002.4177895332791,0.2949653709108176,0.059297449976558565,15.771635018657296,0.14910838312446673,0.4,0.2,True,exact,8,7.2554792796654946,2024.1836253389965,0.003638102247119246,9.406232071808642,128.67460440342003,True,1,9.727853714999583
1979,5,7,5.789451600252699,7.766524294444345,2002.7765513149477,0.2870907278942845,0.07120262843523857,13.568424084853515,0.14033338930039732,0.4,0.2,True,exact,9,5.789763052829963,2025.93373971132,0.005266178531708299,8.462374145472717,192.79122961794621,True,1,9.422357205998196
1980,5,7,7.7625482311556215,7.281579331347421,2001.7948706501368,0.19670274806905397,0.0667567071054578,16.498355794661677,0.1571416060893635,0.4,0.2,False,alias,7,15.525177823246006,2032.8450681464922,0.00474153006186373,9.187119959209697,114.48286580116236,True,2,9.612385128999449
1981,5,7,6.677896539068496,7.602037026275088,2005.3102578365333,0.5361832310967857,0.06969462750795621,14.92327864765437,0.13201199189228313,0.4,0.2,False,alias,8,13.355311651138006,2025.343311651138,0.004950039877424595,9.11618687713424,107.68284141177496,True,2,9.652906946001167
1982,5,7,5.727777662768863,6.608835090693149,2003.189611669459,0.0067295363967102674,0.06058906294660051,13.471890939242154,0.14367982572065405,0.4,0.2,True,exact,10,5.7278628831621745,2026.1005140326488,0.003922558446489477,12.286135371446504,157.97118194027624,True,1,9.613782687998537
1983,5,7,6.965546431649709,7.718368671436465,2005.0976176173851,0.6181126622141527,0.0707611430548928,15.348805582581194,0.1264730097152913,0.4,0.2,False,alias,8,3.482637206973845,2025.993304198817,0.002426239770463079,9.932235392885495,110.15481604485839,True,1,9.259482316001595
1984,6,7,10.606492620177645,7.494215305289681,2006.6489059869598,0.7044498387749305,0.06870612999664814,20.315101045614025,0.13367638050947014,0.4,0.2,True,exact,5,10.60674830170785,2027.8622466034158,0.004290543770509969,13.112877491104133,112.91801387751539,True,1,9.94411636499899
1985,6,7,8.34100247102526,6.0334351745640395,2006.0182205685792,0.829992593829883,0.055313860696977,17.308122380357464,0.10011827127213986,0.4,0.2,True,exact,6,8.341423395158952,2031.0406764354768,0.002530999987629068,14.571548661750512,62.062752272618006,True,1,10.386391760999686
1986,6,7,9.79313105658319,6.084490555879026,2007.9959445408822,0.4062239932810086,0.05578193073803653,19.262774254559552,0.15780416921649673,0.4,0.2,True,exact,5,9.794004880282477,2027.583009760565,0.0031034739519295584,10.073067668836101,91.7830610392631,True,1,10.022818404000645
1987,6,7,10.289769195864986,6.691361641725271,2001.0143844545355,0.16337269476827726,0.061345657161259094,19.908637839451007,0.1726154395735795,0.4,0.2,True,exact,6,10.289870833577433,2031.8836125007322,0.004020323391526692,9.783710995648896,114.73699408322487,True,1,9.56344724200062
1988,6,7,9.589081215415916,6.083703727258133,2001.1631067429084,0.345041409923901,0.055774717181004886,18.994263361918936,0.1604428067300498,0.4,0.2,True,exact,6,9.588099877825893,2029.9294246334778,0.0032661385445433844,12.37816810082733,105.93659248309591,True,1,9.589292451999427
1989,6,7,10.017583829588439,6.7388729278399655,2000.9739888045876,0.6441521641469995,0.06178123533283899,19.55598885097748,0.13774648838725803,0.4,0.2,True,exact,5,10.017294958373304,2031.02744737512,0.0036747867753716967,11.231544570880343,99.37430153004361,True,1,9.420455969999239
1990,6,7,12.506576326238768,6.165355754566303,2003.0723038960302,0.26309939129231663,0.05652329385970869,22.674101304251113,0.17972677783078153,0.4,0.2,False,alias,5,25.01382380692516,2028.0856363069252,0.0032600031891087955,8.945039078006971,77.11482849361346,True,1,10.079878570000801
1991,6,7,8.348478341411424,7.764928416654117,2003.1546413555798,0.4610146249188386,0.07118799760566569,17.31846278080124,0.1484953342858058,0.4,0.2,True,exact,7,8.348147502756884,2028.2010050082706,0.005194189875814104,12.124789014235642,169.08623305256495,True,1,9.250045497001338
1993,6,7,11.998498292950712,7.347112129116531,2006.4302306375344,0.3691198978083295,0.06735750448572393,22.055778253418925,0.17350655087930428,0.4,0.2,True,exact,5,11.998722061870192,2030.4275691237406,0.0047159278612382005,9.937839998925195,131.82647500262337,True,1,9.161962795998988
1992,6,7,8.356345950513159,7.404996425227351,2006.7509875135231,0.022682046666025756,0.06788818125591858,17.329341689721655,0.16397882297958494,0.4,0.2,True,exact,6,8.356147361181597,2023.4644822223631,0.004981751087808073,12.662294996787203,167.6491838396216,True,2,10.14031525000064
1994,6,7,11.66716988378388,6.698121286605279,2001.1102132359795,0.6548282059019076,0.061407628831532446,21.64785175139365,0.1434064685971825,0.4,0.2,True,exact,5,11.667678145519748,2024.4439500410394,0.003668080613698721,9.98470859796612,98.90055018034583,True,1,9.812912415000028
1995,6,7,11.76832220661414,6.813946492179335,2000.606585626141,0.5723148871768836,0.06246950139682193,21.77279370645469,0.15410612693757364,0.4,0.2,True,exact,5,11.76747997855286,2024.1436787071057,0.0038533161182505715,13.054429273017798,112.46529984300744,True,1,9.843755848
1996,6,7,11.997963669486262,6.079326356541329,2001.2227062257018,0.20900092553964172,0.055734585934535355,22.05512308119866,0.17926704095669524,0.4,0.2,True,exact,5,11.999816298302353,2025.2183825966047,0.003245395801656503,10.856151264376747,81.46127967639086,True,1,9.35484779899889
1997,6,7,10.827769360477895,6.86435117311476,2002.5709213868492,0.312642621877542,0.06293160588938228,20.596675258709936,0.1700883764888456,0.4,0.2,True,exact,4,10.828997330307507,2024.227119660615,0.004147566832658489,10.316901644952758,103.26803671375556,True,1,9.602459637999345
1998,6,7,8.05735339702628,6.293971335848092,2006.22707861699,0.7717171237944087,0.05770242716281834,16.913470577640844,0.10983066416987702,0.4,0.2,True,exact,7,8.057353009348514,2030.3989340280457,0.0029873196308746186,11.020650483100214,87.93461662403165,True,1,9.926300353999977
1999,6,7,12.170311839809827,6.287271433163859,2007.9124121013704,0.8946120188968546,0.05764100320233205,22.26583201800517,0.09824506695977664,0.4,0.2,True,exact,4,12.169969175021471,2032.252438350043,0.0023853284297865596,13.723652968463485,47.16688881223745,True,1,10.285453864000374
2001,6,7,11.2318706737304,7.776978854540442,2005.2796195033366,0.06776738734683532,0.07129847467607359,21.105996100434822,0.1811858822582623,0.4,0.2,True,exact,5,11.231911393849213,2027.7434477876984,0.005497830854353292,11.575046148040688,153.7451487213869,True,1,9.079156014000546
2000,6,7,12.560553675584492,7.428143890233635,2000.6401582475446,0.6175416611399964,0.068100394633174,22.739294163499792,0.15332288368951835,0.4,0.2,True,exact,5,12.560312206350154,2025.7615931627004,0.004392412868643114,10.224475296370333,116.28971432045769,True,1,10.083157741999457
2002,6,7,8.673113518742598,6.692796724430244,2008.6454715235527,0.6716156278066191,0.06135881383942581,17.7645609288176,0.1278562259964994,0.4,0.2,True,exact,7,8.673930874544011,2025.991533624088,0.00342820656288767,12.438231571770503,106.76466689250296,True,1,9.817859098999179
2003,6,7,11.715222374969052,6.363263946701465,2007.9548074360437,0.7186860991767585,0.05833769409006269,21.707250358353008,0.13356427641122123,0.4,0.2,True,exact,5,11.715442758609651,2031.3857605172193,0.0030506356638249077,13.047426086149468,68.2519877865847,True,1,9.952888989999337
2004,6,7,8.748519154692021,7.569361169912754,2005.7721598239136,0.659898105777287,0.06939505890156754,17.867377864390892,0.13129277061322706,0.4,0.2,True,exact,5,8.748116096618844,2023.2708571932376,0.004578033165055229,12.168748392934498,115.73726487634283,True,1,9.293315120999978
2005,6,7,8.5353501748506,7.245882476183291,2006.1410788859416,0.17798020993757985,0.0664294423190235,17.575945057380494,0.16264191091555427,0.4,0.2,True,exact,6,8.535394422878875,2023.2126638457578,0.004831632774310868,12.428552333472016,161.80917388598345,True,1,9.332121477000328
2006,6,7,9.911130939009514,6.7369843882232905,2007.5425436927137,0.8406022734861485,0.06176392141228542,19.417199820179345,0.10550596616838809,0.4,0.2,True,exact,5,9.910622514774142,2027.3643700295481,0.0030837531393123063,13.840732184586427,71.45791365807916,True,1,9.5194652400005
2007,6,7,9.727178965134007,6.857495480695434,2004.1482050290554,0.25766770084043006,0.06286875366598181,19.17619312791738,0.1665907063017145,0.4,0.2,True,exact,5,9.726893554911905,2023.602412109824,0.004068982780137231,10.022688851425212,109.86032589901092,True,1,9.365106531999118
2008,6,7,9.560709234371476,6.987553759994184,2009.2888011318566,0.7277477308963162,0.06406111346358906,18.956778298218413,0.12474855235705193,0.4,0.2,True,exact,5,9.561033078806716,2028.4100661576135,0.0036943688199363445,10.502617983744978,93.8629677175501,True,1,9.496877834999395
2009,6,7,9.057794822305294,6.148022017450523,2007.4846518004485,0.04739958628422254,0.05636438009127667,18.2860306452253,0.1664838468969783,0.4,0.2,True,exact,6,9.058229563914692,2025.5995841278293,0.0033639912872978073,9.159563239609088,97.94818947265956,True,1,9.64163734199974
2010,6,7,11.002006279084464,6.86881850784738,2005.6026558469896,0.8870442713104071,0.06297256191591401,20.81704349928414,0.0986374987311485,0.4,0.2,True,exact,5,11.00199511406286,2027.6078964781257,0.002988728586717726,12.653286124181474,61.17999397451858,True,1,9.89628681800059
2011,6,7,10.25240131868895,6.5974936399427975,2009.1449483578085,0.5061515491476053,0.06048508579117314,19.860409058255584,0.15323498680027897,0.4,0.2,True,exact,5,10.252779063622123,2029.6484331272443,0.0037054018702550318,8.52264977507635,109.82601068778034,True,1,9.376353550000204
2013,6,7,9.078840018139312,7.1871318884730595,2008.0517480076596,0.23846763957050984,0.06589082348407362,18.31434395508675,0.16402931967517648,0.4,0.2,True,exact,6,9.07873847311627,2026.2109769462324,0.004670852721055496,9.780212883589012,153.91575124314926,True,1,8.784180796999863
2012,6,7,10.024501661846008,6.086577925940097,2003.1953575149748,0.876318084647699,0.05580106751392631,19.56499098741883,0.09615318074059888,0.4,0.2,True,exact,6,10.024605595869502,2023.243742441739,0.002421523614482224,13.952226021681566,51.71725894812246,True,1,9.754572276000545
2014,6,7,8.68796926181069,6.069892340057954,2002.8537867368086,0.22570436466209473,0.055648095923707966,17.78484049517352,0.1604559155866431,0.4,0.2,True,exact,6,8.6879208016109,2028.9167311548326,0.0032490950396827367,12.475275245880663,104.2721710755314,True,1,9.551365219998843
2015,6,7,9.72311777064271,7.8022727019133296,2003.1390513445244,0.6418988397065185,0.07153036584745351,19.170855254841115,0.13863860302061662,0.4,0.2,True,exact,6,9.722991475638121,2022.5863267012762,0.004895838011982678,10.139115931839017,142.70128394839773,True,1,9.680497331000879
2016,7,7,16.102864261692847,7.815003968319002,2014.2380461852094,0.8661612559625429,0.07164708467778558,26.83530560377806,0.12060337949262931,0.4,0.2,True,exact,3,16.09953826380793,2030.342038263808,0.004144924571725883,12.734642903635516,79.96811529002123,True,1,10.069233095999152
2017,7,7,17.84088689431814,7.03153732081101,2012.4887028492615,0.7123511203269346,0.0644643498431288,28.733073514808307,0.15639945252270532,0.4,0.2,True,exact,3,17.840811574501185,2030.3310115745012,0.003738768155508665,11.547276739385481,82.31310915719723,True,1,9.959275429999252
2019,7,7,19.11980916647281,6.807436672293852,2015.7350063928523,0.022776656351111393,0.06240982009423231,30.090321380632194,0.21487676651909787,0.4,0.2,True,exact,3,19.119861629538974,2034.856361629539,0.004127335683506983,13.134134647927254,102.80539989672846,True,1,9.260709496000345
2018,7,7,12.976941827852867,6.510525699900616,2007.7280379243239,0.7545668651360995,0.05968777341747322,23.23910309528271,0.13234013780440151,0.4,0.2,True,exact,4,12.976185240216726,2033.6811204804335,0.0030863623514902905,13.974952547852489,71.09677691668715,True,1,9.942361539000558
2020,7,7,15.306772700243553,6.734203900391865,2012.4195965563927,0.6363898292473501,0.06173843020998901,25.943399268412456,0.15968829555001035,0.4,0.2,True,exact,3,15.30741419964622,2027.7276954496463,0.003646091765959647,9.176303360185122,80.71238576241674,True,1,10.163632117000816
2021,7,7,18.770118777092197,5.972318277065738,2014.2220127494215,0.34235969733219623,0.05475354779783381,29.722303962658955,0.20059539978550972,0.4,0.2,True,exact,3,18.770158646839047,2032.991508646839,0.0030646073679692076,10.029375287723148,71.98583506452295,True,1,9.974065536000126
2022,7,7,15.371846430914704,6.159850567525949,2012.9558090115477,0.5608330401805864,0.056472822918984124,26.01687610403253,0.16845616134397892,0.4,0.2,True,exact,3,15.370078999577617,2028.3278289995776,0.003053470929968438,10.595322875774617,65.63160080095423,True,1,9.364008230999389
2023,7,7,16.290342275945225,7.064980606775729,2003.863118314058,0.8396007550507057,0.06477095415851125,27.04319067661514,0.12563354703669982,0.4,0.2,True,exact,4,16.290680587879134,2020.1550555878791,0.003356184158929354,12.628868251338927,78.06244948548829,True,1,10.000487891000375
2025,7,7,18.901365441997154,6.199586722414694,2008.5367350816575,0.144742323537864,0.05683711955474078,29.860694890166503,0.21097633354528206,0.4,0.2,True,exact,3,18.900903511559534,2027.4360535115595,0.0032192741885483933,11.08064990649974,76.07843891086202,True,1,9.597831697001311
2024,7,7,13.109603431119956,6.965986235754607,2003.3826245224093,0.6772634284178312,0.06386338480705255,23.397214700537923,0.1464174239188381,0.4,0.2,True,exact,4,13.107723014335253,2029.6016960286706,0.003921326879725795,10.548734247345719,96.04291202137321,True,1,9.947776860000886
2026,7,7,13.065013025990483,7.848479205783364,2001.6892031308964,0.4497982149987389,0.07195398192095281,23.344129768431507,0.17342445321036037,0.4,0.2,True,exact,4,13.065953561494537,2027.8186571229892,0.005406143493650095,11.567887650746153,135.08423343510228,True,1,9.24142693199974
2027,7,7,14.438986995056812,6.077325700645684,2002.6165632291777,0.8813961058524727,0.0557162441444419,24.953354754953267,0.10710740453795191,0.4,0.2,True,exact,4,14.440127241863635,2031.495879483727,0.002329324558733137,13.73968446186259,45.67797462744111,True,1,10.417642569000236
2029,7,7,17.932405769013634,7.451704585650594,2005.066161199009,0.3320699289835587,0.06831639646074178,28.83125157349724,0.20108485954847524,0.4,0.2,True,exact,2,17.933247013137734,2022.9993470131378,0.0047741143198034575,14.155712274644987,91.76115958505989,True,1,9.666871012999763
2028,7,7,13.54654898591814,6.684755459418707,2006.9696741271641,0.8544132908150954,0.06128509241874149,23.91425772034774,0.11359617567191199,0.4,0.2,False,alias,4,6.772703117025821,2027.2904999681032,0.0018033773123341534,12.024818728140446,52.36289643621643,True,1,10.06026837599893
2030,7,7,14.247638575158485,7.4126578958408915,2006.309548187889,0.27798579475618185,0.06795842076392523,24.732406952245984,0.18914703248331324,0.4,0.2,True,exact,4,14.246027042320451,2020.5584020423205,0.004859675151546838,9.49175769721537,131.6079456422237,True,1,9.37095500400028
2031,7,7,18.64125187913115,6.7262614788891195,2003.8379285502442,0.6955779773270291,0.061665614975568044,29.58610815281525,0.16092339058819907,0.4,0.2,True,exact,2,18.640726370820502,2022.4801263708205,0.0034835203010583626,13.84620401045569,66.76819270865835,True,1,9.53505772799872
2032,7,7,14.243762645538549,7.11225553907521,2009.0985675328625,0.6918026745580842,0.06520436546467671,24.727921277185214,0.1485969568461856,0.4,0.2,True,exact,4,14.24420838677109,2023.342739636771,0.003877206748578943,10.691187484166525,96.37474067553316,True,1,9.767013390001011
2033,7,7,17.667819318878678,6.502890913659927,2014.4285599947207,0.3794526576185354,0.05961777854882044,28.546952796024186,0.19496061468615425,0.4,0.2,True,exact,3,17.665489058592783,2032.0974390585927,0.0035927040183614256,11.195295174901466,89.28162315517787,True,1,9.708593004999784
2034,7,7,14.435850632259454,7.552267910302719,2001.0809045251792,0.697402314532593,0.06923834980408478,24.949741130852097,0.14935594549288633,0.4,0.2,True,exact,4,14.435650737764616,2029.9516764755292,0.004392102304824674,12.452786800235184,108.9102087085919,True,1,9.773829351999666
2035,7,7,14.024366510493136,6.255619257938629,2007.746513568948,0.007860886056176164,0.05735081959042457,24.47334276048133,0.19292228982608792,0.4,0.2,True,exact,4,14.023553907012174,2021.7716164070123,0.0034258273162285358,13.509269765624131,93.9618039664491,True,1,9.421320953999384
2036,7,7,18.63610521234945,6.373398846826088,2007.271453747918,0.43840625299250896,0.058430609723934844,29.58066227938076,0.1932473373424169,0.4,0.2,True,exact,3,18.635828850220722,2025.9073788502208,0.0033757239979026465,12.821831060378631,81.14586989172207,True,1,9.991033420999884
2037,7,7,16.075475380976865,6.334007587411136,2008.5052361944277,0.8867220100510682,0.05806947505141148,26.80486805828562,0.11026736980418918,0.4,0.2,True,exact,2,16.077695902341773,2024.5826959023418,0.0024834154004645947,15.307047974684568,39.01246138489856,True,1,10.306013245999566
2038,7,7,16.45383841286665,6.399041746374109,2013.316338505919,0.7236586739066938,0.0586657009667223,27.22383325293327,0.14873058033701586,0.4,0.2,True,exact,2,16.45127796259199,2029.771727962592,0.0031987670639137544,17.12195767238046,55.22352943809271,True,1,9.913762759999372
2039,7,7,14.538819714505683,7.865070962319503,2006.2812848176318,0.4742775864951939,0.07210609329419294,25.068242748057685,0.17757697152372492,0.4,0.2,True,exact,4,14.537901671695456,2020.8217766716955,0.0053199270400778875,9.04275376434251,133.40869374075456,True,1,9.744773099999293
2041,7,7,18.67822146927708,7.8599669696323,2007.8873891678468,0.7649512503688265,0.07205930045854789,29.625212288898158,0.1508054362525721,0.4,0.2,True,exact,3,18.67913483806821,2026.5644848380682,0.004392524080412796,12.333988392752966,103.89245573531404,True,1,9.642746936999174
2040,7,7,19.903371187633905,6.770849164752691,2018.6350922884847,0.5047286830198368,0.062074389906150836,30.906907499710073,0.19160854945573197,0.4,0.2,True,exact,2,19.905947979197105,2018.63405,0.003756468265263768,10.434224491814367,69.26791351141517,True,1,10.267885745999592
2042,7,7,17.49002417592951,7.506210799196359,2015.9756315408995,0.614090959446151,0.0688161033467792,28.35511397235322,0.17182427255112695,0.4,0.2,True,exact,3,17.49112341430005,2033.4645484143,0.0045552358135623194,13.82359801853059,102.33349953219354,True,1,9.93322759199873
2043,7,7,12.992001650647206,5.98849380906972,2010.9089331894108,0.3061791071729186,0.05490184327098977,23.25707903662738,0.1795757311721476,0.4,0.2,True,exact,4,12.991814512458937,2023.9020645124588,0.0031002510927207183,13.215809077138058,77.6547176872492,True,1,9.621197150001535
2044,7,7,15.905044307331641,6.89419472062456,2006.3289671718428,0.7346188995683818,0.06320520820413325,26.615076138782072,0.1462788555011624,0.4,0.2,True,exact,4,15.904368711086812,2022.2345187110868,0.003672155249908493,14.075915114368735,89.83730833147618,True,1,10.079369188000783
2045,7,7,15.749427000211147,6.604502699075811,2006.9094756722188,0.5294698736184035,0.06054934406349781,26.441187910688647,0.17429681576629738,0.4,0.2,True,exact,4,15.749800003458564,2022.6577500034587,0.003571817992811699,10.717153337733295,93.44845440254105,True,1,10.117175387000316
2046,7,7,17.17574805607374,6.468744433959597,2009.9288188923547,0.6507740229076229,0.05930472743170578,28.014415439104024,0.1631872901177678,0.4,0.2,True,exact,3,17.173466274540033,2027.10485377454,0.0033122346998125662,10.532238442403932,70.84907239131539,True,1,9.757688885998505
2047,7,7,14.736095999837552,7.276756774853978,2000.3673357015894,0.29009279182025766,0.06671249444544511,25.294499208282378,0.190422081788785,0.4,0.2,True,exact,4,14.736247386645926,2029.8386822732919,0.004691117853596771,12.634828250555953,125.04179948632907,True,1,9.681715216998782
