index,period_bin,radius_bin,period,radius_earth,t0,b,rp_rs,a_rs,duration,u1,u2,recovered,match,n_transits_in_data,found_period,found_t0,found_depth,found_sde,found_snr,found_detected,n_detections,runtime_s
0,0,0,0.6828263904859496,0.7472089542011818,2000.5458965491766,0.27850682779352254,0.006850328346687592,3.2632072402973527,0.0656768925079059,0.4,0.2,False,none,77,0.5936161112882413,2027.1765270913043,4.710569123733688e-05,4.6425477442514484,4.671448466379698,False,0,5.3399395600026764
2,0,0,0.5901901966230153,0.7371061165986429,2000.3640337478623,0.5298833839857572,0.006757706658441575,2.96095939421529,0.056030405861450736,0.4,0.2,False,none,90,1.7147532558989758,2028.2524583443835,0.00017298966372747415,4.322274163535953,5.357401823170896,False,0,5.432335146997502
1,0,0,0.7913832282982161,0.7309843085527712,2000.1431009334367,0.07085298038579908,0.006701582605117766,3.600496160294588,0.07121671048516438,0.4,0.2,False,none,68,2.5689967475320525,2028.2399674753206,0.00020562019579717372,4.782033766517282,5.2773890143451245,False,0,5.482074778999959
3,0,0,0.5248972252608185,0.831601764273155,2000.2441397771852,0.004166678995547202,0.007624032216056648,2.7383396112649208,0.06295922283215759,0.4,0.2,True,exact,100,0.5248495064900545,2027.5217316291496,6.528793708349134e-05,9.098410819548686,7.3618321417664285,True,1,10.385540369999944
4,0,0,0.7840534416509519,0.892938701149998,2000.2550915168076,0.5371401300337068,0.0081863624116786,3.578229850689066,0.0607884919192467,0.4,0.2,False,none,68,0.7843152239365117,2027.6971265877778,8.294022588239969e-05,7.513582666510966,5.977994617807322,False,0,5.280633352002042
5,0,0,0.5499103832039001,0.801028651921985,2000.4811484011511,0.25023725976781375,0.0073437413322173534,2.8246571214566982,0.06199423030264732,0.4,0.2,False,none,97,0.5498669927953272,2027.430982646971,6.974181655095002e-05,7.431875077931091,6.1541473711434245,False,0,5.235967698001332
6,0,0,0.5516407766889757,0.7609684756019084,2000.1480412568571,0.7264637878210725,0.006976474104120356,2.8305795512830323,0.04525604286054924,0.4,0.2,False,none,96,0.5936161112882413,2027.1765270913043,4.801285364319785e-05,4.955796117172223,4.830823582283063,False,0,5.6743266759986
7,0,0,0.565785227748698,0.7152734165953119,2000.1494835350093,0.42048793244280686,0.006557546900081298,2.878760445681198,0.05887571741199066,0.4,0.2,False,none,94,0.5655394459313153,2027.29888819637,7.311190028269632e-05,7.064147766847131,5.792061940388185,False,0,5.414376777000143
8,0,0,0.7533335573167216,0.7637713239857713,2000.3670579044608,0.6963902385286838,0.007002170305467368,3.484143226837862,0.05148765002777582,0.4,0.2,False,none,71,0.5936161112882413,2027.1765270913043,4.785271880347608e-05,4.840089902633469,4.75918511237487,False,0,5.520872391000012
9,0,0,0.6204321983027101,0.9390940496143273,2000.0490354350982,0.8084046008803901,0.008609509498124394,3.061263237722039,0.0406279411287245,0.4,0.2,False,none,87,0.5936161112882413,2027.1765270913043,4.789225086587745e-05,4.8276553430248255,4.670472422986595,False,0,5.509012596998218
10,0,0,0.5598529852555357,0.7405185552536339,2000.310064522167,0.8149274136368432,0.006788991515399169,2.858602634330542,0.03875606205904406,0.4,0.2,False,none,95,0.5936161112882413,2027.1765270913043,4.7550461706347136e-05,4.703637954297877,4.712301561495459,False,0,5.27365077200011
13,0,0,0.5854052145108997,0.7613383685654246,2000.3337427493955,0.22620936250575316,0.00697986524155115,2.944933654392331,0.06349351843752372,0.4,0.2,False,none,91,1.1700774830997887,2027.2617170071285,9.397465916771708e-05,5.464667474661481,5.12767686879755,False,0,5.273049939001794
12,0,0,0.5555190011918564,0.7051071624105837,2000.1871281119884,0.6265070851341655,0.006464343815683404,2.8438306870689365,0.05091225808944746,0.4,0.2,False,none,95,0.5936161112882413,2027.1765270913043,4.720641256128477e-05,4.726897115400404,4.753849808166816,False,0,5.327216605001013
14,0,0,0.5832130271007456,0.7968616376170262,2000.294615700865,0.18173682534757782,0.007305538609867982,2.937577060725245,0.06399281694280079,0.4,0.2,False,none,92,1.4099009224078451,2027.4339183069992,0.00015189409212945648,4.3187339627439165,5.2798239807640055,False,0,5.285013861001062
11,0,0,0.5934682673891298,0.9023605139550596,2000.40454004919,0.3138953205848519,0.008272740540544438,2.97191323184618,0.06237477412779969,0.4,0.2,False,none,88,0.5935409006913493,2027.1530579790274,6.669370069545266e-05,11.317953487688289,7.689315355475273,True,1,9.518196524000814
16,0,0,0.5112400806666711,0.7730738277548601,2000.3059537520542,0.46703819751222847,0.007087454622399415,2.690632521603151,0.055888040812722604,0.4,0.2,False,none,103,0.5107186558672444,2027.3998595942974,4.042517115010469e-05,4.883245589360357,4.844023145572663,False,0,5.183480764000706
15,0,0,0.654934979470204,0.7955771721150597,2000.6182211692724,0.36310217948558454,0.00729376277341823,3.1737295458645995,0.06308385669691594,0.4,0.2,False,none,81,0.5936161112882413,2027.1765270913043,4.75382850084749e-05,4.811323238062584,4.595975988304927,False,0,5.201784684002632
17,0,0,0.5098470567244179,0.7533625165823049,2000.0039415049032,0.048830709150471795,0.006906743520215034,2.685742686254025,0.06230104281891701,0.4,0.2,False,none,104,0.5102594096315163,2027.5502916792202,5.691180718714328e-05,5.468298189189438,4.816572151447209,False,0,5.430265189999773
18,0,0,0.5800594433178008,0.7923612159462259,2000.0078171443047,0.7732569175648851,0.00726427924597761,2.9269780013882274,0.0425951982499801,0.4,0.2,False,none,92,0.5936161112882413,2027.1765270913043,4.7927457981322696e-05,4.826012849415277,4.704942516911068,False,0,5.439959979998093
20,0,0,0.7237162237282038,0.7857067208530629,2000.4094939175307,0.3688341108064123,0.007203271577221389,3.392214683315131,0.06488221387541064,0.4,0.2,False,none,73,0.7238470334048761,2027.1784339859805,5.8689581887705344e-05,6.030311317656985,5.541913962701556,False,0,5.115178599000501
19,0,0,0.6956672447613305,0.8045067282333345,2000.1018418022368,0.5301675114802525,0.007375627947887064,3.3039907863417093,0.058853168963970554,0.4,0.2,False,none,76,0.6959043353365628,2027.2395529322928,8.329016092978314e-05,8.629487671093303,6.523811884176474,False,0,5.3507702329989115
21,0,0,0.5638717655596279,0.7994770585503558,2000.39634047844,0.12133697289068825,0.007329516497254598,2.872266216030068,0.06388525360870949,0.4,0.2,False,none,93,0.563700834420823,2027.4645410938663,6.920869462723189e-05,8.038745767902594,6.854789313469313,False,0,5.040506253000785
22,0,0,0.5237307877997301,0.7621912889145293,2000.0689369242225,0.19666855024245006,0.006987684720175016,2.7342813106811437,0.06177392173591747,0.4,0.2,False,none,102,0.5237467310205982,2027.297037044321,0.00010194352976755638,7.803630363995124,6.265403567597862,False,0,5.306812293998519
23,0,0,0.6440648869528709,0.7432679832478726,2000.1802561855434,0.6760526016387826,0.006814197964572741,3.1385149814084117,0.050412743532289646,0.4,0.2,False,none,82,0.9639622352864564,2027.2250571713541,5.227677646035822e-05,5.055658405697653,4.535109037773921,False,0,5.559615293001116
24,0,0,0.7813055058316942,0.8314451958712191,2000.484590361172,0.07917846164071889,0.0076225968144117045,3.5698643507349175,0.07095568037104509,0.4,0.2,False,none,68,0.7814583449975417,2027.0500524799165,7.03255121604629e-05,6.4560637984620755,5.4096658423596695,False,0,5.438104231001489
25,0,0,0.5505891879721074,0.7853346837458662,2000.1564363358964,0.18678623467366146,0.007199860782520496,2.8269811322154177,0.06282953028662257,0.4,0.2,False,none,96,0.5506478735820982,2027.131745805523,5.267809574338589e-05,5.629204093897341,4.666541920659568,False,0,5.266228668999247
26,0,0,0.6634036221140804,0.8164794448860151,2000.608164490771,0.017657110453068458,0.007485392478694111,3.201029547638477,0.06760217135142814,0.4,0.2,False,none,80,0.6635947896652704,2027.1514087741107,8.622654109191608e-05,6.131561654505498,5.409130681815913,False,0,5.326562926002225
28,0,0,0.7171947338958633,0.7528788692657575,2000.4404144411665,0.7600953163210692,0.0069023094955640765,3.3718055311955077,0.04620787576096085,0.4,0.2,False,none,73,0.7173734519809939,2027.6990583627776,8.453462050261873e-05,6.126944005643636,5.325810556982059,False,0,5.241761847999442
29,0,0,0.6697054289678727,0.9221323155751623,2000.0929257299383,0.4587121457047304,0.00845400621240469,3.221269078654647,0.06086841911725361,0.4,0.2,False,none,79,0.6696339786690915,2027.5546025004328,8.87104501743341e-05,9.915657323839202,6.446310794380205,False,0,5.389086688999669
27,0,0,0.5602715862933588,0.8116010922803348,2000.2148787789351,0.11543367940007383,0.007440668286148058,2.8600273714107107,0.06380997480802693,0.4,0.2,False,none,96,0.5599776629015104,2027.6570044405073,8.093963227062684e-05,6.9554647048250855,5.935599588103442,False,0,5.772864524999022
30,0,0,0.6717856901421421,0.849181006123767,2000.0850092555493,0.7200613417066699,0.0077851967445134364,3.2279363050705308,0.04832626457727563,0.4,0.2,False,none,80,0.5936161112882413,2027.1765270913043,4.770630326311753e-05,4.803707555866954,4.804152445906822,False,0,5.947664818999328
33,1,0,0.8121338287372963,0.712857652910343,2000.3004688412054,0.23294579653933528,0.006535399448077417,3.6631625571091955,0.07009905348862126,0.4,0.2,False,none,65,0.8131041231232478,2027.1113423130673,6.886783141069053e-05,6.38906022869683,5.394976736475673,False,0,4.644282934998046
32,1,0,0.9640498429102619,0.7886073146702544,2000.5709560908747,0.1173051491904579,0.007229863897798404,4.106805322408531,0.07554070476127754,0.4,0.2,False,none,55,0.9637790414413662,2027.575819670775,9.522339826817383e-05,5.127921040151033,5.2290906004857405,False,0,5.702914924000652
34,1,0,1.0280632005252766,0.9225392050591984,2000.1534735268588,0.2076386886184632,0.008457736529808932,4.286646459787719,0.07610898854350605,0.4,0.2,False,none,52,1.0280241851269307,2027.9088339880104,8.198904896949966e-05,6.162599410733661,5.558636372802602,False,0,5.404451204998622
35,1,0,0.8435015768145895,0.7158319408383833,2000.185671935076,0.13946432990014748,0.00656266738804268,3.75688922671654,0.0721571105691646,0.4,0.2,False,none,62,0.8429711030145792,2027.1711690464665,0.0001301967342799415,5.392208816060852,5.643232325236498,False,0,5.305240407000383
31,0,0,0.5528797874441069,0.9298856616042018,2000.1127630680035,0.5065263534314653,0.008525088023972631,2.8348163748414326,0.05596433359256572,0.4,0.2,True,exact,96,0.5532354606932776,2027.2030688239706,0.00011690637294126116,10.29947512740721,7.290850118916376,True,1,10.38882434200059
36,1,0,1.2277280210090156,0.9133405364818947,2000.9578586497955,0.12675461426111942,0.00837340416233315,4.82509538106203,0.08164374698222708,0.4,0.2,False,none,43,1.229490391376081,2027.9511323602737,8.50238121002933e-05,5.849657711087082,5.161102813843056,False,0,5.184833601997525
39,1,0,1.1547677262441145,0.8179110843370597,2000.9692204072403,0.8765655181991275,0.007498517589492886,4.631989317479388,0.040219417495950226,0.4,0.2,False,none,45,0.5936161112882413,2027.1765270913043,4.719881191861397e-05,4.465548884442439,4.671740052123718,False,0,5.188708054000017
38,1,0,0.8798307942045686,0.8306835389856431,2000.729568626823,0.8373529886424513,0.007615614029041728,3.864000995029907,0.04176591726234507,0.4,0.2,False,none,60,0.5936161112882413,2027.1765270913043,4.78187276331532e-05,4.810299054233709,4.848695971480604,False,0,5.282545308000408
37,1,0,0.7953092692685777,0.8568492266342563,2000.2845722383618,0.2813733626024388,0.00785549813482241,3.612394342952582,0.06887490010633569,0.4,0.2,True,exact,67,0.7957164842781209,2027.3259099446227,7.685588994443826e-05,8.437885572155114,7.007258740163484,True,1,10.041640683000878
41,1,0,1.2049209672373822,0.7394828244473384,2000.4698965000182,0.07497578139055953,0.006779496050894881,4.765152806099038,0.0814291603289662,0.4,0.2,False,none,44,0.5936161112882413,2027.1765270913043,4.8096108938189275e-05,4.988955349376502,4.767149256415949,False,0,4.991570769001555
42,1,0,1.1038124542842889,0.8391222793194159,2000.8197886998898,0.47909467464225514,0.007692979459144985,4.494706286154382,0.07016215370426145,0.4,0.2,False,none,48,1.1033392261931154,2027.310024241135,0.00010285949856125853,5.611553704994415,5.627866381968765,False,0,5.383468279000226
40,1,0,1.0586308055559117,0.9176697676755117,2000.2304516818215,0.07877085236782008,0.00841309407102369,4.371201322935433,0.07821324380594555,0.4,0.2,True,exact,50,1.058437740635047,2027.7517380273446,9.43869175813461e-05,9.35668605757388,7.357908061101484,True,1,10.449626617999456
43,1,0,1.164483846722881,0.7044946630549251,2000.7013011555837,0.8074345628541854,0.0064587284899103314,4.657935135414087,0.04868818414436636,0.4,0.2,False,none,45,0.5936161112882413,2027.1765270913043,4.7710105164688876e-05,4.8252639425645265,4.793665159737713,False,0,5.3503015549977135
44,1,0,1.187892704178046,0.8125944184421104,2000.1585669749338,0.29968963787995484,0.0074497749896012995,4.720151455343954,0.07775306422834152,0.4,0.2,False,none,47,1.980522073066898,2027.8835590229367,0.00012289153767430783,4.692301243585267,5.178788485988165,False,0,5.416753161000088
45,1,0,1.1140789398468003,0.7260072729563926,2000.198328676514,0.7506349641914963,0.006655953697920321,4.522533235344798,0.053537851031250715,0.4,0.2,False,none,48,0.5936161112882413,2027.1765270913043,4.7335416893057314e-05,4.759630564482664,4.865847236261389,False,0,5.307892447002814
46,1,0,0.8190584031703055,0.8596596113485679,2000.1484339075523,0.46437295984661975,0.007881263428406355,3.6839554611679595,0.06447009192073912,0.4,0.2,False,none,64,0.5936161112882413,2027.1765270913043,4.765035926190819e-05,4.775841205425006,4.583503455822769,False,0,5.346745618000568
47,1,0,0.807102301527241,0.7632096864545066,2000.3022234216894,0.7795135576909225,0.006997021275227093,3.648016952861395,0.04620530071655927,0.4,0.2,False,none,65,0.537304539809093,2027.4736252802638,4.0452825490366884e-05,5.215966244583567,4.202289461762298,False,0,5.4243723540021165
48,1,0,1.1314498156477717,0.9455228313425841,2001.1167413406013,0.7313755367977353,0.00866844785192775,4.569422558480969,0.05568534496769305,0.4,0.2,False,none,47,0.5936161112882413,2027.1765270913043,4.807254250183135e-05,4.637305314552167,4.720380698057998,False,0,5.402692684998328
49,1,0,0.9920731896935199,0.9352236494365861,2000.189528523362,0.1760635388081118,0.008574026101008323,4.186010045251264,0.07570661919649806,0.4,0.2,False,none,54,0.9914499018408881,2026.9567124538705,6.885685638036154e-05,6.336175338546893,5.47195315180032,False,0,5.369486425999639
50,1,0,1.092249288498857,0.939540931765854,2000.6255467953881,0.5777727642599401,0.008613606463843314,4.463261209406189,0.06532973773168402,0.4,0.2,False,none,48,0.5467198899891713,2027.3875569994586,5.70120504745919e-05,6.6439278542621985,5.651292500092827,False,0,5.396713218000514
51,1,0,1.1813841351027141,0.7611071960541331,2000.070085072193,0.7928001232585172,0.00697774587775315,4.702894254442303,0.050517275270611756,0.4,0.2,False,none,46,0.5903083639229152,2027.2357602612876,0.00012069874995657148,7.017339829511999,5.750822954626664,False,0,5.593320334002783
52,1,0,0.8752618702300792,0.8963500725094596,2000.7325843573815,0.5036761324530139,0.00821763748378983,3.8506123283548788,0.06430999318543096,0.4,0.2,False,none,60,0.5828463847473233,2027.5841446664576,4.252963485451566e-05,5.409142890863208,4.915724710241868,False,0,5.44039139600136
53,1,0,0.9450110647686949,0.7072633029104273,2000.6121821199517,0.5236477016918033,0.0064841110712850316,4.052556263563675,0.06484059424554106,0.4,0.2,False,none,56,0.5936161112882413,2027.1765270913043,4.818108852144842e-05,4.7861216839589265,4.7580646941550215,False,0,5.124588165999739
54,1,0,0.8383526656571275,0.8435604489320712,2000.8069052890628,0.6721582856969238,0.007733668103110023,3.7415850685639573,0.05482004094559353,0.4,0.2,False,none,63,0.8384438615065275,2027.6309848182088,7.728511418880757e-05,5.68704426358635,5.140009386631991,False,0,5.215158791997965
55,1,0,1.0763237155659648,0.8342446559798133,2000.423580087823,0.5850193578909142,0.007648261952428989,4.4197706178589735,0.06454246890276522,0.4,0.2,False,none,49,1.076657607607449,2027.3285495651862,9.935597928112383e-05,7.34831542482909,6.331142681066789,False,0,4.897744546000467
56,1,0,1.0177716384988158,0.8012907587044408,2000.654844082849,0.4979782939725221,0.007346144297962906,4.257990489590745,0.06757261948056154,0.4,0.2,False,none,52,0.5936161112882413,2027.1765270913043,4.7968306576384734e-05,4.821330535731045,4.798243582531883,False,0,5.032675267997547
57,1,0,1.0722824422692168,0.9054571922535277,2000.242903746127,0.15098681209117595,0.008301130541774076,4.408700406148512,0.07790160634757207,0.4,0.2,False,none,50,0.5936161112882413,2027.1765270913043,4.765989602550924e-05,4.931940368762204,4.534203349073729,False,0,5.499471202001587
58,1,0,0.9201909642907394,0.9302697268681117,2000.1166940666756,0.5825024911225679,0.008528609091472622,3.981283466529962,0.061684529233091256,0.4,0.2,False,none,58,0.9203843599093193,2027.7205802764463,9.45456264100919e-05,7.64291891486027,5.721106404223879,False,0,5.406329246998212
59,1,0,0.9144024527621833,0.8666657713349953,2000.6855744395061,0.18063936983396342,0.007945495121678503,3.96456959180084,0.07366085655208188,0.4,0.2,False,none,58,0.9143400949211852,2027.1916440027144,9.469122420835419e-05,7.228919219293367,5.831916434804783,False,0,5.507064664998325
60,1,0,1.2218494800921487,0.9289851750373013,2000.417214428485,0.4397470303665513,0.008516832463569659,4.809680889675318,0.07414819568792426,0.4,0.2,False,none,43,1.2211221806440764,2027.2992582866698,0.0001119109669693863,7.475387703358229,6.415673712923009,False,0,5.387950785003341
61,1,0,0.8605508456993607,0.7316888475615223,2000.7103309763652,0.055002942173942186,0.006708041740164073,3.8073442634923778,0.07319558237830137,0.4,0.2,False,none,61,0.8585473654723083,2027.3977808296418,8.284923327284144e-05,7.452787963286616,6.3155749334415,False,0,5.552701436001371
62,1,0,0.9272385311741834,0.754775304848451,2000.1283321799772,0.790707797156377,0.006919695805453365,4.0015855330687975,0.04710783290051125,0.4,0.2,False,none,57,0.5936161112882413,2027.1765270913043,4.808302959968813e-05,4.966235952909637,4.790364804356439,False,0,5.338210504996823
63,1,0,0.8442604641236228,0.7582789223280203,2000.1037869781749,0.7498579878643793,0.006951816579704393,3.759142238285819,0.04930629689606219,0.4,0.2,False,none,62,0.5936161112882413,2027.1765270913043,4.778825479323512e-05,4.849524602539535,4.726951872894604,False,0,5.2315516020025825
64,2,0,1.3796981975061817,0.928158398488332,2000.9564716709265,0.7876343053940781,0.008509252668389292,5.215474848127125,0.05378735036746155,0.4,0.2,False,none,38,0.5936161112882413,2027.1765270913043,4.765427161623759e-05,4.869655486802647,4.625056601081613,False,0,5.198538267002732
65,2,0,1.3419785803953717,0.8696647957850713,2000.926627249997,0.8945558954942762,0.007972989843318618,5.119979004607127,0.03941676374700642,0.4,0.2,False,none,40,0.5936161112882413,2027.1765270913043,4.785430550358072e-05,4.881571153995506,4.705159729565398,False,0,5.204512969001371
66,2,0,1.6130913559766087,0.8731243811737756,2000.6763908986663,0.8085928572694016,0.00800470693627204,5.78820316930471,0.0540195772684978,0.4,0.2,False,none,32,0.5936161112882413,2027.1765270913043,4.7927382782919636e-05,4.876076818603453,4.713627431348111,False,0,5.383972674997494
67,2,0,1.7414471677598542,0.8454624177244247,2000.8173403310507,0.5481041921951761,0.0077511051408482865,6.091318752336369,0.07752250663021969,0.4,0.2,False,none,31,0.5827134685348624,2027.5906580211386,4.228737560307838e-05,4.660007314719163,4.715712599069923,False,0,5.459109192001051
68,2,0,1.4978664014275025,0.7016577717902848,2000.7792936172575,0.7330921983085296,0.006432720187229574,5.509174266601926,0.060373270770581786,0.4,0.2,False,none,36,0.5936161112882413,2027.1765270913043,4.7447306905756825e-05,4.695482225801825,4.742169276931437,False,0,5.4807174439993105
69,2,0,1.681549056532728,0.7607772225485198,2000.0583179672496,0.47644283799127174,0.006974720717459701,5.950829197455571,0.08035233426691836,0.4,0.2,False,none,32,0.5936161112882413,2027.1765270913043,4.7742110420578854e-05,4.821922685437662,4.614440258866615,False,0,5.466831054996874
70,2,0,1.5722663230688494,0.8208822358536751,2000.4278401511829,0.26384437573339936,0.007525756775188049,5.6901257665736695,0.08603845371366764,0.4,0.2,False,none,34,0.5936161112882413,2027.1765270913043,4.8144825792073576e-05,4.996303509472672,4.797544994343637,False,0,5.42404146500121
71,2,0,1.6740232680633764,0.721594636892324,2000.3124707027193,0.11292833691968966,0.006615499142680654,5.933060599342597,0.0902827322136966,0.4,0.2,False,none,32,0.5936161112882413,2027.1765270913043,4.794059080537316e-05,4.888255717346801,4.783150844756329,False,0,5.379316087997722
72,2,0,1.473125639154881,0.9403006406699845,2000.6443402107345,0.7665651834442039,0.00862057139033668,5.448341438383886,0.05712435665212999,0.4,0.2,False,none,36,0.5936161112882413,2027.1765270913043,4.711121583145239e-05,4.626387853934493,4.69050334346379,False,0,5.353641185996821
73,2,0,1.7283187569882619,0.7928400767969324,2001.2084618695526,0.6984684890757975,0.007268669388843631,6.060666027380017,0.06648282032726684,0.4,0.2,False,none,30,0.5936161112882413,2027.1765270913043,4.817743765606064e-05,4.924494188502299,4.726577541858153,False,0,5.44930947100147
74,2,0,1.2639674182972376,0.8395428907977205,2001.1671907232476,0.23358378731926335,0.007696835578262097,4.919583959687831,0.08079939767773109,0.4,0.2,False,none,42,0.5936161112882413,2027.1765270913043,4.7478292489744334e-05,4.631058300821599,4.540281928053257,False,0,5.067944687001727
75,2,0,1.6753586407437087,0.9212767341322261,2000.6942911091337,0.7324724009319312,0.0084461623371694,5.936215391837063,0.06289414008552414,0.4,0.2,False,none,31,0.5936161112882413,2027.1765270913043,4.7532649098736e-05,4.827179621876599,4.66019213434719,False,0,5.354997687998548
76,2,0,1.899897725466259,0.9443567076997837,2000.8150483069103,0.2070185902163676,0.008657756960442707,6.45542152388267,0.09289381627977959,0.4,0.2,False,none,27,1.9015604547059173,2027.4001015742163,0.00010311713029742542,5.658921946434878,5.796749900965876,False,0,5.384066892002011
77,2,0,1.306242403959224,0.8149107073338212,2000.6327798242187,0.40710656848559995,0.007471010467796242,5.028675860834057,0.07688592662333091,0.4,0.2,False,none,40,0.5936161112882413,2027.1765270913043,4.70803232087702e-05,4.714858843136639,4.552251537978997,False,0,5.224285121999856
78,2,0,1.3385905044450341,0.8177314846213476,2000.5715416350688,0.33780946013913765,0.007496871039332209,5.1113578112799445,0.07976240833625119,0.4,0.2,False,none,39,0.5936161112882413,2027.1765270913043,4.81884082886852e-05,4.8629077450559395,4.597245326614264,False,0,5.340700845998072
79,2,0,1.7909492843998844,0.8159830251935392,2000.7200491021197,0.01966106818157919,0.007480841358325301,6.206212608069904,0.09293695956766287,0.4,0.2,False,none,30,0.5934581800408449,2027.172805601838,4.4150618856542145e-05,4.39660745136564,4.34354848547918,False,0,5.704640167001344
80,2,0,1.8988832892956002,0.7659343429881933,2000.0167171815494,0.13962216950350845,0.0070220006224133895,6.45312343667336,0.09380998298526262,0.4,0.2,False,none,28,0.6336839514956811,2027.265271893481,0.00010202104095025089,4.905955324705517,5.025457764210109,False,0,5.707061465000152
81,2,0,1.634968045882922,0.7476789200315525,2001.2758780811153,0.2973410169327625,0.006854636940999346,5.84041852964639,0.08622224837908231,0.4,0.2,False,none,33,0.5936161112882413,2027.1765270913043,4.778856574050305e-05,4.750579997737199,4.787834493649538,False,0,5.199865406000754
82,2,0,1.8948540491450907,0.7516614524955839,2000.5483704524981,0.17288372130534904,0.00689114835440863,6.443991617568781,0.09324880506409292,0.4,0.2,False,none,28,0.5936161112882413,2027.1765270913043,4.760501889977675e-05,4.774216787095923,4.5922896178373245,False,0,5.421239651001088
83,2,0,1.9556706949862679,0.7022148862637112,2001.8487071678057,0.6668512988622773,0.006437827750580102,6.581147271210034,0.07183071214941274,0.4,0.2,False,none,26,0.5936161112882413,2027.1765270913043,4.780594253905868e-05,4.7956604043832085,4.723532180574441,False,0,5.417726102001325
85,2,0,1.7562784059004632,0.9386524859277321,2000.1607977496835,0.3270647541834164,0.008605461291498733,6.125854797702726,0.08755258966802607,0.4,0.2,False,none,32,1.7558014288237334,2028.2653489028464,0.00013001259910960794,5.8197416285366765,5.772404838377888,False,0,5.3346052579981915
84,2,0,1.475046749974784,0.740256725027753,2000.2328150713593,0.7642912737658808,0.006786591085093447,5.4530772163987695,0.057130113475163,0.4,0.2,False,none,36,0.5936161112882413,2027.1765270913043,4.7675256127144294e-05,4.884483060770758,4.701530896700695,False,0,5.465313823999168
86,2,0,1.5999532406377686,0.8770357881264597,2000.583199682791,0.44387395164963805,0.008040566278926797,5.7567316371080315,0.08064304248073656,0.4,0.2,False,none,33,0.5936161112882413,2027.1765270913043,4.807171675158539e-05,4.784186406397877,4.66338880398841,False,0,5.2249846949998755
87,2,0,1.5284109470898046,0.8678097980582669,2000.787715018719,0.21929410724675377,0.007955983431070048,5.583817521328563,0.08623483221368575,0.4,0.2,False,none,36,0.5936161112882413,2027.1765270913043,4.761981408241134e-05,4.873703918636703,4.588792176159395,False,0,5.337376564002625
88,2,0,1.3338279659695693,0.8753080371031506,2000.2300474907952,0.6234604351315836,0.008024726450262478,5.09922689399682,0.06672390422262295,0.4,0.2,False,none,40,0.5936161112882413,2027.1765270913043,4.822738088727796e-05,4.882285469323996,4.786250420666072,False,0,5.414852483001596
90,2,0,1.7982743063866073,0.707401875300943,2001.1775983008838,0.17911979122207825,0.006485381487504592,6.223123457613786,0.09152686668629573,0.4,0.2,False,none,28,0.5936161112882413,2027.1765270913043,4.780239548829446e-05,4.898669130393484,4.787012868998898,False,0,5.433937869998772
89,2,0,1.4027243668641534,0.7693540592448582,2000.4373546459603,0.2899466133683893,0.00705335219961137,5.273342971561596,0.0822459505734738,0.4,0.2,False,none,38,0.7010817964576829,2027.0724233695587,7.938018592446028e-05,7.568744287477008,5.726114179357639,False,0,5.696544295999047
91,2,0,1.3620384646810046,0.9073581841933765,2001.0894651568337,0.7121612888954056,0.008318558623837537,5.170874996499981,0.060622813393775524,0.4,0.2,False,none,39,0.5936161112882413,2027.1765270913043,4.812451314650801e-05,4.951813646997567,4.738012270088986,False,0,5.377664442999958
92,2,0,1.6867079057857937,0.7094322044263462,2000.214462115869,0.8669501509913276,0.006503995318458644,5.9629940739623555,0.04659105003969179,0.4,0.2,False,none,31,0.5936161112882413,2027.1765270913043,4.777717097792511e-05,4.836314436209369,4.718566672226234,False,0,5.349498584000685
93,2,0,1.2775890097619569,0.8197122735877089,2000.4281892000824,0.82485718900043,0.007515030691633989,4.954865866865984,0.048267907934461236,0.4,0.2,False,none,42,0.5936161112882413,2027.1765270913043,4.811800432558133e-05,4.897797133052712,4.773159812941176,False,0,5.447290690997761
94,2,0,1.7996102815620276,0.8095368545856212,2001.150007900504,0.07713521202201667,0.007421743585212808,6.226205267520975,0.09282724524346998,0.4,0.2,False,none,28,0.5936161112882413,2027.1765270913043,4.782667268188323e-05,4.928653019166997,4.808296653870339,False,0,5.548179301000346
95,2,0,1.9620867830393323,0.8641911509834388,2001.1644944244385,0.6018540419025521,0.007922808078320355,6.595533526052131,0.07707609808305357,0.4,0.2,False,none,28,0.9812269517963447,2027.6591202752977,6.746148074165959e-05,5.523204886801448,5.229593964544594,False,0,5.482818299999053
96,3,0,2.087572505498777,0.7930231549551435,2001.2207137041194,0.19047406064391711,0.007270347828977147,6.87383077692877,0.09598646256548156,0.4,0.2,False,none,24,0.5936161112882413,2027.1765270913043,4.814681948117627e-05,4.824350912047062,4.859751167724171,False,0,5.3633428729990555
97,3,0,2.53287063733406,0.7109495051446645,2001.8864146329631,0.40734988755388785,0.006517905762200926,7.819514638376885,0.09524953710428524,0.4,0.2,False,none,21,0.5936161112882413,2027.1765270913043,4.7577268885379276e-05,4.833586860975452,4.575444970416095,False,0,5.5486020450007345
98,3,0,2.3421927800362066,0.8474709727294046,2000.1712539448445,0.31127194307699313,0.007769519349095035,7.421976062667046,0.0966365250406964,0.4,0.2,False,none,24,2.342478008563857,2028.2861032902663,0.00011215488527627215,5.677418089525139,5.974666306160035,False,0,5.445460484002979
99,3,0,2.1103838336913063,0.70379324834234,2001.4544068455127,0.034784886125975155,0.0064522979980627835,6.923814516744567,0.09793656937826452,0.4,0.2,False,none,25,1.4099009224078451,2027.4339183069992,0.00015553215726282765,4.7890515396312505,5.388208977724484,False,0,5.51506606300245
100,3,0,2.18508354143537,0.9106232202034367,2001.608091895455,0.6918448528479553,0.00834849210978804,7.086250292918464,0.07247800543054622,0.4,0.2,False,none,24,0.5936161112882413,2027.1765270913043,4.794970446897473e-05,4.8779931239813115,4.83212492359585,False,0,5.541737159997865
101,3,0,2.7134993724032683,0.9283821670808161,2000.7410251200104,0.4911025758224393,0.008511304153885514,8.186990272478035,0.09328020436466528,0.4,0.2,False,none,19,1.3568663312450915,2027.867925583235,6.772365149476656e-05,5.728148818518723,4.960451762242249,False,0,5.495283430002019
102,3,0,2.7573128851615185,0.7286670914654496,2000.0430154044561,0.2697767377062885,0.006680338617328998,8.274882282664331,0.10316067158799588,0.4,0.2,False,none,18,0.918217796609037,2027.5754401482711,0.00014340915814448074,4.886247179303554,5.298815743554604,False,0,5.597575203002634
103,3,0,3.1053696375942192,0.7654071173853308,2002.7785721759897,0.7713620359984231,0.00701716707689432,8.957359243155686,0.07176819475965926,0.4,0.2,False,none,17,0.5936161112882413,2027.1765270913043,4.766917695686601e-05,4.794729620320745,4.808635813615837,False,0,5.31374861400036
104,3,0,2.516103887054111,0.8795029295513218,2001.028903921262,0.2801983252465418,0.008063184756319225,7.7849680853256285,0.09994440784827016,0.4,0.2,False,none,20,0.5936161112882413,2027.1765270913043,4.8625640547750315e-05,4.989378551469073,4.69975471598891,False,0,5.415492970998457
105,3,0,3.0281018785433913,0.9374583797725575,2002.4638552853028,0.0782788144293301,0.008594513859461477,8.808151566280387,0.11028224241173945,0.4,0.2,False,none,18,0.5936161112882413,2027.1765270913043,4.82683144826801e-05,4.868549020620927,4.574074934472389,False,0,5.314046114999655
106,3,0,2.878930475879257,0.7969697939221447,2001.3192088698283,0.023006189712787017,0.007306530174809302,8.516449498790497,0.1086150417232146,0.4,0.2,False,none,19,2.8866191187095973,2027.208543422553,0.00012523330133951127,6.485295163579932,5.937491123828942,False,0,5.673815071000718
107,3,0,2.6932967444354072,0.731728555182665,2002.4435553847868,0.509158283513658,0.006708405775205629,8.146303661669192,0.09174912800052344,0.4,0.2,False,none,20,0.5936161112882413,2027.1765270913043,4.819177521375728e-05,4.941139900782245,4.727870892416257,False,0,5.225180945999455
108,3,0,2.132951336689971,0.8619358252510064,2001.6405664954875,0.3514289018170319,0.007902131503569705,6.97308708162213,0.09237835070250124,0.4,0.2,False,none,25,2.1288533824002527,2027.2666181929699,0.0001324111772833536,4.964889618692252,5.337217200365447,False,0,5.160707216000446
109,3,0,2.644991375685055,0.7926873418747009,2000.1776956833692,0.44561784812436483,0.007267269132113023,8.048605311575923,0.09483912958042194,0.4,0.2,False,none,20,0.5936161112882413,2027.1765270913043,4.7685507590489173e-05,4.837222732624039,4.577100818161109,False,0,5.352970749001543
110,3,0,2.817043927309402,0.7731447195059015,2002.4790774329101,0.8700239072323397,0.007088104550065532,8.393959513934456,0.054512610181424316,0.4,0.2,False,none,18,0.5936161112882413,2027.1765270913043,4.732022467857089e-05,4.710099100716983,4.69074098942886,False,0,5.497166417000699
111,3,0,2.114138428675945,0.9403319433265108,2001.496854644531,0.3304667523267215,0.00862085836960014,6.932024213523436,0.09291094140990476,0.4,0.2,False,none,26,0.5936161112882413,2027.1765270913043,4.747466421051172e-05,4.692246445046921,4.553329617295939,False,0,5.246446545999788
112,3,0,3.0445699046942143,0.746150990202764,2002.73849795403,0.2385394425707769,0.0068406290507578675,8.840057518596671,0.1074946305934793,0.4,0.2,False,none,18,0.5936161112882413,2027.1765270913043,4.8503441954061977e-05,5.03174939953976,4.816274046349209,False,0,5.07134372499786
113,3,0,2.5882941722480055,0.7887403831211942,2001.7592989074362,0.4530415214910656,0.007231083854513856,7.933172182861577,0.0937800776624668,0.4,0.2,False,none,21,0.517952401187463,2027.6139772629354,3.938262689562322e-05,5.270563058207103,4.689359243653516,False,0,5.045907677002106
114,3,0,2.268967998695548,0.7008535337462461,2002.0209813980678,0.242302944843737,0.006425347022548416,7.266468097585578,0.09743845976283552,0.4,0.2,False,none,23,0.5936161112882413,2027.1765270913043,4.7696701057309276e-05,4.849313176635669,4.722608480845843,False,0,5.565801595002995
115,3,0,2.3495612837146793,0.7540316242861712,2001.2455083754273,0.33662668821080144,0.006912877825010246,7.437534196438092,0.09578478042093465,0.4,0.2,False,none,22,0.5936161112882413,2027.1765270913043,4.8045448778122335e-05,4.720090329112566,4.611649828702296,False,0,5.68407096699957
116,3,0,3.125717497302166,0.8496924375598641,2002.725765936264,0.07644634785958346,0.007789885490873321,8.996445222644613,0.11137015017821363,0.4,0.2,False,none,17,0.5936161112882413,2027.1765270913043,4.818110232651662e-05,4.950990575761387,4.701359102544492,False,0,5.668568356002652
117,3,0,2.682964733764039,0.8191838144762981,2000.582133231354,0.05729583281074662,0.007510185837446136,8.125456447205886,0.10599606823526452,0.4,0.2,False,none,19,0.5375496847498967,2027.405609237495,3.5618622061361904e-05,4.797524187973729,4.178427043256106,False,0,6.070376595002017
118,3,0,2.6865457586422195,0.7544783786274234,2000.5480449967201,0.7327743231699441,0.0069169736189788255,8.132685015983922,0.0730016238001344,0.4,0.2,False,none,19,0.5936161112882413,2027.1765270913043,4.741348243697541e-05,4.728068807462307,4.68794076052891,False,0,5.3185294499999145
119,3,0,2.8113467039234608,0.8703165320972465,2001.5239559232186,0.27925694308574045,0.007978964889132453,8.382638332921085,0.10368288050159191,0.4,0.2,False,none,18,0.5936161112882413,2027.1765270913043,4.7602343566488514e-05,4.838430426779666,4.6704593203190505,False,0,5.152205703998334
120,3,0,3.057338135761236,0.7557529090994883,2001.8023312713242,0.7227212345677289,0.006928658372182617,8.864755730846264,0.0773087494513096,0.4,0.2,False,none,16,0.5936161112882413,2027.1765270913043,4.751103606448481e-05,4.805715331756512,4.709655666931679,False,0,5.60318332099996
121,3,0,2.2116150571243076,0.8119360064004681,2001.188722845936,0.16965167525437963,0.0074437387414443374,7.143496167888859,0.09820982691127833,0.4,0.2,False,none,24,0.5936161112882413,2027.1765270913043,4.814629782523561e-05,4.893862259162729,4.744146701681406,False,0,5.4595084309985396
122,3,0,2.6183537301266107,0.8952429880334674,2000.226481332076,0.6306142941766144,0.008207487856800715,7.9944759911712975,0.08240043338472182,0.4,0.2,False,none,20,0.8730718615317501,2027.3077407283174,0.00014315393287422928,5.183834395435498,5.342163316302884,False,0,5.302903212999809
123,3,0,2.799220788539252,0.7656279732795214,2002.5245230770895,0.22423956479792884,0.007019191859097478,8.358516945531743,0.10493326154395628,0.4,0.2,False,none,18,2.800691425895444,2027.7046603330589,0.00011183029878580886,5.3754952250965715,5.517054251313391,False,0,5.210510271997919
124,3,0,3.057997334540108,0.7684836316792181,2001.4833618253176,0.17428624400130577,0.007045372216779102,8.866029916847376,0.1091435282875602,0.4,0.2,False,none,16,0.5936161112882413,2027.1765270913043,4.837449793471116e-05,5.036991394420897,4.732411745462487,False,0,5.36251633700158
125,3,0,2.3551532218334965,0.9415138120371627,2002.045904513697,0.22906961939279932,0.008631693610111006,7.4493303705555345,0.0991878797220203,0.4,0.2,False,none,22,1.4099009224078451,2027.4339183069992,0.0001568661550872541,4.8794112445200355,5.361320294853714,False,0,5.078607709001517
126,3,0,2.4763113851836196,0.8460231245552516,2001.244801747921,0.8501018575305211,0.0077562456385307605,7.702670027736534,0.055769526532992685,0.4,0.2,False,none,20,0.5936161112882413,2027.1765270913043,4.7557525693853187e-05,4.70068256834936,4.738882111918831,False,0,5.124583722998068
127,3,0,2.8028895000232623,0.8980914087922265,2001.335373303321,0.7538136532293542,0.008233601860597527,8.365818570988864,0.07177460611144958,0.4,0.2,False,none,20,0.5936161112882413,2027.1765270913043,4.7588835940803875e-05,4.775108530203062,4.82568701736939,False,0,5.235160459000326
128,4,0,4.439531907062655,0.7331032664499925,2003.967454219385,0.04574626195281707,0.006721008974765986,11.367437589407722,0.12518627413366643,0.4,0.2,False,none,12,0.5936161112882413,2027.1765270913043,4.688978574129976e-05,4.61736955972744,4.707299494709505,False,0,5.280870144000801
129,4,0,3.2731240889409468,0.7136280004997376,2000.5388768938394,0.7055667652319716,0.006542461908850621,9.277111385310505,0.08093340917912754,0.4,0.2,False,none,16,0.5936161112882413,2027.1765270913043,4.6849126056569546e-05,4.658968590189817,4.642306043423515,False,0,5.370741623999493
130,4,0,3.2704668963575365,0.771921705006317,2000.3995670295528,0.6059321671317115,0.007076892089551229,9.272089799921746,0.09062106822820622,0.4,0.2,False,none,16,0.5936161112882413,2027.1765270913043,4.964632956927506e-05,5.306373230257582,4.9532586296645436,False,0,5.43936028600001
131,4,0,4.708253437693082,0.9412306353962896,2003.428273350039,0.5829269395246053,0.008629097478253665,11.82163861279431,0.10456280139865325,0.4,0.2,False,none,10,1.4099009224078451,2027.4339183069992,0.0001571457717478575,4.842916383340328,5.457252218001289,False,0,5.4128688640012115
132,4,0,3.426088322859999,0.8495362403320422,2003.174380956933,0.876739713317915,0.007788453492111253,9.563939654222418,0.056932390634812265,0.4,0.2,False,none,14,0.5936161112882413,2027.1765270913043,4.7339567462278964e-05,4.737095356074258,4.673888106004047,False,0,5.542871157002082
134,4,0,4.198711761140296,0.7441625810214851,2003.630105457956,0.29331987917232116,0.0068223995371757,10.95254799942753,0.11772311902078174,0.4,0.2,False,none,12,0.5936161112882413,2027.1765270913043,4.730241170625149e-05,4.739338186390418,4.773930542485986,False,0,5.0061109969974495
133,4,0,3.704320397764532,0.8651864070713077,2002.274599442875,0.15068095387297634,0.007931932475120753,10.07496360833213,0.11684171087133702,0.4,0.2,False,none,14,0.5936161112882413,2027.1765270913043,4.8510268354728936e-05,5.195124670809007,4.929315287744485,False,0,5.425514266000391
135,4,0,3.506507101491656,0.7629512910965583,2000.6922420013627,0.4158614409738816,0.006994652335407444,9.713019767299924,0.10564301644759712,0.4,0.2,False,none,16,1.001715895819953,2027.2738682496388,8.369836534383168e-05,4.891654776782299,4.849409702484612,False,0,5.278308492001088
136,4,0,3.9517516830973634,0.7790549326840919,2002.430367858786,0.38754574728432917,0.007142288725244223,10.518752148331172,0.11138616686509915,0.4,0.2,False,none,14,0.5936161112882413,2027.1765270913043,4.8006622273111255e-05,4.712729301626756,4.888022798291036,False,0,5.193632454000181
137,4,0,4.707445213220147,0.7804537929142628,2000.4804425440366,0.4613789496819114,0.0071551133198022995,11.820285696241623,0.11368536003074126,0.4,0.2,False,none,12,0.5936161112882413,2027.1765270913043,4.767883577283527e-05,4.866756091876846,4.68542042926791,False,0,5.161378587999934
138,4,0,4.60782542870085,0.7840038228218165,2003.4364426753132,0.879390603699593,0.007187659598016138,11.652929942362126,0.061998098685941166,0.4,0.2,False,none,12,0.5936161112882413,2027.1765270913043,4.779399021392905e-05,4.852388837584963,4.765248812610606,False,0,5.471133066999755
139,4,0,4.485101282750046,0.8593419475463895,2003.736826187412,0.10131227294510696,0.007878351122100943,11.44509215404292,0.12525070939377572,0.4,0.2,False,none,12,0.7484223104476956,2027.6730208844504,0.00012120920586122796,5.276044496403024,5.10223697964193,False,0,5.395626346999052
140,4,0,3.929888686386609,0.8630130276301282,2000.1427814260467,0.6788132578534888,0.00791200717482783,10.479919745666766,0.08919463539192503,0.4,0.2,False,none,14,0.5936161112882413,2027.1765270913043,4.7850177505526226e-05,4.854023901794836,4.697563114152027,False,0,5.2635820750001585
141,4,0,4.835499803689146,0.7004169711497406,2002.5450188939574,0.7447961693091666,0.0064213446653588625,12.03368680306359,0.08678930021707733,0.4,0.2,False,none,10,0.5936161112882413,2027.1765270913043,4.794004987984657e-05,4.904656160693945,4.7209341249768775,False,0,5.144127840001602
142,4,0,3.757877858943473,0.8912049324087649,2003.0644565446885,0.5808478590494514,0.008170467413247583,10.171841030630876,0.09716784725100008,0.4,0.2,False,none,14,0.5936161112882413,2027.1765270913043,4.904931076366026e-05,5.187129642329649,4.9263036141873515,False,0,5.035078732002148
143,4,0,4.270231827118955,0.8519090425944444,2002.9246753147283,0.4374173189684202,0.007810207078585061,11.076573308410065,0.11162938119341348,0.4,0.2,False,none,12,0.5936161112882413,2027.1765270913043,4.7195752168716076e-05,4.56650104093594,4.740140092963182,False,0,5.109992265002802
144,4,0,4.231053111846641,0.7896199145106848,2002.0200291489268,0.6882411450891368,0.007239147300187722,11.008718721125126,0.0902147170596016,0.4,0.2,False,none,13,1.4099009224078451,2027.4339183069992,0.00016515449198928334,5.3483011392081155,5.774008678301003,False,0,5.238572993999696
145,4,0,4.639040605618358,0.859258755364189,2004.136138826931,0.8315677854313933,0.00787758842545398,11.705498312120751,0.072051178194688,0.4,0.2,False,none,9,0.5936161112882413,2027.1765270913043,4.796813776164477e-05,4.993822006091699,4.7822290886338,False,0,5.452336398000625
146,4,0,4.917666678120952,0.7818358249799969,2004.7832692779598,0.6751207240333857,0.00716778363562587,12.169624644069131,0.09634421490665297,0.4,0.2,False,none,11,0.5936161112882413,2027.1765270913043,4.7517605404334695e-05,4.8309003811553985,4.831999390427103,False,0,5.2745778639982746
147,4,0,4.663287288640133,0.7451664910112841,2001.1892949521252,0.4692775783902439,0.006831603271983715,11.746249962574918,0.11276596626080099,0.4,0.2,False,none,12,0.5936161112882413,2027.1765270913043,4.8038593269628116e-05,4.90611908711872,4.761951154183558,False,0,5.333432955998433
148,4,0,4.086062744078682,0.9053560189226922,2000.6600882777868,0.7638235193632793,0.008300202995962087,10.755761037618914,0.07984550259733812,0.4,0.2,False,none,13,0.5936161112882413,2027.1765270913043,4.830028617641702e-05,4.947594012261328,4.917923586691176,False,0,5.580492044999119
150,4,0,4.3748905471550525,0.7348532201489043,2001.8483474205286,0.7408593100973796,0.0067370523550836945,11.256825110731441,0.08456146659058696,0.4,0.2,False,none,12,0.5936161112882413,2027.1765270913043,4.783299985722245e-05,4.900653884778686,4.698247892658391,False,0,5.296073509998678
149,4,0,4.252025292444393,0.8140732150252517,2002.7229503181134,0.29513370219051416,0.00746333243172712,11.04506688595162,0.11823083011602162,0.4,0.2,False,none,12,0.5936161112882413,2027.1765270913043,4.7876049132478116e-05,4.816562936272804,4.71463160103222,False,0,5.521531433998462
151,4,0,4.395069868282945,0.7656869462663741,2000.2844975069197,0.6327142677110503,0.00701973251686296,11.291413529450715,0.0972972229527616,0.4,0.2,False,none,12,0.5936161112882413,2027.1765270913043,4.735075378270448e-05,4.757494758865405,4.753567046725704,False,0,5.400076676000026
152,4,0,4.794976676009409,0.8329404781661486,2000.7751501751095,0.7853234228157464,0.007636305395704344,11.966361631911589,0.08073873095077935,0.4,0.2,False,none,12,0.5936161112882413,2027.1765270913043,4.790750281702394e-05,4.8108352269934045,4.906382672953958,False,0,5.4230823350007995
154,4,0,3.7986962527641417,0.7701125691709586,2000.1018296027828,0.18227514289200172,0.007060306134007893,10.245366600351305,0.11709207782316765,0.4,0.2,False,none,15,0.5936161112882413,2027.1765270913043,4.796963159170442e-05,4.895129248384784,4.780199736374178,False,0,5.254608629998984
153,4,0,3.6487259214811534,0.8769053353037285,2002.9676923053862,0.09674202643925967,0.00803937030199901,9.97390633440441,0.1170442542026731,0.4,0.2,False,none,14,0.5936161112882413,2027.1765270913043,4.778580379993791e-05,4.74777027778815,4.831806959066003,False,0,5.461603708001348
155,4,0,4.585930529738588,0.923911186498064,2003.2571995292803,0.48012490440368516,0.008470314702606443,11.615986672340414,0.1116512542146968,0.4,0.2,False,none,12,0.5936161112882413,2027.1765270913043,4.7552419545793256e-05,4.7195099348301754,4.758362410481141,False,0,5.39107447400238
156,4,0,4.6037280295557474,0.7432920754669816,2002.0002503974501,0.45021417229703625,0.006814418839350231,11.64602085766248,0.11351339731181026,0.4,0.2,False,none,12,0.5936161112882413,2027.1765270913043,4.747827906503854e-05,4.904463868075615,4.749506633990437,False,0,5.086055354000564
157,4,0,3.523910976590691,0.743770854014117,2002.2003878883002,0.6230171544210186,0.006818808227666293,9.745132379491894,0.0913233665717814,0.4,0.2,False,none,14,0.5936161112882413,2027.1765270913043,4.751388494916853e-05,4.746646671699265,4.727669870592142,False,0,4.974153508999734
158,4,0,4.597816620649627,0.9170156140828757,2004.5068645771903,0.09785820984992484,0.00840709686385222,11.636049354474263,0.12639586586398768,0.4,0.2,False,none,9,0.5936161112882413,2027.1765270913043,4.780651463032193e-05,4.84801720799105,4.857541870449332,False,0,5.105568204999145
159,4,0,4.636790870405281,0.843076914140992,2003.6550774467555,0.03172365414978353,0.007729235110080007,11.701713563946075,0.12719969531595393,0.4,0.2,False,none,11,0.5936161112882413,2027.1765270913043,4.734878708057e-05,4.773914721276793,4.6677701651451935,False,0,5.311012610000034
160,5,0,5.637964995029634,0.9150516308094944,2002.3908245278878,0.6204726317911802,0.008389091284269132,13.330692402492957,0.10719146553604263,0.4,0.2,False,none,9,0.5936161112882413,2027.1765270913043,4.6554779144614145e-05,4.493271314392546,4.644885001459927,False,0,5.162441914999363
161,5,0,5.065251204849981,0.8402073894006608,2004.5535820394198,0.6484934281162759,0.007702927627334131,12.411905196814173,0.10039607970806495,0.4,0.2,False,none,10,0.5936161112882413,2027.1765270913043,4.836967687260607e-05,4.963556798330915,4.8128218571379735,False,0,5.029536097001255
162,5,0,5.157238505874293,0.846801749748756,2004.41696240907,0.109039336133167,0.00776338398745514,12.561724618974406,0.13106820898009283,0.4,0.2,False,none,10,0.5936161112882413,2027.1765270913043,4.762776354894083e-05,4.701522494224613,4.63699322285999,False,0,4.921516337999492
163,5,0,5.421499965174351,0.820346289662351,2000.8322929423643,0.624307796181213,0.007520843280286677,12.987256867393276,0.10526434344017281,0.4,0.2,False,none,10,0.5936161112882413,2027.1765270913043,4.753940504320653e-05,4.749729676920008,4.742068804924461,False,0,4.970317270999658
166,5,0,6.319515461103582,0.8202905560849927,2004.7361027773484,0.1318800213284288,0.007520332321066109,14.384462704133911,0.13980066307853198,0.4,0.2,False,none,8,0.5936161112882413,2027.1765270913043,4.741276273656503e-05,4.718546432101749,4.763545259343954,False,0,4.87422791499921
165,5,0,5.689616071731759,0.855575841698352,2003.9305001150474,0.6945485806092525,0.007843823883766364,13.41198622006297,0.09879734470670934,0.4,0.2,False,none,9,0.5936161112882413,2027.1765270913043,4.7801274267178506e-05,4.71029238981443,4.683920408429495,False,0,5.018149958999857
164,5,0,7.330359964198942,0.7419740662837837,2000.12347529896,0.3590213168579653,0.006802335478172489,15.880152124978315,0.13832402556506745,0.4,0.2,False,none,8,0.5936161112882413,2027.1765270913043,4.726761109230537e-05,4.700920630473062,4.654715186385496,False,0,5.364974198000709
167,5,0,5.6447725157727975,0.8241252655316464,2003.9211951798718,0.268867974523534,0.007555488509540598,13.341420944033356,0.13091662320628308,0.4,0.2,False,none,10,0.5936161112882413,2027.1765270913043,4.722519964628358e-05,4.771906758920224,4.7093135543826525,False,0,5.183794455002499
168,5,0,5.250646338308498,0.7860512484757064,2001.135714570196,0.05547279786001036,0.007206430168036371,12.712948921288215,0.13235292407952215,0.4,0.2,False,none,11,0.5936161112882413,2027.1765270913043,4.815306514827089e-05,4.837951499611253,4.83792320823835,False,0,5.128106013002252
169,5,0,5.751285244258078,0.8494279110502948,2005.2254847238703,0.10915648258835796,0.0077874603413394935,13.508726091564846,0.13590021807057126,0.4,0.2,False,none,9,0.9639255937319506,2027.2321041244945,4.826106666755425e-05,4.74608550048113,4.539958247842574,False,0,5.1031034359984915
170,5,0,6.2327168721783615,0.9043640881412395,2002.2775807130472,0.8007727532310192,0.0082911090852,14.252445536650502,0.08545041854511984,0.4,0.2,False,none,9,0.5936161112882413,2027.1765270913043,4.919806106717939e-05,5.133303183043762,4.8499921538845445,False,0,5.3592917890018725
171,5,0,5.2031466063799146,0.7682423218696516,2004.8633994659801,0.07905521845922943,0.007043159915361254,12.636161446027291,0.13172652789600692,0.4,0.2,False,none,9,5.20746176529097,2025.6639876861639,0.000157311245153835,5.100907442319767,5.629927871970889,False,0,5.142753956999513
172,5,0,7.055713561559636,0.8867508016570119,2001.4787722677538,0.6769605367785664,0.00812963243933964,15.480978890448748,0.10852099250655137,0.4,0.2,False,none,8,0.5936161112882413,2027.1765270913043,4.7927404920655725e-05,4.864229598820222,4.78521242130933,False,0,4.907999202998326
173,5,0,7.435605955883573,0.8682980764442182,2007.2750498246562,0.49565191377012197,0.007960459912848739,16.031790728168875,0.12970097750269302,0.4,0.2,False,none,7,0.5936161112882413,2027.1765270913043,4.8412750157211804e-05,4.9301734781491025,4.871799842548839,False,0,5.174609434998274
174,5,0,7.57526179390595,0.8571267634888451,2002.575016755455,0.848341486079612,0.007858042561748171,16.23190734119346,0.08095971705126576,0.4,0.2,False,none,7,0.5936161112882413,2027.1765270913043,4.751280269010838e-05,4.69016415757236,4.731785901083419,False,0,5.125138301998959
175,5,0,5.383510706907301,0.8129240926991109,2001.5078376541157,0.3043234370063568,0.007452797406416846,12.926516696618524,0.1274684363890266,0.4,0.2,False,none,10,0.5936161112882413,2027.1765270913043,4.874929435305653e-05,4.946777701230959,4.96194180176669,False,0,5.153288654997596
176,5,0,6.341172265275093,0.780918429060406,2006.0742627452405,0.23468153853760929,0.007159373052163541,14.417307398744196,0.13724728723301532,0.4,0.2,False,none,8,0.5936161112882413,2027.1765270913043,4.6970430371717775e-05,4.778204588259006,4.815392988236782,False,0,5.29607039399707
177,5,0,5.515456906476955,0.9250854759466481,2003.010827782797,0.21830228279743327,0.00848108045728808,13.136876623167645,0.13172057797136422,0.4,0.2,False,none,9,0.5936161112882413,2027.1765270913043,4.763019668319046e-05,4.867403793643393,4.78599524159614,False,0,5.221652390999225
178,5,0,6.432551116858668,0.9277199626379533,2006.367030168474,0.6858013264117385,0.008505233137417178,14.555483002167449,0.10417771913228985,0.4,0.2,False,none,8,2.5689967475320525,2028.2399674753206,0.00020880563271929997,5.046618990013731,5.379283770279147,False,0,5.367321789999551
179,5,0,5.43130328714396,0.749767525571988,2004.9953609721515,0.8316819566591289,0.006873785043626127,13.002908122835027,0.07563760139362875,0.4,0.2,False,none,10,0.5936161112882413,2027.1765270913043,4.8017604072581044e-05,4.965672610689482,4.877569262784989,False,0,5.14502496699788
180,5,0,5.380373316378267,0.7563191563389131,2003.2445577054655,0.21312087357727952,0.006933849663713126,12.921494017375673,0.13058055494059082,0.4,0.2,False,none,8,0.5936161112882413,2027.1765270913043,4.8840701697971944e-05,5.075203444322589,4.763644067050094,False,0,5.105431780000799
181,5,0,5.945470655488698,0.7841190048519733,2000.1520324494575,0.8125597556347216,0.007188715574020944,13.811111052504653,0.08171561623062751,0.4,0.2,False,none,10,0.5936161112882413,2027.1765270913043,4.675667089693025e-05,4.576391669304269,4.560379563965689,False,0,5.185597338000662
182,5,0,7.947977233827396,0.8099594127666191,2006.6305629383435,0.41642302687555943,0.007425617551483072,16.760058635745764,0.1385827315736759,0.4,0.2,False,none,7,0.5936161112882413,2027.1765270913043,4.737092045958846e-05,4.780624824946797,4.813281858205741,False,0,5.173820996998984
183,5,0,6.657218154392802,0.8455158946518206,2004.1214412192212,0.816855764206592,0.0077515954113537115,14.892455690734392,0.08412554707945395,0.4,0.2,False,none,8,0.5936161112882413,2027.1765270913043,4.75494307314861e-05,4.797889851737292,4.694608139802749,False,0,5.081034000999352
184,5,0,5.319955090256522,0.7553999300258831,2002.9296162105998,0.5022529285298757,0.006925422299407914,12.824578536019523,0.1154143162718971,0.4,0.2,False,none,9,0.5934506605533993,2027.1758526415697,4.6585419919420445e-05,5.529483616289437,4.890867165746364,False,0,4.978856703000929
185,5,0,6.342443482001102,0.711992549228414,2002.4285216731246,0.04904978954449427,0.006527468274017173,14.419234162360679,0.14087336341041848,0.4,0.2,False,none,9,0.5936161112882413,2027.1765270913043,4.8200961026201306e-05,4.957491612399822,4.732307996010926,False,0,5.203573130998848
186,5,0,7.4212465596784325,0.7576526105438189,2003.8215367559342,0.19490877219989083,0.006946074623127112,16.011144036685224,0.1458568368252172,0.4,0.2,False,none,6,0.5936161112882413,2027.1765270913043,4.711611007601757e-05,4.61828781446979,4.677057344363585,False,0,5.073608355996839
187,5,0,7.138733204114171,0.7688670428478758,2000.7367140414337,0.7356804091633923,0.007048887287606779,15.602177880183278,0.10030095932428221,0.4,0.2,False,none,8,0.5936161112882413,2027.1765270913043,4.6694580396744456e-05,4.620544285466549,4.641217926129427,False,0,5.343398735996743
188,5,0,5.562545961746308,0.9103327655966619,2001.465023414613,0.6370633696118727,0.008345829254351114,13.21154268824794,0.104934703178738,0.4,0.2,False,none,10,0.5936161112882413,2027.1765270913043,4.8205538889734e-05,5.070161795567519,4.908276440621451,False,0,5.304367409000406
189,5,0,6.59042070672957,0.7672025992670419,2000.2170894724193,0.7879696299052782,0.007033627854513613,14.792669359322735,0.08908044636060515,0.4,0.2,False,none,8,0.5936161112882413,2027.1765270913043,4.8081573613578676e-05,4.8789240321194445,4.797217046837608,False,0,5.212144777000503
190,5,0,6.037711654002467,0.9285328329475482,2005.1317915211064,0.12491623960024666,0.008512685441746094,13.953592518989108,0.13795931740461245,0.4,0.2,False,none,8,0.5936161112882413,2027.1765270913043,4.8286358276250496e-05,4.875219414948735,4.638548302734117,False,0,5.236851961999491
191,5,0,7.923477572328107,0.7929965034888949,2000.8433291133965,0.6320081610786105,0.007270103491307346,16.72559896592365,0.11839890394267637,0.4,0.2,False,none,7,0.5936161112882413,2027.1765270913043,4.825663540064529e-05,4.998140177617187,4.848328878699874,False,0,5.376769635997334
192,6,0,8.234112656364587,0.8102802584589573,2001.6083068986313,0.8478615407176635,0.007428559029002552,17.15993586886929,0.08322091609795806,0.4,0.2,False,none,7,0.5936161112882413,2027.1765270913043,4.750109287343651e-05,4.798078645390392,4.834893745359998,False,0,5.358859289997781
193,6,0,8.466995620440043,0.7108586525106478,2007.9517767742134,0.774245152527922,0.0065170728353861765,17.481982486281378,0.09926922855631543,0.4,0.2,False,none,6,0.5936161112882413,2027.1765270913043,4.777126223043382e-05,4.8723264553220815,4.830336604878392,False,0,5.469048416001897
194,6,0,12.21441912292633,0.7403691232801312,2008.289902740172,0.31435747019329197,0.006787621539734087,22.319596354017534,0.16667711206869262,0.4,0.2,False,none,4,0.5936161112882413,2027.1765270913043,4.778744177313943e-05,4.8643424585661,4.705905921616481,False,0,5.216505207998125
195,6,0,11.712889227741604,0.9319881228249458,2009.4933818494924,0.7021377535225292,0.008544363153930987,21.704368188438078,0.12445397243007368,0.4,0.2,False,none,4,0.5936161112882413,2027.1765270913043,4.779005221133836e-05,4.75255064837786,4.694029493491041,False,0,5.188148854998872
196,6,0,9.82243624817418,0.8581586116538243,2006.0780603696548,0.47487023610216367,0.00786750243062995,19.30118336150332,0.1441004436148239,0.4,0.2,False,none,5,0.5936161112882413,2027.1765270913043,4.8142703216069727e-05,4.994705639403653,4.867894435793862,False,0,5.278699217000394
197,6,0,10.864215673327694,0.7104309569547193,2002.5177886644913,0.3979554016360516,0.006513151770235583,20.642868360045657,0.15495708182588575,0.4,0.2,False,none,4,0.5936161112882413,2027.1765270913043,4.768188595816181e-05,4.800913870838463,4.806441328185104,False,0,5.207020326000929
198,6,0,9.080423089828866,0.7847747915212145,2007.777773640422,0.4756509738795689,0.007194727753056573,18.316472867066388,0.14020020720220627,0.4,0.2,False,none,6,0.5936161112882413,2027.1765270913043,4.722898438624945e-05,4.724948117404839,4.755508737752281,False,0,5.2476442029983446
199,6,0,12.059784860561072,0.7333830935090285,2011.865428106044,0.6486816957709243,0.006723574398030667,22.130819578481336,0.1336243547080662,0.4,0.2,False,none,4,0.5936161112882413,2027.1765270913043,4.748266560661296e-05,4.8197556361083205,4.705840047835665,False,0,5.167814907003049
200,6,0,11.729286406513065,0.7692426893458246,2008.8973287555882,0.20909967987025185,0.0070523311727994885,21.72461980545607,0.16936399939352348,0.4,0.2,False,none,4,0.5936161112882413,2027.1765270913043,4.7777537151239e-05,4.851785839184666,4.818704822877518,False,0,5.45848569899681
201,6,0,8.569487423468296,0.8676586276528111,2004.5205512455534,0.6976868319147889,0.007954597517654729,17.622777361112117,0.11272157434914894,0.4,0.2,False,none,6,0.5936161112882413,2027.1765270913043,4.793679237324877e-05,4.877784136316995,4.700170659016355,False,0,5.274331608998182
202,6,0,8.267657579434074,0.9444078895255396,2002.595143752616,0.6788696672129731,0.008658226189712296,17.20650948415434,0.11422410214974496,0.4,0.2,False,none,7,2.5689967475320525,2028.2399674753206,0.00019777099085604988,4.467624981970579,5.089947253024119,False,0,5.232646707998356
203,6,0,8.829120856774649,0.7250187823161315,2007.6887515494147,0.10881663733050362,0.006646891325988958,17.976953642759902,0.15653405178225027,0.4,0.2,False,none,6,0.5936161112882413,2027.1765270913043,4.813038185880192e-05,4.97483358833201,4.9746351754957745,False,0,5.273963745999936
205,6,0,12.294647524604212,0.713429260923718,2001.7090315483388,0.4082518591060556,0.006540639886585547,22.417224735814354,0.1606868118384732,0.4,0.2,False,none,4,0.5936161112882413,2027.1765270913043,4.818558451402666e-05,4.965285934888642,4.8075944706028135,False,0,5.109995153001364
204,6,0,12.214788965548118,0.7477771740512105,2006.2885003017043,0.07164100564270322,0.006855537722892087,22.32004689782659,0.1750067855053611,0.4,0.2,False,none,4,0.5936161112882413,2027.1765270913043,4.780747131105656e-05,4.874520718117348,4.86191867914711,False,0,5.4050562150005135
206,6,0,11.131837528133861,0.7677793144354189,2002.8602470842716,0.1929314172991105,0.007038915114849138,20.980493374016255,0.16699619236638022,0.4,0.2,False,none,4,0.5936161112882413,2027.1765270913043,4.850300732761603e-05,5.080323934482695,4.80798741188665,False,0,5.204588026997953
207,6,0,11.72189415311483,0.7970311810587773,2004.2969299083138,0.6883774986661575,0.0073070929652306865,21.71549104504685,0.1264444178200933,0.4,0.2,False,none,5,0.5936161112882413,2027.1765270913043,4.76073026822732e-05,4.837428925305321,4.84653093750929,False,0,5.447835103001125
208,6,0,9.48486284020005,0.9238922671763597,2000.0689874256657,0.5070035926439278,0.008470141252375362,18.856387485113775,0.13967859579996728,0.4,0.2,False,none,6,0.5936161112882413,2027.1765270913043,4.665312289486856e-05,4.510138232220322,4.637097248756504,False,0,5.2877113510003255
209,6,0,9.241706895230466,0.7405316676987794,2001.0445636226182,0.8166893434166845,0.006789111728833672,18.532723704648223,0.09356200008308836,0.4,0.2,False,none,6,0.5936161112882413,2027.1765270913043,4.7909338906304555e-05,4.881010920066346,4.782530481503794,False,0,5.528832292002335
210,6,0,8.126553200968376,0.849859164357634,2001.4181426955645,0.5207457793018961,0.007791414023558179,17.010172296710984,0.13132905617952415,0.4,0.2,False,none,7,0.5936161112882413,2027.1765270913043,4.815509169675547e-05,4.849283752881047,4.878469369113616,False,0,5.366997868997714
211,6,0,12.378841571041097,0.9267978256540023,2004.597053662449,0.4395864488799984,0.008496779088405623,22.51945075084717,0.1588881354082509,0.4,0.2,False,none,5,0.5936161112882413,2027.1765270913043,4.7698910722537846e-05,4.865566976610014,4.709366465442692,False,0,5.341594531000737
212,6,0,8.613895643217667,0.840695035169766,2006.73182882988,0.285827346809281,0.007707398309352141,17.683607277267768,0.1499248466292193,0.4,0.2,False,none,5,0.5936161112882413,2027.1765270913043,4.8477383124745366e-05,5.0698354543826465,4.790860880981586,False,0,5.399124783001753
213,6,0,8.42689042646013,0.8618502680049754,2007.8839789580195,0.8478426386671656,0.007901347124281349,17.426734793503748,0.08400124482972239,0.4,0.2,False,none,6,0.5936161112882413,2027.1765270913043,4.767396020566306e-05,4.830806428977631,4.71437606988104,False,0,5.2630258569988655
214,6,0,12.026561383729085,0.7084757242465296,2010.5924714225346,0.02122529556970897,0.006495226414858115,22.09015545996878,0.17444497738376297,0.4,0.2,False,none,4,0.5936161112882413,2027.1765270913043,4.794394515117428e-05,4.938594707618208,4.81528540563339,False,0,5.311401143000694
215,6,0,8.131476972019163,0.9276467266325551,2002.2246946948355,0.300169102734187,0.008504561717888602,17.01704242861366,0.14654475512134668,0.4,0.2,False,none,7,0.5936161112882413,2027.1765270913043,4.8323365365754434e-05,4.997274594937889,4.821341205598392,False,0,5.330427726999915
217,6,0,10.48744021259113,0.7765966811851773,2008.7034783851423,0.8317532828590231,0.007119751749701278,20.162797545317016,0.09411207630751735,0.4,0.2,False,none,5,0.5936161112882413,2027.1765270913043,4.757287494183693e-05,4.833133073552919,4.68477628411041,False,0,4.69619412999964
216,6,0,8.840200454382833,0.7925839683793644,2002.1836674228402,0.7678767648246343,0.0072663214154382975,17.99198992865388,0.10206890434276326,0.4,0.2,False,none,6,0.5936161112882413,2027.1765270913043,4.7327886503634176e-05,4.7451733806708365,4.785505174790901,False,0,5.151688739002566
218,6,0,10.261563685712018,0.7651808792306173,2006.809849850308,0.4756775873917898,0.007015092950727038,19.872239864752583,0.14598112313329584,0.4,0.2,False,none,5,0.5936161112882413,2027.1765270913043,4.783062880286959e-05,4.885815239984422,4.743686757822829,False,0,5.330868809000094
219,6,0,8.149748087173506,0.9426217987426998,2000.6535228347213,0.09719969509291321,0.00864185150863995,17.042523983918457,0.15290791924574823,0.4,0.2,False,none,6,0.5936161112882413,2027.1765270913043,4.722912391397216e-05,4.8433908162047965,4.78709912477598,False,0,5.189825132001715
220,6,0,11.741011353713613,0.7327230559170707,2008.5928603655943,0.6303331084422316,0.006717523247009729,21.739095116374752,0.1350324602860252,0.4,0.2,False,none,4,0.5936161112882413,2027.1765270913043,4.7856657647948886e-05,4.8931404679988555,4.700571605696612,False,0,5.369262952997815
221,6,0,10.83505170587681,0.8553377514652224,2003.8265050344344,0.525735865629002,0.00784164109906617,20.605909250198,0.14400612479963099,0.4,0.2,False,none,5,0.5936161112882413,2027.1765270913043,4.75394352855707e-05,4.6856462500764735,4.716105744779569,False,0,5.149529199999961
222,6,0,9.607912991000195,0.8840159666057378,2000.9797016576022,0.3387477849504784,0.008104559776639438,19.019123493330817,0.15276611394729428,0.4,0.2,False,none,6,0.5936161112882413,2027.1765270913043,4.773912931332891e-05,4.978591803515188,4.868693955240968,False,0,5.0676654359995155
223,6,0,11.801523791450172,0.9342546043669446,2003.8820648835372,0.38358852049602005,0.008565142003899396,21.81372572483364,0.16070651216874862,0.4,0.2,False,none,5,0.537304539809093,2027.4736252802638,4.002193716590163e-05,5.146076891981646,4.055803107210792,False,0,5.416546610002115
224,7,0,18.49434493421419,0.7156700004089371,2011.3889094957747,0.5514359171238243,0.006561182736248731,29.430462895568557,0.16849085172808753,0.4,0.2,False,none,3,0.5936161112882413,2027.1765270913043,4.720375534550403e-05,4.69853873967209,4.763973785593597,False,0,5.337420173000282
225,7,0,15.83979851700255,0.8727553165687781,2015.66594873059,0.19639185848772425,0.00800132339313975,26.54223924185845,0.1878591246379993,0.4,0.2,False,none,3,0.5936161112882413,2027.1765270913043,4.794473257851983e-05,4.871316311800268,4.680266982545032,False,0,5.230559786999947
226,7,0,14.340440563330533,0.7246004001859064,2009.088706436663,0.5749842154414989,0.006643055645286373,24.839687049339275,0.15190967804791722,0.4,0.2,False,none,4,0.5936161112882413,2027.1765270913043,4.801168646983989e-05,4.952587887408123,4.8264847474860035,False,0,5.2927787139997235
227,7,0,17.011823716249516,0.9186149439819798,2010.064817772335,0.18138020129350138,0.00842175934197422,27.83588540223778,0.1930181539806954,0.4,0.2,False,none,3,0.5936161112882413,2027.1765270913043,4.758683442529499e-05,4.799859978344427,4.728718900706442,False,0,5.361658968999109
228,7,0,18.175444915084306,0.7760401673957135,2017.0550637803517,0.8877475166210617,0.007114649693354319,29.091167967056492,0.09462957448723372,0.4,0.2,False,none,3,0.5936161112882413,2027.1765270913043,4.7916701292338715e-05,4.88297324872005,4.845042509468262,False,0,5.425368650001474
229,7,0,12.63489105799139,0.9360250911175264,2000.5242875020103,0.48640956883820385,0.008581373628944509,22.828924851879073,0.15572892739424773,0.4,0.2,False,none,5,0.5936161112882413,2027.1765270913043,4.8360259082613766e-05,5.087224465648132,5.00292296551931,False,0,5.472220066003501
230,7,0,19.529671319195753,0.78137061350822,2002.2934780180497,0.5890091968157293,0.007163518628743392,30.51882064237348,0.1664632436101572,0.4,0.2,False,none,2,0.5936161112882413,2027.1765270913043,4.880742709323371e-05,5.132980183510267,4.935107231229616,False,0,5.1298629800003255
231,7,0,19.964050023447776,0.8319300826673325,2000.1534831484553,0.7958416487020644,0.0076270422024730675,30.96969229217325,0.12686343965774954,0.4,0.2,False,none,3,0.5936161112882413,2027.1765270913043,4.776360831704185e-05,4.9090268825012595,4.771567208056466,False,0,5.1223498939980345
233,7,0,19.606580294476743,0.8076615849801402,2009.6742155657967,0.8786373161045062,0.007404551322641701,30.598891399833686,0.10055937108084015,0.4,0.2,False,none,3,0.5936161112882413,2027.1765270913043,4.739104261919369e-05,4.754550155209949,4.777123665589495,False,0,5.199363384999742
234,7,0,16.966915840303894,0.8902622230822401,2011.5739445923305,0.7306844285868437,0.008161824759294,27.78687630766429,0.13506822131496574,0.4,0.2,False,none,3,0.5936161112882413,2027.1765270913043,4.7646639396492496e-05,4.8449845321875955,4.817735509397876,False,0,5.164230925998709
232,7,0,18.884994497079603,0.8234844079010277,2006.81624322221,0.43173149080407314,0.0075496131982658405,29.843450337574442,0.18341982502802195,0.4,0.2,False,none,3,0.5936161112882413,2027.1765270913043,4.698901908428699e-05,4.631477003113253,4.778683819402494,False,0,5.402516444002686
235,7,0,14.56188954218178,0.8738849157750086,2005.7320295605946,0.2253549926822798,0.008011679432664343,25.094754171293044,0.18152866045408356,0.4,0.2,False,none,4,0.5936161112882413,2027.1765270913043,4.8102805025318496e-05,4.932844196809646,4.896138953494318,False,0,5.003897259000951
236,7,0,14.460448751001865,0.9199458588334848,2005.4566441495485,0.7720352871767208,0.008433961020879474,24.97807533624688,0.11962422048859724,0.4,0.2,False,none,4,0.5936161112882413,2027.1765270913043,4.7314596328895675e-05,4.7193579590151895,4.784161353955375,False,0,5.028506462000223
238,7,0,15.429363821314977,0.8830927997713566,2001.9767127389634,0.7815515239339139,0.00809609628607401,26.081734552536542,0.11996664950331154,0.4,0.2,False,none,4,0.5936161112882413,2027.1765270913043,4.6893964249283826e-05,4.560821435798652,4.7114217395994,False,0,5.100943256999017
237,7,0,19.2624760827564,0.828931723134765,2001.3038603866353,0.47835332381957746,0.007599553576722502,30.23981981320182,0.1798585443879894,0.4,0.2,False,none,3,0.5936161112882413,2027.1765270913043,4.748740440774224e-05,4.679767967992484,4.786837150566662,False,0,5.519993754998723
239,7,0,17.805920620218888,0.9165154837648521,2000.638232411915,0.7393603374564811,0.00840251172488228,28.695518693042835,0.13549943699009365,0.4,0.2,False,none,4,0.5936161112882413,2027.1765270913043,4.7081929687942115e-05,4.673395479578122,4.783917977899871,False,0,5.406965342001058
240,7,0,16.713727740854942,0.7575790287982622,2011.6099488350744,0.5780826758674531,0.006945400033891327,27.509751858358193,0.1595053965616959,0.4,0.2,False,none,3,0.5936161112882413,2027.1765270913043,4.845759005922545e-05,5.01510875987307,4.899733859201869,False,0,5.49278874400261
241,7,0,14.090061198097843,0.7014265050080496,2011.3526560643209,0.6272784442343352,0.006430599959166079,24.549710606584537,0.14385568715789923,0.4,0.2,False,none,4,0.5936161112882413,2027.1765270913043,4.7704261410541626e-05,4.818696817376319,4.876616340472236,False,0,5.3537775479999254
242,7,0,12.75980233216766,0.8108948477656178,2004.0524882239129,0.2406520432903873,0.007434193515213291,22.979139155633373,0.17297116728622963,0.4,0.2,False,none,4,0.5936161112882413,2027.1765270913043,4.842591348519498e-05,5.0645539373507775,4.896530918607199,False,0,5.264386319999176
243,7,0,15.59116004056749,0.8651657474989612,2010.88911148439,0.8137575253787827,0.007931743070465897,26.263750482351355,0.1124476723046004,0.4,0.2,False,none,3,0.5936161112882413,2027.1765270913043,4.776866021283244e-05,4.811282337255825,4.857971672575975,False,0,5.260121125000296
244,7,0,16.271162648483912,0.8109172167333601,2015.9309953043878,0.7122684090285756,0.007434398591414467,27.021960095299846,0.1366196009033594,0.4,0.2,False,none,3,0.5936161112882413,2027.1765270913043,4.818383688476313e-05,4.978722434274321,4.872053619711262,False,0,5.339401370001724
245,7,0,19.80403766130243,0.8375022767073665,2005.8258738368709,0.12008520456791004,0.007678127455896585,30.803988536587312,0.2047823423429178,0.4,0.2,False,none,3,0.5936161112882413,2027.1765270913043,4.788017089008001e-05,4.923686494695999,4.869312072512772,False,0,5.462803222999355
246,7,0,19.664554788425143,0.7105364704878401,2013.3606977358825,0.2326601119023648,0.006514119106538009,30.659180076149724,0.1999658313695191,0.4,0.2,False,none,2,0.5936161112882413,2027.1765270913043,4.846342372977208e-05,5.089479588884015,4.881060689702384,False,0,5.405329171000631
247,7,0,16.39196509728479,0.7735383516550872,2009.262431831658,0.41824675755636576,0.007091713325702618,27.155541739629637,0.1760824668359927,0.4,0.2,False,none,3,0.5936161112882413,2027.1765270913043,4.8145055547510474e-05,4.904984542155891,4.868132289100108,False,0,5.31371893600226
249,7,0,18.59308029312121,0.9268388284730343,2000.5834146199234,0.17041639284454682,0.008497154997676958,29.535116431435743,0.1992213823237124,0.4,0.2,False,none,3,0.5936161112882413,2027.1765270913043,4.75612085616417e-05,4.8007482581666014,4.836874278585365,False,0,5.212845988997287
248,7,0,19.68704542989565,0.8096810275986525,2004.4308262291424,0.08871974005080482,0.007423065347314885,30.682552526756574,0.20499330199272875,0.4,0.2,False,none,3,0.5936161112882413,2027.1765270913043,4.839684869628602e-05,4.885182782785978,4.834827693075993,False,0,5.621233396999742
250,7,0,19.423596393052403,0.7188979783916192,2009.242021752562,0.3779056810721064,0.006590776478337769,30.408212217367645,0.18973746872352554,0.4,0.2,False,none,3,0.5936161112882413,2027.1765270913043,4.729505788436672e-05,4.782226923359796,4.745734153884519,False,0,5.276186402999883
251,7,0,19.529830890474265,0.864627629808453,2018.5930141048748,0.6243902529209997,0.007926809667502218,30.51898688243345,0.16122178902744852,0.4,0.2,False,none,2,0.5936161112882413,2027.1765270913043,4.721276472285929e-05,4.684537398662415,4.773864767446976,False,0,5.375772720002715
252,7,0,15.662722143326528,0.8068569301168441,2012.0195748177598,0.4081610069462055,0.007397174336608083,26.344054720927307,0.17435655699025956,0.4,0.2,False,none,3,0.5936161112882413,2027.1765270913043,4.7454569785720935e-05,4.6859674066068235,4.831812946057201,False,0,5.159908738998638
253,7,0,19.24735306679875,0.8291312319046373,2010.6111239746485,0.6057976675659482,0.007601382650871018,30.223990171617352,0.16326228481165045,0.4,0.2,False,none,3,0.5936161112882413,2027.1765270913043,4.8500807974138915e-05,5.115209313158438,4.928087883143305,False,0,4.98137709099683
254,7,0,14.580076914741,0.8515390518953057,2012.1207400026046,0.085833814158838,0.007806815045124981,25.11564489833541,0.18560100965980247,0.4,0.2,False,none,2,0.5936161112882413,2027.1765270913043,4.741076518843812e-05,4.787894504051414,4.699716054186537,False,0,5.209692058000655
255,7,0,19.386147487665447,0.7483514671947574,2014.109290442735,0.7011988218969935,0.00686080277837413,30.369114737685617,0.14687183870931153,0.4,0.2,False,none,2,0.5936161112882413,2027.1765270913043,4.74926078072313e-05,4.7620885415806695,4.7205380333372515,False,0,5.043349552001018
257,0,1,0.6646225320643994,1.0258813369427753,2000.316270637228,0.7436538515449553,0.009405165667895236,3.2049493060759078,0.04669710367520366,0.4,0.2,False,none,80,0.5936161112882413,2027.1765270913043,4.762708374217439e-05,4.7701095864344225,4.604670369925181,False,0,5.336317395998776
256,0,1,0.5310711889958071,1.0132945793087562,2000.2421150892105,0.4459853203399852,0.009289771677862841,2.7597703953829384,0.05728822299311427,0.4,0.2,True,exact,100,0.5310909766745957,2027.3268507479045,0.00010549173878815488,12.520321523043805,8.135833859171532,True,1,10.079034491001948
258,0,1,0.7886419447619742,1.147662449876279,2000.6467138905646,0.7133601601317267,0.010521641327520332,3.5921768130965996,0.051392204591682325,0.4,0.2,True,exact,66,0.7885901607107564,2027.459851922499,0.00012453150563096482,11.200606821293155,8.1005279121279,True,1,10.09117059699929
259,0,1,0.6365003516177695,1.1739882091307448,2000.3654181286436,0.4163746555756947,0.010762992951928708,3.1138920735926474,0.061404488695922625,0.4,0.2,True,exact,84,0.6364278404118822,2027.099109922299,0.00013781510156318788,15.111353329753232,11.588691367985883,True,1,10.091882502998487
260,0,1,0.6231716189167128,1.106798856834789,2000.5433394187617,0.6092528399738083,0.010147008464536393,3.0702676365685124,0.05376855800583077,0.4,0.2,True,exact,86,0.6231577241044267,2027.3410295323235,0.00011725283430241706,12.486460869687605,8.423365993619024,True,1,10.397410772999137
262,0,1,0.5517984162112641,1.1110700059047232,2000.3636634611764,0.5782279381204062,0.010186165882795624,2.8311187789566765,0.05331094697678564,0.4,0.2,True,exact,95,0.5515556437797946,2027.40708592021,0.00010720122410179389,11.919207778683779,8.234127511396633,True,1,9.709751496000536
261,0,1,0.5244129293300104,1.019124615555092,2000.419977528236,0.31952984032177334,0.00934322079987341,2.736655001171331,0.060091457709128805,0.4,0.2,True,exact,100,0.5242845425360901,2027.1623397943406,7.631344225367265e-05,9.003607311897403,7.102200014390411,True,1,10.157082663998153
264,0,1,0.706748958041999,1.115126567053908,2000.3037337523288,0.7879330443796391,0.010223355982933061,3.338985824770444,0.04411678068752181,0.4,0.2,False,none,76,0.7067274740925584,2027.1591596405174,0.00010124241121334254,9.49336558404387,6.905931569679653,False,0,5.344741859000351
263,0,1,0.5349629983748536,1.025353419548086,2000.5328333775929,0.03148117727387798,0.009400325780105861,2.7732367942893674,0.06340892839657872,0.4,0.2,True,exact,99,0.535055801206224,2027.280133810311,0.0001024387139320071,11.679443000321976,8.318967735031771,True,1,10.537589801002468
265,0,1,0.6852115012742279,0.9588477524924818,2000.24486664506,0.4614708795549456,0.00879060924273724,3.270801739530993,0.061224167041219274,0.4,0.2,False,none,76,0.6851774899501825,2027.652867827174,8.774928723287445e-05,7.400735851077805,6.019521019016334,False,0,5.062634005000291
266,0,1,0.5319188413281227,1.1711738469415283,2000.4360171153005,0.09245828276932826,0.010737191193298492,2.7627062277096246,0.06317448717162484,0.4,0.2,True,exact,100,0.5319934686139985,2027.565260649314,0.00012251565484955318,14.145995989230025,11.15293991644757,True,1,9.470153926999046
267,0,1,0.5092237482706555,1.285278484458285,2000.2843748724642,0.41322688518540995,0.011783289782554818,2.683553287972805,0.057666188206666885,0.4,0.2,True,exact,104,0.509200193498559,2027.2756961929235,0.00013812611955021925,14.734658589990286,11.186837703868862,True,1,10.146366839999246
268,0,1,0.5340753047190979,1.1642164488567035,2000.386714355561,0.3335900708976133,0.010673406543701223,2.7701680885439877,0.06022896391802872,0.4,0.2,True,exact,99,0.5340533701403666,2027.6253937521587,0.00010399956141737832,12.684716036218703,9.001875926919647,True,1,9.675958730000275
269,0,1,0.6549469942137475,0.9790645887301778,2000.2850314633797,0.24117914382055436,0.00897595494233139,3.1737683603333933,0.06562040221954578,0.4,0.2,True,exact,80,0.6548993109204049,2027.1438404977366,9.736475718324922e-05,10.471268646595103,7.744610511570339,True,1,9.883734508999623
270,0,1,0.5039059634360036,1.110387243533164,2000.1797593337485,0.284924597427038,0.010179906393530076,2.6648378572286076,0.060065006765852476,0.4,0.2,True,exact,105,0.5039114628084217,2027.3909064916547,0.00011122483034708974,14.006179096424633,10.260149180526783,True,1,8.550107818999095
272,0,1,0.7734071731512839,0.960268885706373,2000.3243586516994,0.42048370428264636,0.008803638033525683,3.5457647746791863,0.06486754603560389,0.4,0.2,False,none,69,3.0924508405661477,2026.6165598495293,0.00015933758932762387,5.831796644578629,5.935683014832385,False,0,4.560164292000991
271,0,1,0.5078810897006849,1.228783597259833,2000.1314821191652,0.20685313902531,0.011265350958290846,2.6788341037146415,0.06138105059872443,0.4,0.2,True,exact,104,0.5079629291619294,2027.558578903911,0.00012844393923083786,14.69331336339649,11.494633421601556,True,1,10.052795650000917
275,0,1,0.7661865931650337,1.0431087852822112,2000.6608490478127,0.823498831257685,0.00956310499268143,3.5236612971488035,0.041776584787340296,0.4,0.2,False,none,69,0.5936161112882413,2027.1765270913043,4.770289827238372e-05,4.913804346795177,4.789279901256981,False,0,4.937249435999547
273,0,1,0.5213656636117724,1.1105082164022584,2000.5009704060403,0.33460213501956704,0.010181015459300337,2.7260432462011237,0.05975085492992729,0.4,0.2,True,exact,102,0.5213036735320415,2027.609744148666,0.00012080668705005682,14.668497555420652,11.235680303409065,True,1,9.807895601999917
274,0,1,0.6200425669026577,1.2099542330025777,2000.2634960724167,0.05089974671204491,0.011092725447051517,3.0599814547305275,0.06638548235152118,0.4,0.2,True,exact,86,0.6200623685142729,2027.5480436937949,0.00015479458146683278,16.866505012995102,12.398490214139214,True,1,9.8002230159982
276,0,1,0.5115997745660703,1.1529147226327605,2000.4447393502796,0.7263835069371477,0.010569793578301005,2.6918944083879373,0.04469942736508103,0.4,0.2,True,exact,103,0.511392100830599,2027.557687594022,0.00013366439276407682,11.42283181287696,8.490927685150908,True,1,10.45106196600318
279,0,1,0.7637216365935527,1.0138695219700058,2000.3890464469694,0.8282516208934938,0.00929504268805073,3.516099748355625,0.04123015876357415,0.4,0.2,False,none,69,0.5936161112882412,2027.1765270913043,4.7487388852518464e-05,4.723653394027275,4.687777206183067,False,0,4.984876925998833
277,0,1,0.6221614705487061,1.0269117440185147,2000.6211410787087,0.36662417785616414,0.009414612325031607,3.0669488457852423,0.06218452852978521,0.4,0.2,True,exact,87,0.6224080696951606,2027.3752657468917,9.48717037381197e-05,11.746295113826788,7.62808843158411,True,1,9.636109128998214
278,0,1,0.7003167047423402,1.0972947340305903,2000.6619367989656,0.5955636332615839,0.010059875726779514,3.3186958167220526,0.05629815548694475,0.4,0.2,True,exact,75,0.7001230667218484,2027.2695528375134,0.00012304023475162573,11.188666627002137,7.906495907248719,True,1,10.267242652000277
280,0,1,0.5909782873405597,0.991422807198814,2000.391627768714,0.5399249250504018,0.009089253710787344,2.9635946865973595,0.05584983353532852,0.4,0.2,False,none,90,0.5910418224263011,2027.5839524774433,0.00011145609488949493,5.710976695957221,5.323094411329303,False,0,5.3297866790017
282,0,1,0.6726834256766818,1.0735548979074854,2000.4477436172706,0.8910837566474451,0.009842231557199557,3.2308114165172794,0.03288923044260479,0.4,0.2,False,none,77,0.6728403764298706,2027.3530030780282,0.00010974046349609967,8.026612234943908,6.256824336769356,False,0,5.250218109998968
281,0,1,0.5477604418208014,1.1735836157255999,2000.5119176507735,0.8013423791974492,0.010759283684719633,2.817290089294643,0.04012040954320448,0.4,0.2,True,exact,98,0.5478918627541547,2027.3498262749536,0.000124819377365748,12.651293761763528,9.394190660880591,True,1,10.213358689001325
283,0,1,0.6457502101930868,1.212686503626824,2000.6237741030568,0.4752932691504232,0.01111777459937077,3.143987626814919,0.05986770566542039,0.4,0.2,True,exact,82,0.6458757030876463,2027.0980913265935,0.00014373816837198738,15.630686934741625,11.269839136783679,True,1,10.241794211000524
284,0,1,0.6881546573285461,1.1867407570789095,2000.4491276756264,0.24477639741467644,0.010879906889068553,3.2801609925378203,0.0667062062384953,0.4,0.2,True,exact,78,0.6880222898920401,2027.2899005557895,0.00014786442209069328,14.290867163873651,11.89593133732269,True,1,10.080102616000659
286,0,1,0.5206492841162497,1.0105817068403078,2000.1974378352354,0.8130068978089563,0.009264900365672225,2.723545537945779,0.03847295385333988,0.4,0.2,False,none,102,0.5207359282859011,2027.2719531667,9.509720364442309e-05,8.117649627890113,6.814473741087026,False,0,5.100619198998174
285,0,1,0.5566904257354515,1.2772956053721252,2000.1126272286115,0.6870401549351609,0.01171010363752185,2.847827146061713,0.048208978093773044,0.4,0.2,True,exact,95,0.5564976273076858,2027.3873290505767,0.00014030454818658722,13.799585588188934,10.61494245386743,True,1,9.980252348002978
290,1,1,1.0702726326803336,1.035112029207829,2000.1902350562086,0.6169370042898848,0.009489791624968312,4.403189781788891,0.0627928974343949,0.4,0.2,False,none,50,1.0707260888221988,2026.9374230538883,0.00011199020654539815,7.603863349587645,6.63052444683567,False,0,4.934819428999617
287,0,1,0.5559180058839672,1.0212241371003488,2000.415796483293,0.5915479776208186,0.009362468979214797,2.845192255853298,0.05278117606332124,0.4,0.2,True,exact,95,0.55596199262689,2027.6555490970509,9.88314686484193e-05,12.138659184012093,8.00661974032212,True,1,10.066808528001275
288,1,1,1.2005793120984163,1.2170947158255312,2000.9932901029683,0.10538552693465107,0.011158188597106253,4.753699167155226,0.08148150887796894,0.4,0.2,True,exact,45,1.200609710786867,2027.404819887311,0.00016079143233727056,13.704350590913434,10.159096815807969,True,1,10.012067253999703
289,1,1,0.9038690266025516,1.237594091239561,2000.7345113484216,0.02627100177754286,0.011346124584353953,3.9340643581231367,0.0747786809027806,0.4,0.2,True,exact,58,0.9038350816928056,2027.8509899507842,0.00014266848624400197,13.482593779513309,10.50023344725069,True,1,9.94035432199962
293,1,1,1.147958594483787,0.9501851923665556,2000.712307294474,0.8289092225091964,0.008711191857744901,4.613762908634264,0.04640221415967926,0.4,0.2,False,none,46,0.918217796609037,2027.5754401482711,0.00014745907223034926,5.3538225517354014,5.417247462630994,False,0,5.14609426899915
294,1,1,0.869021929217271,0.96465161646028,2000.2082248511367,0.346373733528712,0.008843818420217496,3.8322892526015844,0.06939960851817761,0.4,0.2,False,none,60,0.8693407527011957,2027.1507352087372,0.00010375778002258418,8.90518226445532,6.377292047959597,False,0,5.007189241998276
291,1,1,1.018470523288495,1.1929464471116624,2000.0158628435943,0.5777728948008418,0.010936799963091699,4.259939521641381,0.06413750253074581,0.4,0.2,True,exact,52,1.0181720944391375,2027.5144421227735,0.0001404700435778672,10.542087559467657,7.899599660727307,True,1,9.998690093998448
292,1,1,0.8198543601199668,0.9637106550310056,2000.0825034370246,0.006536956146465356,0.008835191790790939,3.6863417747019893,0.07234011168153898,0.4,0.2,True,exact,65,0.8197038246245829,2027.1361637126113,0.00010436547111070116,10.879715258599427,7.846038770203902,True,1,9.856105385999399
296,1,1,1.2050549239889623,1.0567397961487843,2000.8826463703801,0.8431327523939756,0.009688072579871441,4.765505975909086,0.04553762373571625,0.4,0.2,False,none,43,0.5936161112882413,2027.1765270913043,4.8612069716069684e-05,5.116893450465578,4.9341523018908875,False,0,5.259699228001409
297,1,1,1.0316853402005404,0.9577727513344294,2000.0745246115623,0.5459259519713936,0.008780753752028352,4.296709219178495,0.06580401088862893,0.4,0.2,False,none,52,0.5936161112882413,2027.1765270913043,4.7966253187814445e-05,4.836639442106875,4.712494945112133,False,0,5.162640214002749
298,1,1,0.9916631381861511,1.1630554315725152,2000.3978132231455,0.7510756102197408,0.01066276246674236,4.1848565026744335,0.05208688664622004,0.4,0.2,False,none,53,0.9917765773151496,2027.179237118759,0.00012198763379867028,7.2491065481033745,5.923906091892333,False,0,4.973681408999255
295,1,1,1.0679388447002518,1.1422965288606137,2000.7501596079658,0.619992631718201,0.010472447162176053,4.396786522593939,0.06266717698869234,0.4,0.2,True,exact,49,1.0678131839936,2027.45314209984,0.0001087722418126047,8.843514013690418,7.427020580191435,True,1,9.674661370001559
302,1,1,1.052980302958998,1.0193567739366525,2000.337611759612,0.1751045925725527,0.00934534920202007,4.355633094572404,0.07723690065147251,0.4,0.2,False,none,50,1.0530868499451085,2027.7161955985728,0.00010278897706583745,9.166436051716056,6.823855049705678,False,0,4.69880523699976
299,1,1,0.8282184734264684,1.1470260578964808,2000.4550713328751,0.5898180251929886,0.010515806956834187,3.7113712531107494,0.059539337993410116,0.4,0.2,True,exact,64,0.8283383951869859,2027.7843857911705,9.704073798644242e-05,10.008091015095397,7.048637185470777,True,1,10.043560313999478
300,1,1,1.15141311557307,1.0783779457491691,2000.2298805406,0.31899038079242537,0.009886448721838114,4.623014321367556,0.07670365623649526,0.4,0.2,True,exact,47,1.1514432838666075,2027.8631544377986,0.00012384402456933064,10.310394754685275,8.230932356140185,True,1,10.422519115996693
301,1,1,1.2518237681824373,1.1255359074823668,2000.0268645005165,0.4223400882129567,0.01031878765489907,4.888023136048084,0.07555178853720285,0.4,0.2,True,exact,42,1.2516534851520063,2027.5727047983441,0.00013668172155989478,10.67531604126364,7.89382993044835,True,1,9.445078184999147
303,1,1,1.0967412109718044,1.2282970370848705,2000.8653754256995,0.2355259298270141,0.011260890228878844,4.475489740500738,0.07745285903629069,0.4,0.2,True,exact,48,1.0965102041392407,2027.1799167743418,0.0001356522221011014,10.774711095983132,7.545488234305178,True,1,10.628426104998653
304,1,1,1.042989460601398,1.159558629932612,2000.0323596010846,0.34363585147423026,0.010630704179349134,4.328038054449363,0.07373986004589052,0.4,0.2,True,exact,51,1.0429020664468696,2027.1506099776186,0.0001257083379322399,10.707964057069402,7.7474104088882925,True,1,10.13494092700057
305,1,1,1.1118017398255648,1.1877747351020398,2000.8487178000614,0.5071758726710015,0.010889386284252293,4.516368367329765,0.06940138769325825,0.4,0.2,True,exact,48,1.1121537448769856,2027.5354398770476,0.00013108773380854366,10.629833228018756,8.805573251653023,True,1,10.115027343999827
306,1,1,1.1367980068763202,1.2851960656676258,2000.4248194510258,0.12273069313876137,0.01178253417627524,4.583810548755467,0.07995965852352328,0.4,0.2,True,exact,46,1.136801673866133,2027.707458922787,0.0001411150412924389,11.526544724010783,8.993989019624568,True,1,10.423587450000923
309,1,1,0.8059697776843459,1.08670589394137,2000.1934767089003,0.5600662374819365,0.009962798421945454,3.6446035623621786,0.06042844367549382,0.4,0.2,False,none,66,0.8062203798431767,2027.5986673938348,8.811126681385062e-05,7.7870190017422445,6.485469263642613,False,0,5.309433769001771
307,1,1,1.1229745973140663,1.1944584322861116,2000.723279399122,0.37901318813602136,0.010950661674520697,4.546575551185443,0.07447932305112182,0.4,0.2,True,exact,48,1.123484495252052,2027.6830940318825,0.00012476332158295467,10.396665793090364,8.225097792193608,True,1,10.101547375001246
308,1,1,0.8434410884508323,1.2725644693025089,2000.6468260336092,0.3724055524504814,0.011666729109757556,3.7567096176484145,0.06828942442300898,0.4,0.2,True,exact,62,0.8435160121167306,2027.6380202002354,0.00013534411821758408,11.130194983018212,8.460192275565934,True,1,9.968189391001943
311,1,1,1.2486257124649534,1.017633460498396,2000.2891082722242,0.7378200834008289,0.009329550056640535,4.879694576141596,0.05694508605473413,0.4,0.2,False,none,42,0.5936161112882413,2027.1765270913043,4.847825006581985e-05,4.894081734039546,4.748473476778118,False,0,5.0969586100000015
310,1,1,1.2250004952007376,1.034339288642841,2000.4332668463226,0.5362892058779478,0.009482707225661786,4.8179464307504585,0.07002622981044075,0.4,0.2,True,exact,43,1.2245929397300677,2027.3785446740615,0.00013570242450100523,10.360013860948333,7.729514984504568,True,1,10.31406414400044
314,1,1,1.0510404384063163,1.007316890433297,2000.2586377092848,0.453997496010658,0.009234968893017984,4.350281975365483,0.07021322702911317,0.4,0.2,False,none,50,0.5262079051315505,2027.562550650174,4.526901914458925e-05,6.059095028945834,6.0182545789149104,False,0,4.829040472999623
312,1,1,1.1755273396385946,1.2432966141050246,2000.9782194769177,0.33993496589991473,0.011398404677911825,4.687338095824031,0.0767796276024944,0.4,0.2,True,exact,44,1.1755758742851652,2026.8400129842737,0.00013768505949318666,11.563131623019256,8.621136277121884,True,1,9.943468654000753
313,1,1,0.9886727719519001,1.0726951439251358,2000.486786820545,0.3113790764243938,0.009834349428588341,4.176439295250665,0.07324718549488951,0.4,0.2,True,exact,53,0.9888153104361456,2027.183169631776,0.00010796262524337408,9.958137012700426,7.63566888698288,True,1,10.078933777000202
315,1,1,1.2213093818249083,1.262481389103623,2000.5986577572671,0.31799879403573833,0.011574288555184444,4.808263425537109,0.0783403975238101,0.4,0.2,True,exact,43,1.2211221806440764,2027.4670317241698,0.00013823931849077375,11.179839549887799,8.892983435880458,True,1,10.03220236499692
317,1,1,1.2240824977245413,0.9924878111233646,2001.1541727949739,0.4119677093207659,0.009099017547974604,4.815539130905792,0.07527628120272348,0.4,0.2,False,none,42,1.2242050896851535,2026.847629800055,0.00010186977716808432,4.999277776471367,4.980136378635697,False,0,5.155899711000529
316,1,1,1.2204508747897054,1.2739964322866466,2000.7850702521228,0.26381677011242644,0.01167985718667164,4.8060098814831065,0.07962266282044522,0.4,0.2,True,exact,44,1.2206116954669948,2027.640566675274,0.00015126926126984852,12.514380334384867,9.809532299618981,True,1,10.214436962000036
320,2,1,1.3275786678411505,0.978749257108352,2000.6225344756153,0.07721137317812864,0.008973064017195314,5.083287044879565,0.08419714402380936,0.4,0.2,False,none,40,1.3269088789515204,2027.1764588290305,9.022638491729129e-05,7.3302447377402355,6.042796732457656,False,0,4.825382303002698
318,1,1,1.1808127460849016,1.2646539581318301,2000.583740735407,0.38542167314363135,0.011594206425701633,4.701377728919577,0.07553447026184118,0.4,0.2,True,exact,44,1.180890606681617,2027.7440777036772,0.0001606594431469155,12.450203819251822,10.042239176749783,True,1,10.16814864099797
319,1,1,1.2113802213101919,1.1406203772046544,2000.9820705451898,0.07572827073171295,0.010457080390756083,4.782167420269688,0.08186966194550395,0.4,0.2,True,exact,44,1.2112291396137775,2027.6324577381697,0.00013418019488742328,11.880085331921567,9.861620655015967,True,1,9.870321937996778
321,2,1,1.7962515933548353,1.1315843841805182,2000.0370103523724,0.778361655364077,0.01037423941460653,6.218456036993801,0.0598115486284383,0.4,0.2,False,none,30,0.5936161112882413,2027.1765270913043,4.8318139024283724e-05,4.902904322022337,4.56410274731612,False,0,5.378931781000574
322,2,1,1.902791078011094,1.1983795393726295,2000.6824317084454,0.7323189843049441,0.010986609946920467,6.461973831940431,0.0658824487871833,0.4,0.2,False,none,27,1.9049366246291555,2027.3157273281415,9.645567816729539e-05,6.275836305723628,5.638162335820442,False,0,5.324281535002228
323,2,1,1.8606196052867199,1.04861513252787,2001.4823124838126,0.6727401043534275,0.00961358657003882,6.366140011907184,0.0705977944667039,0.4,0.2,False,none,29,0.7434602367611459,2027.1505060234012,4.7999043924606966e-05,5.013785727938809,4.719754437627027,False,0,5.224957057998836
325,2,1,1.9000120981219373,1.0812962154950665,2001.889792836486,0.8547800163995333,0.00991320309335789,6.455680596177543,0.05089486329247954,0.4,0.2,False,none,28,0.5936161112882413,2027.1765270913043,4.811601426613077e-05,4.730035878525952,4.621985225242459,False,0,5.041505555000185
326,2,1,1.4850782892113819,1.0770723008539131,2001.281843519557,0.18017003315744187,0.009874478715073083,5.4777729040538246,0.08627551419523631,0.4,0.2,False,none,36,0.5937740845643426,2027.1459405762287,7.724960577115692e-05,5.558626269193525,5.059504214882303,False,0,5.391914449999604
324,2,1,1.8132755351550998,1.0938887773108157,2001.0903895521344,0.3921927370867993,0.010028650295480973,6.257684437592815,0.08634172640088551,0.4,0.2,True,exact,28,1.8127232073946542,2028.2830356109198,0.00014792044421507722,10.708785732420518,8.116348452663784,True,1,10.403120478000346
329,2,1,1.8096922101286006,1.1251505640206505,2000.0354452732524,0.09478099820547879,0.010315254869024165,6.249437590506392,0.09313112108199002,0.4,0.2,False,none,31,1.8094187609788028,2027.181125164682,0.00012040736717255918,7.9898418540222025,6.411721342419932,False,0,5.486334038003406
327,2,1,1.3482480911512902,1.2410447924285897,2000.50136731382,0.4114504778423908,0.01137776022795571,5.135913099481819,0.07787751683395623,0.4,0.2,True,exact,39,1.3482972756240952,2027.465164262482,0.0001392442290594209,11.648373668412278,8.559027576871971,True,1,10.417814373999136
328,2,1,1.5440910087041992,1.2501269781296342,2000.2707785174757,0.2701067956210795,0.01146102469341472,5.621942336213398,0.08574869572872812,0.4,0.2,True,exact,36,1.5441832269111722,2028.0668475635678,0.0001330851574975478,10.196115518353658,8.47214217270199,True,1,9.686938361999637
330,2,1,1.8760125596340653,0.9786615095921422,2000.5622281296828,0.5589933313202562,0.008972259557754264,6.40120327051733,0.07888871445331212,0.4,0.2,False,none,28,0.5936161112882413,2027.1765270913043,4.734875081369161e-05,4.812173290126974,4.709216898011261,False,0,4.83988968599806
332,2,1,1.603418673664728,1.0018914896940538,2000.901644323188,0.6924562796237007,0.00918522942420245,5.765041202122167,0.06564874077289824,0.4,0.2,False,none,32,0.5936161112882413,2027.1765270913043,4.752342621561212e-05,4.749752836184959,4.637266191575079,False,0,5.2635295360014425
334,2,1,1.695993459954574,1.1380059277898518,2000.3971700949187,0.24050085758339362,0.010433111410142954,5.984858766815107,0.08899872466220149,0.4,0.2,False,none,31,1.6956966036915533,2027.534270659065,0.0001125469996158257,6.195561216830747,6.133796090137716,False,0,5.521404318998975
331,2,1,1.9397915879914858,1.0758496210209707,2001.1042329238142,0.4918415374806519,0.009863269322745226,6.545475051143788,0.08369326981014615,0.4,0.2,True,exact,28,1.939914454059216,2028.2617971484956,0.00012824011618495224,8.403761901120472,7.406759537914784,True,1,10.335720125996886
333,2,1,1.7430524471727433,1.133077206518249,2001.4750256098032,0.11902807938009889,0.010387925443285963,6.095061527160306,0.09177002463878645,0.4,0.2,True,exact,30,1.7424595355130073,2027.623416470195,0.00014315662701447351,10.259309928088292,8.187035363786388,True,1,9.504366887002107
335,2,1,1.5696250895811656,1.0122953907700116,2001.449609614318,0.4149965632440375,0.009280611228791449,5.68375145984753,0.08145005020393252,0.4,0.2,False,none,33,0.5936161112882412,2027.1765270913043,4.829477415124739e-05,4.983787987513406,4.979442885336897,False,0,5.250046739001846
338,2,1,1.3125311474292096,1.0906546051428547,2000.017744062419,0.6324692993610533,0.009998999765792212,5.044802898976143,0.06600669638095617,0.4,0.2,False,none,41,1.3108828970722415,2027.582447088517,0.00010446227425120469,9.101681341762799,6.7646827549162,False,0,4.396294125999702
339,2,1,1.4747271406336795,1.0602145902313376,2001.1567657602616,0.8668524615307406,0.009719929104433655,5.452289482106392,0.045223452649343236,0.4,0.2,False,none,36,0.5936161112882413,2027.1765270913043,4.7509729942274426e-05,4.761674643142515,4.805940107189095,False,0,5.110573670997837
336,2,1,1.748529054566868,1.2063504840222117,2000.950908564412,0.11070536947606807,0.011059686678370085,6.107821825344712,0.09201225890307287,0.4,0.2,True,exact,30,1.7484530106373333,2027.17601390956,0.00013642115498424534,8.47641015249513,7.0661289286940585,True,1,10.45188964999761
337,2,1,1.2898780837273849,1.0302217632591564,2000.2091984566828,0.2767602459101656,0.009444958212222547,4.986588906712882,0.08056931516668642,0.4,0.2,True,exact,42,1.2903332328158492,2027.2915291391328,0.00011581410979932816,10.444686715438921,7.53355644149358,True,1,9.814516007998463
340,2,1,1.3526084063781016,1.1610365923108616,2001.1592444071916,0.5139128495853336,0.010644253973577558,5.146980373552824,0.07351746930115972,0.4,0.2,True,exact,39,1.3522151655838601,2026.8663068960932,0.0001245099771448599,10.608254140436173,7.451803876101565,True,1,9.763321531998372
343,2,1,1.652774786680022,0.9886276394749569,2000.453981196328,0.8769777712965544,0.009063627924874548,5.88274798017336,0.04519619989159334,0.4,0.2,False,none,32,0.5936161112882413,2027.1765270913043,4.808276784606935e-05,4.99335774936,4.728992171457475,False,0,5.469722499001364
341,2,1,1.4874665603118724,1.271715373570437,2001.0174947323483,0.47072146260351766,0.01165894469479604,5.483644155801435,0.07795633681715972,0.4,0.2,True,exact,36,1.4875858030298914,2027.800763204538,0.00015351286530373986,11.60611101643212,9.112174885790026,True,1,10.469877282997913
342,2,1,1.2664254901311398,1.150876362616017,2001.121622368055,0.47610791234310657,0.010551106121030931,4.925960060040437,0.0736979468045096,0.4,0.2,True,exact,42,1.266441768716183,2027.7241833930398,0.00013868293866248216,11.125166594244247,9.10023260767242,True,1,10.243059740998433
344,2,1,1.737030393080488,0.9492991391277484,2001.6014630406592,0.4234493725519946,0.008703068620483962,6.081014920604108,0.08376570907697779,0.4,0.2,False,none,29,0.5936161112882413,2027.1765270913043,4.801954672295494e-05,4.52353950102021,4.754698371968663,False,0,5.090233770999475
345,2,1,1.4846167548586824,1.120685588194796,2000.9866571494038,0.8531923846373115,0.010274320468686543,5.476637919516973,0.04734086222768295,0.4,0.2,False,none,36,0.5935409006913492,2027.1545228227774,3.876779552858256e-05,5.034015464561104,4.110799608486211,False,0,5.399929912997322
346,2,1,1.7046223536209668,1.1760055201538504,2001.5226742592504,0.8177941499936893,0.010781487434372967,6.005141477594866,0.05427067623598804,0.4,0.2,False,none,30,1.7042263127790158,2027.0919103166852,0.00018661040688972008,5.413461666331862,6.342887859320355,False,0,5.44647377399815
348,2,1,1.8202419851881066,1.1884436755575618,2000.6888140259325,0.6094851742843165,0.010895519055733341,6.273701852374664,0.07504683267031692,0.4,0.2,False,none,28,1.8196729784494534,2027.9943134267419,0.00013110212015265965,7.160706305638991,6.3575534624825005,False,0,5.139052988997719
349,2,1,1.8416779341764504,1.2380548650972123,2000.811645330973,0.4099911510733518,0.011350348907685109,6.322860213979661,0.08620804714363296,0.4,0.2,False,none,28,1.8403793975353806,2026.6051553154953,0.00014730744750113267,7.5978479896397495,6.751503812116919,False,0,5.285532803998649
350,2,1,1.5884529048580103,1.2365381916655993,2000.658415480281,0.6452735224287819,0.011336444214837371,5.729112532790515,0.06938431277820892,0.4,0.2,False,none,34,1.588719240858747,2027.6605708445986,0.00013577877996862053,8.922038908386947,6.970922420869365,False,0,5.330300637997425
347,2,1,1.276358815290851,1.0231955004374587,2000.2701735614978,0.18681811497566436,0.009380542218398959,4.951684652256341,0.08200078228209928,0.4,0.2,True,exact,42,1.2757023225496593,2027.0724961693763,0.00010413424743693778,8.922992056335351,7.1146613233706315,True,1,10.476020454003447
352,3,1,2.8131240455986886,1.0931124318831824,2000.0703642595718,0.17002645959944238,0.01002153284719581,8.386170979874489,0.10658073503792515,0.4,0.2,False,none,19,2.8131750116929948,2028.2017370960966,0.00011308655993114147,5.547629278659977,5.010692401918085,False,0,5.284712032000243
354,3,1,2.62237105283735,1.0822730033700536,2001.9268837796849,0.22573650189600208,0.009922158175642574,8.00265114910229,0.10297792083865756,0.4,0.2,False,none,20,0.8745333252186588,2027.281301310945,6.429037572075469e-05,6.363580201087103,5.424832494736121,False,0,5.1862482049982646
351,2,1,1.369961106091704,1.2190617487762674,2000.5357580432496,0.13299819224655507,0.011176222135791163,5.19090740916973,0.08476834344284392,0.4,0.2,True,exact,40,1.3701519512704223,2027.9374140254083,0.00014371113889943832,11.863509761181271,8.812982161582367,True,1,10.437792802000331
355,3,1,2.7062840580339795,1.0338589387449484,2002.3373248133842,0.49145071322946404,0.009478303431377254,8.172470787862814,0.09329592260351971,0.4,0.2,False,none,20,0.5936161112882413,2027.1765270913043,4.731572060534539e-05,4.759689560414238,4.815232925873994,False,0,5.001732557000651
353,3,1,2.029535750518299,1.278181290428662,2001.6232341119926,0.5407610877004132,0.011718223499328806,6.745833140741493,0.08237439223282005,0.4,0.2,True,exact,26,2.029063193450743,2028.0043189106932,0.00013531273068323468,9.424258297033528,7.165430372689004,True,1,10.121464645002561
356,3,1,2.4817770420697873,1.2408179269806179,2000.849184539045,0.6852575610789982,0.011375680350833806,7.713999965165351,0.07659771398158986,0.4,0.2,False,none,21,1.2403967036968726,2026.9226797359677,0.00010687367485018306,5.3166461607632165,5.4474701249229565,False,0,5.109040695999283
358,3,1,2.4026552082255472,1.0432246939370937,2002.0117050264798,0.6476829851214352,0.009564167630300671,7.5491622370227285,0.07888494321993254,0.4,0.2,False,none,21,1.2003511248694316,2027.2514747471275,7.768656832729537e-05,4.742348548574003,5.280702457714319,False,0,5.264581765000912
359,3,1,2.880930822796956,1.0317870406447902,2002.163569100761,0.8112954757328502,0.009459308500699348,8.520393991705348,0.06499839738001197,0.4,0.2,False,none,18,0.5936161112882413,2027.1765270913043,4.7243403626384683e-05,4.596203901550604,4.76542112880157,False,0,5.3026888629974565
357,3,1,2.386607752948923,1.250193259696278,2001.5741159537035,0.04789693753917972,0.011461632355424507,7.515510550266792,0.10243782370626354,0.4,0.2,True,exact,22,2.3864270164146966,2027.8215305138951,0.00016383455388191415,10.048905763304424,8.40506027034868,True,1,10.19893397100168
362,3,1,2.8036720437385187,1.0864117262295008,2002.1996085701758,0.6952514104337326,0.009960101525175189,8.36737561040751,0.0785048016036018,0.4,0.2,False,none,17,1.4099009224078451,2027.4339183069992,0.00015772177780593033,4.823745015986316,5.44815339835019,False,0,5.209506383002008
360,3,1,2.4740007473953045,1.2675665601552097,2001.1891330110836,0.6371010346971836,0.011620908836173557,7.697877725341358,0.08080625834327375,0.4,0.2,True,exact,20,2.474837845054823,2028.4114975456032,0.00016276974522333454,9.749788237671426,8.643411697523733,True,1,10.463480010999774
363,3,1,2.9050184376502592,1.0567135622151047,2002.2256172299924,0.5745189801451593,0.00968783207009366,8.567821030850611,0.0899554080175349,0.4,0.2,False,none,18,0.5936161112882413,2027.1765270913043,4.828405864143459e-05,4.972916248365059,4.848996411796879,False,0,4.890627469998435
361,3,1,2.245067064104506,1.274602817455553,2001.8705526475292,0.4384756039571871,0.011685416458262559,7.2153489025904145,0.09071044635034806,0.4,0.2,True,exact,24,2.244985636099108,2026.57218574709,0.0001585504249805858,9.524166096286462,7.532989770992608,True,1,10.161730489999172
364,3,1,2.90134450842362,0.950411862045709,2000.6683289225728,0.2576005786932459,0.008713269940080117,8.560595785443404,0.10548973167958703,0.4,0.2,False,none,18,1.4510420310321483,2026.7794336419122,8.334724652236947e-05,5.951328990790557,5.425438228167318,False,0,5.3501492610012065
365,3,1,2.4314414906536226,1.2612219602176638,2000.5771052053028,0.7108785256569952,0.011562742251637604,7.6093402913196595,0.07362974166932633,0.4,0.2,False,none,23,0.8099371046912686,2027.3317656006452,0.00015359747677434754,6.489362812377091,5.892569904887165,False,0,5.015592552001181
366,3,1,2.6739656176342663,1.2236098845334313,2000.6227735229143,0.813470275455048,0.011217918937103175,8.10727684076189,0.06344251916736283,0.4,0.2,False,none,19,0.7484223104476956,2027.6730208844504,0.0001134275996041989,4.349405911538395,4.734005607855762,False,0,5.34662920700066
369,3,1,2.2783228416839907,1.1645510099344756,2000.4414268373475,0.5951147658719645,0.010676473762344514,7.286427257526764,0.08174978006221635,0.4,0.2,False,none,22,1.1385459044904553,2027.785257957771,6.361695325207695e-05,5.996916541908435,4.742123404226578,False,0,5.313780184002098
370,3,1,2.7131081216022452,1.1239220448155944,2001.854704184805,0.5026825892167944,0.010303991941984105,8.18620328292614,0.09280658147596718,0.4,0.2,False,none,20,5.429716804117151,2026.2993359664686,0.00028869121338648274,5.7957864617298025,6.489211405814382,False,0,5.281893308998406
367,3,1,2.658522357383185,1.1884936778703061,2002.2672545398377,0.3042783216557836,0.010895977471359205,8.076031459474686,0.10132650616217226,0.4,0.2,True,exact,20,2.661000040312515,2026.1950941128127,0.00016309397315739105,7.7734659756840445,7.180860781527344,True,1,10.017204245999892
368,3,1,2.4904853893034593,1.1071887410852859,2001.5049969543006,0.1717043596983031,0.01015058287985635,7.732034613813222,0.10237050213224899,0.4,0.2,True,exact,20,2.4910084299610067,2026.4106051329436,0.00015445559480209425,10.23395909174595,8.025536154385064,True,1,10.388002242998482
371,3,1,2.0350641818279516,1.0218027925751316,2000.087500089176,0.42001269729183877,0.009367774028063026,6.758077965452588,0.08842138531810374,0.4,0.2,False,none,26,1.356195991079602,2027.8973573215922,0.00010834281586336036,6.15319038448075,5.524238567634442,False,0,5.307613954002591
372,3,1,2.5000289806174725,1.0724487833320735,2001.999587377259,0.675484958124921,0.009832090822150781,7.751774896955363,0.07747741144615702,0.4,0.2,False,none,22,0.5936161112882413,2027.1765270913043,4.8306055789537616e-05,5.051801495676533,5.039575633968234,False,0,5.0854557160018885
373,3,1,2.5626052141956284,1.2490998782420042,2001.2690659419904,0.2897723767276929,0.011451608356210043,7.88059352882645,0.10062755963544225,0.4,0.2,False,none,20,2.565743708216156,2026.8996245821616,0.00021066692808646703,8.073260572226808,6.972748522616312,False,0,4.916881720000674
374,3,1,2.4626419352412743,1.0831495935434565,2000.3711379334497,0.30137686819062237,0.00993019465657542,7.674297621132294,0.09879540264738466,0.4,0.2,False,none,23,2.460891643859148,2027.461735165784,0.00014312592366050314,8.655653500264322,6.99361578042904,False,0,5.227409544000693
376,3,1,2.1539858002584515,1.0152588143651644,2001.5832854161715,0.488943007695355,0.009307779565764633,7.018856252021689,0.0866935892447298,0.4,0.2,False,none,25,1.0758257662804556,2027.4677795736782,8.294690450894038e-05,7.629049499182339,6.6115761931599355,False,0,5.236502809999365
377,3,1,2.725596450916525,1.058002413182614,2002.257964446619,0.04505365239578968,0.009699648112002343,8.21130456395588,0.10684738062626384,0.4,0.2,False,none,20,0.5936161112882413,2027.1765270913043,4.83196165728117e-05,4.8537239424937875,4.965495795792711,False,0,5.168417144999694
378,3,1,2.0010331268242862,0.9563464030516021,2001.184168937926,0.7773754585852868,0.008767677150069604,6.682525781840298,0.06179258180172097,0.4,0.2,False,none,26,0.5936161112882413,2027.1765270913043,4.7953832420843945e-05,4.833234917464093,4.727725169976241,False,0,5.110346723002294
375,3,1,2.208063315313103,1.2658973144214314,2001.857129402414,0.003452702127414642,0.011605605377477837,7.135846057238404,0.09997477119343946,0.4,0.2,True,exact,24,2.208589132694788,2028.353525321504,0.00015550040341105742,9.063791316349912,8.178234160003395,True,1,10.297081134001928
379,3,1,2.318770027800243,0.965468715524224,2002.0387178149915,0.4496712602224105,0.0088513094932946,7.372411639678189,0.09081053532234092,0.4,0.2,False,none,21,2.3199700308548215,2027.5242276310698,0.00023281119417406515,4.80648987091278,5.448224318911984,False,0,5.445507530999748
380,3,1,2.508037951361734,1.0410652928395276,2001.4870550694402,0.833703019293008,0.00954437048190282,7.768321541783108,0.0589005027392194,0.4,0.2,False,none,21,0.5936161112882413,2027.1765270913043,4.798365866376386e-05,4.935315855195819,4.7952463683550635,False,0,5.49861023899939
381,3,1,2.345631545743034,1.0998480829122352,2001.9843227715392,0.6655471365504911,0.010083284544519948,7.429238828221872,0.07680474479074084,0.4,0.2,False,none,22,2.3461315999163452,2027.7748304115798,0.00014317412968167798,5.087831414616372,5.196053656693874,False,0,5.276024482998764
382,3,1,2.7529307310063476,0.9557668557032156,2000.0165322810658,0.3956061719455531,0.00876236392462366,8.26611253154931,0.09869307567349342,0.4,0.2,False,none,18,0.918217796609037,2027.5754401482711,0.00015600767063150833,6.059317188353021,5.754342511872745,False,0,5.177110299999185
383,3,1,2.6885010043625077,0.9657990580160659,2000.5751571283777,0.4459076866935292,0.008854338036412635,8.136630471302498,0.09552139585041104,0.4,0.2,False,none,19,0.537304539809093,2027.4736252802638,4.942467822832697e-05,7.211518657050756,4.833192573636185,False,0,5.179301273998135
384,4,1,3.6035969988769483,1.1599634266660255,2000.508471680336,0.6204327021466441,0.010634415310649096,9.891494984080644,0.0927971731420089,0.4,0.2,False,none,16,0.5936161112882413,2027.1765270913043,4.840605972900036e-05,5.007130067198261,4.482597426557622,False,0,5.144878474999132
386,4,1,4.005154964855274,0.9865217293316545,2003.604178429523,0.7366121251506107,0.009044321175578877,10.613305698110658,0.08309663965396573,0.4,0.2,False,none,13,0.5936161112882413,2027.1765270913043,4.840570284270207e-05,4.927679262098341,4.829556218509185,False,0,5.28796269400118
387,4,1,3.57843139784758,1.0955687843629822,2002.5960659355499,0.3900190114705922,0.010044052412743332,9.845389931003412,0.10803904574044502,0.4,0.2,False,none,14,0.5934581800408449,2027.172805601838,4.780685393745987e-05,5.26872915947361,4.873207268429398,False,0,5.375992822999251
388,4,1,4.065751369838405,1.038279770856539,2002.0460038022597,0.1257973712037696,0.009518833127066396,10.720087628421618,0.1211079581912093,0.4,0.2,False,none,13,4.065965431892091,2026.4624592580192,0.0001430102098424202,6.253575382904788,6.174861003079383,False,0,5.329647154001577
385,4,1,4.1971972239040864,1.245508123487355,2001.6048679624214,0.0764675842691674,0.011418679549252119,10.94991401069659,0.12322861027315875,0.4,0.2,True,exact,13,4.19432515973253,2026.8092452292285,0.00017813448891268457,7.734035913691049,7.0166859911353,True,1,10.16474411099989
389,4,1,4.899731991032898,1.00610770655756,2000.9700129118582,0.852768029208257,0.009223883230120416,12.140018287481215,0.06953539417038869,0.4,0.2,False,none,11,0.5936161112882413,2027.1765270913043,4.701572237630902e-05,4.685683374458225,4.616592486339466,False,0,5.186469938002119
391,4,1,3.5361177545132314,1.036228268910138,2001.965105107028,0.8512708479320551,0.009500025186051102,9.767624074225706,0.06279985317493818,0.4,0.2,False,none,14,0.5936161112882413,2027.1765270913043,4.8174115530930095e-05,4.873327708741711,4.700677353197917,False,0,4.951259099998424
390,4,1,4.3271555719564665,0.9575654699677415,2000.2131510274821,0.544796707918575,0.008778853419579203,11.17479239815101,0.1048736612901487,0.4,0.2,False,none,13,0.5936161112882413,2027.1765270913043,4.7963457962652e-05,4.972430065496343,4.961518196667051,False,0,5.183534682000754
392,4,1,3.5889522547778583,1.0047891364276396,2000.7639826299803,0.884392449952978,0.009211794726245693,9.86467794431433,0.05655229484635438,0.4,0.2,False,none,16,0.5936161112882413,2027.1765270913043,4.832653457487179e-05,5.06137614428104,4.895007298397704,False,0,5.278040901997883
393,4,1,3.8409909391375954,1.0793493321662022,2001.4798884863342,0.8577186157045801,0.009895354284158766,10.321274119806242,0.06339824598483425,0.4,0.2,False,none,14,0.5936161112882413,2027.1765270913043,4.798692455088016e-05,4.95527466913422,4.835684489841301,False,0,5.249345173997426
394,4,1,4.113495707463794,0.9824534791783467,2001.554001675215,0.05172857768255834,0.009007023911955458,10.803848603257098,0.12230440304562955,0.4,0.2,False,none,12,0.5936161112882413,2027.1765270913043,4.748514348207333e-05,4.598422680682787,4.741340575937691,False,0,5.152569356996537
395,4,1,3.438190789443433,1.2497703726276523,2000.40005060608,0.14424827280260166,0.011457755373949158,9.586449138471728,0.11451171994243486,0.4,0.2,False,none,16,3.4396596633388747,2027.892277306711,0.0001574000881463533,6.031691570047377,5.264700471995971,False,0,5.407410036998044
396,4,1,4.4671407230038405,1.0716577871611312,2001.6742784809965,0.8318307492579373,0.00982483905748514,11.414517192283904,0.07154326396775532,0.4,0.2,False,none,12,0.5936161112882413,2027.1765270913043,4.7406208559142016e-05,4.762162233298272,4.61647064074496,False,0,5.198752058997343
397,4,1,3.841763870916748,1.1277771929513376,2001.5230985103883,0.5465205394890623,0.01033933551008039,10.322658723130212,0.10092315243511252,0.4,0.2,False,none,14,7.6843098862618175,2028.4212109087855,0.00018699433464641757,6.043232913862009,5.839323226704908,False,0,5.154584234998765
398,4,1,4.32865025202931,1.0422629859402583,2001.3039534901118,0.5547135412724676,0.009555350798656837,11.177365570883486,0.10420742186924808,0.4,0.2,False,none,13,4.334748655700605,2027.2436481842037,0.0001551217583564135,6.145622688327204,6.0602430739944335,False,0,5.2222075360004965
399,4,1,4.446506162928063,0.9655364126769888,2002.7092428663223,0.5870761850501088,0.008851930133240048,11.379339546215665,0.10227186387011714,0.4,0.2,False,none,12,0.7434602367611459,2027.1505060234012,4.7791992503487535e-05,4.733323118327567,4.613928188729637,False,0,5.317691233001824
400,4,1,4.562451961667008,1.160875232009826,2000.6222157416028,0.42818907961918695,0.010642774640336165,11.576305888383862,0.11504447614122522,0.4,0.2,False,none,12,0.537304539809093,2027.4736252802638,4.076076653825034e-05,5.1607962995232395,4.150917528212076,False,0,5.3566928090003785
401,4,1,3.8285860701749392,1.239256945391753,2001.1907805700148,0.46442792067210925,0.01136136944574262,10.299039741471706,0.1065532553832212,0.4,0.2,False,none,15,0.7655909133908207,2027.2324007186787,5.405262581015258e-05,5.590489444613986,4.90452469394949,False,0,4.9788435800001025
402,4,1,4.455356155197139,1.2605854548913904,2001.4131059847643,0.2572043445008557,0.011556906841803617,11.394433597770963,0.1219446991032555,0.4,0.2,False,none,11,0.5936161112882413,2027.1765270913043,4.6350685529827906e-05,4.52692164074506,4.721486009509571,False,0,5.327242281000508
403,4,1,3.8245872505236975,1.0445614815610997,2002.553682809058,0.6902507259872483,0.009576423150129151,10.291867176233561,0.08742025956448549,0.4,0.2,False,none,12,0.5936161112882413,2027.1765270913043,4.721030650378655e-05,4.586457319505265,4.529546180508527,False,0,5.114415631000156
404,4,1,3.828046805498213,1.0606151286008683,2000.2789356310989,0.6620117534758386,0.00972360119552853,10.298072623999241,0.0904822420098225,0.4,0.2,False,none,15,0.5936161112882413,2027.1765270913043,4.833666651105073e-05,5.028620825206225,4.826595089160931,False,0,4.897659358997771
405,4,1,4.374817332329711,1.0290077768899095,2000.0450007247964,0.3544133657637028,0.00943382852060016,11.256699519965334,0.11712153903135702,0.4,0.2,False,none,13,1.0931946660059246,2027.386116650148,7.190358975295297e-05,4.948279234224539,4.951284919372141,False,0,5.160895111999707
406,4,1,4.823911837301866,1.2224821331426146,2001.772121022954,0.3856951509049167,0.011207579838144185,12.014453808363143,0.1196492549333116,0.4,0.2,False,none,12,0.537304539809093,2027.4736252802638,4.578570835878093e-05,6.440440917841536,4.580207108970812,False,0,5.0738372650012025
407,4,1,3.316400342823573,1.1269981651650336,2001.7138084200772,0.22590460246421815,0.010332193470230129,9.358705008813656,0.11131669450115014,0.4,0.2,False,none,16,0.5936161112882413,2027.1765270913043,4.793996041163595e-05,4.909352885470276,4.567387185442935,False,0,5.119559992002905
408,4,1,3.68252645728579,1.1352093581806457,2003.3853086564884,0.8330570458998692,0.010407472771901648,10.035408169623087,0.06705526726181134,0.4,0.2,False,none,14,0.5936161112882413,2027.1765270913043,4.784779947208939e-05,4.756722292404769,4.617552934765922,False,0,5.327730656001222
409,4,1,4.618072103996234,1.1995689236836986,2003.6144190972525,0.3923636364329165,0.010997514089617648,11.670199054188885,0.11755544568074706,0.4,0.2,False,none,12,0.5936161112882413,2027.1765270913043,4.872107046083318e-05,5.098675181595512,4.67449493466969,False,0,5.277046536000853
410,4,1,4.169567351278541,1.1842092077051511,2000.1148187919987,0.48862914723329715,0.010856697926784856,10.901806090609009,0.10795914721031988,0.4,0.2,False,none,14,1.3898051012606993,2027.8898845772974,6.104634164072475e-05,5.47044344750884,4.430904457897252,False,0,5.293913970999711
411,4,1,4.256584767874015,1.0944889161689337,2000.218952876629,0.7526085839114777,0.010034152301591314,11.052961275367219,0.08281716079484508,0.4,0.2,False,none,13,1.001715895819953,2027.2738682496388,8.360094094717052e-05,4.8637298012677554,4.856473152399361,False,0,5.320435199999338
412,4,1,3.778471602913231,1.0473787840341489,2003.322325255615,0.490522738024375,0.009602251864953578,10.208969331097887,0.10421026229699783,0.4,0.2,False,none,13,11.33418562911144,2026.0163712582228,0.00021191485655691622,5.087914606633622,5.342223450406984,False,0,5.154796696999256
413,4,1,4.80999284135426,1.048597351857332,2004.44297344526,0.3725795122814146,0.009613423558834626,11.99133154248191,0.11999057908322944,0.4,0.2,False,none,10,0.537304539809093,2027.4736252802638,3.8507643734142505e-05,4.5546510518158705,3.9614183448869134,False,0,4.99839903800239
414,4,1,4.777616035811169,1.0167047871391803,2002.6360678762953,0.06293027587015462,0.009321036082869636,11.937460655735558,0.12848599579343278,0.4,0.2,False,none,10,0.5936161112882413,2027.1765270913043,4.9871386041733246e-05,5.241574612304921,4.866291624772049,False,0,5.050764392002748
415,4,1,3.350552528698244,0.9609920161913549,2000.205446162003,0.7450288121471764,0.008810267613152336,9.422845667885593,0.07729358948038136,0.4,0.2,False,none,16,0.5936161112882413,2027.1765270913043,4.766334411132611e-05,4.817618696532696,4.67886226794618,False,0,5.055305385998508
416,5,1,6.475098746121139,1.0934336617157148,2000.32798036896,0.16793158763405125,0.010024477846469744,14.619596556517566,0.14053059497106274,0.4,0.2,False,none,8,0.5936161112882413,2027.1765270913043,4.7147811129133466e-05,4.46813768113632,4.804295397374705,False,0,5.303043465999508
417,5,1,6.172886878098103,0.9801347711221248,2005.8984424427058,0.4748861856630705,0.00898576625513012,14.161089565931432,0.1236750916698398,0.4,0.2,False,none,8,0.5936161112882413,2027.1765270913043,4.818109500193124e-05,5.024536709115494,5.030143189032822,False,0,5.20135361299981
418,5,1,7.853334131804287,1.1121009603857037,2006.9429713339625,0.3021094586322294,0.010195617558482186,16.626742636055443,0.14503501643238317,0.4,0.2,False,none,7,0.5936161112882413,2027.1765270913043,4.845031916234088e-05,4.944282917974629,4.944691766439765,False,0,5.233964230999845
419,5,1,6.3777718502517535,1.1583353721730338,2002.3626723449067,0.6775003874302165,0.010619489488654344,14.472729451100689,0.10535166295284672,0.4,0.2,False,none,9,0.5936161112882413,2027.1765270913043,4.7687617468650245e-05,4.863227319549607,4.739921060846139,False,0,5.288400390996685
420,5,1,5.1109565510847546,0.968377540578925,2004.310034418879,0.013736040551624019,0.00887797727693897,12.486457693846024,0.13157861009215777,0.4,0.2,False,none,10,0.5936161112882413,2027.1765270913043,4.834296292099971e-05,5.051765843241514,4.785347117455567,False,0,5.225517575003323
421,5,1,7.703878581927052,1.073070980862468,2000.3812689898584,0.06125642716141396,0.009837795059708075,16.415120570294896,0.1506756058152172,0.4,0.2,False,none,8,0.7005578833681944,2027.0744873284082,7.019289810328289e-05,4.517253401550722,4.395077307091488,False,0,4.834612402999483
422,5,1,7.916516090933066,1.2670323626097375,2004.8964858681986,0.354660945170349,0.011616011372662306,16.715800911019357,0.14293049927363174,0.4,0.2,False,none,7,9.904117515707528,2024.658860031415,0.00017687817997336097,5.271727453351354,5.43284536104811,False,0,4.981789669000136
423,5,1,6.2482854618494095,1.0627093477780538,2002.1100246990886,0.6779722140012311,0.009742800763350877,14.27616961581677,0.10441372262487145,0.4,0.2,False,none,9,0.5936161112882413,2027.1765270913043,4.81528676450349e-05,4.831166039252923,4.815343967887652,False,0,5.259971884999686
425,5,1,7.29034699040773,1.093363495983312,2001.5515006744706,0.6291923184847263,0.010023834574861524,15.822311255873032,0.11602125492577665,0.4,0.2,False,none,8,0.5936161112882413,2027.1765270913043,4.7500409654510634e-05,4.761389893128789,4.749073215097091,False,0,4.9250747180012695
424,5,1,7.734771205950819,1.0842317026797352,2004.4596170647194,0.680298687554567,0.009940115312435849,16.45897448349724,0.1117918879050207,0.4,0.2,False,none,7,0.5934581800408449,2027.172805601838,4.607655104993391e-05,4.824647260874437,4.60799089680908,False,0,5.2889677439998195
426,5,1,5.3200585139743595,1.1409258281962789,2005.2563859921047,0.24244837132332678,0.010459880731376579,12.824744748111147,0.12967715040406003,0.4,0.2,False,none,11,0.5934506605533993,2027.1758526415697,4.9662599659217044e-05,6.15076547401866,5.3548752961192365,False,0,5.089306915000634
427,5,1,5.542703493601876,1.0055974159101466,2002.2921753729627,0.3371264298738189,0.00921920494238394,13.18010555866785,0.12748700045113673,0.4,0.2,False,none,8,0.5936161112882413,2027.1765270913043,4.838724991462762e-05,5.112547480436469,4.973201011777608,False,0,5.252984094000567
428,5,1,5.36520760949854,1.0967308044329336,2002.094747463108,0.7229058510807017,0.01005470568313022,12.8972013081241,0.09360301183777882,0.4,0.2,False,none,10,0.5936161112882412,2027.1765270913043,5.109305055017721e-05,5.60611406134674,5.121637976640997,False,0,5.161061397000594
429,5,1,5.557493487362852,0.9738233287308973,2002.2444900433482,0.12597103020147565,0.008927903655280345,13.203541425210878,0.13425291830166436,0.4,0.2,False,none,8,0.5936161112882413,2027.1765270913043,4.8541717526218164e-05,5.174853778001608,5.028444736822127,False,0,5.103857243000675
430,5,1,5.919415771274405,0.9631878793737697,2005.6442377185779,0.8416802064524712,0.008830399041877017,13.770731828263546,0.07626099910922016,0.4,0.2,False,none,8,0.5936161112882413,2027.1765270913043,4.6773379702935713e-05,4.605007958760229,4.756753750578524,False,0,5.23449128500215
431,5,1,5.712337253824183,1.1961424068892805,2004.9730547624024,0.47447416945290527,0.010966100165848097,13.447669203681999,0.12086944492745454,0.4,0.2,False,none,9,0.5936161112882413,2027.1765270913043,4.727882571453623e-05,4.419485404646734,4.543384553217097,False,0,5.043617036000796
432,5,1,5.8279978924859615,1.1847298882673218,2004.846035709697,0.5893863106063493,0.010861471468100913,13.62858335558824,0.11196146980393813,0.4,0.2,False,none,9,1.1650771084204727,2026.9945599520042,6.45496214793928e-05,6.121918866644085,4.86822543708195,False,0,5.369436625998787
433,5,1,7.532639883191402,1.2051108974101423,2006.122221499461,0.16065529792083683,0.011048322286577015,16.1709646467971,0.14810775030897014,0.4,0.2,False,none,6,0.5936161112882413,2027.1765270913043,4.8240372755747885e-05,4.64814256389311,4.702730712214357,False,0,5.351264226999774
434,5,1,6.008875916213396,1.1450171590176916,2001.729093173212,0.22027492932079104,0.010497389595990713,13.909129415966433,0.13574569755786342,0.4,0.2,False,none,8,0.5013004357376452,2027.278817279833,6.384979435636318e-05,5.115335085254766,4.844461710337813,False,0,5.291113517003396
435,5,1,5.307724976644303,0.9964970205329203,2004.5210129419638,0.3736206552707225,0.009135773532644845,12.804915937714274,0.1238487321485127,0.4,0.2,False,none,10,0.9639622352864564,2027.2250571713541,5.34635436687525e-05,5.362672257392809,4.451715370053132,False,0,5.041486816000543
436,5,1,6.555214716902813,1.022549040351473,2003.9942156694515,0.15884546578721825,0.009374615544438306,14.739940773274386,0.1412228855337328,0.4,0.2,False,none,8,0.5936161112882413,2027.1765270913043,5.152761997107014e-05,5.708360423224074,5.180961470127317,False,0,4.841616516998329
437,5,1,7.424286466983984,1.1723961485050816,2007.3062365554317,0.3562809626810469,0.010748397117694784,16.01551608488123,0.13968740977358018,0.4,0.2,False,none,7,9.904117515707528,2024.6491100314151,0.0001651698949264313,5.408207412545014,5.04879053559142,False,0,5.259269679998397
438,5,1,6.345389141578506,1.030251580290317,2003.3693599502221,0.460823332337866,0.009445231571438364,14.42369835856026,0.1259127630110648,0.4,0.2,False,none,8,0.5936161112882413,2027.1765270913043,4.7428919428771366e-05,4.604975255060762,4.58970209047329,False,0,5.049792109999544
439,5,1,7.013767537509006,1.276062480826982,2001.7617254588747,0.3237176398845867,0.011698798489237565,15.41956193871902,0.13889993181132246,0.4,0.2,False,none,8,0.5012877322361057,2027.2787172282497,6.46402691322212e-05,5.285295439671374,4.94787227121519,False,0,5.1840107690004515
440,5,1,6.058302123696044,1.1262562252315085,2003.2664051910542,0.15401103527541526,0.01032539144767728,13.985298567469524,0.13781015399064864,0.4,0.2,False,none,9,0.5936161112882413,2027.1765270913043,4.807598073885977e-05,4.740976685391468,4.779969182804045,False,0,5.258094047996565
441,5,1,5.590636417325843,1.006024140657822,2004.5043020458477,0.5803199719196379,0.009223117107272754,13.255983561325948,0.11102314387782623,0.4,0.2,False,none,10,0.5936161112882413,2027.1765270913043,4.735383918286207e-05,4.7782199067646385,4.756017678540195,False,0,4.960375929997099
442,5,1,6.749173700970696,1.2734386162442763,2004.7823041454312,0.48255374576881566,0.011674743191415293,15.02928065314297,0.12724081933156928,0.4,0.2,False,none,8,0.517893339144206,2027.6006907246428,4.5679449391822224e-05,5.276108130550406,4.709072346713645,False,0,5.097611320001306
443,5,1,5.403285661853419,1.0132256531489967,2002.722632237995,0.8156826871480748,0.00928913977051835,12.958152192593106,0.07908026891189297,0.4,0.2,False,none,9,0.5936161112882413,2027.1765270913043,4.718853400487166e-05,4.681718248495058,4.62437476791703,False,0,4.926306203000422
444,5,1,6.198657118983712,0.9773062051907568,2000.355619900397,0.8439444186951557,0.008959834278176178,14.200474837703833,0.07698606940454013,0.4,0.2,False,none,9,0.5936161112882413,2027.1765270913043,4.777672130451549e-05,4.927872732208275,4.858791468544124,False,0,4.901952162999805
445,5,1,5.674078854503225,1.0462294580144775,2001.0258981387512,0.0429150815142757,0.009591714972203735,13.387558104111642,0.13621068732799316,0.4,0.2,False,none,9,0.5936161112882413,2027.1765270913043,4.8868007785918266e-05,5.026989273833466,4.832952812099411,False,0,5.119965079000394
446,5,1,6.454612821648029,1.210385765254175,2003.308213719955,0.2074200578921739,0.011096681686600048,14.588744610276972,0.1394878567684053,0.4,0.2,False,none,8,0.5373590067994046,2027.4764030967697,4.4846555201538685e-05,6.115798296538143,4.587808971833218,False,0,5.3906572220003
447,5,1,6.414474583408576,1.2375489081773032,2000.1437624506511,0.49749083620722023,0.011345710351078996,14.528201336728793,0.123897354626271,0.4,0.2,False,none,9,0.5827134685348624,2027.5788090628052,4.229938045130499e-05,5.548721129106733,4.789200974396963,False,0,4.975929770000221
448,6,1,9.494792618764423,1.0642523689159875,2005.1549173732437,0.25333140745247934,0.009756947009031278,18.869545791503807,0.156641819084414,0.4,0.2,False,none,6,0.5934581800408449,2027.172805601838,4.940885213655655e-05,5.746446495756455,5.079759918200196,False,0,5.428880432998994
449,6,1,9.711746687942306,1.1136287662552486,2007.9303637103067,0.15286907986731316,0.010209624312279146,19.155905599258066,0.1612266202989364,0.4,0.2,False,none,5,0.5936161112882413,2027.1765270913043,4.878814524245101e-05,4.985544952052425,4.813009528788311,False,0,5.379065176999575
450,6,1,11.729196829487393,1.1393947603516883,2001.7133724520568,0.8936446695264801,0.01044584407215625,21.72450919745966,0.08112183194230076,0.4,0.2,False,none,4,0.5936161112882413,2027.1765270913043,4.7453305869971096e-05,4.77940586718691,4.825900803147809,False,0,5.273286367002584
451,6,1,8.16233060808904,1.0899735722299466,2003.7151310394684,0.45208584604360363,0.00999275613201067,17.06006094915305,0.13765935106466096,0.4,0.2,False,none,7,0.5827134685348626,2027.5906580211386,4.410804759846787e-05,5.2662761108685,4.978456825795402,False,0,5.265792632999364
452,6,1,9.098520745320753,1.085193865333147,2005.6376131678094,0.17444101506692322,0.00994893631232046,18.34080177768466,0.1571658076416382,0.4,0.2,False,none,6,0.5936161112882413,2027.1765270913043,4.869359938841633e-05,4.6284479876352815,4.904243149228961,False,0,5.36616240299918
453,6,1,12.142621951686692,1.1753239049642783,2001.2510808134375,0.4529866613826768,0.010775238462343918,22.23204639094241,0.15716760944021752,0.4,0.2,False,none,4,0.5936161112882413,2027.1765270913043,4.680534928724889e-05,4.500731094120054,4.714065431027987,False,0,5.463310970997554
455,6,1,11.936565891385952,1.147783171812888,2006.7538407221991,0.5232386170884371,0.010522748092769556,21.97981623992842,0.14952392742441822,0.4,0.2,False,none,5,0.5936161112882413,2027.1765270913043,4.898493583449515e-05,4.940347872021014,5.033355041825412,False,0,5.098933310000575
454,6,1,8.822818046947884,1.002269047088774,2002.2530574884208,0.4445278125358927,0.009188690828283613,17.968397199674495,0.14170953600470115,0.4,0.2,False,none,6,0.5936161112882413,2027.1765270913043,4.784014824787963e-05,4.855161476246433,4.755859931083824,False,0,5.3138287639994815
456,6,1,8.440754150613175,0.9548340551420549,2008.428425230283,0.41056765847377946,0.008753812113125687,17.445842929055747,0.14201051942765952,0.4,0.2,False,none,7,1.053981234353092,2027.4425745931803,7.063203426249665e-05,4.523655259435523,4.7490386298520955,False,0,5.264195776999259
457,6,1,8.715157825096814,1.029498789792974,2007.8753256446164,0.6506638448142166,0.009438330072126732,17.82192567908997,0.12024709099689339,0.4,0.2,False,none,6,0.9643165087970405,2027.2269039129837,4.8765033975106675e-05,4.802965905064148,4.777871572201362,False,0,5.3505853730021045
458,6,1,11.027876533578631,1.224116170074893,2009.4451276060265,0.7330132178114694,0.011222560506475025,20.84966369381612,0.11737643540014424,0.4,0.2,False,none,5,0.5936161112882413,2027.1765270913043,4.705223004630721e-05,4.623226994060542,4.748327752299517,False,0,5.675836217000324
459,6,1,10.193722488173115,1.0951641219636576,2006.5793138472288,0.34992009612757635,0.010040342513003312,19.784556904605402,0.15547673309106613,0.4,0.2,False,none,5,0.537304539809093,2027.4736252802638,4.103297511259818e-05,5.470419763013139,4.161210995219289,False,0,5.488234679000016
460,6,1,10.237516551816084,0.9960685270217123,2003.989574442081,0.5859481023604695,0.009131845151929257,19.84118174899602,0.13503510475448025,0.4,0.2,False,none,5,0.5936161112882413,2027.1765270913043,4.8425149510755716e-05,4.799915081212074,4.901341743829417,False,0,5.550453868996556
461,6,1,8.233215431058943,1.1139535520269197,2001.618426427825,0.28245496528118696,0.010212601912006463,17.15868929792963,0.14823910095110196,0.4,0.2,False,none,7,9.90718878859031,2024.6503775771807,0.00016480435029886387,4.662282592882154,5.106053606085494,False,0,5.293934219000221
463,6,1,8.514507892231757,1.0340429826238473,2000.663200484013,0.18081835823168185,0.009479990725130316,17.54732119273672,0.15348665157084437,0.4,0.2,False,none,7,0.5936161112882413,2027.1765270913043,4.807618961522042e-05,4.734470770293119,4.893429906774989,False,0,5.097446551000758
462,6,1,10.939534874566418,1.0289586343297963,2010.9009933086902,0.46009893690828546,0.009433377987090518,20.73816674740104,0.1509487579124262,0.4,0.2,False,none,6,0.5936161112882413,2027.1765270913043,4.800534637428022e-05,4.736296992660588,4.704638259124306,False,0,5.26339211800223
464,6,1,8.534406361579085,1.1708087646232261,2006.0662551408236,0.5154495084770863,0.010733844159326432,17.57464937018189,0.13450293220714224,0.4,0.2,False,none,6,2.5689967475320525,2028.2399674753206,0.0002054656259927734,4.890459138978754,5.261443824461943,False,0,5.42787637299989
465,6,1,10.111893021358728,1.0274623140646635,2008.4143388528626,0.25359698774379924,0.009419659889802832,19.67853521494958,0.1598891562657153,0.4,0.2,False,none,5,0.9639622352864564,2027.2250571713541,5.0280999435270424e-05,4.567953516336468,4.179107774816665,False,0,5.33149246800167
466,6,1,12.36723606419519,1.0125052733673274,2002.045263909103,0.15804101589083974,0.009282535409032846,22.505373478082028,0.17442607154642822,0.4,0.2,False,none,5,0.5936161112882413,2027.1765270913043,4.7932448601017974e-05,4.977666560537656,4.934152009198917,False,0,5.153662455002632
467,6,1,9.267833881573516,1.0067294409820549,2004.8028929602287,0.81806793573359,0.009229583221974477,18.567636184487196,0.09400959986937348,0.4,0.2,False,none,5,0.5936161112882413,2027.1765270913043,4.704231720431551e-05,4.71770497494538,4.663192684457504,False,0,5.1223942279975745
469,6,1,12.610649048119203,1.0876886147063802,2009.5491432427834,0.4466237345916583,0.009971807896304101,22.7997149367696,0.1595562260266677,0.4,0.2,False,none,4,0.7005578833681944,2027.0744873284082,7.42081064813993e-05,4.8583340577949246,4.756447802931076,False,0,5.013271595998958
468,6,1,8.677334647660443,1.1118824174709145,2000.825094271933,0.6207835367127018,0.010193613981416185,17.770324366246484,0.12398800584725207,0.4,0.2,False,none,7,0.5936161112882413,2027.1765270913043,4.6859669315391095e-05,4.637650547811646,4.602645522314297,False,0,5.340321796000353
470,6,1,10.524699793512216,1.0739442280981017,2006.4992762153088,0.6318192641488902,0.009845800892960332,20.21052531811207,0.13067970003152823,0.4,0.2,False,none,5,0.5936161112882413,2027.1765270913043,4.801874577498033e-05,4.902278745920601,4.879106330426461,False,0,5.327137344997027
471,6,1,11.694671708003108,1.055205084549654,2006.6530168585946,0.8460047827292024,0.009674002515115923,21.68185724253775,0.09470094010016909,0.4,0.2,False,none,5,0.5936161112882413,2027.1765270913043,4.719691718613195e-05,4.669271092887611,4.700790583321989,False,0,5.330401474002429
472,6,1,12.24387373631608,1.0587441564296556,2010.5928053322777,0.7428294578618636,0.00970644833135545,22.355463860873027,0.1193114259265097,0.4,0.2,False,none,4,0.5936161112882413,2027.1765270913043,4.871859403854373e-05,5.141266963568037,4.797601873462886,False,0,4.940452756000013
473,6,1,8.086288916129094,1.1162734675830344,2001.2380154053628,0.24038292459848673,0.010233870639056132,16.95393941578914,0.1490667086375584,0.4,0.2,False,none,7,0.5936161112882413,2027.1765270913043,4.846503948940928e-05,4.942841487322636,4.774430969271757,False,0,5.287514027000725
474,6,1,7.955331842519314,0.9809081583873805,2007.186845309273,0.7471809419428138,0.008992856583312565,16.770396248860163,0.10251647444093867,0.4,0.2,False,none,6,0.5936161112882413,2027.1765270913043,4.754261508432833e-05,4.773063716866929,4.860091881388694,False,0,5.027454930001113
475,6,1,8.842887180509896,1.225678734104488,2005.9907917688063,0.13613061157764836,0.011236885919206316,17.995635177908778,0.1568179660632395,0.4,0.2,False,none,5,0.5934506605533993,2027.1758526415697,4.5850991894025306e-05,5.055809620796618,4.766294827099445,False,0,5.192307300003449
476,6,1,12.285297040666906,1.285516713579314,2009.185497294409,0.8586741989390274,0.011785473840563781,22.40585726999455,0.09347866578640752,0.4,0.2,False,none,4,0.5936161112882413,2027.1765270913043,4.7575594921966946e-05,4.819615193740736,4.7375468779603995,False,0,5.342068193000159
477,6,1,9.324537984512464,1.0159032418349065,2001.0483016089943,0.13635348448387052,0.009313687604926287,18.64329503080862,0.15929471176298277,0.4,0.2,False,none,6,0.5936161112882413,2027.1765270913043,4.808115070897845e-05,4.912200306993775,4.780635538170693,False,0,5.552888156998961
478,6,1,8.232840247743837,1.2001004086088334,2004.041579316912,0.05203089608336974,0.011002386684128217,17.1581680189808,0.15429723111533117,0.4,0.2,False,none,7,2.5689967475320525,2028.2399674753206,0.00020210922407648546,4.669661503508255,5.206769830581583,False,0,5.33182574500097
479,6,1,11.00232077858262,1.1690580104718875,2001.0178279180507,0.39967517188342927,0.01071779344055016,20.817440209870465,0.15625613579064035,0.4,0.2,False,none,5,0.5936161112882413,2027.1765270913043,5.0153160806587493e-05,5.1385411276527035,5.027801466891479,False,0,5.3976076020007895
480,7,1,12.703908973536683,1.1244138643960215,2008.5033355756632,0.39085762755269454,0.01030850088903876,22.911984469275524,0.16449626017118393,0.4,0.2,False,none,4,0.5936161112882413,2027.1765270913043,4.7637338902117854e-05,4.596417692733099,4.739953638471541,False,0,5.119467480999447
481,7,1,12.885681799299354,1.2573157558383872,2006.1502282038603,0.8522144766272327,0.01152693060559554,23.130022707997096,0.09670175974788711,0.4,0.2,False,none,4,0.5936161112882413,2027.1765270913043,4.8305736573883706e-05,5.021971442839018,4.825725624977921,False,0,5.454169188000378
482,7,1,18.375205344243483,0.95921158615064,2013.2945161905711,0.366356281831206,0.00879394482913238,29.30393381453421,0.18765296106908286,0.4,0.2,False,none,2,1.4099009224078451,2027.4339183069992,0.0001537640469454482,4.555393746746745,5.334115204209523,False,0,5.268281754000782
483,7,1,16.34702690647506,1.0310459186732364,2015.2882821190165,0.6765714061672599,0.009452513977130615,27.10588817787195,0.14387733088206076,0.4,0.2,False,none,3,0.5936161112882413,2027.1765270913043,4.920744985337233e-05,5.086535841230753,4.845742334396949,False,0,5.193012538002222
484,7,1,14.222438267699879,1.2001350885917996,2004.2192526947038,0.8139227120508249,0.011002704626343764,24.70323495379827,0.1099746924519786,0.4,0.2,False,none,4,0.5936161112882413,2027.1765270913043,4.6928311072003126e-05,4.701744402728136,4.800109492361612,False,0,5.334713304000616
485,7,1,15.726100656064967,1.1975754747952119,2014.2919610766826,0.3922441588878277,0.010979238372561938,26.415073580751773,0.1766335287683426,0.4,0.2,False,none,3,15.720168486386228,2030.0292684863862,0.00020620214127331504,4.942222840263511,5.581952532332096,False,0,5.404872066999815
487,7,1,15.989747161987722,1.096015526170316,2000.653300966519,0.08407815089565172,0.010048148091802345,26.709485461472898,0.19185070002842763,0.4,0.2,False,none,4,0.5936161112882413,2027.1765270913043,4.747076468114564e-05,4.760719499654726,4.80158549634256,False,0,4.968415747000108
486,7,1,13.134751339107767,1.2108179923391027,2000.5336098311989,0.8317805396555001,0.01110064429630305,23.42712676966451,0.10266766212749599,0.4,0.2,False,none,4,0.5936161112882413,2027.1765270913043,4.710647884031971e-05,4.8015474628147405,4.744394110078756,False,0,5.279561837000074
488,7,1,13.524592536577835,1.2428049588319192,2012.762068431772,0.011516505270941491,0.011393897237208371,23.88841034368242,0.18230941816773974,0.4,0.2,False,none,4,0.9643165087970405,2027.2269039129837,5.2244530304612624e-05,5.524480857728938,5.140282802477447,False,0,5.27555899899744
489,7,1,16.83910400128733,1.1700580282495208,2012.4338657917751,0.5836008341844867,0.010726961491991188,27.64715475821743,0.16004674868208357,0.4,0.2,False,none,3,0.5936161112882413,2027.1765270913043,4.801912221641391e-05,5.003924512954248,4.762380923719166,False,0,5.164138366999396
491,7,1,14.779466092383405,1.0500952933050383,2013.2350189073265,0.29140364501793237,0.009627156518943315,25.34410471943619,0.17948972630697027,0.4,0.2,False,none,3,0.5936161112882413,2027.1765270913043,4.6765403019177754e-05,4.628042495438573,4.73023938787917,False,0,4.820269032999931
490,7,1,16.709716987670923,1.009163688074102,2013.456024438245,0.8161252591838006,0.00925190012779277,27.505350716181887,0.11487471795877645,0.4,0.2,False,none,2,0.5936161112882413,2027.1765270913043,4.839201748241262e-05,5.005755997742028,4.921317298549805,False,0,5.306377921999228
492,7,1,15.22960828855024,1.1657234504814642,2004.8067046698638,0.0642681835317011,0.010687222566502555,25.856135372828366,0.18915758405593186,0.4,0.2,False,none,4,0.5936161112882413,2027.1765270913043,4.755217457019789e-05,4.477672908519201,4.75044505316355,False,0,4.920646042999579
493,7,1,18.10459472344215,1.156556687793747,2015.9239407987811,0.2131279749218494,0.010603182708663644,29.015518054343598,0.196248284425045,0.4,0.2,False,none,3,0.5936161112882413,2027.1765270913043,4.965040796534037e-05,5.13799857786343,4.87115013727614,False,0,5.058356821002235
494,7,1,13.348059103501573,1.1503010818285346,2013.210266229865,0.7060939614831714,0.010545832010939452,23.680082151638313,0.1297910230735838,0.4,0.2,False,none,4,0.5936161112882413,2027.1765270913043,4.908671084635774e-05,5.251610660539854,4.90374467253684,False,0,5.153037932999723
495,7,1,13.525790847519907,1.084070448287888,2007.643478250507,0.6102720997934722,0.009938636950158083,23.88982136934916,0.14509702245482678,0.4,0.2,False,none,4,0.5936161112882413,2027.1765270913043,4.800109567126842e-05,4.841811787669957,4.726945657310114,False,0,5.007796341000358
496,7,1,16.202324373409226,1.0824502992581506,2009.142876637254,0.7333397907464835,0.00992378360456865,26.945691863317613,0.13296647950762766,0.4,0.2,False,none,3,0.5936161112882413,2027.1765270913043,4.80617088850499e-05,4.811386212665276,4.766604531501973,False,0,5.143070777001412
497,7,1,13.621532725779057,1.0648056942097504,2013.1014085096622,0.6156529238272577,0.009762019833605303,24.002424344932894,0.1446554587154301,0.4,0.2,False,none,4,0.5936161112882413,2027.1765270913043,4.737164006651806e-05,4.543468227918934,4.7149716429440245,False,0,5.06010432200128
498,7,1,18.093922315586465,1.2841545957653067,2011.7498493884107,0.6662959723913622,0.01177298609637876,29.004114103046902,0.15125239880557897,0.4,0.2,False,none,3,0.5936161112882413,2027.1765270913043,5.019124711536094e-05,5.500408092399394,4.887934157885578,False,0,4.857933604998834
499,7,1,19.226816870800523,1.1576335470043442,2008.9179831790682,0.7221066108985789,0.010613055233791012,30.202487779022334,0.1433245454846408,0.4,0.2,False,none,3,0.5936161112882413,2027.1765270913043,4.832952522237921e-05,4.884503458962892,4.759288015721833,False,0,5.1530077110001
500,7,1,19.85921195062858,1.074714541432985,2009.236051797833,0.07125292825685435,0.009852863039691998,30.861175527162565,0.20637274298007413,0.4,0.2,False,none,3,0.537304539809093,2027.4736252802638,3.9472577983645785e-05,4.917203199320705,4.019733428768499,False,0,4.960670816999482
501,7,1,18.742983693661113,1.0938183561951058,2011.222614699352,0.5743992505516864,0.010028004682547081,29.693651625883028,0.16697737829907805,0.4,0.2,False,none,3,0.5936161112882413,2027.1765270913043,4.7563090432412025e-05,4.742779833698548,4.75153554385351,False,0,5.246349349999946
502,7,1,16.47730653636218,1.230922341826896,2014.1498096192565,0.403201365345803,0.011284958729921123,27.249713353998935,0.178561108947421,0.4,0.2,False,none,3,0.5936161112882413,2027.1765270913043,4.700510282718007e-05,4.394198021341942,4.695792783759801,False,0,4.911713525998493
503,7,1,15.390943740851714,1.271648508849669,2001.4001170515535,0.35323724811218826,0.011658331686494284,26.038419797676582,0.1784178510934673,0.4,0.2,False,none,4,0.7484223104476956,2027.6730208844504,0.00011276546593408376,4.456375966965935,4.733562789170977,False,0,5.353941116001806
504,7,1,15.574598727287523,1.1425495034288382,2010.6345322260706,0.18457633664574385,0.010474766404800162,26.245148520749236,0.18771070202981,0.4,0.2,False,none,3,0.5936161112882413,2027.1765270913043,4.735463454175193e-05,4.889437055226399,4.81998649946348,False,0,5.557047106001846
505,7,1,13.42193525592903,0.9564820643021242,2010.1934846441425,0.5777224933112386,0.008768920877282418,23.767374923479277,0.14872397811261873,0.4,0.2,False,none,4,0.5936161112882413,2027.1765270913043,4.787200247713397e-05,4.797073433078454,4.808059790234903,False,0,5.286879420000332
506,7,1,17.956413958660043,1.075029298953158,2008.6536076338064,0.19353529107418446,0.009855748701528154,28.856978993254483,0.19635763672399298,0.4,0.2,False,none,3,0.5936161112882413,2027.1765270913043,4.834088240213141e-05,4.833984196703572,4.887933097785693,False,0,5.451740730000893
507,7,1,16.06977298078832,1.0389968326969794,2005.536240947205,0.38544468244843,0.009525407070036804,26.79852874869519,0.17814944633731086,0.4,0.2,False,none,4,0.537304539809093,2027.4736252802638,3.902860877869063e-05,4.864474678580293,3.8425804674106905,False,0,5.444281821000914
508,7,1,16.654370819110394,1.1048240595499015,2003.1741998157834,0.3918414302717326,0.010128903743302036,27.444581388951924,0.17989289260682886,0.4,0.2,False,none,4,0.8573189855741283,2027.3958989694647,0.00012792962890550985,4.282670789252998,5.390204278429302,False,0,5.17450755200116
509,7,1,15.481068764784583,1.0789732807825239,2011.0439867678692,0.42678020828822716,0.009891906687018852,26.139969943244928,0.17260262196907125,0.4,0.2,False,none,3,0.5936161112882413,2027.1765270913043,4.977740653600016e-05,5.194978066384636,4.9343155653193245,False,0,5.001974915998289
510,7,1,14.8754234189143,1.0549551717691634,2007.0724509773718,0.8533786456582401,0.00967171134262024,25.45368596600407,0.10044486201221527,0.4,0.2,False,none,4,0.5936161112882413,2027.1765270913043,4.738788938651872e-05,4.741150943463325,4.776805812645095,False,0,5.287406864998047
511,7,1,18.654683591504337,1.1590559501520514,2007.429809911791,0.20963735188869195,0.01062609566719103,29.600318371105406,0.19836877666040326,0.4,0.2,False,none,3,0.5936161112882413,2027.1765270913043,4.69475096048777e-05,4.491213378432048,4.623192940596419,False,0,4.806410999000946
513,0,2,0.7014243399921141,1.3223277823759685,2000.663117262185,0.5738297119563938,0.012122953613299074,3.3221941731509195,0.05752086026108273,0.4,0.2,True,exact,74,0.7015616535353333,2027.3136397093426,0.00014195937719607699,14.502944171177733,9.254900046357665,True,1,9.55444815500232
512,0,2,0.6822184303316148,1.430519653774147,2000.398140797754,0.8932161774839052,0.01311484462230399,3.26127000362088,0.03322933367937479,0.4,0.2,True,exact,76,0.6822061339723213,2027.6856411922263,0.00015143873427714283,11.699508233347025,8.387111900428621,True,1,10.614350574000127
514,0,2,0.6572107633381782,1.5632754201151706,2000.3883889510005,0.46381536818981245,0.014331934680230803,3.1810773958818848,0.06081707748557917,0.4,0.2,True,exact,81,0.6572268879187467,2027.3330211546686,0.00023095193779321121,16.606953181796975,18.104559443799545,True,1,10.00238202699984
515,0,2,0.6449138364108834,1.5512881584759974,2000.4693243341044,0.18389595012579293,0.014222036802609974,3.141272318079147,0.06644712886785227,0.4,0.2,True,exact,82,0.6449025763581934,2027.5546582070442,0.0002229756272568162,16.597551543967164,18.58198636729283,True,1,9.99330366399954
516,0,2,0.5539297044937783,1.3904740970135043,2000.1103575594166,0.5465254625402938,0.012747711424697186,2.8384041117563323,0.05485552861628878,0.4,0.2,True,exact,96,0.5539298747307349,2027.249985736806,0.0001699055665393967,15.901534857368242,12.958700162503895,True,1,9.198202778999985
517,0,2,0.6274276563339309,1.4883811811237901,2000.2031554402693,0.2487333266205747,0.013645312651035857,3.084230986311566,0.06497911177032549,0.4,0.2,True,exact,85,0.6274520030912962,2027.1816080079257,0.000204270696941955,17.274303700738173,17.18658957576319,True,1,9.7548873429987
518,0,2,0.594344182689639,1.5210901762381683,2000.4276048659465,0.13255105591917696,0.013945185069806902,2.974836729184143,0.06528007468895909,0.4,0.2,True,exact,88,0.5943084960971079,2027.17161669937,0.0002361517856351858,16.61586372142636,21.028159685638304,True,1,9.882709321998846
519,0,2,0.5271613799156755,1.730788917151037,2000.200400534524,0.12018807071953594,0.015867679736209617,2.74620854926086,0.06317745685735253,0.4,0.2,True,exact,100,0.5271488525537954,2027.6119356452973,0.00027963732277991316,17.22069482469387,25.067630275715224,True,1,9.695195902000705
520,0,2,0.7799218405015691,1.3610797232355751,2000.5151395941066,0.43558452235011696,0.012478227084618114,3.5656483672781,0.06485148564344698,0.4,0.2,True,exact,68,0.7799646282387758,2027.0344223601185,0.00017707534179844941,16.0360416679699,13.051898739060137,True,1,10.095169480999175
521,0,2,0.714553620719367,1.4255980097190897,2000.3658263392892,0.5538596853424747,0.01306972353857888,3.363522523070285,0.058808481571377864,0.4,0.2,True,exact,75,0.7145249786204589,2027.5191366875774,0.00018173049362724125,15.443184716594365,13.617002612344255,True,1,9.812115959997755
522,0,2,0.7624442519712005,1.32294031022914,2000.5313992922431,0.44347221892745126,0.012128569200334161,3.5121780186698386,0.06411826210973968,0.4,0.2,True,exact,70,0.7625026742782398,2027.2110310997384,0.00016337021522683237,15.050436471674706,11.643863661136516,True,1,9.70684010399782
523,0,2,0.6144668279968788,1.680447263286287,2000.509093377073,0.5717794943146518,0.015406153068803028,3.0416092412872877,0.05568830291841466,0.4,0.2,True,exact,86,0.6143690413953108,2027.5449331338937,0.0002407943077858965,17.78355896616158,17.937397414481822,True,1,10.232202139999572
524,0,2,0.585730808612999,1.4007975264145276,2000.2543330213,0.6094467147079624,0.012842355473946384,2.946025506832005,0.05304117364871294,0.4,0.2,True,exact,91,0.5858153364408948,2027.197700788781,0.00012460338050579445,13.253092915843967,9.247249903347196,True,1,10.238600860000588
525,0,2,0.6386483114383962,1.3041956756366062,2000.2447153380658,0.3494509686372273,0.011956720481210058,3.120893650035996,0.0632696863493512,0.4,0.2,True,exact,84,0.6386897679750144,2027.7078006479255,0.00017186548488179465,16.44680482907234,14.035870585315656,True,1,9.762256599999091
526,0,2,0.7796137414298349,1.5286299240662211,2000.4140678585165,0.43502423337208507,0.014014308636893439,3.564709260103092,0.06498518496264938,0.4,0.2,True,exact,68,0.7796583245829937,2027.7001507354048,0.00023344649541101603,17.108635218026592,18.465997038012738,True,1,9.563200780998159
527,0,2,0.5482994517603111,1.2958561000683002,2000.2279279226655,0.654927318249868,0.011880264182615532,2.819137975469533,0.04976787557853191,0.4,0.2,True,exact,96,0.5483571861406675,2027.6420780570334,0.0001410135729769113,15.176491189695689,10.965049100045505,True,1,9.774692891001905
529,0,2,0.7827069077692471,1.5068618289406426,2000.2793940246684,0.1252900100233751,0.013814741168846215,3.574131840986874,0.07113428732775236,0.4,0.2,True,exact,68,0.7824987080779954,2027.67573603273,0.0001938117700832631,15.460934959541735,15.231055361984941,True,1,9.687534720000258
530,0,2,0.6420787776587159,1.522877416626348,2000.303860221091,0.189206544258213,0.013961570290332773,3.1320594808493247,0.0662775847636087,0.4,0.2,True,exact,82,0.6421140134558597,2027.271522940146,0.00022350947527138842,16.894671506402116,19.063492426373745,True,1,8.874795855001139
528,0,2,0.5668919540619037,1.5355376828051803,2000.3387449780046,0.7559205463314629,0.0140776381985047,2.882513297466802,0.044294490042404336,0.4,0.2,True,exact,94,0.5668882193192265,2027.5493064023228,0.0001639030535562913,15.6372041249946,12.205554850750328,True,1,10.423788277999847
531,0,2,0.5510429030929188,1.6822020354868812,2000.4117767530574,0.8497754141927376,0.015422240624606695,2.8285339753843313,0.03639909041807126,0.4,0.2,True,exact,96,0.5510526940114233,2027.4117382565598,0.0002046711957051084,18.26525467951716,14.095770620158598,True,1,10.527869707999344
532,0,2,0.7370118597092375,1.5427111299085396,2000.0870824261349,0.304467512897854,0.014143403561405286,3.433634850927136,0.06727309770243821,0.4,0.2,True,exact,72,0.7368672662176481,2027.356862287553,0.00018754718547109306,15.574085926313469,13.643729424703595,True,1,10.036979414999223
533,0,2,0.7038523854086733,1.3338924613644298,2000.3629087389543,0.3575003256532688,0.012228977300314029,3.329856478960522,0.06499508657512017,0.4,0.2,True,exact,76,0.703662663973043,2027.1102749809756,0.0001555518403897338,14.598451582708696,13.082165306608237,True,1,10.180856277998828
534,0,2,0.698395390953416,1.7232000288274965,2000.0158888492713,0.3325347297198484,0.01579810565454169,3.31262315932123,0.06569167885528258,0.4,0.2,True,exact,76,0.6985546494581005,2027.2482016794077,0.00026465071268166884,14.949832107290662,18.26931172585152,True,1,10.057631050000055
535,0,2,0.5730422547981026,1.348261773731377,2000.2846653487468,0.445183554590298,0.012360713553307595,2.903324342552436,0.058820842865575484,0.4,0.2,True,exact,92,0.5731573661070274,2027.2161305820302,0.0001511068378607927,13.789058795780907,11.157439454184747,True,1,10.043920951000473
536,0,2,0.5094913852384662,1.743762238717051,2000.4211841320162,0.8668477739519603,0.015986617701252297,2.684493483932862,0.034075150554805485,0.4,0.2,True,exact,103,0.5094970686388902,2027.424438387861,0.00020134664874571495,16.539964403194812,13.734952777979863,True,1,10.382912986999145
537,0,2,0.7850631682771273,1.6961404901861485,2000.389609476697,0.30717458849768814,0.015550026822561843,3.5813012900507037,0.06865319209315951,0.4,0.2,True,exact,68,0.785090757762337,2027.0817576389195,0.00025789454612257234,16.73409105438592,19.72709942250577,True,1,9.83962465699733
538,0,2,0.5245010407738101,1.502825857924518,2000.2002358134139,0.11867664709424339,0.013777739836752002,2.736961532987417,0.06295406538497698,0.4,0.2,True,exact,102,0.5245503321311841,2027.4738828958216,0.00021142901793314017,16.643922125544776,19.353014632011046,True,1,9.943448093999905
539,0,2,0.6730544393210609,1.72196900634982,2000.5638592859473,0.20356769808232392,0.015786819777777475,3.231999261014349,0.06719512792591259,0.4,0.2,True,exact,78,0.6730876574057169,2027.4860062962287,0.00027650790087208055,17.17190242276231,23.103727790991847,True,1,10.10269542899914
541,0,2,0.7861358666525047,1.4942651697904004,2000.044400643164,0.4092751247958975,0.013699256402817524,3.5845628379942163,0.06592745780271457,0.4,0.2,True,exact,68,0.7862455342327563,2027.5596093231466,0.00018493923086138064,15.237512607070546,13.964281466855665,True,1,9.837117193997983
540,0,2,0.6799576289635522,1.6068091588679163,2000.02466594237,0.4967189445540245,0.014731047141261257,3.254061010488927,0.06032969972090168,0.4,0.2,True,exact,78,0.679884846910731,2027.2227376264293,0.00023779230926324058,16.614644531049397,17.324932766644217,True,1,10.118108451999433
542,0,2,0.6734588476513972,1.3406773123191342,2000.5182850153235,0.7003338015979502,0.012291180057068665,3.233293774001037,0.05009438497517116,0.4,0.2,True,exact,78,0.6734459496036108,2027.4532676716444,0.00017564533730063392,16.30847298985707,11.484819614535482,True,1,10.171683696997206
543,0,2,0.7166030853373062,1.3332237666311988,2000.6072587153747,0.5748445458020304,0.012222846781587537,3.369950899370129,0.05785081937391285,0.4,0.2,True,exact,73,0.716501378069189,2027.12578536356,0.00018047206494353762,14.427632843100815,12.300331931420619,True,1,9.99838352200095
546,1,2,1.2460106874614583,1.299079665354623,2000.1350538214474,0.875966136538908,0.011909817469596552,4.872879092815539,0.04199497004788115,0.4,0.2,False,none,42,1.2462255367446713,2027.549611547966,0.00013158563806325851,8.380628031544306,6.568297944713209,False,0,4.536480820002907
544,1,2,1.1965737566525256,1.293644297948127,2000.0881568033763,0.42427844726468383,0.01185998662748735,4.743119935860243,0.07453802339427547,0.4,0.2,True,exact,44,1.1964941729989784,2027.6170222289766,0.00014682022031076158,10.64835487671002,8.056905396031878,True,1,9.874821237997821
545,1,2,1.112355661039359,1.3344204114177243,2000.4555597558403,0.4971898551310648,0.012233817487513853,4.517868337735608,0.06997853981466981,0.4,0.2,True,exact,48,1.112506095053877,2027.153271281293,0.00016764507909883264,12.521102995268487,10.831668800634613,True,1,10.092442613000458
547,1,2,0.863447922642589,1.5531170766785356,2000.6184116085806,0.02691935399573722,0.014238804120689045,3.815884521680194,0.07391574405959066,0.4,0.2,True,exact,61,0.863423808032453,2027.383325549006,0.00021759421716416316,14.896121819750713,15.42928356834105,True,1,9.889642661997641
548,1,2,0.8242084374100229,1.6211255683788997,2000.1163916348219,0.6268571879733336,0.01486229838677226,3.6993818497002486,0.05790068795670148,0.4,0.2,True,exact,64,0.8241089935229311,2027.31115668209,0.0002300951790988881,16.450896750775023,15.924436986534356,True,1,10.235391770998831
550,1,2,0.8079504157351632,1.4302734573300018,2000.4184803355547,0.06745283706841713,0.013112587520765395,3.6505720964470907,0.0721698974557713,0.4,0.2,True,exact,65,0.8079486292539847,2027.0802735153816,0.00019296528327139573,15.877698704669818,14.245406717719758,True,1,9.717985980998492
549,1,2,0.8277324204160964,1.3427892236900234,2000.7234978002912,0.8712372892085908,0.012310541824949459,3.7099190600662477,0.03779157885236044,0.4,0.2,True,exact,64,0.8275830541643879,2027.2072671082603,0.00014915336992826767,9.801171141936004,7.312389843935979,True,1,10.585815891998209
551,1,2,0.9006199825640941,1.5610168869053456,2000.8392108947462,0.2735594367031448,0.014311228699685187,3.924631119538287,0.07228271003479957,0.4,0.2,True,exact,58,0.900850986650245,2026.957881737857,0.0002213559577092239,15.536313556334594,14.056115225855278,True,1,10.097918636998656
552,1,2,1.2135694938406913,1.2994749051790324,2000.7028195617645,0.32078388124750495,0.011913440984220766,4.787927415695614,0.07813672517327497,0.4,0.2,True,exact,43,1.2136256596758614,2027.397030137869,0.00014158971380417995,10.622601373354893,7.97601698238916,True,1,9.512035369996738
553,1,2,1.0554910971043312,1.6465526430184838,2000.0909690398191,0.47160971674673213,0.015095410970872776,4.362554247493553,0.07014270181675432,0.4,0.2,True,exact,50,1.0555315171932103,2027.5305381970236,0.00022614690280298166,14.745774829074643,14.451355488813187,True,1,10.102435180997418
554,1,2,0.8588891739047714,1.5281107628965909,2000.5841355189782,0.728615932584811,0.014009549025198716,3.802441516692417,0.05197460491296551,0.4,0.2,True,exact,62,0.8587105570196548,2027.2077225801092,0.00020147018987015652,15.445931943402806,11.514068177731575,True,1,10.59795627800122
555,1,2,0.894050227110888,1.561973176044943,2000.2118069764,0.5514524074954198,0.014319995851850294,3.905521826773576,0.06317888404292755,0.4,0.2,True,exact,60,0.8939716642436607,2027.0359468023098,0.00020560992455309623,16.741422447429755,15.113425670045677,True,1,10.348381198000425
556,1,2,1.0119918301643502,1.3978707654828493,2000.78482404932,0.007305505736670437,0.012815523256182494,4.241854767052132,0.07766161188620989,0.4,0.2,True,exact,52,1.0120497184131725,2027.0961051787426,0.0001846121951595281,14.204659317464756,12.362630378873574,True,1,9.757069768998917
557,1,2,0.9200747847272538,1.7184517741039322,2000.3661356109035,0.003071199590774243,0.01575457418486746,3.9809483523874283,0.07556186324638361,0.4,0.2,True,exact,58,0.9201744692651829,2027.0483408586904,0.0002399865307597393,16.83407636033956,17.166240174164827,True,1,9.807363702002476
558,1,2,1.2380228514327145,1.3038915345450017,2000.042631299861,0.7876391973803973,0.011953932149606836,4.852030975012256,0.052450937279347395,0.4,0.2,True,exact,43,1.237931633870176,2027.2796131326438,0.0001563715527285181,10.330602591569104,8.317103033188125,True,1,9.587743969001167
559,1,2,0.9828059137802503,1.6483111621793007,2000.1382538345902,0.29235750506051916,0.01511153287838982,4.159900709251338,0.07397343955550638,0.4,0.2,True,exact,54,0.9827698356807882,2027.6558366490622,0.00025119920551641695,16.065097494599847,17.713481687437124,True,1,10.171811027998046
560,1,2,0.9596583049520842,1.4524440911537557,2000.9002230803949,0.7343817014731293,0.013315845418697384,4.094324009322983,0.05321924563823857,0.4,0.2,True,exact,55,0.9594536012004108,2027.7680211461116,0.00016808515113020395,14.12411207630698,10.014787680751644,True,1,10.114569735997065
561,1,2,0.94898430309522,1.6558718020285716,2000.3733757257082,0.17258757504756964,0.01518084798119654,4.063907460288553,0.07520169609356475,0.4,0.2,True,exact,56,0.9489712029299587,2026.943849932039,0.0002372628497253615,15.834627048541902,17.09896244266218,True,1,9.727643488000467
562,1,2,0.9211365623287616,1.5440755688398764,2000.2106322422783,0.02974497187404356,0.01415591258533508,3.984010472482628,0.07543720254991876,0.4,0.2,True,exact,58,0.9210376592422109,2027.8420672772663,0.00020964369481968337,16.101843201233766,15.1710468123029,True,1,9.158924241000932
563,1,2,1.2007333727071103,1.4564987078730396,2000.443389657134,0.7497652119138989,0.013353017692518376,4.754105827572038,0.05569788390612323,0.4,0.2,True,exact,44,1.2006097107868665,2026.8610047831444,0.00017434915281988594,12.359526410070693,9.115757230643641,True,1,10.18782556899896
564,1,2,0.9600196480492393,1.4763159867478823,2000.5350458657479,0.87331815414691,0.013534700294777444,4.095351710455204,0.039392840962136966,0.4,0.2,True,exact,55,0.9601589638057884,2027.4158311948954,0.00017799678724883528,11.179341344690338,8.461962039619442,True,1,9.655035054998734
567,1,2,1.1797724707469934,1.296979941241463,2000.6371630943586,0.8078809981972289,0.011890567433135225,4.698616102398279,0.04957821381755178,0.4,0.2,False,none,44,1.1785736610808017,2027.7849285798584,0.0001936868804538472,8.024521425463414,6.576545132002199,False,0,5.151701586000854
565,1,2,0.8361702083967786,1.345911327326886,2000.833156321071,0.482445781373063,0.012339164922845496,3.735088680332078,0.06458797001920526,0.4,0.2,True,exact,64,0.8362052594604663,2027.5925526777348,0.00018945981072948648,16.02253704046755,12.547039432477273,True,1,9.793983455998386
566,1,2,1.0298773569286988,1.6523720957446428,2000.0338085031294,0.41607831059404377,0.01514876306435088,4.291687888988301,0.07163298266302742,0.4,0.2,True,exact,52,1.0297711241286014,2027.8409297264723,0.00021348993034775443,15.460531777621204,13.27900104766911,True,1,10.209835988000123
568,1,2,0.9532007158981411,1.6179439563830995,2000.9104252454133,0.24369158414680997,0.014833129722879182,4.075936073479898,0.07420283347014692,0.4,0.2,True,exact,55,0.953285621800182,2027.599028660405,0.00021348239120322354,15.146112313849086,14.903207831284679,True,1,9.960997284000769
569,1,2,0.8313217550102107,1.4223816732526804,2000.7285366550466,0.4600898454882007,0.013040236524612506,3.72063632013431,0.06534843447802756,0.4,0.2,True,exact,64,0.8313455918836992,2027.3315745652783,0.00017712514962442416,15.607431005954334,12.554549686775959,True,1,9.560789742998168
570,1,2,1.1259086446920572,1.3413532529506578,2000.4776177933627,0.6602322936890371,0.01229737700538248,4.554491471334235,0.061326062992948675,0.4,0.2,True,exact,47,1.1261781992890945,2027.5028861579383,0.000142553661994671,11.857639484609802,8.200258647392108,True,1,9.747716232999664
571,1,2,1.1081595841758818,1.3453113967985284,2000.7341045797102,0.049358315373894214,0.012333664826679162,4.506499515033517,0.07982879446844279,0.4,0.2,True,exact,48,1.1081027096380052,2027.3304025313123,0.00016585721618567195,14.078066075095478,11.227484960152307,True,1,9.979996828998992
572,1,2,1.0955530740481099,1.7009578501833893,2000.1741984456585,0.4107419436504858,0.015594191841676982,4.472256856799246,0.07327097251904229,0.4,0.2,True,exact,48,1.0955936124770262,2027.5632778119257,0.0002593993394228722,15.709870691627637,17.586230418618147,True,1,10.123901869999827
573,1,2,0.9804259608719251,1.4099194603568865,2000.4272293822341,0.7194810950165214,0.01292598434684815,4.15318228008788,0.05467803858436708,0.4,0.2,True,exact,55,0.9803570388507188,2027.8829397961533,0.00015329340134651037,11.523197550899535,8.726194506764497,True,1,10.288841662997584
574,1,2,1.2196988363642796,1.4891800213610438,2000.3003028596054,0.764068041798923,0.013652636329226496,4.804035378743961,0.05470649948366591,0.4,0.2,True,exact,44,1.21974590588894,2027.1322614920566,0.00018510135754779,12.450870841941475,9.72872711768662,True,1,10.620934698999918
575,1,2,1.212307100835901,1.3796496604663713,2000.553790471417,0.6926591661331275,0.01264847419781596,4.784606471711871,0.060459311577644746,0.4,0.2,True,exact,44,1.2126418988707752,2027.224996775157,0.0001557689185799349,11.998748805371305,9.547519854224332,True,1,10.020627070000046
576,2,2,1.9654224297931948,1.4304362148024568,2000.5958462656195,0.6568278144692794,0.013114079663118512,6.603006569979315,0.07361674776048135,0.4,0.2,True,exact,28,1.9657963618539702,2028.1070865659556,0.0001626762413790006,11.101762664993904,8.411401073850563,True,1,9.913745623001887
578,2,2,1.8217941613518307,1.297606482363988,2000.2994847395714,0.8630548258874499,0.011896311492260675,6.277267864333783,0.04932915954718244,0.4,0.2,False,none,30,1.8213799628626604,2027.6272749637733,0.00016557716547360712,6.54631243588724,6.068042018647077,False,0,5.235870969998359
577,2,2,1.8751373128422968,1.3450587023181042,2001.7803742383765,0.13587356999272387,0.012331348151868766,6.399212143704054,0.09397789129354495,0.4,0.2,True,exact,28,1.8755972148215336,2028.033230799168,0.00015868683966691055,11.504307871961274,9.471433558772583,True,1,9.923471101999894
579,2,2,1.3859341445108107,1.471298538931252,2000.58668435327,0.10844021549630899,0.013488700892852406,5.231178269863997,0.08553215331103858,0.4,0.2,True,exact,39,1.3861997738099434,2026.9200873690556,0.00019573499582070664,14.117578107357152,11.3972414193501,True,1,9.813999614998465
580,2,2,1.8802949744933701,1.4735320818167505,2000.2808230553294,0.26084157365970895,0.013509177764892076,6.410941012482388,0.09186855770238264,0.4,0.2,True,exact,29,1.880475402116697,2026.6038040671338,0.0001712558127633379,11.160074238118394,10.012599393915247,True,1,10.053690229000495
581,2,2,1.8825796144803248,1.576154705403155,2001.4902640929586,0.23799267128331153,0.014450010531165534,6.416133009103226,0.09253245667584468,0.4,0.2,True,exact,28,1.8828834649918094,2027.8463060098854,0.00023780395149974876,12.892412561486678,12.254472521161711,True,1,10.239845185002196
582,2,2,1.2717331880047091,1.3863657671301814,2000.4294826000394,0.5733395273468858,0.012710046714579575,4.9397138780972405,0.06921199876943855,0.4,0.2,True,exact,42,1.2716677033234245,2027.136271769792,0.00017277555905226283,13.493604023884679,9.77286523592726,True,1,10.451109151999844
583,2,2,1.8505074245377564,1.68097223593868,2000.6982003544788,0.19953866021610145,0.015410965959523494,6.343053074823383,0.09288578143885746,0.4,0.2,True,exact,28,1.850433894124656,2026.6059443094118,0.00023934787436041827,12.57760088759012,12.952140596763149,True,1,9.706847795001522
584,2,2,1.564151119060698,1.6252300283640015,2000.8960437593241,0.14305905344257672,0.014899927618094635,5.670529279103122,0.08871751419038669,0.4,0.2,True,exact,34,1.5640717695633093,2027.4892200825764,0.0002327583028723934,13.341177303825509,13.114184463391599,True,1,10.20251376500164
585,2,2,1.4709910467791725,1.5266896593904073,2001.1224414383257,0.4048159138548388,0.013996520506767222,5.443076986490232,0.0805939094598907,0.4,0.2,True,exact,36,1.470662369059496,2027.5992663930708,0.00021377782334941475,13.17235932617817,11.763562456115901,True,1,10.18580243100223
586,2,2,1.693712793347592,1.440735430217525,2001.4140034322543,0.42371305844893636,0.013208501721245358,5.979492186165516,0.08352455569043316,0.4,0.2,True,exact,31,1.694644132328455,2026.8259119849267,0.0001555809757100013,10.900047890747812,8.501182683608928,True,1,10.330829477999941
587,2,2,1.8028222317163918,1.3326000058887337,2001.04291468923,0.5020657472462923,0.012217128212676344,6.233611432830689,0.08144955152602842,0.4,0.2,True,exact,28,1.80200576410141,2028.0894614615213,0.00014070084651496284,9.140197015698117,7.247086667371096,True,1,9.956372033000662
588,2,2,1.7117958684210488,1.4991775140674983,2000.4893365782755,0.40805860473279526,0.013744292227215626,6.021977196300383,0.08449826721422497,0.4,0.2,True,exact,32,1.7116057133134548,2027.8778789130154,0.00017175975602667926,12.053823815064167,9.826455802212514,True,1,9.810445287999755
589,2,2,1.946155370978431,1.6418999732496384,2001.8328131332557,0.40764243218292084,0.015052755813401637,6.55978285644185,0.08825626140711955,0.4,0.2,True,exact,26,1.9462418334541185,2027.1320032099036,0.00022953960314964217,13.967415144667413,12.456499147313593,True,1,10.03200790000119
590,2,2,1.5713410945763784,1.505468725981981,2000.25266605214,0.2731929550256968,0.013801969356311158,5.687893242778423,0.086380276697568,0.4,0.2,True,exact,34,1.5712623261498009,2026.9662121487133,0.0002076993864675858,13.182033221580225,12.800738936536668,True,1,10.201686076001351
591,2,2,1.8959407636239805,1.5591920859375505,2001.363714810229,0.7396260710878759,0.014294499127954996,6.446455170476812,0.06553822878900614,0.4,0.2,True,exact,28,1.8960989483460546,2027.9047602768449,0.0002136503482232932,11.322836174531998,9.075081369268485,True,1,10.390866974001256
593,2,2,1.6172536217306888,1.308557109392387,2001.2251689891746,0.8442858691037911,0.011996705619398567,5.7981557739963066,0.05015126421976995,0.4,0.2,False,none,33,1.617214436402679,2027.1017981699429,0.00013897562957232434,6.6811540823381215,5.754067542212181,False,0,5.391234774000623
592,2,2,1.7073158366399457,1.427928733774224,2000.391316479328,0.8704587949667167,0.013091091356741955,6.011465650577285,0.047416950645447806,0.4,0.2,True,exact,30,1.7074900907914579,2027.7108570776631,0.00018292992546653508,10.052838361943442,7.232794082747079,True,1,10.352220325999951
594,2,2,1.3719640945450886,1.4778039996586416,2001.0602637995535,0.36171601135473413,0.013548342231166858,5.195965847489148,0.08022093410617179,0.4,0.2,True,exact,38,1.3717674568334617,2027.1253004298358,0.00017442148534174695,13.36192566116597,11.150378181710314,True,1,9.933310595999501
595,2,2,1.9259379743475726,1.3579583869348022,2000.850218015743,0.015571512771336882,0.012449611021573754,6.514273499476728,0.09565626861819625,0.4,0.2,True,exact,28,1.9257590606781245,2027.8088690369939,0.00013835560080388554,9.294598720433477,8.248150802719433,True,1,10.198062593000941
596,2,2,1.3104231088165696,1.4365483413720435,2000.5718677231448,0.8397596225541205,0.013170114957747637,5.039399858674559,0.04768828134755336,0.4,0.2,True,exact,40,1.3102518760698845,2026.773006271398,0.00019245140410661943,10.099051592735025,7.7215362308141495,True,1,9.978332434999174
597,2,2,1.5008050738396566,1.540748275895574,2001.4526142754166,0.205972134453109,0.014125408334755729,5.5163775655800755,0.08652560276367728,0.4,0.2,True,exact,35,1.5009337108561487,2026.9688027720545,0.0002461639605467747,14.776673689003214,14.121491664813599,True,1,10.161703133002447
599,2,2,1.2582361851060078,1.506217900753549,2000.400472988005,0.8528470919759716,0.013808837707052194,4.90470138530941,0.04555087630727304,0.4,0.2,True,exact,43,1.258364049505816,2026.8221294146222,0.00016718464657039522,10.790126832532794,8.5461742272386,True,1,9.728442840001662
598,2,2,1.2748667970578251,1.4001400100505685,2000.772147244555,0.3306132299517216,0.012836327437262514,4.947825004101532,0.07919660948805254,0.4,0.2,True,exact,42,1.2748943759510651,2027.5442662699725,0.0001670506965152363,12.762004661824811,10.65503421568098,True,1,10.23085715200068
600,2,2,1.5428789399899179,1.6913804529168468,2001.0933052934013,0.11496243825210045,0.01550638733182254,5.618999905064597,0.08868672050539499,0.4,0.2,True,exact,33,1.5428728682859854,2027.3233700108617,0.00023116274093160083,12.828125566538029,13.295950857988482,True,1,9.990207615002873
601,2,2,1.6153698015002962,1.506622622872589,2000.3370056165627,0.4510715125590955,0.013812548154295902,5.793652334913617,0.08116162430330445,0.4,0.2,True,exact,32,1.6152689386802197,2027.7994157075636,0.00016688767965111762,12.531118108199033,9.123982057656123,True,1,9.880280420002236
602,2,2,1.6993717619596422,1.5518464807734906,2001.3578672730598,0.5770500223202537,0.014227155439156822,5.992803747902184,0.0758854169407866,0.4,0.2,True,exact,31,1.6992669794236321,2026.8507234413544,0.00021532170964200237,13.54348931012679,11.307169467484826,True,1,9.84923268500279
603,2,2,1.3585659828478178,1.3941694217882807,2000.9791666493556,0.3275980066367773,0.012781589750047196,5.1620825831484005,0.08091644647679641,0.4,0.2,True,exact,40,1.3582940557548782,2026.7919620593427,0.0001362375269735594,11.304172762838775,8.318165170700174,True,1,10.302040447000763
604,2,2,1.9381703075542274,1.715721375349118,2001.082594854477,0.13592456785131554,0.015729542193638365,6.541827398296569,0.09532801440244695,0.4,0.2,True,exact,28,1.9376789550246,2028.2165027661777,0.00027457811142705957,13.177241660464254,15.919437795091365,True,1,9.769802114999038
605,2,2,1.393935057023731,1.3642659712611427,2000.4563503040927,0.319983497530557,0.012507438251114982,5.251291795234946,0.0817796950512838,0.4,0.2,True,exact,39,1.394161538879178,2026.9461004887044,0.0001754721486606492,12.26665991950756,10.055291536230419,True,1,9.978045782998379
607,2,2,1.6016495474955637,1.3507544416828916,2000.4229375625364,0.13108387452010037,0.012383566055049089,5.760799863759561,0.08931923520147776,0.4,0.2,True,exact,34,1.6011679611085887,2027.656574088846,0.00014439676079280872,10.88445235786128,8.783524791927338,True,1,9.71389377000014
606,2,2,1.2880114692984042,1.3568064596910228,2000.690902949972,0.6839948122524288,0.012439050281091435,4.981776935023787,0.06225693640675301,0.4,0.2,True,exact,42,1.288813630856053,2027.7350081229772,0.00014569642747208622,11.164905423740557,8.400217670797742,True,1,10.190596324999206
608,3,2,2.0054194191359063,1.736010808255705,2000.4018175647107,0.426204439920014,0.015915553451395302,6.692287676981944,0.0884246599070416,0.4,0.2,True,exact,28,2.0057255175047546,2026.473357508812,0.00027726697055285854,14.253775515824227,15.008575696474702,True,1,9.968117175998486
609,3,2,2.2840569842585,1.505451833926241,2002.2589232473313,0.2723874068476337,0.013801814491828315,7.298647915481194,0.09763519441780036,0.4,0.2,True,exact,23,2.284556763190596,2027.3824681450965,0.00018418688258325933,11.358137405719429,8.67581123334152,True,1,10.022990532001131
611,3,2,2.960896212717311,1.6547868724548027,2000.190130275164,0.2416709231568135,0.0151709014678798,8.677339317620405,0.10736566806322187,0.4,0.2,True,exact,19,2.962130770675656,2026.8327446444143,0.00024116990405476102,11.438463634119568,11.251251102047652,True,1,9.856671761001053
610,3,2,2.207177748425815,1.5358815372097565,2001.0457055114007,0.60464679614847,0.014080790617331534,7.1339379925514175,0.08064111205642914,0.4,0.2,True,exact,24,2.208113449346583,2027.535642642159,0.00022563185267121533,12.485871545309566,10.561504220958689,True,1,10.034935378000228
612,3,2,2.1530710995923705,1.4194497362749907,2000.8215464482678,0.051569821944810926,0.013013356853436134,7.016869050135952,0.09916192117488772,0.4,0.2,True,exact,25,2.1546063058945877,2026.652150670735,0.00014256319346606094,8.607661729178131,7.376285957777738,True,1,10.536314122000476
614,3,2,2.8021843203662415,1.3413409894934774,2002.7667468213917,0.5806364629313897,0.012297264575374944,8.364415339913617,0.0887866642037459,0.4,0.2,False,none,19,2.801862733252082,2027.9870770992688,0.00014326389745367152,7.989706785533697,6.551373747279535,False,0,5.198956322001322
613,3,2,2.0889058077850162,1.7093519679136242,2000.7895984892682,0.30290508467754584,0.015671148176728312,6.876757276155963,0.09414236383302127,0.4,0.2,True,exact,25,2.0885890875251025,2027.9467102211597,0.00026659244555049533,13.46464140645618,13.766406111537721,True,1,10.112344602999656
615,3,2,2.1454802036574594,1.4617410700048457,2001.7537042073461,0.660352966333687,0.01340107908379748,7.000366833020591,0.07548177584024592,0.4,0.2,True,exact,25,2.1469485379887674,2027.4831741225319,0.00014926535116832618,10.173239309418333,8.627003197859231,True,1,10.121142406002036
616,3,2,2.0635523017107653,1.6286680485350884,2001.2132700361067,0.1333501046016873,0.014931447003538375,6.82100096904706,0.09726220357103746,0.4,0.2,True,exact,25,2.0640697915179342,2028.0394828105666,0.0002648138486739393,13.797491119574358,14.1968367783383,True,1,9.579420361998928
617,3,2,2.6586656191041214,1.5165410215560184,2001.9527476062187,0.5555920180298476,0.013903478927104272,8.076321589509021,0.08924749089264904,0.4,0.2,True,exact,20,2.6586746010110582,2028.5379829892772,0.00020038034769664925,11.82495047222335,9.370234862361128,True,1,9.93720286900134
619,3,2,3.020179634656153,1.3640896156968398,2000.3450477800366,0.7770504790647443,0.012505821442972567,8.792782028935271,0.07131559435063793,0.4,0.2,False,none,19,0.5936161112882413,2027.1765270913043,4.8869915543092723e-05,4.947674878198528,4.9628224170759205,False,0,4.878589610998461
618,3,2,2.523707410990907,1.7407922518343781,2001.5739827890714,0.5715291701265863,0.015959389192791214,7.800644019423311,0.08690243758467234,0.4,0.2,True,exact,22,2.523763197615728,2026.8126319761573,0.00025858840912684755,12.710475319609834,11.77294830949892,True,1,10.37143216000186
621,3,2,2.1970651747742873,1.3722007195268127,2000.469834769256,0.866889417475185,0.012580183138154325,7.112131056880379,0.05188906750098806,0.4,0.2,False,none,24,2.195364286589926,2026.8304065953291,0.00017759284988727586,6.591040067307522,6.253670205075897,False,0,5.1930758750022505
620,3,2,2.003409789462508,1.4848210756168134,2001.9169816852684,0.643103635240903,0.013612674000850363,6.687816038121617,0.07522879723278075,0.4,0.2,True,exact,26,2.00272891077279,2027.9632102150463,0.00019125829765975766,11.234316131224187,8.733858518379122,True,1,9.90990255900033
622,3,2,2.47965809727561,1.4062525926738416,2000.6526467083488,0.2520637826260577,0.012892366912940966,7.709608523965845,0.1007635110042806,0.4,0.2,True,exact,22,2.4781326207016456,2027.9201359110516,0.0001857925261864457,11.13206896747473,9.723005019383294,True,1,10.09791465699891
623,3,2,2.6315021078196064,1.682202287912083,2002.6289882501078,0.6072660676124755,0.015422242938812789,8.021217122507013,0.08537776046156963,0.4,0.2,True,exact,21,2.632394513938695,2026.311863125448,0.00019283989114804445,10.37662478721338,8.866760015586783,True,1,10.302128005001578
626,3,2,2.2974217680289684,1.3275913339934113,2002.0047544030183,0.8642515728098284,0.01217120926741897,7.32709144687719,0.052998075528835766,0.4,0.2,False,none,21,2.298551886045183,2027.276258246497,0.0001565806135014336,6.236906486035369,5.730549656880057,False,0,4.778958068000065
624,3,2,2.0941639881113687,1.3513884626947847,2000.5553543450449,0.3999411875225192,0.012389378688965945,6.8882925263865875,0.09043120119026367,0.4,0.2,True,exact,26,2.0939947067436684,2027.7790275418342,0.00014557366520306925,8.607427515108611,8.172641783989906,True,1,10.131864684000902
625,3,2,2.8598606948603247,1.7363446655393227,2001.298841865414,0.10172879671973266,0.015918614217732288,8.47879971808366,0.1087919551057216,0.4,0.2,True,exact,18,2.8629789479522088,2027.03712303157,0.0002653941193377918,11.644209950536865,10.814738226977378,True,1,10.220727491996513
629,3,2,2.3347642376046926,1.3855343085008271,2002.0545013145716,0.7269578232352342,0.012702423994608488,7.406274636782395,0.07120022305990469,0.4,0.2,False,none,22,2.336223712595368,2027.731663963549,0.00014408625026163246,7.681492993157159,6.4179816571842245,False,0,5.307791685998382
627,3,2,2.3863415199089504,1.5958367942731064,2000.4855383334298,0.8451903222581899,0.014630453726539169,7.51495162182656,0.05715764938939751,0.4,0.2,True,exact,22,2.386517731295767,2026.7343122317534,0.00027107109767821047,12.354498033335046,9.67046405931187,True,1,10.51473745200201
628,3,2,2.016208055266801,1.3987231809381002,2000.2619210415053,0.5232267935400834,0.012823338105995827,6.716268055165678,0.08335331694011226,0.4,0.2,True,exact,28,2.016223447179748,2026.4757485633368,0.00016884862587829286,11.436648318655191,8.918574039792755,True,1,10.259824306001974
630,3,2,2.791862558993304,1.605714192151843,2001.3180892047849,0.8583685373317053,0.014721008608543439,8.343862661809514,0.05798654322410116,0.4,0.2,True,exact,20,2.7924705906273526,2026.4473394823128,0.0002315176974939659,10.438871171112398,8.382241531826272,True,1,9.927707883998664
632,3,2,2.9674959664996843,1.4721485958338805,2001.30826003904,0.42827545534279965,0.013496494119718374,8.690228894517439,0.10015193801088522,0.4,0.2,False,none,19,2.9659991205569085,2028.0221170850123,0.00017628337631814261,7.747691057764351,6.650748543766194,False,0,4.8897709699995175
631,3,2,2.087885064694258,1.387403710160877,2000.9571230223523,0.3144605252605588,0.012719562460510406,6.874516876981138,0.09347065522103341,0.4,0.2,True,exact,25,2.088536160392394,2028.0943945642678,0.00018629120743640648,12.403353088242326,9.929719074472874,True,1,9.9871711329979
635,3,2,2.8960646035852027,1.3202148331598713,2001.2782947386404,0.04231698019761742,0.012103582330569174,8.55020684310509,0.10928229161011216,0.4,0.2,False,none,19,2.8999633522743573,2027.3320920454692,0.00016458240225347698,7.079555002886614,6.797176511853922,False,0,5.257917413000541
633,3,2,2.4008236450822946,1.4227918593864133,2002.185956012349,0.2814807308967742,0.013043997065333452,7.545325225210975,0.09890747188474935,0.4,0.2,True,exact,22,2.4008636624481747,2028.59856278693,0.00021519022333282845,11.840214165230488,8.85867865974436,True,1,10.183751234002557
636,3,2,2.076909301838559,1.3457456239948762,2001.026925676456,0.7096008289356174,0.012337645773180566,6.850403375346233,0.07018618680982151,0.4,0.2,False,none,25,2.077477448058457,2028.03259744976,0.00016639223837855432,8.51782539482937,6.560540661589389,False,0,5.00448431300174
634,3,2,2.4595546090196083,1.5004705729215837,2001.545683997749,0.39085182899678983,0.013756146846559082,7.667882285032281,0.09586723284203053,0.4,0.2,True,exact,20,2.458990323182871,2028.5998050133448,0.0001932458606351828,11.704857810231386,9.136180131277632,True,1,10.195063637998828
640,4,2,4.350501846550056,1.5325051354645063,2002.5554712528526,0.1642797580707246,0.014049836142742802,11.214950531616756,0.12373737234764766,0.4,0.2,False,none,13,0.9643165087970405,2027.2269039129837,5.7763960133683234e-05,5.308848358884898,5.619620030643097,False,0,5.357862811000814
637,3,2,2.1865565845940087,1.5946412347767844,2001.1334701443416,0.023046224450962615,0.014619492970432383,7.089434665462716,0.09992766800694862,0.4,0.2,True,exact,25,2.186619451726332,2027.3704230040494,0.00025285863092228134,12.007904020609649,13.83685717824848,True,1,10.614757513998484
639,3,2,2.1662194970732265,1.715352946955906,2000.9766723575067,0.5197956685982225,0.015726164483224756,7.045407180107907,0.0858604163211023,0.4,0.2,True,exact,24,2.16591091826895,2026.9706185192274,0.0002499005694654999,12.46377290254079,11.619130184402207,True,1,10.171933591002016
638,3,2,2.030732242279998,1.5822740397193498,2000.739818545079,0.07544885461816102,0.014506111905611591,6.748484170966015,0.09727798101184562,0.4,0.2,True,exact,26,2.0307607411399977,2027.13895213482,0.0002298135661834566,12.806414714635181,12.782024827954256,True,1,10.524323289999302
641,4,2,4.8385049316161615,1.316091337256381,2003.601455527858,0.010224886622655128,0.012065778580070323,12.038672020047354,0.12962306873886006,0.4,0.2,False,none,10,0.7451672437152315,2027.0924270237483,8.964018517920724e-05,4.440367405354418,4.890149749015254,False,0,5.089405098999123
642,4,2,4.626660684176384,1.3074985082420498,2004.2229865634215,0.3581291272581289,0.011987000482131116,11.684663877892236,0.11948201601763389,0.4,0.2,False,none,9,0.8572320872728243,2027.3769290804576,6.965335599917744e-05,4.932199512190053,4.668489155672046,False,0,5.040685582000151
643,4,2,3.3382565774379938,1.481672876770607,2003.2013636668783,0.49942964827513436,0.013583811664985783,9.399778062960431,0.09999432686673551,0.4,0.2,False,none,16,3.33938423469051,2026.5670958928335,0.0001412877237280119,6.541886357436112,5.797664405403059,False,0,4.541746458999114
644,4,2,4.356129427134873,1.5473035885651911,2002.2306962746254,0.341385191031533,0.014185506710115921,11.224619828216778,0.11817081783365006,0.4,0.2,False,none,12,0.6211711433570581,2027.1087966643536,6.544598021029913e-05,5.874970689884859,5.155576487219413,False,0,4.809449346998008
645,4,2,4.6337978457296485,1.3816051427442544,2001.2612619242645,0.17401672619204472,0.012666401841220538,11.696677424739574,0.1259674967713523,0.4,0.2,False,none,12,0.9274551826389735,2027.18174717153,5.9197335681493435e-05,4.791404497775097,4.93080677752298,False,0,5.228244166002696
648,4,2,3.2539908074784814,1.4358198539764788,2002.2331475783312,0.8745444836802462,0.013163436266562283,9.240922724298928,0.05762454264012464,0.4,0.2,False,none,16,0.6508211291058458,2027.596238724529,5.040170848213954e-05,6.3787499806023185,5.284592089759277,False,0,5.340260960001615
646,4,2,4.470749179898083,1.4216135170270514,2000.7580331055754,0.022650605951668745,0.013033194154017876,11.420663293719352,0.12636474356535296,0.4,0.2,True,exact,12,4.467969026231975,2027.5796891573918,0.00018445007412171144,7.834057157876212,7.277804055164362,True,1,10.475986671997816
647,4,2,3.5859988505041582,1.592550476205136,2000.786627499366,0.1710383607683426,0.014600325129055593,9.859265337839688,0.11600148830880824,0.4,0.2,True,exact,16,3.5842156391428324,2025.8817620781665,0.0002076517346963902,10.611386411341313,9.072227106776735,True,1,10.004480672996579
650,4,2,4.35426859338559,1.2925085644451098,2003.2409625187076,0.23535412829228977,0.01184957434941405,11.22142300879065,0.12173336196696265,0.4,0.2,False,none,12,2.1777714764252494,2027.1861223004362,0.00010201541476062559,5.639301587362891,5.298630925200443,False,0,5.290764795001451
649,4,2,4.5749220369088075,1.6469857514593318,2003.4347848407062,0.0617057472966856,0.015099381660748548,11.597389832851192,0.1273909139720585,0.4,0.2,True,exact,12,4.575098241629232,2026.3105172498126,0.000275894245216568,12.742625640187013,11.534247060610019,True,1,9.8408298989998
651,4,2,4.701668776488541,1.5789247053017754,2003.2182304352946,0.12004750384003278,0.014475405581263841,11.81061405184929,0.1278084133875237,0.4,0.2,True,exact,10,4.699004578370501,2026.725621850186,0.0002111866595801981,7.962515507530873,7.222662026249876,True,1,9.699598464998417
652,4,2,3.918196724442189,1.7214506795006892,2001.7066447732986,0.1433058922360723,0.015782067815040025,10.459123285377062,0.1201125470390151,0.4,0.2,True,exact,12,3.918627410579849,2029.1298710407254,0.00025696315372059075,12.49015339741508,10.206282453608972,True,1,9.43088947400247
653,4,2,3.3867977060901033,1.4968486677228967,2001.7231484210267,0.4418477422240426,0.01372294162369327,9.490679234043645,0.10390900784982714,0.4,0.2,True,exact,16,3.3879274579742304,2028.8139014346273,0.00020590672680165234,10.779522318817174,8.808198772530814,True,1,9.963655608000408
654,4,2,3.9831851713605677,1.6688029722999052,2003.3430180197977,0.030479623380813805,0.015299399507871245,10.574458124449233,0.12186853551638518,0.4,0.2,True,exact,13,3.980984473334862,2027.2424823608426,0.0002803159460372795,10.932825127406748,10.397938919599438,True,1,10.095512017996953
656,4,2,4.618254001566843,1.3415900218368844,2000.297091992126,0.039029300159662716,0.012299547676121651,11.670505497638805,0.12757689013079723,0.4,0.2,False,none,12,0.7708276534209991,2027.2150355780684,9.06324304142947e-05,4.883374561789966,4.7241511162269685,False,0,5.179615556000499
655,4,2,3.786980935077498,1.6019370276990155,2000.9251151285423,0.1970870616308693,0.014686379986153644,10.224291035430307,0.1175602174086802,0.4,0.2,True,exact,15,3.7881305569179653,2027.4365428046758,0.00024321786143444157,9.567222801072417,8.81565345646091,True,1,9.650609609001549
659,4,2,4.108236360103969,1.701497204202678,2000.1328103926753,0.8696537868325377,0.015599136579165014,10.794637733838698,0.06377692600906525,0.4,0.2,False,none,13,4.10608907337299,2028.8832485136109,0.00023467710771407635,8.246282354345846,6.7227366324608395,False,0,4.7121754929976305
657,4,2,3.8864391613516758,1.611290767724006,2001.618712087193,0.03023611155618473,0.014772134031364787,10.402531505884713,0.12081783916778854,0.4,0.2,True,exact,13,3.8829423008797113,2028.8089815228245,0.00019164210450406394,8.90371814366133,8.04008194650463,True,1,9.400306724000984
660,4,2,4.486111492876584,1.355132455246203,2000.6969515001983,0.4586735069789478,0.012423703195063687,11.446810660609186,0.11280127781540371,0.4,0.2,False,none,12,2.242228112034699,2027.6094066152498,0.00010485297114137815,5.313993294767721,5.525391729404334,False,0,5.047828388997004
658,4,2,4.63595100938053,1.4545120468509127,2003.2452154935115,0.17860844120041594,0.013334804205864317,11.700300501891059,0.12597083413790844,0.4,0.2,True,exact,12,4.635080930092644,2026.4297991817132,0.00022933415611381402,8.86592702822316,8.1875818523441,True,1,10.324617356996896
662,4,2,3.9131889310481753,1.2888675071769047,2003.2199695433453,0.8589016183243774,0.011816193542511162,10.450209611459563,0.063995206461952,0.4,0.2,False,none,14,0.9795871886022913,2027.6553293016975,9.985460578920691e-05,4.607568912339658,4.973493628085712,False,0,5.061503066001023
661,4,2,4.337361426967508,1.7095525419825996,2001.213234621783,0.28713108053171627,0.01567298701742018,11.19235644215208,0.12036890666114886,0.4,0.2,True,exact,13,4.337001138377037,2027.2407568302622,0.0003330909562611062,12.263658086567704,14.459846792344504,True,1,10.148540041998785
665,4,2,4.690936813585809,1.5053152231666274,2004.0905478713373,0.02386919887513116,0.01380056205962206,11.79263471346122,0.12848960380294172,0.4,0.2,False,none,10,4.690795277269656,2027.5367888863484,0.0001753952108308754,6.609143571640675,6.653797541386196,False,0,4.585132315998635
663,4,2,3.884126939835459,1.5167110918782567,2001.5757740972706,0.13673890335798694,0.01390503811284851,10.398405133501425,0.11964756371224076,0.4,0.2,True,exact,14,3.883188306805313,2028.7666931476372,0.0002592636918594682,10.67161417195283,8.12406390900329,True,1,9.798505573999137
664,4,2,4.473484937688724,1.4992951817244047,2003.2856622601566,0.4727620755916539,0.01374537099116922,11.425321869076777,0.11197548105985991,0.4,0.2,True,exact,12,4.472897014560219,2025.655305385301,0.00025329979577048967,8.10023880735365,7.110924932305894,True,1,10.260396991998277
666,4,2,4.384601549482069,1.4767454536417493,2003.9092988784753,0.7428393869442733,0.01353863759935668,11.273476903070401,0.08560361730354991,0.4,0.2,False,none,12,8.77784307025,2030.21196671075,0.000220381639822409,5.261181038280149,6.129029127838787,False,0,4.489250549999269
667,4,2,4.89413767891839,1.3208498294001147,2002.9864110047142,0.403975495944484,0.012109403905270766,12.130775879688196,0.11935700423943324,0.4,0.2,False,none,11,2.450343873510779,2027.4341211502854,9.296161250715862e-05,5.586991715660562,5.178424075225666,False,0,5.344361209001363
668,4,2,4.237877933855456,1.4164056117740975,2000.6994391454177,0.7998797209727553,0.01298544865956069,11.020553814307311,0.0763227738840654,0.4,0.2,False,none,12,0.5936161112882413,2027.1765270913043,4.846038343586656e-05,4.964709648326234,4.7622234662434835,False,0,5.156879426001979
669,4,2,3.393747082889183,1.3802049250620467,2002.5840001297315,0.8854036826322548,0.012653564801693605,9.503657427024791,0.05613201200766568,0.4,0.2,False,none,16,3.3933836314380827,2026.3457427117332,0.0002163124783364223,5.220353461825339,5.557633054728988,False,0,5.205933225999615
672,5,2,5.066231325959445,1.5867094836322029,2001.4229909224293,0.06385987086171463,0.014546775560664875,12.413506272787057,0.13168588387015492,0.4,0.2,False,none,11,1.0132173195591874,2027.7698884614315,6.231717400118075e-05,5.176168027672603,4.824646141612866,False,0,5.416286084000603
673,5,2,7.531094137027282,1.6662417807595813,2004.2157488704306,0.7201968276143415,0.015275918789510831,16.16875231380932,0.10623882036667956,0.4,0.2,False,none,7,7.522707230163067,2026.8037466904893,0.00022754480508402342,5.774449093876171,6.0686619065927445,False,0,5.221434120001504
670,4,2,3.79156810071537,1.6257094578634927,2002.371944913911,0.13873044731828568,0.014904322974269288,10.232545817446798,0.11878343956811938,0.4,0.2,True,exact,13,3.7913958474570197,2028.913208432199,0.00018193544490607838,9.174457993525847,7.791516839881339,True,1,10.012519471001724
671,4,2,3.400821082301106,1.5483000128210653,2000.1739999234162,0.12583363821289176,0.014194641816550288,9.516859261942477,0.11469477802326808,0.4,0.2,True,exact,15,3.4019076407088837,2027.377761125671,0.00017185536866126672,8.448157779664076,7.0927687731315,True,1,10.107107030999032
675,5,2,7.109745551817441,1.3714924012743799,2002.0042487918224,0.7885712777462847,0.01257368935542349,15.559912945026827,0.09252884771111337,0.4,0.2,False,none,8,1.7147532558989758,2028.2524583443835,0.00017592953834133507,4.5301689289254945,5.429993974011133,False,0,5.232838536001509
677,5,2,5.466131657096828,1.392657221674728,2000.0951766778378,0.4898599892458357,0.01276772606808047,13.058436533863846,0.11828171510503589,0.4,0.2,False,none,11,5.4654129856745906,2027.424486803373,0.00015770183557628492,5.830045053994068,6.108074530524004,False,0,5.384614033999242
674,5,2,7.819904370971647,1.6659628703398457,2004.5998575416331,0.49706730501125906,0.015273361769893013,16.57952505890098,0.13303244748040266,0.4,0.2,True,exact,7,7.821984252484634,2028.064702757454,0.00022591955187023505,8.975591147999955,7.449370263345823,True,1,10.506855945001007
678,5,2,6.695295904521403,1.3289840301734537,2005.0684573945402,0.5790759718869837,0.012183977350653017,14.949189296981318,0.11850067319403479,0.4,0.2,False,none,8,2.5689967475320525,2028.2400976836539,0.00020846251107331515,5.087958773870217,5.524532725660381,False,0,5.326362488998711
676,5,2,6.893094791733278,1.6819229697632834,2001.4633154149044,0.26358999043373055,0.01541968218118039,15.242187202705264,0.14127939519653898,0.4,0.2,True,exact,8,6.88964410001638,2029.0333420250654,0.00025510000733086624,9.705040782457026,8.283311639139235,True,1,10.458435009000823
679,5,2,7.195283106374207,1.3120662990826069,2000.6458620523763,0.8959896264925923,0.012028877479055304,15.684465201451799,0.06883308256773263,0.4,0.2,False,none,8,0.5936161112882413,2027.1765270913043,4.792400916087125e-05,4.927338500744638,4.7814964532360245,False,0,5.550871750001534
681,5,2,5.997798613627683,1.558229142710497,2003.089200667543,0.8518362739701635,0.014285670971858302,13.892029932279996,0.07582938826773696,0.4,0.2,False,none,9,1.4099009224078451,2027.4339183069992,0.00015775171277310207,4.981174254807836,5.471632970525549,False,0,5.451097662997199
682,5,2,5.0299714727857525,1.7042575288886095,2000.6100056400703,0.6491070140660551,0.015624442927992584,12.354205052374796,0.10144044099108865,0.4,0.2,False,none,10,0.5017389037377,2027.2735883018358,6.0292414286289286e-05,5.617511051489518,5.453793639588523,False,0,5.344459157000529
683,5,2,7.099731952735151,1.4339894219815978,2006.5482286735028,0.6703427454150717,0.013146655070203865,15.545299451797547,0.11058559454623235,0.4,0.2,False,none,6,0.5936161112882413,2027.1765270913043,5.146897643781845e-05,5.656562742550776,5.316348618766718,False,0,5.241757141000562
680,5,2,6.629858010050674,1.6805091235774772,2003.4380617408858,0.34487783829481683,0.01540672019705262,14.851623885980391,0.13583794467489002,0.4,0.2,True,exact,8,6.630473353135729,2029.962830912543,0.0002119310318089429,8.200680451797185,7.358776342628535,True,1,10.419609437001782
685,5,2,7.563112169535601,1.425365154248441,2007.2300906256464,0.029694397272702223,0.013067588745597212,16.214546943936867,0.15044614786203647,0.4,0.2,False,none,7,0.5827134685348624,2027.5906580211386,5.08258847142784e-05,6.487105876749685,6.043788193653432,False,0,5.292633279997972
686,5,2,5.78253256042048,1.3378941304356409,2000.87840798599,0.8397846594728479,0.012265664156003395,13.557611411192317,0.07690298079651654,0.4,0.2,False,none,9,0.5936161112882413,2027.1765270913043,4.6477465135974505e-05,4.497004541282164,4.535123590560771,False,0,5.46490456399988
687,5,2,7.171646646228225,1.3148495777542697,2004.1600417244908,0.3457157363860332,0.012054394267463716,15.650097454345772,0.13886297098695857,0.4,0.2,False,none,8,7.164062623231716,2025.689375369695,0.0001490023510333227,6.8331869004559636,5.8042577183185475,False,0,5.359755459001462
684,5,2,7.248778674200468,1.5883693251036486,2003.0471485640398,0.4601577080204104,0.0145619928021325,15.762109873641874,0.13249286388308174,0.4,0.2,True,exact,8,7.254707159900668,2024.794277729702,0.0002427971337646273,8.311644087640772,7.351193519545404,True,1,10.444751449998876
688,5,2,6.3704471169251375,1.3547380693895992,2004.4990324777316,0.3957716038641608,0.01242008750952106,14.461646250668794,0.13080247015490107,0.4,0.2,False,none,8,6.3765908459824825,2029.9776915089299,0.00016177329273669994,4.996630815792254,5.46292634582422,False,0,5.207432365001296
689,5,2,5.441030404277935,1.545791794609798,2003.0217481076136,0.5882937122377977,0.014171646751761899,13.018428410882848,0.11008952452498483,0.4,0.2,False,none,8,5.440707156386244,2024.783453625545,0.00021405987044365027,7.326179874722745,6.978419631291373,False,0,5.579507365997415
691,5,2,6.586857610469663,1.4236740659754183,2001.6087225116453,0.8238155064953168,0.01305208503693807,14.787337129637727,0.08374721915029343,0.4,0.2,False,none,8,9.904117515707528,2024.6491100314151,0.00016621970570118716,5.63066485871016,5.0687549906020495,False,0,5.3410385089991905
692,5,2,5.744872735939781,1.3906677155479874,2000.3469546600916,0.8796788652574192,0.012749486497824663,13.498683011908232,0.06814195998839555,0.4,0.2,False,none,10,0.9639622352864564,2027.2250571713541,5.029804378420266e-05,4.568224642120631,4.4027763263589845,False,0,5.317202887999883
693,5,2,5.43921776264272,1.4484361698535861,2003.431666209242,0.8060243630926311,0.013279101243270313,13.01553691741674,0.08187013899027584,0.4,0.2,False,none,9,5.440541723298091,2025.1840418931924,0.00019832729298940865,4.934402154466027,5.911038452424897,False,0,5.402340509001078
690,5,2,6.771824305682123,1.7083239642179078,2003.5084066501495,0.3704114391987065,0.015661723553511912,15.062887944049388,0.13546340927304196,0.4,0.2,True,exact,8,6.7716735072481695,2030.5966940289927,0.0002678878120838668,10.468054786269434,9.276045520561095,True,1,10.653796213002352
694,5,2,6.858269083236028,1.7381123432357366,2000.9751099816588,0.8644469345331736,0.01593482008968212,15.19080554570009,0.07684043530459628,0.4,0.2,False,none,8,6.85870873215338,2028.4121786786136,0.00020235228295528707,5.20728551330176,5.47164016747892,False,0,5.290173430999857
695,5,2,7.625414554548211,1.3271494791195695,2002.463279916368,0.48322044709013684,0.01216715839122111,16.303471804719123,0.13253268696459325,0.4,0.2,False,none,7,7.623334998977586,2025.3365674969327,0.00022669930329077825,7.219136772924779,6.729783631980324,False,0,5.510794304002047
696,5,2,5.675925374123213,1.2884498751574054,2001.8612008149703,0.5012745394917697,0.011812364738740042,13.390462428465135,0.1187556889328437,0.4,0.2,False,none,10,5.678957722284083,2024.5634871391364,0.00020464173790990525,7.012828780837404,6.5569434765148795,False,0,5.610131508998165
700,5,2,5.260739519351926,1.475146324874094,2003.387290992363,0.07044933354077769,0.013523976965185364,12.729235553794476,0.13315004483321688,0.4,0.2,False,none,9,0.5936161112882413,2027.1765270913043,4.8929276028952806e-05,4.766294103489444,4.947427847160389,False,0,5.3046244559991464
697,5,2,6.192528576379874,1.6633104466863613,2001.3415017936702,0.3834792519407661,0.015249044645695388,14.1911133948076,0.13071479949064063,0.4,0.2,True,exact,8,6.191261179850027,2026.1137947194002,0.00021617041050170371,7.909242197621778,7.482030367166266,True,1,10.871991177999007
698,5,2,6.804128298123428,1.5879970725166168,2001.9027348253314,0.49721425040441697,0.014558580031936516,15.11075346698509,0.12689758657492411,0.4,0.2,True,exact,8,6.804595331986614,2029.1196313279463,0.00021177445769560155,8.423669051720815,7.275930818832585,True,1,10.560582823000004
699,5,2,6.009906823529592,1.6018638659041444,2001.9767030838634,0.3900231797560472,0.014685709246978904,13.910720241882162,0.1289685856927193,0.4,0.2,True,exact,8,6.011957733256616,2026.0130653080264,0.00021506288177641775,9.154130054266286,7.224045722551115,True,1,10.757897081999545
701,5,2,7.872968822279786,1.597819278657145,2000.1893845753102,0.5423057886447481,0.014648628922241105,16.654444251357116,0.12916587755643205,0.4,0.2,False,none,7,7.87245017049088,2023.8121942614728,0.00019194075862305482,6.049879181062078,6.000732081867402,False,0,5.2945257629980915
702,5,2,7.768745756464985,1.5024047155135087,2001.4178906429831,0.23658889842820272,0.013773878850103076,16.507136019372727,0.14777897957004588,0.4,0.2,False,none,7,7.772078165546531,2024.7338907466394,0.00020891562381197826,6.920955345659234,6.6713732002213115,False,0,5.415076334000332
703,5,2,5.311413786028254,1.4475488716056235,2001.6497899014082,0.3383809367797232,0.013270966591904309,12.810848099444819,0.1262078296102434,0.4,0.2,False,none,11,0.9643165087970405,2027.2269039129837,5.6442763300745824e-05,6.26018831152085,5.720322608633126,False,0,5.1863250019996485
704,6,2,10.113595646102551,1.497874118781927,2007.9505089636302,0.34285193613797965,0.013732342844621258,19.68074411363426,0.1561335831456876,0.4,0.2,False,none,5,0.9639622352864564,2027.2250571713541,5.752217094534551e-05,6.015006678683481,4.877744469217962,False,0,5.442299386999366
705,6,2,10.853331074531757,1.5510043646744163,2001.3094420397645,0.714705550786154,0.0142194350126921,20.629078324817332,0.12060878236099011,0.4,0.2,False,none,5,0.5936161112882413,2027.1765270913043,4.770278742027845e-05,4.74631476767433,4.8793275845120405,False,0,5.542415778996656
707,6,2,11.27339729857976,1.6539894427902995,2002.0551300375723,0.07694058227450366,0.015163590721662798,21.157986347118225,0.1717451048214204,0.4,0.2,False,none,4,11.277480711155379,2024.6122114223108,0.0002774638719733602,8.487317444984013,6.8080074493007,False,0,5.3669746029991074
706,6,2,12.226699267714281,1.3932975139191934,2010.4448377181275,0.6955995728721499,0.012773596195958038,22.334553647004057,0.12835468355105567,0.4,0.2,False,none,4,0.5936161112882413,2027.1765270913043,4.8137790375268885e-05,4.993566095352044,4.973446609405695,False,0,5.616355056001339
708,6,2,9.468581895646036,1.5510954311241616,2009.3978426087904,0.36897339003115764,0.014220269899745602,18.834803079177526,0.15126697670556083,0.4,0.2,False,none,6,0.5934506605533993,2027.1758526415697,5.328027441431349e-05,6.565206484634796,5.391036466995499,False,0,5.380546143998799
709,6,2,8.137774108786262,1.371384281065634,2007.6438564912708,0.12496086428534318,0.012572698121409688,17.025826795651916,0.15296967713718476,0.4,0.2,False,none,6,8.136630469359707,2023.8929484387195,0.0001779951082863107,7.159840161131632,5.891301470393534,False,0,5.347781997999846
710,6,2,9.831063373599418,1.516593102017462,2007.6812956571357,0.7594262089651618,0.013903956394965607,19.312483298366164,0.10895721577685868,0.4,0.2,False,none,5,3.2776361506370804,2027.37551628843,9.873919278113874e-05,5.1620277933893695,5.216663156551842,False,0,5.386808433002443
711,6,2,11.989597608806495,1.5758119729228697,2002.0256958667635,0.7843572775569677,0.014446868398015459,22.044869344087783,0.11146138713939781,0.4,0.2,False,none,4,1.4098830580786603,2027.4335788847445,0.0001641944241091986,5.52272991566293,5.692795940042535,False,0,5.485101020000002
712,6,2,11.433314392923062,1.4227554879763415,2004.1378813673136,0.42523144924979456,0.013043663616302867,21.35760522078719,0.15675824806830893,0.4,0.2,False,none,5,0.5936161112882413,2027.1765270913043,4.759399685327903e-05,4.923726212286673,4.812419754167519,False,0,5.432818375000352
713,6,2,12.542671766781655,1.5680077018039964,2011.8940561250513,0.062386697562138084,0.014375319710904225,22.71770708288111,0.177990548315638,0.4,0.2,False,none,4,1.1369169123597047,2027.8919954799665,5.273098426461509e-05,4.779362791107301,4.4978440744798664,False,0,5.4319927120013745
714,6,2,8.322271582068984,1.6096204716372318,2002.3915723866446,0.2262942961965109,0.01475682094314996,17.282200797682062,0.1517235614315426,0.4,0.2,False,none,7,8.325712672036303,2027.350888016109,0.000164880993425931,5.073452592812187,5.450489775229775,False,0,5.453046250000625
715,6,2,8.625011746436007,1.509531990119178,2004.2717669879912,0.8815684038884641,0.013839220908695025,17.69881762707889,0.07777614223489075,0.4,0.2,False,none,6,0.5936161112882413,2027.1765270913043,4.9885243297631554e-05,5.280714848776094,4.86764377183818,False,0,5.303545874998235
716,6,2,12.530783662825014,1.6292763015757765,2008.379329404456,0.5402228992985391,0.01493702339956944,22.703350059690425,0.15103193483630067,0.4,0.2,False,none,4,12.536510487212144,2033.4459272244242,0.00022641177716131722,5.563126154555313,5.969422037392977,False,0,5.365327964002063
717,6,2,8.312317932944557,1.6214196434270798,2005.6143661202373,0.5891886759938223,0.014864994434012156,17.268418080657835,0.1267324759664697,0.4,0.2,False,none,5,8.309652523307895,2030.5407935074236,0.00022840096334864057,4.816276977736845,5.342771422965789,False,0,5.3964521839989175
718,6,2,10.726420973151068,1.6475630295170223,2007.282617688575,0.30096920983793624,0.015104674081590514,20.467950077221253,0.16179703621181218,0.4,0.2,False,none,5,2.5689967475320525,2028.2399674753206,0.0002055313977408213,4.614208931712638,5.309244369391618,False,0,5.360108189001039
719,6,2,9.706231107474508,1.3031027814032639,2003.8476097339692,0.5986634247998123,0.011946700948782748,19.148652119149347,0.13174242156827118,0.4,0.2,False,none,5,0.9644020425979493,2027.2151712552427,4.437714915628277e-05,4.699104564321925,4.180713754976688,False,0,5.315557950001676
720,6,2,8.58351770406506,1.6491084593806662,2002.372232307781,0.7004454336240354,0.015118842410199552,17.642007223188735,0.11391196755279906,0.4,0.2,False,none,7,0.5936161112882413,2027.1765270913043,4.9639644282950535e-05,5.460693728231327,4.807842524192212,False,0,5.36851944099908
721,6,2,8.80023826973119,1.318687410545934,2006.5269410464343,0.3818371078684239,0.012089579090416877,17.9377270549017,0.1464706900826267,0.4,0.2,False,none,6,1.6000930617243916,2027.2911002784815,9.992304474737423e-05,4.702771209376836,5.037560440657499,False,0,5.340876591999404
722,6,2,10.10264117373886,1.3408201121489483,2006.9668281928243,0.4148722616683323,0.012292489229980174,19.666530170785155,0.15107435454258544,0.4,0.2,False,none,5,0.5936161112882412,2027.1765270913043,5.691036514998693e-05,6.918612725515059,5.418496422740145,False,0,5.214219768000476
723,6,2,10.614295849286075,1.5172775055989407,2003.8173004300493,0.6860268643987464,0.013910230930660636,20.3250637456418,0.12420265061254819,0.4,0.2,False,none,5,0.537304539809093,2027.4736252802638,3.8514610299578145e-05,4.718761744002119,3.9093274188669853,False,0,5.200716511000792
724,6,2,12.079295212869981,1.428056986054404,2001.0338001286477,0.13252718436896802,0.013092267159341085,22.154682013452135,0.17437482120128356,0.4,0.2,False,none,5,12.056634421387015,2025.231331342774,0.00016784872398500905,5.578902157374414,6.216830704696191,False,0,5.484560836997844
726,6,2,11.99127269846759,1.3788491575446578,2006.3327776032106,0.5986581256156659,0.012641135276319652,22.04692258357736,0.14148370289120235,0.4,0.2,False,none,5,1.001715895819953,2027.2738682496388,8.650990758318766e-05,5.255598015027975,4.999050442991216,False,0,5.251698193998891
727,6,2,11.52625846503245,1.4450839933434088,2003.4755226618652,0.7601204407554825,0.013248368862934592,21.47319625570652,0.1145655914037691,0.4,0.2,False,none,5,0.5936161112882413,2027.1765270913043,4.831419950013238e-05,5.001721006831214,4.698893409535285,False,0,5.2590053740022995
728,6,2,8.556503020960102,1.7010368983720465,2003.753923869655,0.6450991279374313,0.015594916546653369,17.604971624174546,0.12147399389045985,0.4,0.2,False,none,6,1.6000930617243916,2027.2911002784815,9.956878477046516e-05,4.772096630569774,5.074622870691407,False,0,5.438666866997664
725,6,2,8.717706400924726,1.7346538603506532,2008.5059993321013,0.5042604519884438,0.01590311310435892,17.82539995662412,0.13740196413602698,0.4,0.2,True,exact,6,8.715570853298445,2025.9420792065969,0.00024549096839432405,8.101496650749432,7.162335757778981,True,1,10.605950229000882
730,6,2,12.259022343717627,1.419712800728414,2010.3224645388393,0.04609242082540543,0.013015768599002296,22.373899439799704,0.1765548195120623,0.4,0.2,False,none,4,2.5689967475320525,2028.2399674753206,0.0002028696208088432,4.720999433363569,5.2111899211777235,False,0,5.179802768001537
729,6,2,8.258149395489685,1.5742455177962724,2003.5051122182263,0.5646759121865625,0.014432507312140873,17.193314772907144,0.12896640319044225,0.4,0.2,False,none,7,8.26417022116151,2028.2829012884845,0.0002303931351703703,6.6651129578358255,6.798317236397951,False,0,5.30261762200098
731,6,2,9.948384802512408,1.6786370920788547,2009.0763127289936,0.0016663826007063398,0.015389557621084007,19.465826178308067,0.1652567151829988,0.4,0.2,False,none,5,1.4213626388274498,2027.5467755543882,6.758700827191877e-05,4.835693637627635,5.1824767476547,False,0,5.376603651999176
732,6,2,9.526788229632649,1.5179011903138544,2007.0979818783992,0.4494590182000454,0.013915948802559716,18.911913160149073,0.14582919403479222,0.4,0.2,False,none,6,0.537304539809093,2027.4736252802638,3.800861718983306e-05,4.546495801921182,3.8901256516158433,False,0,5.415077177000057
733,6,2,9.190712708101685,1.523086716110031,2001.0095622501944,0.6036935937730217,0.013963489124653426,18.46448721656049,0.12918542585136938,0.4,0.2,False,none,6,9.19019107340704,2028.6018232202211,0.0002709488070863353,7.28156675105827,6.708819427576803,False,0,5.344805466000253
734,6,2,11.40446883872111,1.6450553141683775,2006.8950249328097,0.7252638536588828,0.015081683626990555,21.321667476010013,0.12100857397661877,0.4,0.2,False,none,4,0.517893339144206,2027.6006907246428,4.470288132030209e-05,5.296409122225247,4.517009806287945,False,0,5.375815946001239
735,6,2,9.968010285306567,1.381066193530683,2003.2249138234583,0.07987263632999878,0.012661460814946167,19.49141832205888,0.16440776766561446,0.4,0.2,False,none,6,1.1098450933035566,2027.5805530726186,0.00011487605004556478,4.940359482668627,5.091321735304794,False,0,5.3189369380015705
736,7,2,13.168875924287056,1.5234832669609715,2012.4952934204996,0.7596497804112656,0.013967124658622642,23.46768559961623,0.12004207243850393,0.4,0.2,False,none,4,2.5689967475320525,2028.2399674753206,0.0002024960751421112,4.687000248034214,5.235873018351144,False,0,5.3425617610009795
738,7,2,18.825599223084485,1.725628160918109,2014.5477394858576,0.4670059761389995,0.015820366498708913,29.78084365236427,0.18156815925189487,0.4,0.2,False,none,3,0.537304539809093,2027.4736252802638,4.448040250382146e-05,5.686220641550159,4.452745737604101,False,0,5.197722498000076
737,7,2,13.990309000931994,1.693490152341845,2006.6971284455008,0.12996909680790514,0.015525728820830132,24.433705137774204,0.1836208755854989,0.4,0.2,False,none,4,11.311675832252226,2026.0418516645045,0.00019857374047360654,4.884765427842089,5.364557547476072,False,0,5.32063265800025
739,7,2,16.581331375986387,1.4487055385612682,2009.818375878253,0.07663572614487899,0.01328157078553633,27.364281948443978,0.19492627412847952,0.4,0.2,False,none,3,0.537304539809093,2027.4736252802638,4.023636189975921e-05,5.1187442402988275,4.223901150867849,False,0,5.3566915369992785
740,7,2,16.995769986604,1.6019865386534469,2015.109893402616,0.5843068749676018,0.014686833897061304,27.818370521631962,0.16138713884643946,0.4,0.2,False,none,3,0.5936161112882413,2027.1765270913043,4.833295475481503e-05,4.9963376819701795,4.921249893530444,False,0,5.267195984000864
741,7,2,16.282706322349803,1.3489126602836983,2013.262224699183,0.5602267693514847,0.012366680808617874,27.034739178932533,0.16171970000983524,0.4,0.2,False,none,3,0.5936161112882413,2027.1765270913043,4.8830123970278194e-05,5.089810411430461,4.790672923515039,False,0,5.290592435001599
742,7,2,12.95491780503941,1.2895521971102186,2007.4014476101192,0.02050725626655833,0.011822470703447873,23.212801910389853,0.1797670376887566,0.4,0.2,False,none,4,0.5178999012608583,2027.5970671626587,4.5412369382269446e-05,4.506751838155136,4.452472095291289,False,0,5.330738922999444
743,7,2,13.419910220988033,1.5794478091591964,2002.1813997249726,0.6352462767679629,0.014480201339080453,23.764984261024996,0.14225162985264742,0.4,0.2,False,none,4,0.5375496847498967,2027.405609237495,3.452475509369002e-05,4.947930411039051,4.1082737246803775,False,0,5.343752105000021
746,7,2,19.80090530873525,1.7194873290485033,2010.4175897753323,0.02183420540041613,0.015764068037091072,30.800740327039733,0.20784775352922258,0.4,0.2,False,none,3,19.812019085129073,2030.2286190851291,0.0003151743931745221,5.815910271114361,6.732147248345883,False,0,4.993782245997863
745,7,2,19.413645541548764,1.3610144984557624,2012.5575548363129,0.12699477953671792,0.012477629111112115,30.39782576299751,0.20423940944519606,0.4,0.2,False,none,3,0.5936161112882413,2027.1765270913043,4.825241719141893e-05,4.876097627435095,4.630659007077793,False,0,5.31518904800032
747,7,2,13.175609712721819,1.4970571078297765,2000.4631645059967,0.21038730567693317,0.013724852579343248,23.475684913872044,0.1772184395731874,0.4,0.2,False,none,4,0.5936161112882413,2027.1765270913043,4.759153369138236e-05,4.860329737002603,4.7543770151446285,False,0,5.268387150001217
744,7,2,18.10398312555212,1.6454250966023554,2001.1860383886137,0.33346575123515176,0.01508507375109887,29.014864594828445,0.19046539405218055,0.4,0.2,True,exact,3,18.077152631454062,2019.275952631454,0.00034914117154771773,7.303898679446434,7.431542162555301,True,1,10.403158729997813
748,7,2,16.503781073026826,1.3500393830743522,2007.5494931675435,0.0178336707460827,0.012377010477485304,27.27889411373281,0.19497615747622865,0.4,0.2,False,none,3,0.5936161112882413,2027.1765270913043,4.831394833038072e-05,4.925170575272424,4.681948513125426,False,0,5.140377102998173
749,7,2,16.828592933537482,1.324147575965771,2011.3934706794464,0.846930579854718,0.012139637277946364,27.635648549905717,0.10747965784282383,0.4,0.2,False,none,3,2.5689967475320525,2028.2399674753206,0.00020199784762275907,4.766863689692002,5.2222737605184255,False,0,5.2862988369997765
750,7,2,12.796478978642627,1.4638700980731105,2008.8334003475945,0.6034822139884195,0.013420597775650576,23.023152090485393,0.1441175746239945,0.4,0.2,False,none,4,0.5936161112882413,2027.1765270913043,4.712041350907192e-05,4.544242553272269,4.471834554867576,False,0,5.423344783001085
751,7,2,19.130068743085626,1.3752030575082927,2014.1563618076038,0.15888320290046223,0.012607708237880755,30.101084610620152,0.20234795966947536,0.4,0.2,False,none,3,19.111908514631683,2033.3530585146318,0.0003791779190913669,6.068413961568336,6.367716534448194,False,0,5.2824981859994296
752,7,2,12.66468702613033,1.7347982584992965,2002.7378446099706,0.3584804031489231,0.015904436930479177,22.864801317335566,0.16766125603717863,0.4,0.2,False,none,4,12.678612866320282,2028.0842257326406,0.000257733283726469,6.740359555854885,6.136392671154003,False,0,5.351447922999796
753,7,2,17.78791481013605,1.398141958470197,2002.7004786726359,0.23814587770741213,0.012818009523241,28.676170327928343,0.19441765023794264,0.4,0.2,False,none,3,0.537304539809093,2027.4736252802638,4.078136072571681e-05,5.1385222962771175,4.147270379948271,False,0,5.382329598000069
754,7,2,12.847102768470368,1.6222438665824095,2011.7637618816793,0.8604023219099495,0.014872550819964449,23.08383295345295,0.09542091182318764,0.4,0.2,False,none,4,0.5936161112882413,2027.1765270913043,5.0222742040806345e-05,5.340733521858307,4.932972898648678,False,0,5.289541701000417
755,7,2,18.614628530144326,1.7395413174618086,2006.1926759282276,0.11488875246172739,0.015947920765995632,29.557931615440925,0.202392677142507,0.4,0.2,False,none,3,18.61462112557327,2024.8066211255732,0.0002546392033742073,6.693180200826946,5.9982231597965505,False,0,5.21627241600072
756,7,2,18.888054649584685,1.363076632539598,2011.2914259338634,0.4091346090095302,0.012496534526377476,29.846674168469477,0.18660976629242437,0.4,0.2,False,none,3,0.5936161112882413,2027.1765270913043,4.987597934502652e-05,5.276543576717045,5.043152671418379,False,0,5.2154731930022535
757,7,2,15.53267461552745,1.4512044644072093,2014.8657969525614,0.7457422765148322,0.0133044806589559,26.198029114395997,0.12954019249773616,0.4,0.2,False,none,3,0.5936161112882413,2027.1765270913043,4.6274059966600056e-05,4.414122305729156,4.660750757764014,False,0,5.314837925001484
758,7,2,12.704238361318394,1.5546659585754687,2005.4564479199685,0.4705828785781169,0.014253004097154229,22.91238050985076,0.15864943859743602,0.4,0.2,False,none,4,0.7442613823240953,2027.121795180334,4.587280332724042e-05,4.70115875454135,4.484350658945943,False,0,5.137997207999433
759,7,2,13.583499564783633,1.5641660101135846,2000.739310256386,0.358259839333682,0.014340099509997777,23.95772485168038,0.1713282265555086,0.4,0.2,False,none,3,13.5716383400774,2027.8769641801548,0.00028702144174541644,6.825995438838033,6.625900346650664,False,0,5.334043730999838
761,7,2,15.277122254428335,1.5695453201869523,2009.6783786012343,0.6112795094160686,0.014389416424729625,25.90988547998111,0.1520007032955845,0.4,0.2,False,none,3,0.5936161112882413,2027.1765270913043,4.877151261850621e-05,4.931897487765107,4.758969465663012,False,0,5.3252206219985965
762,7,2,15.135240167854036,1.3226903570405038,2014.846591085315,0.09657372145683506,0.01212627765738111,25.749215498094134,0.18855499417566343,0.4,0.2,False,none,3,0.8573189855741283,2027.3958989694647,0.00012867773281111106,4.246570926383614,5.4625090544321395,False,0,5.342933967996942
763,7,2,16.756221197591135,1.2961967337367848,2006.545114223491,0.6025359807905324,0.011883387074093124,27.556359839701777,0.15740751171470327,0.4,0.2,False,none,3,0.5936161112882413,2027.1765270913043,4.6180315016464135e-05,4.508539699098471,4.535918055652594,False,0,5.177851115997328
760,7,2,14.871276264266545,1.4871512211361304,2009.0227918233181,0.5368447927558175,0.013634036515061598,25.448954883753125,0.15999407688570683,0.4,0.2,True,exact,4,14.880469252212498,2023.8842661272126,0.00031649993385807207,7.410824166284893,7.101547049238239,True,1,10.570438757000375
764,7,2,12.862877785817897,1.3064316547075234,2006.5871574158712,0.361023976355224,0.01197721968792591,23.102725585737286,0.1676137919281924,0.4,0.2,False,none,4,0.537304539809093,2027.4736252802638,4.1520630537639214e-05,5.487507586083456,4.278720733748403,False,0,5.273927177000587
765,7,2,19.569972290907693,1.3364828358534029,2000.7708714751495,0.6632424239303456,0.012252725564692524,30.56079149731447,0.1559244070153391,0.4,0.2,False,none,3,1.7147532558989758,2028.2524583443835,0.00017594980203017307,4.545991450094141,5.384051835362827,False,0,5.61463643100069
766,7,2,15.055801776458816,1.6438500497059205,2006.621715673957,0.80572822670586,0.015070633896836756,25.65903876583904,0.11537969968723064,0.4,0.2,False,none,4,0.83626883375115,2027.5809151800368,0.00011513057159495688,4.5042427018401305,4.552980156933173,False,0,5.36181447099807
767,7,2,19.174611371740617,1.5794379389429123,2003.4131669485148,0.24390868778289063,0.014480110850038506,30.147791592352938,0.19940063523601914,0.4,0.2,False,none,3,0.5936161112882413,2027.1765270913043,4.853625851930499e-05,5.004765518943234,4.811283523197663,False,0,5.26563249299943
768,0,3,0.6886706419954104,2.281538392898825,2000.6752296284192,0.5976307377844425,0.02091688949798476,3.2818004508767897,0.0568635505213235,0.4,0.2,True,exact,78,0.6887026089046623,2027.533229872282,0.0004512893956111208,17.222437027375975,31.083774380659992,True,1,10.414831890000642
769,0,3,0.7712801007252326,2.1582091834635344,2000.141587134061,0.30758060892580114,0.01978622106230957,3.5392606027495903,0.06858965249911875,0.4,0.2,True,exact,68,0.7712086578924449,2027.1368342762355,0.0004064886657837441,17.36330938630119,31.022371921157628,True,1,10.26062760000059
770,0,3,0.7368964494822418,1.821254579307561,2000.1869141205975,0.052762491261167076,0.01669705883610975,3.4332763882010506,0.07042881821814502,0.4,0.2,True,exact,72,0.7368766029064847,2027.45193430754,0.00030677382028165834,17.200416452789057,23.150488605487265,True,1,10.272824646999652
771,0,3,0.7814400747920333,2.0119646729646674,2000.453075485272,0.004339353268560553,0.018445467702509624,3.57027424515013,0.07195354729434461,0.4,0.2,True,exact,68,0.7814484434300648,2027.021590826622,0.0003587945277739868,16.393306705374346,28.255224894169658,True,1,9.931910251001682
772,0,3,0.5120719626580404,1.7910076562873236,2000.26390107952,0.4814486166506344,0.01641975841967253,2.693550501165846,0.0561611488762325,0.4,0.2,True,exact,103,0.5121248313396844,2027.40303272767,0.00028288377690799393,18.08671397393275,22.788508266392338,True,1,10.50919782300116
773,0,3,0.5058218584844986,1.9574359558799053,2000.077947465414,0.4740733875776598,0.01794555450653676,2.6715882170033654,0.056305351558443587,0.4,0.2,True,exact,105,0.5058562200070733,2027.3911056720488,0.0003312498584874257,17.444215904281673,26.35835303635506,True,1,10.605915988999186
774,0,3,0.7841051756079478,1.8825284291163245,2000.6137551190373,0.09922815682011148,0.01725881065652843,3.5783872497843334,0.07162030304753524,0.4,0.2,True,exact,68,0.7841065572926781,2027.273685447951,0.0003323867622735399,16.661287563981574,27.688381397815863,True,1,10.388789069002087
775,0,3,0.6026499657192745,2.1058404946601637,2000.129008314015,0.8230035117249215,0.019306110764685913,3.0024875472902792,0.04024667134776582,0.4,0.2,True,exact,88,0.6026651032054496,2027.2494218317454,0.00031874025881273305,18.75224799533112,21.263519368183374,True,1,10.536961276000511
776,0,3,0.5619755490126492,1.960842457253939,2000.0235745718041,0.584185581842499,0.017976784931164797,2.8658232666176375,0.053967971221702174,0.4,0.2,True,exact,95,0.5619749995395654,2027.5613843524386,0.0003370340860482379,18.415033273163843,25.17177820094369,True,1,10.553752596002596
777,0,3,0.5732549453809551,2.1984129884884815,2000.23328100556,0.4273870428943761,0.02015480506235214,2.904042697436467,0.05991559558229077,0.4,0.2,True,exact,92,0.5732663111008734,2027.1762640175743,0.00043931966562404945,17.160167093094543,37.20739851142975,True,1,10.330212731001666
778,0,3,0.5872692303660189,1.7825227247528113,2000.2849157782452,0.10222623732057723,0.016341969513793166,2.951181741274163,0.06541605673112745,0.4,0.2,True,exact,90,0.5872199069030604,2027.2992250925408,0.00028494456745487007,17.228441840018775,24.58865387547265,True,1,10.489287781001622
779,0,3,0.6470831558936357,1.8311698564950463,2000.277590010086,0.7917364372546885,0.016787960991391484,3.14831264733088,0.043445719314912624,0.4,0.2,True,exact,83,0.6470798283601739,2027.4548918536273,0.00025838753925844227,18.798777289841624,17.04048056301691,True,1,10.458464573999663
780,0,3,0.7224690403106783,1.9677523303866724,2000.228238814104,0.8894299370621206,0.01804013387730234,3.3883163505807428,0.034972804345302456,0.4,0.2,True,exact,72,0.7224359758083274,2027.680561872383,0.0002478120309892251,18.75638154974449,13.896886344425386,True,1,10.528179397999338
781,0,3,0.5035883113578745,1.8230775625866402,2000.4241601712567,0.3006089538619581,0.016713771743472546,2.6637178331173237,0.060231439912014906,0.4,0.2,True,exact,105,0.5035986990846588,2027.6181578755716,0.0003294226868668648,18.035887153440147,28.33017479165925,True,1,10.205167832998995
783,0,3,0.6676208300373576,1.9124469872682033,2000.384266050991,0.39433491162411455,0.017533100660479122,3.2145810212059063,0.06341966753808018,0.4,0.2,True,exact,80,0.6676176531884856,2027.0894717525393,0.0003251722340853469,17.903374094165272,24.51081049978806,True,1,10.302302226999018
782,0,3,0.6275747837678525,2.1638316485914877,2000.0310316749394,0.7131792830318997,0.01983776719545978,3.0847131213204286,0.04901454252110003,0.4,0.2,True,exact,85,0.6275633166162318,2027.644231243614,0.00037155646583675317,19.28410580170986,25.825861148782582,True,1,10.544941064999875
784,0,3,0.6136096897968839,1.8003722397782878,2000.5844414271046,0.6313284257941222,0.016505611876570212,3.038780028661553,0.05299725464350535,0.4,0.2,True,exact,86,0.6135755362431679,2027.5816334905326,0.0002606384920701421,18.509420150653828,19.618197497131383,True,1,10.222225623998384
785,0,3,0.6916188935212866,1.8055759390504684,2000.6208501630115,0.29071933409187817,0.016553318811064817,3.2911602057976044,0.06641693674795622,0.4,0.2,True,exact,76,0.6916409125682367,2027.5950893401612,0.00029894724297707675,17.000865424414165,24.004854351702456,True,1,10.231054661999224
786,0,3,0.6649622466459711,2.0592228305528715,2000.1414897778366,0.43892680722589844,0.0188787252199932,3.2060413297224395,0.062172093863625266,0.4,0.2,True,exact,79,0.6649920223587821,2027.40529791671,0.0003863219136910345,17.970356572875694,30.373683577926553,True,1,10.17471786799797
787,0,3,0.6070691191500068,2.091705820495412,2000.3917470334966,0.47014229433698584,0.01917652564855798,3.017147566152315,0.059569430607443984,0.4,0.2,True,exact,88,0.6070796403291924,2027.1021291744844,0.0003741161251609171,17.361017002693682,29.947817582767986,True,1,10.487770484000066
788,0,3,0.6783544779144446,1.900897997653661,2000.1415521647752,0.6241473615255648,0.01742722081189423,3.2489442177231087,0.05500711317223666,0.4,0.2,True,exact,78,0.678361767352378,2027.2744446524284,0.0003005517413615655,17.582208539123858,20.960660261188156,True,1,10.561572948998219
789,0,3,0.5521144969921135,2.3209679043228064,2000.2093937477223,0.13335833525955598,0.021278374860660188,2.8321998220784548,0.06432620702988232,0.4,0.2,True,exact,96,0.5520870332184884,2027.2632021277059,0.0004998318949692715,17.496268435805217,44.13994935688283,True,1,9.99976129100105
790,0,3,0.547343472787865,1.9822558774667745,2000.2151473562376,0.25183012952173134,0.018173100779173255,2.8158601797662395,0.06262525874058479,0.4,0.2,True,exact,96,0.5473228998177686,2027.5809887408884,0.0003682435777763171,17.73550189884752,31.847511332616225,True,1,10.195680046999769
791,0,3,0.7315722010162886,1.9693031121478777,2000.6846262803322,0.26871677972147523,0.01805435127151125,3.416718928459961,0.06809931319705427,0.4,0.2,True,exact,73,0.7316294481880613,2027.7519302079584,0.0003641623773341651,18.435139031594897,26.32344257616974,True,1,10.24104494600033
792,0,3,0.550078813162343,2.08747943595038,2000.421934011137,0.1165393921355593,0.019137778626469912,2.825233861004479,0.06423175071388156,0.4,0.2,True,exact,97,0.5500760486429703,2027.3756013835055,0.0003997870788192692,17.185768507179944,37.28715745037924,True,1,10.397560888999578
793,0,3,0.5934400770330573,2.11672186637552,2000.3551111739396,0.18452124134364478,0.01940586996683873,2.9718191184676934,0.06513231366724415,0.4,0.2,True,exact,88,0.5934356218643367,2027.6535073557595,0.0004018840968590398,17.139411599253442,35.83765528620425,True,1,10.316810002001148
794,0,3,0.7448548375260367,2.289569248759537,2000.080380468302,0.016539959363465705,0.02099051548873538,3.457951405453714,0.07105474279691017,0.4,0.2,True,exact,72,0.7448462917805926,2027.6393909208819,0.00048320106005028673,16.33893081652237,39.4360467341149,True,1,10.221235244000127
795,0,3,0.5533000087431604,2.164469374249741,2000.0508628273844,0.0701286091487993,0.019843613793161238,2.836252611547487,0.06463938913317184,0.4,0.2,True,exact,96,0.5532705112273923,2027.1629894251423,0.0004275376744052872,17.62146722529548,35.49623367458638,True,1,10.206465504001244
796,0,3,0.5558257819235194,1.8470453368968738,2000.2463479381713,0.6988291113181739,0.01693350562492734,2.844877578567771,0.047983365125751284,0.4,0.2,True,exact,95,0.5557929519660085,2027.4826827713346,0.0002656272981002017,19.257734009470422,19.321790467604284,True,1,10.645634363998397
797,0,3,0.6525004857522229,2.2121440076378356,2000.2632523355453,0.15000422425915075,0.02028068951432353,3.165859839174146,0.0674629657952197,0.4,0.2,True,exact,80,0.6525055634564588,2027.6689055401712,0.000460536323099503,17.540113023186187,36.87916522772876,True,1,11.023412934999214
798,0,3,0.5598523866995324,1.9594148126959106,2000.3649088702853,0.06680291114002782,0.017963696445099594,2.858600596850325,0.06475660288360814,0.4,0.2,True,exact,94,0.5598499618262986,2027.2380325426623,0.00037089101433884775,18.002219840526763,32.15684711769954,True,1,12.624043760999484
799,0,3,0.6092182199983533,1.8684303987983704,2000.3812626749573,0.4835660701094866,0.017129561487100597,3.0242640919975052,0.05903304294405079,0.4,0.2,True,exact,88,0.6091986653697617,2027.1872282554364,0.0003111981403709496,17.137859747877226,24.468291305353535,True,1,13.177243916998123
800,1,3,0.9119064387972862,2.3241920133619636,2000.908137024643,0.3000508875067306,0.02130793313270654,3.9573516697109103,0.07256653886491299,0.4,0.2,True,exact,59,0.9119335177001785,2027.3523220133052,0.0004835710192760967,16.186161999336832,33.190031198927514,True,1,12.894959327000834
801,1,3,1.1046303857680937,2.0380443784237716,2000.0266483744624,0.7530884050883878,0.01868456353316754,4.496926414451742,0.054625021117448616,0.4,0.2,True,exact,48,1.1045561645373276,2027.6415733842664,0.0003145165093935143,16.443533492398448,17.825948930299635,True,1,11.65761544599809
802,1,3,0.9752563835450742,2.0021638314840917,2000.7787569431011,0.7479715380923682,0.018355614681024413,4.138570189613841,0.0529620656438699,0.4,0.2,True,exact,54,0.975215514426637,2027.1104412853524,0.0003449451463365394,18.441613077842714,19.77688745563393,True,1,10.887953219000337
803,1,3,0.8587341678882837,2.320597870393638,2000.3512927069041,0.8037799991347079,0.021274982430872016,3.8019840117661077,0.04656857552296572,0.4,0.2,True,exact,60,0.8587540800041744,2026.9713764801293,0.0003815871578320973,18.39089384607143,21.02379329663516,True,1,10.770098233999306
804,1,3,1.2547085604931096,2.002388516658933,2000.9443213494153,0.7421231261345328,0.01835767456964545,4.89552979504649,0.05775786030883977,0.4,0.2,True,exact,41,1.2546862865733013,2027.2924224347062,0.0003175752810054,15.453907459756852,16.790104819630347,True,1,10.675709353999991
805,1,3,1.1085030359881851,2.0529518913426537,2000.2756622166742,0.7742857234658859,0.018821233948789103,4.507430599634744,0.05281521582608819,0.4,0.2,True,exact,48,1.1084959118565125,2026.8800737595564,0.0002910603440677839,15.866293180522145,15.993179792453857,True,1,11.160626606997539
806,1,3,0.8235668247145671,1.868578580891291,2000.0759041145,0.34774216890962223,0.01713092000399992,3.6974617218025037,0.06885977844536693,0.4,0.2,True,exact,64,0.8235870566678998,2027.2525916200407,0.0002997435707308149,16.619035084620297,22.77730611750287,True,1,10.579919813000743
807,1,3,1.1883707468760525,2.0565372110022406,2001.1485154603056,0.2518335484315537,0.018854103759513283,4.721417721572298,0.07979896514284682,0.4,0.2,True,exact,46,1.188335485410165,2027.2941619290236,0.0003629535897734515,14.283379808864234,23.670152069030088,True,1,10.797219012001733
808,1,3,1.1489667076828416,2.008836315214455,2000.335358842191,0.7359790545996434,0.018416787267599995,4.616463653422854,0.05671603340316676,0.4,0.2,True,exact,47,1.1489366049338512,2027.9097649767457,0.0002983938047228518,16.623061238977275,16.377232576672895,True,1,12.148699323002802
809,1,3,1.1245968144686707,2.330334829902759,2000.0771755316994,0.8542109695267813,0.021364249789568475,4.550953066796281,0.04495726904794438,0.4,0.2,True,exact,48,1.124552653475356,2027.0685605584085,0.0003447646672150029,17.404666814350715,17.29041599117501,True,1,11.793474726000568
810,1,3,1.0475955436094784,2.1671786229983807,2000.5884920062283,0.09581291800298691,0.019868451883492847,4.340771106167404,0.078749203403823,0.4,0.2,True,exact,51,1.04755061762411,2027.829284808227,0.000422450545013775,14.866768389379125,28.067315683605724,True,1,12.222426554002595
811,1,3,0.8570466551872624,2.2827026566302413,2000.2143572943621,0.8110322687123298,0.02092756333800969,3.797001484602329,0.0458202305259076,0.4,0.2,True,exact,62,0.85703659829799,2027.6398846872023,0.00033818165152088575,17.108659855227092,18.719448299616435,True,1,11.308604111000022
812,1,3,1.1050191491878028,2.1551311852704407,2000.869730304331,0.17175916831509588,0.01975800231820238,4.4979814508897,0.07933326936369517,0.4,0.2,True,exact,47,1.1050041116068559,2027.3896299285645,0.0003681724110146112,14.916860790249952,25.57357998420929,True,1,10.369256538997433
813,1,3,1.2510082590169216,1.9520984079626091,2001.2474991393422,0.08478937340688224,0.017896620462593528,4.885900014724563,0.08329024318509744,0.4,0.2,True,exact,42,1.251098531477735,2027.5176004110324,0.00034762381022279687,14.849955822317522,20.57074902327662,True,1,10.90623687000334
814,1,3,1.1134559869275928,2.1158655102415085,2000.165636358279,0.6382656423189617,0.01939801898932207,4.520847186117037,0.0632807180277104,0.4,0.2,True,exact,48,1.1134086202698974,2026.8878225114775,0.0003303232004928658,16.50864884635162,19.957425055804816,True,1,10.367385704998014
815,1,3,1.0798303901540405,1.8430032536022525,2000.5391466686206,0.09467098715398706,0.016896448256145648,4.429365187118843,0.07928815230623157,0.4,0.2,True,exact,50,1.0797998472027517,2027.5364024300686,0.00030298336372924783,14.594541027002535,20.706509028673853,True,1,10.21144348099915
816,1,3,0.9557804242740121,1.765602872514301,2000.6522880223822,0.3317542314160313,0.01618685019575027,4.083286738922985,0.07248598265875075,0.4,0.2,True,exact,55,0.9557528850396408,2027.41147140611,0.00028399378510945983,16.221612552255852,18.653643596153554,True,1,10.341181324998615
817,1,3,1.129738698184799,2.018177904021762,2000.6825795553123,0.09681577808078506,0.01850242991180279,4.56481443492347,0.08056244775617231,0.4,0.2,True,exact,47,1.1298084845092262,2027.7974348782213,0.0003659104602325991,14.638289303928085,23.08193335346883,True,1,10.457148060999316
818,1,3,0.86240068849231,2.104343192736568,2000.5417466167235,0.5757417971590492,0.019292383667662935,3.81279849668678,0.061780731758911515,0.4,0.2,True,exact,61,0.8623851151947975,2027.2769073210388,0.00040747033283838885,17.017494683801207,27.373260767763796,True,1,10.24263117299779
819,1,3,0.9736049024154393,1.963502142651414,2000.7135435628804,0.4947883053065494,0.018001168630221335,4.133896751176249,0.06771679994104639,0.4,0.2,True,exact,55,0.9735611254296375,2027.0009941366002,0.0003116302667333093,16.093942471323782,21.57031870273412,True,1,10.600832290001563
820,1,3,0.8042260112706086,1.951647203218053,2000.4379080202318,0.5499246545281992,0.017892483867823866,3.6393447785869304,0.061541437037249166,0.4,0.2,True,exact,64,0.8042512196992959,2027.782041469776,0.0003087474773869614,17.610072871594745,20.298920014720732,True,1,10.359392826998373
821,1,3,1.0003909511190916,2.0543629446432616,2000.1094059674665,0.09931903011244023,0.018834170328056902,4.209375095127305,0.07749044175452081,0.4,0.2,True,exact,53,1.0002193058973876,2027.1207650092297,0.0003862079112154637,16.379310678422797,25.81834405627777,True,1,10.249316959998396
822,1,3,1.0428638571288595,1.8157608501140243,2000.9182397932454,0.47254072580581535,0.01664669293964677,4.327690574095373,0.06997838140562636,0.4,0.2,True,exact,51,1.0428888522234256,2026.9901900555856,0.00026348297942602183,14.468470574429867,16.474025119609035,True,1,10.551611625000078
823,1,3,0.8751564656193696,1.9383077266998092,2000.3406869925525,0.13672030876779553,0.01777018903502092,3.8503031786371444,0.07387765687874566,0.4,0.2,True,exact,61,0.8750431977736256,2027.4708703809824,0.00033096638268270695,16.812199791861577,25.658082262277635,True,1,10.712136135000037
824,1,3,1.1716713177558273,1.9533782214860167,2001.111901983211,0.035725669555449514,0.017908353650222746,4.677082060904256,0.08177491217489212,0.4,0.2,True,exact,44,1.1716649098819885,2026.8899092674037,0.00034832571763543374,14.82315984821376,21.705248069279165,True,1,10.448492225998052
825,1,3,1.0732027242831095,1.7603340307416162,2000.5176949786658,0.7683729468559471,0.016138546042077193,4.4112225448419915,0.05249940877618163,0.4,0.2,True,exact,49,1.073170910046143,2027.350106084487,0.0002160710702456825,14.328214605058463,11.575661695453988,True,1,10.70083718800015
826,1,3,1.2023457441740129,2.099592950502607,2000.889734923703,0.6787493909998151,0.019248833976715077,4.758360821640823,0.062060865844830816,0.4,0.2,True,exact,44,1.2024366082733549,2027.3422772570138,0.0003130526088680474,15.874482778784316,19.1315325211349,True,1,10.538258300999587
827,1,3,0.8864083851912837,2.171398317541636,2000.0864776279716,0.18945627611162813,0.01990713757239084,3.8832351894957085,0.07373917511882255,0.4,0.2,True,exact,60,0.8864257589837644,2027.5651360284967,0.00041684739031011553,15.681489951599026,29.633320774695548,True,1,10.461204728999292
828,1,3,1.116394658869497,2.3286175149597597,2000.0905626949357,0.22530997221313973,0.02134850563772437,4.528798076526391,0.07891125741748452,0.4,0.2,True,exact,48,1.1164317595554054,2026.8834247293296,0.0004661793531035574,15.462809225233753,30.45985873401831,True,1,10.191477759999543
829,1,3,1.150454527338165,2.238521047013436,2000.6210011070714,0.8913814210984892,0.020522511269162564,4.620448093712452,0.040217051889870424,0.4,0.2,True,exact,46,1.150509927882481,2027.0815200079637,0.00030620921424051595,16.271208999922692,14.531471998639958,True,1,10.582633248999628
830,1,3,0.8402488623675157,1.954367048480886,2000.488550526354,0.5607476698906577,0.017917419105815634,3.747224786996788,0.06187725704288555,0.4,0.2,True,exact,63,0.8402411865876996,2027.377626824973,0.0003060527776085342,18.12617287544987,20.874046347398505,True,1,10.443331321999722
831,1,3,1.2022468345262982,1.93638064616275,2000.3012468408094,0.5236082313531777,0.017752521775608217,4.75809985718975,0.07102828602781529,0.4,0.2,True,exact,44,1.2021928614186193,2027.9531701876283,0.0003072910280897956,15.54203632910401,18.530175325229095,True,1,10.566642486999626
832,2,3,1.4078607837257753,2.208543773895712,2000.299873760024,0.6362509734570906,0.020247682972954206,5.286208214302183,0.06837224205876791,0.4,0.2,True,exact,38,1.4076696345787896,2027.048457431997,0.0004034460661673789,15.49087475651741,22.868654957616766,True,1,10.390186786000413
833,2,3,1.3788852506015112,1.7970777462035796,2000.3555631372092,0.41610683810343746,0.01647540832695278,5.213425935969278,0.07874882514100655,0.4,0.2,True,exact,39,1.378790020757279,2027.9320504151456,0.00023947171396798694,13.563203057278164,13.877190104816929,True,1,10.4296226439983
834,2,3,1.7118422528632122,2.1282304197822857,2000.7246467978284,0.3385400460004123,0.01951137910078108,6.022085980607616,0.08752780566821898,0.4,0.2,True,exact,32,1.7119527445782017,2028.1131189132511,0.0003868477607807952,14.717555032461924,22.1483854533658,True,1,10.280322680999234
835,2,3,1.730770845150804,2.152368900690211,2001.345162038929,0.6287560216856298,0.0197326780012825,6.066397136663762,0.07352117055150428,0.4,0.2,True,exact,29,1.730336816878093,2027.3046616281713,0.0003618777903704462,14.134541764165876,18.262519242870045,True,1,10.591785278000316
836,2,3,1.8367094475031815,1.7919698239036153,2001.5257116608336,0.0760334619066972,0.01642857946505627,6.311483201613254,0.09430483746570638,0.4,0.2,True,exact,30,1.8369081578253432,2027.2368313970549,0.0003012723934815442,13.116144689304322,17.363230010028314,True,1,10.790209736998804
837,2,3,1.9678915823669614,1.8127522503477809,2001.2705602820288,0.09871976578421039,0.016619110432576082,6.608535633718008,0.09629581389573863,0.4,0.2,True,exact,28,1.9680144270210653,2026.8523516137739,0.0002742321338502496,14.47853852077864,14.71976477046295,True,1,10.60886427999867
838,2,3,1.5949955348221714,2.276285147589331,2001.0665266021615,0.7319115549770836,0.020868728330946548,5.744833397043953,0.06357726847396515,0.4,0.2,True,exact,32,1.594891038165627,2028.1824835863156,0.00039779715658705417,15.62953059978339,18.95435641351005,True,1,10.659736967001663
839,2,3,1.4931102532337686,2.0510728067493056,2001.4694704364506,0.06387264640984612,0.018804006710834764,5.497505964937755,0.08841973316124649,0.4,0.2,True,exact,36,1.4930430817763622,2026.851458952698,0.00039167362623981905,14.414938124647945,23.403163932450326,True,1,10.552273282999522
840,2,3,1.3922143825840878,2.2873651859428565,2000.0396140170249,0.15642263549483373,0.020970308886678356,5.246969440090743,0.08578506959459929,0.4,0.2,True,exact,39,1.3920962635661553,2027.884112771323,0.00045656994946585705,14.570904389514642,26.50118755677521,True,1,10.385208562001935
841,2,3,1.786825946189576,1.9936180990304004,2000.6104357350823,0.19480278740355328,0.018277268359099895,6.196683157817908,0.09218510058997731,0.4,0.2,True,exact,31,1.7867499749392117,2027.4171350407548,0.0003163761345515992,13.676002616817893,18.15820536835034,True,1,10.454916064001736
842,2,3,1.8801767345788203,2.2258989144914656,2000.53586302418,0.8581464159901915,0.02040679296610323,6.410672247183106,0.05207601675328819,0.4,0.2,True,exact,28,1.8803800967158595,2026.857547916522,0.0003352457826748534,14.717226770514847,13.494641389028791,True,1,10.78499938800087
843,2,3,1.7926592827768344,1.8701953629055263,2000.8263249752592,0.606768841685189,0.017145742481166792,6.21016244088573,0.07559131029798069,0.4,0.2,True,exact,30,1.7927822115941547,2027.7167331739124,0.00027943519431394837,14.034685157032051,13.876063292470038,True,1,10.770119864999288
844,2,3,1.82429378414774,2.07365732072767,2001.1321948375169,0.7289331992065441,0.019011059015859064,6.283008438189123,0.06640302590483328,0.4,0.2,True,exact,28,1.8241283369447743,2026.672562342227,0.000310797057210932,14.064047019511184,15.459355775191437,True,1,10.474238271999639
845,2,3,1.8848440657767231,2.0497814444764817,2001.6506648621755,0.17179448861772864,0.018792167645559073,6.421277053463611,0.09424729051962273,0.4,0.2,True,exact,28,1.8846736253946934,2028.037123463859,0.00036886164820770784,14.036735048294055,20.659771090249805,True,1,10.493320648001827
846,2,3,1.8104230765552947,1.970682180787654,2000.5768967213232,0.5715387077415734,0.01806699441897619,6.2511200853563595,0.07823467381739994,0.4,0.2,True,exact,29,1.8103819351176367,2027.7346352767645,0.0002949368094146143,14.32976110551511,14.654380354759928,True,1,10.564558977999695
847,2,3,1.378082322398987,2.2368938843600565,2000.6006782537172,0.7465382367497049,0.020507593623453897,5.2114018791824686,0.05935730641434481,0.4,0.2,True,exact,40,1.378143773181518,2026.7836900237821,0.0004007700337389508,15.72910209441304,20.01055479391251,True,1,10.52849810599946
848,2,3,1.777289573964007,2.2936972673576137,2000.49683848416,0.1500304157142391,0.021028360702793725,6.174615510690865,0.0929782702085307,0.4,0.2,True,exact,30,1.7772666885695017,2027.1573076202092,0.0005015616589917338,14.062795993404627,27.866613348433486,True,1,10.308869775999483
849,2,3,1.5534532999225017,1.7500251677091558,2000.3115430399318,0.43600774988938423,0.01604403553567021,5.64464445861483,0.08099789689213753,0.4,0.2,True,exact,35,1.5539972287634616,2026.7226403889788,0.000274497405862939,14.683542424192696,14.657129662336208,True,1,10.661600773000828
850,2,3,1.796140810731317,1.7786868919737615,2000.753205462138,0.41183545728934295,0.01630680302673257,6.2182003549360605,0.08593907436006916,0.4,0.2,True,exact,30,1.7960790330020675,2027.693529245031,0.000285916234835093,14.071733550872276,15.435087101592055,True,1,10.393069125999318
851,2,3,1.4871127205765071,2.2614268587295667,2000.9485485605564,0.378105563996413,0.020732509196008407,5.482774485546987,0.0824690916663526,0.4,0.2,True,exact,36,1.487171187995745,2027.7183001339233,0.0004403349036495863,15.407204481363483,24.4144128792197,True,1,10.308626301000913
852,2,3,1.4164710316553395,2.2384647729714233,2001.1799526272591,0.4653251832001905,0.02052199535502233,5.307739365306903,0.07783835034979897,0.4,0.2,True,exact,36,1.4165262843313,2028.0929056522946,0.0003873255149073884,14.756851382064605,21.38433482946407,True,1,10.482337184999778
853,2,3,1.3620952100690191,2.066736740017433,2001.191489305962,0.5615452297351093,0.018947611903845318,5.171018615190278,0.07204492636203286,0.4,0.2,True,exact,38,1.3621719539359092,2027.0742358747823,0.00033609044926330434,14.923633155714905,20.417030682345754,True,1,10.30404756599819
854,2,3,1.3225530348245895,1.958992555227526,2001.1977390047434,0.7630134208751859,0.017959825235729025,5.070450200814851,0.05676235115454194,0.4,0.2,True,exact,40,1.322460938910337,2027.64876304904,0.0002864590676316947,17.213987915804633,14.791081520057286,True,1,10.5993800690012
855,2,3,1.3121443435879552,1.7814720428990363,2000.0781824305536,0.39095311095314306,0.01633233697975326,5.043811712341543,0.07837836708491411,0.4,0.2,True,exact,41,1.3120959744264675,2027.6313592129559,0.00027401658089420966,15.12556838646174,16.010698078186127,True,1,10.508053413002926
856,2,3,1.9321851932823992,2.0206568083090115,2001.5564954042661,0.8503113994572946,0.01852515622980553,6.528352915593847,0.053342301127385985,0.4,0.2,True,exact,28,1.9318689150929238,2026.676991208708,0.00026179179002328024,13.14232240756508,10.429161922218752,True,1,10.943977805000031
857,2,3,1.691800047386541,2.3241863719211078,2000.7923727951024,0.28088702557601625,0.021307881412606033,5.974989493077692,0.0890017762082233,0.4,0.2,True,exact,31,1.6919407759887082,2027.8608961658194,0.00046173430217733014,13.673767773675591,25.616669744493976,True,1,10.13837607199821
858,2,3,1.9938743960616132,1.7474369843692366,2000.4603871863862,0.5756724000790938,0.016020307359501836,6.6665783623201005,0.08021482333750282,0.4,0.2,True,exact,28,1.9934627998321257,2028.3701979476498,0.00025229874058319,14.291773506926987,12.442235137014722,True,1,10.32901202100038
859,2,3,1.4395240096503128,2.257187346611646,2000.0955315850283,0.06794015322859176,0.02069364182179638,5.365173027875368,0.08751752402411825,0.4,0.2,True,exact,39,1.4394686511086332,2027.448341871064,0.00043026397225864876,14.669578441542674,25.634072131191413,True,1,10.648014709000563
860,2,3,1.3495478274366848,1.7488805602007504,2000.5349470919828,0.5838658644731523,0.01603354190170534,5.139213313338566,0.07027063414836504,0.4,0.2,True,exact,39,1.3498357018909564,2027.5287452878192,0.00022096728166587365,14.669046157984619,13.044868162001132,True,1,10.66690129500057
861,2,3,1.2724102434255409,2.1319866577773787,2000.903724490422,0.1848134393739058,0.01954581587174055,4.94146695198721,0.08281469403705596,0.4,0.2,True,exact,42,1.2723446264721425,2027.6239246559148,0.00035083788939604954,14.516726282351328,22.604318607650313,True,1,10.188765725000849
862,2,3,1.6163525928819338,2.0845789272807007,2001.2899795104447,0.33948260765596533,0.019111187086515793,5.796002003027511,0.08584230947361277,0.4,0.2,True,exact,34,1.616517883908636,2027.152046559205,0.0003596013302137324,13.991545071472922,23.106452439907773,True,1,10.353353016002075
863,2,3,1.7289068116269437,1.8052771452652596,2001.1820066694513,0.5044518296020422,0.016550579502970175,6.062040696907997,0.08068832648499581,0.4,0.2,True,exact,30,1.7289999334866344,2027.1139052522994,0.00026789228247747765,15.181927005431739,14.258073948249013,True,1,10.603285998000501
864,3,3,2.4971386239071025,1.9983805031826536,2000.4284995696905,0.06817104295856137,0.01832092954915809,7.745799042478008,0.10456977078148423,0.4,0.2,True,exact,22,2.496759495376923,2027.8982737199794,0.0003749410274731524,13.439162025719506,17.39887040386368,True,1,10.483603048000077
865,3,3,2.231371520042849,2.353261038401188,2001.010206126112,0.11371201182255158,0.02157443471183932,7.18597520784322,0.1006953038273069,0.4,0.2,True,exact,24,2.2313732058774325,2027.7870904496958,0.00046606915357205736,13.646476292874839,22.624815949047733,True,1,10.451006632996723
866,3,3,2.188775427496816,1.7718680920244638,2000.4157448923477,0.3971631583255889,0.016244289029382252,7.094229932037507,0.0922796116132789,0.4,0.2,True,exact,24,2.1887538559796673,2026.6821686675894,0.00026226556874975326,13.036383130134736,14.240254621934906,True,1,10.58614317699903
867,3,3,2.17761277640791,2.0087000590492288,2000.2538946612895,0.4503514005531117,0.01841553808627553,7.070089225554464,0.08998798086914386,0.4,0.2,True,exact,25,2.1775231454341206,2026.3850303493762,0.0003403806666222309,14.074218785524891,18.479250045442907,True,1,10.576145917999384
868,3,3,2.7911062956219066,1.9320912337116751,2002.1129292998687,0.17545484128472663,0.017713196920707826,8.342355796173639,0.10704307888366948,0.4,0.2,True,exact,17,2.790949554155166,2027.2377517165633,0.0003405914244362096,12.5333725219806,15.239013252274766,True,1,10.400337806000607
869,3,3,2.6378759403909764,1.822721465994542,2002.296776100907,0.2094658241282508,0.016710507089636034,8.034164171036048,0.10428156300644965,0.4,0.2,True,exact,20,2.6377700375631177,2028.6732732922978,0.0002565558274751911,12.396577966432412,13.45349617807733,True,1,10.526748374999443
870,3,3,2.357501861604749,2.031827283794962,2001.9065170564359,0.8513028695794298,0.018627565903079842,7.454282033375102,0.05673534134490194,0.4,0.2,True,exact,22,2.357724005776376,2027.83926093854,0.00032893747568707443,14.68928198050797,12.086546348692025,True,1,10.711971368997183
871,3,3,2.728738315203923,2.0450069246536806,2002.121613069788,0.26092593097736017,0.018748395380384707,8.217613605193877,0.10439142866670818,0.4,0.2,True,exact,20,2.7286728341338016,2026.6807117572043,0.0003589574613745983,13.420023558513389,18.582333756438565,True,1,10.481220292000216
872,3,3,2.019253115390908,1.7944942312050813,2001.257626319167,0.43132188519032866,0.016451722949617838,6.723028698575894,0.08845445491082786,0.4,0.2,True,exact,26,2.019393762322841,2027.5090850560302,0.00027257740190500535,14.611123269693351,14.621353805164715,True,1,10.499579448001896
873,3,3,2.2694213016636673,1.9997779044213775,2000.6210135050449,0.15074702748986227,0.018333740767845316,7.267435880263186,0.10045157324373939,0.4,0.2,True,exact,23,2.269438803986442,2027.8547500228372,0.0003606002433773625,12.947119355743107,18.930206625909875,True,1,10.447800918998837
874,3,3,2.1145322438983616,2.085825922737365,2001.5434655211027,0.6604176560881999,0.01912261940176971,6.93288503760616,0.07586013796188533,0.4,0.2,True,exact,26,2.11428351840886,2026.9182772209062,0.0003506521972201915,14.543307711559489,16.450491596522802,True,1,10.959162513998308
875,3,3,2.8162754612711187,2.100916958957919,2000.64312849148,0.5122380448422564,0.019260972338550383,8.392432909856396,0.09447659963205682,0.4,0.2,True,exact,20,2.816063732188558,2028.8045175302188,0.00036686947985142826,12.713720842495194,17.190549302545385,True,1,10.405825941998046
876,3,3,2.91897857222244,2.349868937215186,2000.8391097492556,0.2743776729928598,0.021543336306528934,8.59524767081113,0.10665862428379219,0.4,0.2,True,exact,19,2.919022662426546,2027.1107872951723,0.00042718982609168954,13.011012669797696,21.60357160119923,True,1,10.401164692000748
877,3,3,2.1194347440295034,1.8798080564966009,2000.6846325689633,0.66617800223232,0.017233870583787506,6.9435967367137055,0.07519285748215845,0.4,0.2,True,exact,24,2.119675064248104,2028.2354633352254,0.0002571684121697171,13.295653987541312,11.933180543815041,True,1,10.477472597998712
878,3,3,2.1986666689472356,2.089954001320553,2001.1942351207877,0.2942869249185749,0.01916046516576487,7.115586773860769,0.09635648488180629,0.4,0.2,True,exact,24,2.1985098384839192,2027.5774956659736,0.00040964146111133193,14.801951025487856,20.898664731986887,True,1,10.359346000997903
879,3,3,2.381183013767954,2.058508099707184,2001.0772840767963,0.18182409913271197,0.018872172647322685,7.504117770430253,0.1015929891276796,0.4,0.2,True,exact,23,2.3808094229203047,2027.2695026104568,0.0003949008609872573,13.188657992981142,18.82816606282211,True,1,10.294461241002864
880,3,3,2.2884039504737053,2.18648432286281,2000.0767826151662,0.15536606369445327,0.020045444386447158,7.307905396343319,0.10083201319565332,0.4,0.2,True,exact,22,2.288091022158356,2027.5382771617335,0.00036822540706260565,14.452630779796044,18.650303910275543,True,1,10.059290633998899
881,3,3,2.3253362224678877,2.2467894423428247,2000.836379721911,0.28729964954924864,0.02059831499526631,7.386323001068586,0.0985023062707451,0.4,0.2,True,exact,24,2.325267288509753,2026.4149844444405,0.00039891390356217027,12.72490213131589,20.045963658722403,True,1,10.258339062998857
883,3,3,2.6752939934037014,2.3282600459274083,2001.4385311686278,0.7033343730417168,0.021345228401508702,8.109961646818116,0.07816772200022971,0.4,0.2,True,exact,20,2.675198824082217,2028.1933944908221,0.0003212799407437128,15.103596047635685,13.405059710333681,True,1,10.153071296001144
882,3,3,2.244536704523991,1.8877587035913665,2000.8944507088552,0.6594904037872134,0.017306761229518606,7.214212520768814,0.07718370617970026,0.4,0.2,True,exact,24,2.243961829581348,2027.8279325799763,0.00028670294716015565,13.510256111868534,12.790181999056395,True,1,10.551463697000145
884,3,3,3.02783177269289,2.024068106683456,2001.341763076371,0.649724283499509,0.018556430632798264,8.807627768703188,0.08618580223632683,0.4,0.2,True,exact,16,3.0264744204253353,2028.592957283828,0.00031359626116134187,12.570386166687767,11.349721191549756,True,1,10.350596430998849
885,3,3,2.4514345875797385,2.256227667656054,2000.3790085406672,0.6177710130015098,0.020684843592176337,7.6509963880835254,0.08329545967777295,0.4,0.2,True,exact,23,2.4513686582402925,2027.3447427406434,0.0003883778955294792,13.78593548137124,17.973431003014618,True,1,10.401381123003375
886,3,3,2.819978811116347,1.7456876200963916,2002.3482320782712,0.20660218384483595,0.01600426938297656,8.399788560465188,0.10658733391642781,0.4,0.2,True,exact,18,2.818348275652652,2027.725095418374,0.0002714990889440827,11.309317750680094,12.068160477472727,True,1,10.728353298000002
887,3,3,2.1765006754922767,1.9113587676636834,2000.7474496182656,0.6232174325175751,0.01752312398452744,7.0676819037454,0.07932549525047182,0.4,0.2,True,exact,24,2.176557682960117,2026.8663484455215,0.00025184149209822593,12.126902409811244,11.79000856877572,True,1,10.789991839999857
888,3,3,2.339398173451585,1.8573426224755365,2001.188770553754,0.31711092692488047,0.017027909990529277,7.416071160164159,0.0973958634130133,0.4,0.2,True,exact,22,2.339274668620222,2026.927398958989,0.00032918028612438643,13.340295401967884,16.77820258989309,True,1,10.724640005002584
889,3,3,2.886435377330633,2.127128994284603,2002.7823968517537,0.5233151018594769,0.01950128135467389,8.53124373748133,0.09457249469636402,0.4,0.2,True,exact,19,2.8863996740100712,2028.760279357757,0.00034714509375954883,14.781927143618024,15.93273551288684,True,1,10.335226158000296
890,3,3,2.988225811814799,1.8440364194557706,2001.735196066575,0.04066424308603172,0.01690592020544897,8.730653101993143,0.11095327326346369,0.4,0.2,True,exact,17,2.98855810023984,2028.6269708188252,0.000289395844554563,12.972102869944154,13.312327968936435,True,1,10.630826886997966
891,3,3,2.191745690589192,1.8521191552895524,2001.310046923507,0.2875071111303864,0.016980021826005883,7.100646599570265,0.09622792291355531,0.4,0.2,True,exact,24,2.191973256319608,2027.6054368883354,0.0002879359618258581,13.684004928334538,14.994872512538478,True,1,11.006744595000782
892,3,3,2.796636425460303,2.207351928673816,2002.485790568699,0.6302290514718494,0.02023675626890106,8.353371521266688,0.08587714281876137,0.4,0.2,True,exact,18,2.7967551662342203,2027.656733996108,0.0004121251886476385,14.100902332198636,17.396693337063937,True,1,10.423488576998352
893,3,3,2.5855877889917287,2.221560191219673,2001.0468441604464,0.14066930689164028,0.020367016035098745,7.9276411403284035,0.10522215984083122,0.4,0.2,True,exact,20,2.585356673538995,2026.9005719437232,0.00040033125389449253,12.97562515472721,20.368000527760472,True,1,10.292386547000206
894,3,3,2.8746395845034707,1.9029730733034549,2001.4572764806971,0.5113267013482788,0.017446244873992763,8.50798518802546,0.09494458114843035,0.4,0.2,True,exact,19,2.8739552780073496,2027.326925627066,0.0003090666633439598,13.363936638618306,14.865701665022083,True,1,10.323537681000744
895,3,3,2.564142547778158,2.1994420351731216,2001.4314046690913,0.11154691923718002,0.020164239247574656,7.883744980588286,0.10528502495145917,0.4,0.2,True,exact,21,2.5643136761949146,2027.0736706161158,0.0003813803168444263,12.360564755062349,19.653275943196082,True,1,10.396837929001777
896,4,3,3.1728831730041023,2.290247377113808,2000.9423608172674,0.5452618941855397,0.020996732493847318,9.086720681191132,0.09626142930023658,0.4,0.2,True,exact,16,3.173427304195482,2026.3224444752304,0.00038672890716018316,13.870972878139638,16.320780646043072,True,1,10.493217620998621
899,4,3,4.640430258498882,1.7602071700377935,2004.1803793649553,0.6867125519000955,0.016137382997294884,11.707835830990536,0.09472053405221811,0.4,0.2,False,none,9,0.5936161112882413,2027.1765270913043,4.7632875702530164e-05,4.826471833705669,4.608775422481369,False,0,5.245676378999633
897,4,3,3.3284876907557166,1.9129282911322016,2001.421065805454,0.6717381966900685,0.017537513200618506,9.381431118802572,0.08663444070011829,0.4,0.2,True,exact,16,3.3281059226980343,2028.0521911315843,0.00029823681660723356,13.790714473581387,11.087266776659742,True,1,10.501529426997877
898,4,3,3.3601683043866046,2.1066127373829806,2002.8376425587915,0.7311670118943269,0.019313190599830946,9.44086551889732,0.08077997495166066,0.4,0.2,True,exact,16,3.359926341658287,2026.357765641608,0.00034096219989143695,13.44078496535788,12.873303219181716,True,1,10.694227441999828
901,4,3,3.335999573534665,1.7894531656423271,2002.8824537119885,0.21237390195605985,0.016405507022830713,9.395540775895784,0.11257778207371943,0.4,0.2,True,exact,16,3.335916422903088,2026.2432769394882,0.0003000166716941033,12.116473913380652,13.184123640695638,True,1,10.55934434899973
900,4,3,3.201903093178059,2.3362017205263497,2002.2927403737528,0.8253580030236088,0.021418036788398896,9.142042723050636,0.06740786164661734,0.4,0.2,True,exact,16,3.2019426122497037,2027.9085096479976,0.00035216598703391444,14.060823104812657,12.564530535117747,True,1,10.699464924000495
902,4,3,4.015976458338214,2.0887125869098506,2003.8018765953036,0.43713474232775784,0.019149084016917808,10.632414432052954,0.11092047259527459,0.4,0.2,True,exact,13,4.015992853111752,2027.8943946186705,0.00035388029834027,12.14077472984676,14.775642864080218,True,1,10.357764622000104
903,4,3,3.970685499961601,2.0126298528300772,2002.9248564047439,0.017135630581731075,0.01845156599731999,10.552323999153465,0.12215840167647228,0.4,0.2,True,exact,14,3.9705063737700232,2026.7480382426202,0.0003285927617547868,12.672797517795578,13.364903299685293,True,1,10.658799490000092
905,4,3,4.954729596423637,1.8472098948411575,2002.6234208366352,0.23171820847484964,0.01693501427380536,12.230693868250098,0.12784636791708606,0.4,0.2,False,none,11,0.7073814723225651,2027.4109972503409,5.795986880807735e-05,5.552782904980297,5.927052792564374,False,0,5.378327673999593
907,4,3,4.86842869875122,1.7743893061650067,2002.1901756357192,0.3028171613407128,0.016267403239400645,12.088256498436511,0.1245366886310568,0.4,0.2,False,none,10,0.6960277926913925,2027.219563081631,5.520548899684563e-05,5.185413548942679,5.138873023947971,False,0,5.248139798997727
904,4,3,3.496205386190928,1.8960770468015917,2002.4210835805686,0.48270369330537366,0.017383022872222556,9.693986615496687,0.10308841881896917,0.4,0.2,True,exact,14,3.495856347656293,2026.8953433919276,0.0002842707603010197,11.858815579318478,11.314133090337721,True,1,10.547377653001604
906,4,3,4.765244172004653,2.0228860915193083,2004.7392658424797,0.6839738191217865,0.018545594049618083,11.91684333656541,0.09628818071632927,0.4,0.2,True,exact,12,4.764473830409826,2028.5646868603824,0.0002916916825703719,12.281808935544387,9.999565472706568,True,1,10.57663928400143
908,4,3,4.064983176086943,2.2029376597506443,2003.8700201669633,0.8431754052939183,0.02019628674379127,10.718737264871566,0.0695800047708571,0.4,0.2,True,exact,13,4.067768984849046,2028.2601295340942,0.00031055466880935967,12.262790361058332,10.502073905855731,True,1,10.801303907999682
909,4,3,4.077874231946158,2.277462272072576,2003.8316740429616,0.4341380191155503,0.020879520076909727,10.741386462669565,0.11188556704822089,0.4,0.2,True,exact,13,4.0774186750760375,2028.2968037171229,0.0004019511680148913,12.956566774756594,16.18302750607853,True,1,10.135624367998389
910,4,3,3.973622036547105,2.1298028357937357,2002.189777907637,0.3804926820318333,0.019525794835383106,10.557526034130154,0.11354520052758549,0.4,0.2,True,exact,13,3.9742813515750104,2026.02928185945,0.0003627326535782238,13.650887704763232,15.08181388905089,True,1,10.28099590200145
911,4,3,4.041112493927873,2.2128022380932366,2002.213188416966,0.31183763458280317,0.020286724097718086,10.676733869562783,0.11725362318114614,0.4,0.2,True,exact,14,4.0414651450220616,2026.4594679534657,0.00039126233645703223,12.606075583709373,16.595153678292487,True,1,10.273179206997156
912,4,3,4.69484852057157,2.252982885660776,2001.7639851745269,0.8699182092767245,0.020655095792774178,11.799189612080351,0.06782014392599743,0.4,0.2,True,exact,12,4.694660188819335,2025.2376238607635,0.0004129009946952644,14.71330109370846,11.911153181482545,True,1,10.515499016000831
913,4,3,3.7981473562823096,2.189589141554026,2000.0675182192651,0.4021281360140094,0.02007390901788951,10.244379633464263,0.11087557993445957,0.4,0.2,True,exact,15,3.7981273697683897,2026.654599921712,0.00040157673451513,13.312687358421181,17.160103985574178,True,1,10.622684753998328
914,4,3,4.753059630170216,1.8083449844029964,2002.1611149003497,0.7609027186819998,0.01657870510999102,11.896520736737289,0.08595571102974525,0.4,0.2,True,exact,12,4.753981150934049,2025.9227052338367,0.0002610227581515412,9.723981750945988,8.778535159518544,True,1,10.669658116999926
915,4,3,4.1822901711448175,2.229263324553179,2002.6830903893892,0.41423660904813353,0.020437637502274876,10.923971663348757,0.11387040830122329,0.4,0.2,True,exact,13,4.181642701367689,2027.7778770415396,0.00042102292100509864,13.049799707562325,16.287129861914963,True,1,10.275535363001836
916,4,3,3.471125581695523,1.8928517935831155,2000.9757652576188,0.7591960895187194,0.01735345411046783,9.647571552236137,0.07786491076963016,0.4,0.2,True,exact,16,3.4714468445780002,2028.748137256624,0.0002458893266455986,10.768450265794707,8.84363103849887,True,1,10.715132960998744
917,4,3,4.996019045901482,2.242188341188578,2002.762178659482,0.1174460118660089,0.020556132613101723,12.298548202084998,0.1312427016471679,0.4,0.2,True,exact,11,4.9971905184396475,2027.7403275921981,0.00037526384483110853,11.747224148568097,13.99685002702742,True,1,10.474372257998766
918,4,3,3.321240682828139,1.9678997933462454,2003.0460668280584,0.8833881148698411,0.01804148580126734,9.36780891616799,0.05738708064887874,0.4,0.2,True,exact,16,3.3215760711326054,2026.294652289595,0.0002719303466091061,12.228850123732302,8.99451924207501,True,1,10.362272943999415
919,4,3,4.277717744844101,1.8412271761656265,2000.163532890992,0.37150759416211077,0.01688016537631448,11.089514699269085,0.11643501158020109,0.4,0.2,True,exact,13,4.27691809195073,2025.8358575100378,0.00028390411047762854,11.787750864156203,10.449589081903797,True,1,10.459178701999917
920,4,3,3.216531270319002,1.975736045802015,2001.5842095231183,0.5707828834982641,0.018113327689707966,9.169865717772238,0.09444870853265637,0.4,0.2,True,exact,17,3.2160109519892335,2027.3181917825805,0.00031200388861163386,12.247149538674687,14.113649842405314,True,1,10.301180179001676
921,4,3,3.9307777163655095,2.31920416463392,2003.153024485571,0.2254483198172835,0.02126220509192411,10.48150021648489,0.11911059015136638,0.4,0.2,True,exact,14,3.9311098466320065,2026.7384819964586,0.0004491460205565678,12.764787429102126,18.269058838643307,True,1,10.456858753997949
923,4,3,4.181941446504301,1.9486737276967745,2000.3729162529091,0.23320620851798468,0.017865223375913175,10.923364418533604,0.1209343756959542,0.4,0.2,True,exact,14,4.181854644226748,2025.4601382820272,0.00031489122881667164,12.781726762303483,12.93050785554118,True,1,10.479823983998358
922,4,3,4.385002487473145,2.1297337029628047,2003.3888507572135,0.47573890540142627,0.019525161033300365,11.274164140933447,0.11185634640235131,0.4,0.2,True,exact,12,4.385074620790511,2025.3141751872859,0.00035038053369274014,11.729787161154642,13.741395277740729,True,1,10.71831130999999
924,4,3,4.429147251798969,1.8366744990254211,2004.0216606308456,0.7029577675528069,0.0168384269401093,11.349704039682333,0.09150525610497204,0.4,0.2,True,exact,12,4.429301263995368,2026.1693578824768,0.00021460853296839666,8.055117676401919,7.863247031318155,True,1,10.517243170001166
925,4,3,3.173332694762042,1.7901061114913246,2002.7987703002584,0.5625396646923398,0.01641149315754322,9.087578908443263,0.0944136376670834,0.4,0.2,True,exact,16,3.1727036144740883,2028.1839075616263,0.00021311744830998514,9.922425807034303,8.737407148879969,True,1,10.803121655000723
927,4,3,4.5920975021350925,2.123730784984619,2001.187231291122,0.009634311318235656,0.01947012695085583,11.626398143233931,0.12833034340326144,0.4,0.2,True,exact,12,4.593744419719332,2028.7405915183158,0.0003828173362989684,12.194794256949075,14.901148062698077,True,1,10.55979066800137
926,4,3,4.584368588968839,2.2076667388648734,2000.5877636980897,0.1484541512335811,0.02023964241361801,11.613348965099417,0.1270022057017107,0.4,0.2,True,exact,12,4.585079908440382,2028.0917294506423,0.00036337625096793946,12.509225425629975,14.433050579036628,True,1,10.611644930002512
928,5,3,5.141884574653713,1.8828956036942794,2002.8369032877079,0.7371544826195054,0.017262176872103612,12.536780043925058,0.09172648626004064,0.4,0.2,False,none,11,1.0309199822478021,2027.5627737051095,5.3304830893941e-05,4.998343044763984,5.698865939258609,False,0,5.340494015999866
929,5,3,6.299155584076024,1.8181189233259571,2002.3114071263128,0.6060281701586607,0.016668311491828788,14.353550695581257,0.11419437444609692,0.4,0.2,True,exact,9,6.299311841015937,2027.5006848640637,0.00022933946896463997,8.388603991925205,7.848064280284097,True,1,10.654785889000777
931,5,3,5.670188595346627,2.1787934717103705,2002.4046666644854,0.18188107933826017,0.01997493552093706,13.381438223986777,0.1355082049623359,0.4,0.2,True,exact,9,5.671106210834371,2025.0853623433375,0.00039755081950143545,12.788094873951339,14.164793784440413,True,1,10.61940980000145
930,5,3,5.18495618559297,2.1445247509028507,2003.5753233142173,0.4773187970329142,0.019660763710986736,12.606693222091502,0.11814655917308212,0.4,0.2,True,exact,9,5.18518315125785,2029.5002907562891,0.0003334716567564566,11.374076846782472,11.577711418772138,True,1,10.812899054999434
932,5,3,7.296345692358436,2.1649872224487066,2006.0731044658878,0.0407252296406641,0.019848361367687358,15.830989426980945,0.14960232359959835,0.4,0.2,True,exact,6,7.295410197347899,2027.9677930920436,0.00033805326486013865,11.399800949066696,10.334339873542024,True,1,10.70697027300048
933,5,3,5.957999344576425,2.196637061799714,2003.55362356438,0.7699957240052372,0.020138523564560525,13.830506702444135,0.09193767493923796,0.4,0.2,True,exact,9,5.958633577955172,2027.3867218118207,0.00034810897330384005,11.809481121972158,10.532409577094569,True,1,10.631924354001967
934,5,3,6.047050698010908,1.8587501677802343,2003.6835574640504,0.717599527039691,0.017040814208881865,13.967977620577448,0.09949197576046177,0.4,0.2,True,exact,9,6.046791327107359,2027.8715403084295,0.0002822967504105822,11.247369110351306,9.606870701658632,True,1,10.586902446997556
936,5,3,5.018493850189518,1.9198325603261261,2000.2548465723737,0.1400278813969348,0.017600810770470123,12.335404298393325,0.13067992510126836,0.4,0.2,True,exact,11,5.017517016989164,2025.3475850849459,0.00032558081776357106,12.568979482166935,13.824208787520625,True,1,10.572896440000477
935,5,3,5.229197795706313,2.0280093131594326,2001.7895156242685,0.010212062930391253,0.018592563174158656,12.678304271278233,0.13386625482193126,0.4,0.2,True,exact,11,5.233335792083976,2027.9303508354199,0.0003160360851431898,11.982911321925634,11.95543736171393,True,1,11.041429076001805
937,5,3,6.202760253842229,2.3396278540971296,2000.959378809326,0.7558762945159869,0.02144944719881688,14.206740714967498,0.09565369434306284,0.4,0.2,True,exact,8,6.202472652075719,2025.7717656083028,0.000356865218186897,13.308699505224716,11.364079023716117,True,1,10.657438612997794
938,5,3,5.7232779068136,1.7523170202327891,2003.475555970634,0.4287026063683225,0.01606504698396831,13.46483431506704,0.12479753135752296,0.4,0.2,True,exact,9,5.717335456891734,2026.368091827567,0.0002778126955893523,10.788428950007086,9.655911268838675,True,1,10.701132641002914
939,5,3,6.161055011743483,2.3459023665550514,2004.327186753513,0.21607675535587495,0.021506971229157356,14.142988290251331,0.13857262037840348,0.4,0.2,True,exact,8,6.159714530533573,2028.9694831221343,0.00042050863655762605,13.782365536728227,14.972394991287818,True,1,10.653396245001204
940,5,3,5.968516689190022,2.3347334755446227,2005.1444615877276,0.06672680990279402,0.02140457608217789,13.8467780976729,0.13996997430427507,0.4,0.2,True,exact,8,5.967518220624503,2029.017260382498,0.0004152396031126271,12.830314669396822,13.854640456953367,True,1,10.836965473001328
941,5,3,5.278223614457175,1.9100122335415433,2000.818980907861,0.8992483202049486,0.017510779109891215,12.757423741221157,0.06287313642278766,0.4,0.2,False,none,11,1.3212550199239097,2027.2173530026448,7.899205162553713e-05,5.9858383004774725,5.665799305692172,False,0,5.295074355999532
945,5,3,5.023768083529565,1.820698153212146,2001.4852238632752,0.40448497728595867,0.016691957583732053,12.3440454580728,0.12101614223183667,0.4,0.2,False,none,11,0.6284545360253775,2027.2497169240912,5.4877083346505096e-05,5.654561086669866,5.141658941600831,False,0,5.247387029998208
942,5,3,6.32723054361894,2.070315852851137,2001.1933177865671,0.6110502624961657,0.018980424811082128,14.396167688881029,0.11424367918711381,0.4,0.2,True,exact,8,6.32791652759524,2026.500884860381,0.00035917219264858247,12.140710148153229,11.85744761322247,True,1,10.95965783200154
943,5,3,5.310233650943527,2.307385542536818,2002.7662428772016,0.6500021314304246,0.021153853282814546,12.80895041371464,0.10412837254415323,0.4,0.2,True,exact,9,5.309874699203308,2029.3224984960166,0.0003773711861404516,11.847551373577728,12.167675919236487,True,1,10.815629229997285
944,5,3,7.354933707424457,2.012268411329855,2005.1934828966707,0.7022265125651378,0.018448252341961978,15.915622604333798,0.10864995768503422,0.4,0.2,True,exact,7,7.355551258086172,2027.2613412742587,0.0003451391413604732,10.471434638149683,10.133010022975936,True,1,11.01544365600057
946,5,3,5.052836284100832,2.0342856194994,2002.5322632824966,0.555898147919958,0.018650103650609633,12.391615866148621,0.11099201525562846,0.4,0.2,False,none,11,7.576654346183177,2025.2670724135496,0.0002971148633229559,6.575369485854124,8.882405739105824,False,0,5.32864519800205
947,5,3,5.080613171478618,2.0587111463417536,2000.557239993427,0.01812297506834758,0.01887403415622012,12.436987865238066,0.1326142274535736,0.4,0.2,True,exact,10,5.081388275337553,2025.9594413766877,0.0003470502120012098,12.820814703487592,12.34282942871905,True,1,10.482644380997954
948,5,3,6.138828938676178,2.2208459776856877,2002.0226297075344,0.7472183940448899,0.02036046820508421,14.108953816874832,0.09640746618623972,0.4,0.2,True,exact,9,6.139332792933804,2026.5738936717353,0.00035805508292652277,11.72558191893574,11.338527640687841,True,1,10.408330138001475
949,5,3,6.745263011762842,2.2925244390317587,2005.8334702051025,0.4395701467375782,0.021017608343522294,15.023474458614487,0.13184286682063717,0.4,0.2,True,exact,8,6.747727860796228,2026.0716992073885,0.0004708808753035587,12.867499022565081,14.971962957249547,True,1,10.76596967000296
950,5,3,6.531593035665286,1.9780776576974517,2004.929201170903,0.04237040563883272,0.01813479532637648,14.70450927380738,0.1439449447833085,0.4,0.2,True,exact,8,6.533309286588944,2024.527740359767,0.0003332512297361534,12.186228209349068,11.029019604271545,True,1,10.568344107003213
953,5,3,7.753736151941736,2.0302986265720384,2005.4885637829268,0.8439247579381561,0.018613551344170073,16.485867426612604,0.08552462357867734,0.4,0.2,False,none,7,7.761686791585461,2028.7556072497564,0.00032853370313334906,7.0877246025264915,6.359774724266571,False,0,5.532828583000082
951,5,3,7.425464963711447,1.9970189047875042,2003.3804491651456,0.4840769792311477,0.01830844656694722,16.01721085910446,0.13233284458697867,0.4,0.2,True,exact,7,7.4261169218451775,2025.6542882655356,0.0003276224394902494,10.59463649620329,10.881679707903169,True,1,10.529785468999762
952,5,3,5.537799163295033,2.008779325458287,2002.8249870218424,0.00942663660438261,0.018416264791872215,13.17232967487957,0.136415951272105,0.4,0.2,True,exact,9,5.537679297488841,2024.9826703149554,0.00036178111358853293,13.172693668229654,11.958067836807011,True,1,10.6300163349988
954,5,3,7.40313253925929,2.349561222989043,2000.978976587924,0.25544083476987733,0.021540515216826813,15.985079745007376,0.14592133844938787,0.4,0.2,True,exact,8,7.402107482918007,2030.599679931672,0.00045868238319068944,12.837504655268912,14.84291325962711,True,1,10.684495368997887
955,5,3,7.754667496248169,1.8054061107917823,2003.8903858782153,0.39434499132329004,0.016551761844532224,16.487187539575256,0.14039128420623295,0.4,0.2,True,exact,7,7.749659627962109,2027.1489788838865,0.0002741432010767708,10.545472965026528,8.821237839391568,True,1,10.999764977001178
956,5,3,5.881713488266863,1.8013629122240706,2000.1669628309073,0.29598098689930896,0.016514694251051235,13.71219668954469,0.13291963818891345,0.4,0.2,True,exact,9,5.882394007763273,2029.5744700388163,0.0002887448172582685,11.671043618371574,10.730494868588718,True,1,10.681614159002493
957,5,3,7.150150954641891,2.0752188693869913,2001.982190771003,0.6877320730800878,0.019025375119788943,15.6188096192184,0.10972341176927275,0.4,0.2,True,exact,8,7.150243276376861,2030.5863637305074,0.00029891390361669323,11.28917173309919,10.177582132161705,True,1,10.413704672002495
958,5,3,5.438322439451455,1.9563222208043047,2004.6651450410027,0.20005717461595707,0.01793534390759226,13.01410859539514,0.13290623273172875,0.4,0.2,True,exact,10,5.440459008640366,2026.4113672845615,0.0003437464285812597,11.604925219795366,12.999315348420511,True,1,10.533883138003148
959,5,3,7.259901515168035,2.0070901330469972,2000.1565583158838,0.3236641526239635,0.018400778464261972,15.778229797063526,0.14154104929226163,0.4,0.2,True,exact,8,7.261659196885254,2029.196949287541,0.00034296041422610113,12.380509324548118,11.625291387066126,True,1,10.62806557300064
960,6,3,8.175307142289203,2.1195440296179986,2002.6445301528113,0.8370205113661198,0.019431743244655103,17.078137636452265,0.08879487326587986,0.4,0.2,True,exact,7,8.176436918427378,2027.173060755282,0.0003321469465161764,11.647014540279653,9.22004255588311,True,1,10.704013623999344
961,6,3,9.303350867540377,2.100160349844496,2002.8008829527466,0.32485648019045443,0.019254035830592466,18.61504359290683,0.1537830274494315,0.4,0.2,True,exact,6,9.300467159922896,2030.7045264797687,0.00032359418082850144,10.10429117924804,10.483802287733601,True,1,10.69680677100041
963,6,3,9.855653998907302,2.0154492405091826,2006.0919554545367,0.12244343203427115,0.01847741382908095,19.344674341550792,0.1640479451122111,0.4,0.2,False,none,5,0.5827134685348624,2027.5906580211386,4.676777514700525e-05,5.305935259090884,5.460021552468759,False,0,5.292800821000128
962,6,3,11.804540875201134,1.9543801886075718,2009.9593432895012,0.2587680314357772,0.017917539573031414,21.817443382240906,0.16962078231107577,0.4,0.2,True,exact,4,11.788961544648764,2021.7663052946489,0.00030225225678914835,7.8550912418586725,7.42475666669596,True,1,11.134901044999424
965,6,3,8.189099273153385,1.8884966404680468,2003.6427390936424,0.36135288610576766,0.01731352655249281,17.097339991850216,0.14509334988047012,0.4,0.2,True,exact,7,8.18875292175738,2028.2103212652721,0.0002678212048771167,10.195115086393669,9.448949870685567,True,1,10.39761388399711
964,6,3,11.75984212917986,2.191603030161364,2009.0551761839624,0.8073131079774458,0.020092372124007756,21.762333016326533,0.10734624198931018,0.4,0.2,True,exact,4,11.76941171552521,2032.5753859310503,0.000342799382338943,7.594585432092662,7.227565026727113,True,1,10.554885942998226
966,6,3,8.5152393084027,2.2601340824283906,2004.444282956434,0.3192709792416293,0.020720657167078507,17.54832608234364,0.14984896159611902,0.4,0.2,True,exact,6,8.515563010627291,2029.9870015318818,0.0003966963172383764,11.27444773780247,11.88921433833276,True,1,10.79913458500232
967,6,3,9.701474152982588,2.189384080282968,2003.2677033215564,0.11089093145236578,0.020072029039029462,19.1423951963066,0.16366340680562141,0.4,0.2,True,exact,6,9.701734946214303,2022.6697198924285,0.0003633982590359741,12.22243603496475,10.649639184260044,True,1,10.651142330003495
968,6,3,11.397250758581789,2.1226272250065925,2003.801700867528,0.8520476534215196,0.019460009636070932,21.31266996542792,0.09536725650758296,0.4,0.2,True,exact,5,11.398033700998917,2026.6115049019977,0.00039631837832998507,7.834711209727377,7.399003308429966,True,1,10.578863266000553
969,6,3,10.060370058826903,1.8137447358640877,2002.0677787876812,0.06210682086420131,0.016628209429085435,19.611633175207075,0.16576647179784268,0.4,0.2,True,exact,6,10.063624683492437,2032.2481240504774,0.0002285617796603523,8.376834041426742,7.0237441568593235,True,1,10.744227874998614
970,6,3,8.79056704919706,2.2141238961675973,2007.886052796293,0.102859907209906,0.020298840911523,17.92458259984274,0.15855016410371342,0.4,0.2,True,exact,6,8.789698000579376,2025.4720210011587,0.00033767955622709955,11.553699280976248,10.889432733509844,True,1,10.353559528997721
971,6,3,11.40495205827653,2.0024268518543615,2010.0728879412975,0.40206303645427344,0.018358026022441142,21.3222697530102,0.1593785132697185,0.4,0.2,True,exact,4,11.394292444134907,2032.8700848882697,0.00035591489377828633,10.337841419501055,8.939461557379598,True,1,10.865435773001082
972,6,3,9.764958222003969,1.7631368960327263,2002.3270485633122,0.8327293412287302,0.01616424239842796,19.225813144940428,0.0942555776425861,0.4,0.2,False,none,5,0.5936161112882413,2027.1765270913043,4.770358176819922e-05,4.634450287602898,4.724903761557141,False,0,5.518394848000753
976,6,3,10.609605599820297,2.190022532080549,2007.0724272441278,0.8862785598512481,0.020077882293895285,20.319075806179583,0.0840296904977237,0.4,0.2,False,none,5,10.613327639914292,2028.2813427798285,0.00028518437772673266,5.273299386115773,5.54042819959018,False,0,5.601134067001112
973,6,3,8.438210971588884,1.8874477437047386,2001.6417710686858,0.8078627868364392,0.017303910383963193,17.442338492580415,0.09533130778097101,0.4,0.2,True,exact,7,8.437979832671832,2026.9564394980155,0.00028716151326591,9.57260596123239,8.725698847950298,True,1,10.911213127998053
974,6,3,11.603493308291249,2.0416798250316095,2007.992136714893,0.41775937207902014,0.018717892902162008,21.569014123218412,0.15918280217060254,0.4,0.2,True,exact,5,11.5966076154758,2031.2033089809515,0.0003692554954435323,10.680135728029937,9.700855491190897,True,1,10.82037345199933
975,6,3,10.977375280094373,2.2768554974002835,2007.3247025265098,0.22337812150148553,0.020873957234395214,20.785962132557,0.167528377843675,0.4,0.2,True,exact,5,10.97754197781224,2029.2822089556246,0.00035526778641148393,10.810042501628443,9.541883815212197,True,1,10.629044280998642
977,6,3,12.297803124627812,2.157152047672428,2009.5823217087159,0.6807038919220109,0.0197765293592921,22.42106037616342,0.13265911056514376,0.4,0.2,True,exact,4,12.297595188567234,2021.8798764385672,0.00032566099929787207,8.781370875465731,7.646669337278481,True,1,10.803435185000126
978,6,3,10.978333556898077,2.2039849508493536,2007.0711455413539,0.6713208548274657,0.020205888191766944,20.787171797287392,0.12924011972684427,0.4,0.2,True,exact,5,10.978142632143182,2029.0270977642865,0.0003190886785745528,9.198038663345056,8.322637408918474,True,1,10.778333236001345
979,6,3,8.64646912089842,2.275354488182407,2000.4431496546915,0.2447026893078166,0.02086019614931179,17.72815964434226,0.1539607320171449,0.4,0.2,True,exact,7,8.647333164481697,2026.3827807434452,0.0003611046751442748,10.153001427617687,12.505787121439166,True,1,10.55513348200111
980,6,3,9.009493668677148,2.066149432440662,2004.5383943572372,0.2633379967576327,0.018942227533491143,18.220965270199475,0.15501533448137747,0.4,0.2,True,exact,5,9.009788554778716,2031.567990664336,0.000309746773557551,10.919853976435457,8.799911468648082,True,1,10.51973838199774
982,6,3,9.13626613722755,2.0539622754796873,2004.1903086453947,0.08366874258938854,0.018830497037856827,18.39149155419119,0.1606422619462202,0.4,0.2,True,exact,4,9.13754396395473,2031.5953818918642,0.0003126085698289538,9.526842474668813,8.230605524468855,True,1,10.780361493001692
981,6,3,8.232181534985797,2.325470722404067,2007.9993156684507,0.5550068505913476,0.021319656194574356,17.15725278563395,0.13106523734551473,0.4,0.2,True,exact,5,8.229565042020294,2024.4663175840408,0.0003429200547542255,9.410720333728907,9.127915972206667,True,1,10.992916658000468
983,6,3,11.251047597425197,2.0805914235992384,2003.6954398593928,0.02921239544398758,0.019074630097539604,21.130013054820626,0.17271879125220357,0.4,0.2,True,exact,5,11.248721818561242,2026.1926936371224,0.0003152243922501796,9.595172087555396,9.212623593009093,True,1,10.88013766199947
984,6,3,10.06344941666557,2.2360935449600228,2000.8902228895915,0.509866367992283,0.020500256201106112,19.61563489386984,0.14445785450935447,0.4,0.2,True,exact,5,10.057752980857101,2031.0811339425713,0.00033480487511705626,9.535305801727741,8.190683977162424,True,1,10.650104526997893
985,6,3,9.939908165868559,2.124052581959047,2006.2364531194614,0.07340907728093325,0.0194730771496234,19.454767218821587,0.1654452908620257,0.4,0.2,False,none,5,1.4204624404903377,2027.5337082443164,7.798527191005267e-05,5.176444862434253,5.695589965705957,False,0,5.220433006998064
987,6,3,9.373069077694963,2.0097144392864243,2003.7247054703669,0.8799710841223758,0.0184248378111438,18.70792711261502,0.08186297191564941,0.4,0.2,False,none,5,9.37711272903378,2031.8424319371013,0.0002821157161522203,5.081608649480848,5.446072542618068,False,0,5.447856243998103
986,6,3,11.519401385743656,1.8820211009064343,2007.1888474354466,0.6766509780334903,0.017254159528088727,21.464679007139882,0.12984678605595046,0.4,0.2,True,exact,5,11.518404733706836,2030.2285594674136,0.00027713780367033536,9.523681071150312,7.61703994220014,True,1,10.827883932000987
988,6,3,10.094536199961665,1.9701959405163223,2002.3340051584655,0.13635075991722262,0.018062536622404996,19.656010279389477,0.16500094878504787,0.4,0.2,True,exact,6,10.096164511294837,2022.5183602725897,0.0002768826774922628,10.751899010685305,8.530896765131308,True,1,10.792875008999545
989,6,3,8.972787974246716,1.9952653017535011,2002.925335943806,0.3722873803121691,0.01829236972993245,18.171442091720017,0.14907073295431167,0.4,0.2,True,exact,6,8.968964649635728,2029.8376126989074,0.0003864137858008432,11.81745270517013,11.105218489108,True,1,10.5444248720014
990,6,3,9.397325433649957,2.0312928499919263,2007.7868642871954,0.06171074251249888,0.018622666273585605,18.740189091866814,0.16237193479126194,0.4,0.2,True,exact,6,9.403487352901292,2026.5777247058024,0.00027589026104279935,10.123815220247769,8.334043027526452,True,1,10.663128766998852
993,7,3,15.115208321313995,1.962248933695638,2008.7039954443915,0.07474372776695055,0.01798967935030063,25.726490688334238,0.18991878435863752,0.4,0.2,False,none,4,15.10468620039702,2023.835811200397,0.00027523817307362197,8.646869367028511,6.892481755582566,False,0,5.3963530250002805
991,6,3,10.099479932036251,2.2076765153088047,2010.0410858969412,0.12571093612644976,0.020239732042965485,19.662427356017446,0.16561250308462985,0.4,0.2,True,exact,6,10.09819022953818,2030.2437554590765,0.00036614076387597727,11.646032044599657,10.27733783968718,True,1,10.793173824000405
994,7,3,14.133250252142947,2.2945763076935006,2006.691920329372,0.8908106097136097,0.02103641964654293,24.59985175862577,0.09131656104845859,0.4,0.2,False,none,4,0.5934506605533993,2027.1758526415697,4.527640077001127e-05,4.987936336691204,4.87992327850572,False,0,5.572749674000079
992,7,3,19.711999066249827,2.2418624469708903,2005.4125512468236,0.6496144198610615,0.020553144851264964,30.70847412778248,0.16087866410689022,0.4,0.2,True,exact,3,19.74143110223997,2025.11983110224,0.00046485634446591373,8.660771741648277,8.469509873437769,True,1,10.880254490999505
997,7,3,14.19539754592637,1.9049277543988554,2003.5011624286115,0.4287408887636341,0.017464165172245708,24.67191331294734,0.1690566693974507,0.4,0.2,False,none,4,14.193121322456854,2031.8974613949135,0.00026912419603863924,6.93451470799326,6.623124159481341,False,0,5.508780934000242
998,7,3,14.93954818960424,1.800867920531221,2005.2539147243333,0.3465965184717551,0.01651015622242372,25.526783776845487,0.17807680908935683,0.4,0.2,False,none,4,14.911168592608178,2020.2324185926082,0.0002302514685175172,6.197821300796056,6.092740365814407,False,0,5.419194173999131
995,7,3,15.759059408327365,2.0659982063725586,2000.01662330509,0.38812342830990215,0.018940841109766876,26.451967831265655,0.17871864976201976,0.4,0.2,True,exact,4,15.743593439797237,2031.5349993795944,0.0003890039048310978,8.365850652007234,7.532102749242436,True,1,10.861969841000246
996,7,3,13.000623977990328,2.127422324842019,2001.3879578117212,0.4081025090745262,0.01950397057650551,23.26736782710261,0.16623335873075815,0.4,0.2,True,exact,5,13.000110399844107,2027.384720799688,0.0003311579105350626,10.564559498314894,9.267020391401665,True,1,10.839160284998798
999,7,3,19.89516471820716,2.0789880062806523,2016.2400523640995,0.049498862781221696,0.019059930146411712,30.89841131676051,0.20865435235155275,0.4,0.2,False,none,2,19.83155098513875,2036.0963509851388,0.0003905382034139482,5.700307585911933,7.4800922256577,False,0,5.283529543998156
1002,7,3,16.512693253703155,1.9688489420740534,2015.9071690511366,0.6164883548158465,0.018050187490933622,27.288713785016064,0.15611098956781247,0.4,0.2,False,none,3,16.509017045912667,2032.4292295459127,0.00024627767552598545,5.479697507715143,5.537925523621917,False,0,5.326878820000275
1000,7,3,13.526557766008702,2.1195380122314558,2004.7126533607266,0.18036947112706564,0.019431688077926473,23.89072440330225,0.18088391778168258,0.4,0.2,True,exact,4,13.522716823435596,2031.7644336468713,0.00032726388251380634,9.247425566681883,8.023597099798453,True,1,10.499114672998985
1001,7,3,17.33896737214291,1.917385307712411,2001.6929653622153,0.44095948641520244,0.017578374631479845,28.191614209677574,0.17959178840098533,0.4,0.2,True,exact,4,17.344665255918866,2019.029465255919,0.00028976837449601334,8.623083231982656,7.999501142533723,True,1,10.730150909002987
1003,7,3,17.02107296111209,2.1081042240779158,2007.9798216998017,0.3484951179039887,0.019326864383486207,27.845973977491564,0.1864300688609369,0.4,0.2,True,exact,3,17.011778027633078,2025.008165527633,0.0003276222344517077,7.528262325976984,7.578334657520805,True,1,10.573007566999877
1005,7,3,13.039477320626862,1.8165295389077158,2003.364255438561,0.4907170565680552,0.016653740192765994,23.313702286478108,0.1585907121553488,0.4,0.2,False,none,4,13.040955806769963,2029.45053661354,0.00022361574002949247,5.407764990101107,5.999869216194443,False,0,5.325955661999615
1006,7,3,12.861127736310703,1.87941087441192,2007.9222193946948,0.41827119220818754,0.01723022926273777,23.100630055169677,0.1643969141374296,0.4,0.2,False,none,4,12.859328922109572,2033.6684703442193,0.0003040256147976983,6.318727132728865,6.490524521099351,False,0,5.525545783999405
1004,7,3,12.705458301939226,2.1870034934745726,2009.6193229363448,0.33793852088482434,0.020050204084706296,22.91384727999879,0.16993910284946406,0.4,0.2,True,exact,4,12.70870939585018,2022.3319593958504,0.0003547701070120146,11.3831684678008,8.620567980098077,True,1,10.796986682998977
1010,7,3,18.352844781062448,1.7587441559153656,2002.352901747341,0.6331910637508469,0.01612397024700847,29.280155924058125,0.15861644861343652,0.4,0.2,False,none,3,0.5933453977326568,2027.1778866479697,4.7444801081208965e-05,6.016591115614958,5.380606846214803,False,0,5.3196540379976796
1007,7,3,15.936630617828067,2.0188011276411975,2008.8837176095508,0.07766888367563939,0.018508143556429955,26.650301611287652,0.19335240394096082,0.4,0.2,True,exact,2,15.923534642237257,2024.8245346422373,0.0003993142034381947,7.043221003657339,7.4963907294788195,True,1,10.756986330001382
1008,7,3,15.07189646471003,2.2425789566361254,2005.8470513653606,0.49061749774632946,0.02055971373195468,25.677321892057158,0.16726594948922988,0.4,0.2,True,exact,4,15.070014933916303,2020.9151399339164,0.0003971777667334253,11.029492004596325,9.356591535529853,True,1,10.657537613999011
1009,7,3,13.689009850585716,1.8805095725578465,2000.5713344844055,0.3840601304232591,0.01724030200478827,24.08162641260826,0.17050287320013377,0.4,0.2,True,exact,4,13.694468074004611,2027.9356861480092,0.0004037399424138277,9.012698427775685,9.198739961637598,True,1,10.886185151000973
1011,7,3,18.645016906185525,2.071944903496258,2010.7344212478174,0.6820445014238379,0.01899535976568849,29.59009174608382,0.151904256907861,0.4,0.2,False,none,3,18.630116702456213,2029.3645292024562,0.000365005501027027,6.694537679117841,6.7957143051315425,False,0,5.370725765002135
1015,7,3,16.720801623714465,1.8001687523112284,2006.9977514403681,0.675895585202439,0.016503746326169678,27.51751342380786,0.14691399892078505,0.4,0.2,False,none,3,16.724785466227182,2023.715085466227,0.000286432562636052,5.389493642243922,6.718433968744822,False,0,5.35024850300033
1012,7,3,16.910805856910102,2.310538258620167,2000.3248826623362,0.5407302584332843,0.021182757032205384,27.725581263827408,0.16824444938024025,0.4,0.2,True,exact,4,16.91149682669331,2034.1429436533867,0.0003704427426289847,10.647315437008734,9.703904570180514,True,1,10.826686357999279
1013,7,3,13.571420126881076,2.3510069161148484,2003.4238284595492,0.11743528552633374,0.021553769170148215,23.943519442281833,0.18314506232633337,0.4,0.2,True,exact,4,13.570648277151712,2030.5764840543034,0.00045473525995387565,11.432029583136591,12.216879462534251,True,1,10.599909117001516
1014,7,3,17.19570599669697,2.032361271829052,2010.6536513090273,0.17984451900621726,0.01863246144581411,28.036112769336494,0.19579195049823717,0.4,0.2,True,exact,3,17.19227914155298,2027.850979141553,0.0003517008424619439,9.356905414487521,8.282248167245845,True,1,10.547409176000656
1016,7,3,18.710087211377683,1.8905327004024406,2015.845677206557,0.665264561769582,0.01733219292286446,29.65889719315844,0.15460804015750762,0.4,0.2,False,none,3,18.70533055769443,2034.5529805576944,0.00029516011105845674,6.593385521968987,6.373228627959443,False,0,5.473268080997514
1018,7,3,16.183397516001794,2.271870906458824,2011.5393061551222,0.7528956455449657,0.020828259060636806,26.924703244636397,0.1319599259582095,0.4,0.2,False,none,3,16.186141522496094,2027.7245915224962,0.0003322389425862715,6.725632107691197,7.024860582194497,False,0,5.336102387998835
1020,7,3,17.348351252759887,2.003743352649209,2015.8552530715162,0.47283769319399993,0.018370095554882736,28.201784860943697,0.17666325580357323,0.4,0.2,False,none,3,17.34922345700935,2033.2065484570094,0.00024349061430328778,5.899076306479547,5.775343080969321,False,0,5.3338397789993905
1017,7,3,15.997319643084541,2.1535703899611836,2011.8938933703546,0.7503400579968654,0.01974369312090186,26.717917577828587,0.1316779667769318,0.4,0.2,True,exact,3,15.965781029122395,2027.8808810291223,0.0003520791756411734,8.175762558427369,8.047886343200542,True,1,10.613496201000089
1021,7,3,15.085500097964166,1.9793158655933896,2003.9282125872053,0.8932388217340527,0.018146147078253842,25.692770173378342,0.09138097345249621,0.4,0.2,False,none,4,0.7005578833681944,2027.0744873284082,7.395924350128702e-05,4.903996572062561,4.6662608895549695,False,0,5.343974324998271
1019,7,3,13.47443395991382,2.246156617079461,2006.7859672298341,0.10559598798896197,0.020592513323838595,23.82931057100945,0.18276799778339128,0.4,0.2,True,exact,4,13.472251559039824,2033.7451281180797,0.0003854495270479985,10.865414893810259,9.931333732630245,True,1,10.557203577001928
1023,7,3,19.86540456590444,1.75961974284536,2009.1786907848084,0.5463103331561431,0.016131997530317653,30.867590734929706,0.17556468177302337,0.4,0.2,False,none,3,0.537304539809093,2027.4736252802638,4.291497796149457e-05,5.332858555495994,4.285286508705856,False,0,5.3601102310021815
1022,7,3,17.639659414259224,1.905427380058538,2001.6631789568576,0.22140601693241382,0.017468745684564267,28.516611637368168,0.1955828040097221,0.4,0.2,True,exact,4,17.641135863912602,2019.3052358639125,0.0002960891182954839,8.95913865228407,8.018405404874892,True,1,10.96681616099886
1024,0,4,0.5574333720869935,2.9986286533759174,2000.4202859964419,0.8367754865955422,0.02749109302011922,2.850360346270835,0.03914619188453237,0.4,0.2,True,exact,95,0.5574432932011015,2027.1767442194864,0.0006376964252733375,19.128383716050532,42.15165463117173,True,1,10.4451481219985
1025,0,4,0.6428290521146031,2.482620499143081,2000.4585376623666,0.33127007802371844,0.02276038781886515,3.1344988978335717,0.06458921691905539,0.4,0.2,True,exact,82,0.642830384191576,2027.4578605110462,0.0005445201322891169,17.39583010309355,43.39338007617148,True,1,9.982450700001209
1026,0,4,0.7889053341340713,2.8714037004446693,2000.3222624174093,0.5314457216743351,0.026324708842613405,3.5929765748847755,0.06269701489560243,0.4,0.2,True,exact,68,0.7888999734088615,2027.1448647209013,0.0006857783774569803,17.03478828851396,49.81341214171739,True,1,9.849386267000227
1027,0,4,0.6714278924620822,2.9264701053713167,2000.0124881875638,0.11071979190739278,0.026829551500745716,3.2267900559171876,0.06883808632204257,0.4,0.2,True,exact,79,0.671154470105482,2027.545002545158,0.0007634009576167333,15.315972889956367,52.550595232976434,True,1,10.12615398699927
1028,0,4,0.5460038464081672,2.467505005466086,2000.5344893068097,0.06814957847243278,0.022621810658851865,2.811263747252492,0.064574186772644,0.4,0.2,True,exact,98,0.5460275958869597,2027.288555323461,0.0005548177871190774,17.073243600614095,47.10076457194859,True,1,9.963223211001605
1029,0,4,0.7396005646276037,3.0477588345195494,2000.2724291848174,0.41678335397647776,0.027941513040749082,3.441670426782803,0.06559789280650957,0.4,0.2,True,exact,72,0.7396267259974502,2027.6376732369056,0.0008220389919295634,17.136776910285505,65.21903162742221,True,1,9.952488382998126
1030,0,4,0.604995396178159,2.6980449982816843,2000.12067953871,0.7672721042714195,0.02473537559801698,3.0102726809489897,0.04535579403582883,0.4,0.2,True,exact,87,0.6049986483318887,2027.3452516749348,0.0005653655223890608,18.634160207645877,38.71072044933039,True,1,10.215434458998061
1031,0,4,0.6036565822648082,2.766739981391821,2000.3523050873378,0.7694975328422402,0.02536516354077213,3.0058300214264446,0.04523098342873704,0.4,0.2,True,exact,88,0.6036509776400726,2027.5170283688033,0.0006093186798382666,18.880855243363083,41.60811801715854,True,1,10.293578857999819
1032,0,4,0.686747900274392,2.478199429051549,2000.1175553311487,0.427469353504584,0.02271985594140245,3.2756891652109488,0.06342302994623247,0.4,0.2,True,exact,77,0.686759379645465,2027.5875626858185,0.0005414638786311876,17.000275576215877,43.798126907172865,True,1,10.137766349998856
1033,0,4,0.7698080685875249,2.5725037849117114,2000.3560471667809,0.7746858480966128,0.0235844277570007,3.534755915034495,0.0478368815404197,0.4,0.2,True,exact,69,0.7698223156105759,2027.29924979637,0.0005094724714660437,17.730975675699067,29.66992522652381,True,1,10.305090573001507
1034,0,4,0.7192547674065156,2.6334952085978927,2000.172964775775,0.6411917975491416,0.02414359032623001,3.378259112124415,0.055669554273908496,0.4,0.2,True,exact,74,0.7192665884596773,2027.5046564031345,0.0005734756128837892,18.071958107946802,41.517480760141616,True,1,10.288102455000626
1035,0,4,0.6098291428643658,3.1355100161414833,2000.5916846954697,0.5105160627271177,0.02874600608588759,3.0262855717343573,0.05902672732969892,0.4,0.2,True,exact,86,0.6098319505138818,2027.4234261351107,0.0008227614539660921,17.322194908783,68.82684640094453,True,1,9.960437468998862
1037,0,4,0.7636177821242495,2.908319034324369,2000.249176094746,0.33752962182312457,0.026663144506000082,3.515780983915392,0.06823768845702194,0.4,0.2,True,exact,69,0.7636048752523843,2027.7397755090858,0.0007504214525846375,16.530750414265455,58.61324741076998,True,1,9.868698409998615
1036,0,4,0.5162743366292184,2.370536217490296,2000.029268704624,0.8510740264541911,0.021732811626814515,2.708267027169247,0.03643271952351955,0.4,0.2,True,exact,103,0.5163012072305381,2027.3921866394685,0.0003768853811488837,20.664180009146556,24.295381346749288,True,1,10.551802712001518
1038,0,4,0.6958363646226903,2.9538766835480126,2000.0622150464703,0.3110959872642854,0.027080811952476035,3.3045262414082273,0.06691388007865874,0.4,0.2,True,exact,76,0.6958778830382251,2027.1997843134907,0.000799232569177688,17.1045682353484,66.36245670811647,True,1,10.312851858001522
1039,0,4,0.5853372880146642,2.478006692027268,2000.567038213252,0.16525424862187757,0.02271808894986218,2.9447058430819646,0.06528821581291333,0.4,0.2,True,exact,90,0.585333059903568,2027.4917270055641,0.0005777959524175813,17.116591312188202,49.27109227810548,True,1,10.240934284000105
1040,0,4,0.5058094692461251,2.567802053188945,2000.405052128852,0.018270869046407723,0.023541322805008497,2.671544592846205,0.06329444271390328,0.4,0.2,True,exact,104,0.5058049461557271,2027.2139121462535,0.0006262168251879308,17.480948368397936,52.68530886002556,True,1,10.030487954998534
1041,0,4,0.6785794330509679,2.53175329728092,2000.3280446589433,0.04916063512105367,0.023210831831806004,3.2496624521417776,0.06911330175908624,0.4,0.2,True,exact,79,0.67855948860471,2027.4724576691883,0.0005831100964264202,16.802237739802393,49.29825904843535,True,1,10.33270469299896
1042,0,4,0.7279352603460417,2.586792027359724,2000.4304412714855,0.2988108878524692,0.0237154207700202,3.405385599191267,0.06784550116411966,0.4,0.2,True,exact,73,0.7279491710946633,2027.3638068305027,0.0005989247938199549,16.78407848878932,47.26934707742044,True,1,10.200962924998748
1043,0,4,0.5465944689611143,3.1355553287207605,2000.0984199263378,0.3972732884410505,0.028746421506560132,2.813290712910097,0.060492327298444906,0.4,0.2,True,exact,99,0.5465744354562494,2027.4280056269793,0.0008610321229787221,17.05576315036583,71.82841351910689,True,1,10.313205151000147
1044,0,4,0.5041232285524622,3.049514068096152,2000.0217762396226,0.7510789133268065,0.02795760482639653,2.6656037867894646,0.04460657097100868,0.4,0.2,True,exact,105,0.5041222090541609,2027.2444742889245,0.000725236943727503,18.497495716331187,52.889749500978766,True,1,10.018493236999348
1045,0,4,0.5624535270979487,2.423506022767002,2000.1128941803584,0.7426459585427923,0.02221843289321578,2.867448018936536,0.045908268163849,0.4,0.2,True,exact,95,0.5624451570807235,2027.6732892594555,0.0004654586599683874,19.439819792783652,32.00105707638649,True,1,10.623430643001484
1046,0,4,0.7554010637272048,2.715229089197079,2000.514519371324,0.8409491885103845,0.02489291742677575,3.490515081139356,0.041791859077288204,0.4,0.2,True,exact,69,0.7554153301909138,2027.7084935535395,0.0005017462511071047,18.631355860694452,30.253924205239485,True,1,10.527191509001568
1047,0,4,0.7060301284644854,2.771656701150124,2000.0273693832114,0.016207098571874422,0.02541023947909387,3.3367214008981296,0.07019172348987103,0.4,0.2,True,exact,75,0.7059309516832758,2027.5645102406477,0.000683708548172679,16.839918179838744,52.63426243532203,True,1,10.257607052997628
1048,0,4,0.5356025828836994,2.6005314159114925,2000.2269949844997,0.5447234875285943,0.023841381951739387,2.775446749061877,0.05527089653094835,0.4,0.2,True,exact,98,0.535598439033393,2027.5417573698699,0.0005848928466838377,17.477520593104217,45.47056673898357,True,1,10.793880075998459
1049,0,4,0.7552842566113207,2.434488554789168,2000.1095348343197,0.6443713726162797,0.022319119521777765,3.4901552479969578,0.056136282030848535,0.4,0.2,True,exact,71,0.7552909090303197,2027.2995222042582,0.00044665650715913774,17.4719344957065,29.748121841190738,True,1,10.312893295998947
1050,0,4,0.5397441571350672,2.723090262396103,2000.1561386800074,0.8932684509196521,0.024964987785810817,2.7897358954361597,0.032874226898243,0.4,0.2,True,exact,99,0.539754189361626,2027.142657384748,0.000497116080133031,21.378957993740997,31.32216699446046,True,1,10.70391681899855
1051,0,4,0.6804215038681739,2.681846396561158,2000.4047560143636,0.5121904012829749,0.024586868624272996,3.2555408141297715,0.06056632339081295,0.4,0.2,True,exact,77,0.6804105419916477,2027.621695117166,0.0006177169891751211,17.630536881544558,47.32737751101266,True,1,10.41516774000047
1052,0,4,0.700249628528505,2.757601735985772,2000.4979253973136,0.15051259441911405,0.025281385126190672,3.3184839039284837,0.06930146330103927,0.4,0.2,True,exact,76,0.7002383999311838,2027.107106072385,0.0006987949286760831,16.357932180784367,54.18246926140108,True,1,10.18901201799963
1053,0,4,0.764654052202108,2.956107032093905,2000.6773305251056,0.022043229380368522,0.027101259539166502,3.518960999878613,0.07207559288888207,0.4,0.2,True,exact,69,0.7646408466709459,2027.4401640084832,0.0007726927764005742,16.195859447493284,60.806435449658494,True,1,10.121011200000794
1054,0,4,0.6960258822301117,2.79745243506161,2000.1413807893412,0.20169112902052744,0.02564673189027807,3.30512622680132,0.0686276387082658,0.4,0.2,True,exact,76,0.696001335700268,2027.2866302173104,0.0006896621239994571,16.753260167016943,55.279203797261786,True,1,10.55090453199955
1055,0,4,0.7110823581688367,2.961214412608453,2000.2838232873678,0.2050417830424929,0.027148083434034753,3.3526204781231845,0.06914785460080085,0.4,0.2,True,exact,74,0.7110929036515902,2027.3047334637604,0.0007767576550943289,16.840181234822662,61.36455849668354,True,1,10.31202586800282
1056,1,4,0.8964045034295672,2.383386749196966,2000.038540097243,0.3438913759586883,0.021850623868122997,3.9123750188648327,0.07118667300295047,0.4,0.2,True,exact,60,0.896364912520989,2027.8263747881506,0.00048826458197948064,16.387615020133225,34.70374982395757,True,1,10.37973608899847
1057,1,4,1.1755232392546475,2.805176772824405,2001.1519145453078,0.061858498334538305,0.02571754775729673,4.687327195809823,0.0824036841411031,0.4,0.2,True,exact,45,1.1756205612690498,2027.012089847919,0.0007001305108396139,14.95220186543123,44.17460645633107,True,1,10.715948337001464
1058,1,4,1.1112683866607045,2.8422851248324146,2000.0174728626944,0.342055981809716,0.026057752989354067,4.514923857989549,0.07660523308098591,0.4,0.2,True,exact,48,1.1108862079971198,2027.803405199928,0.000679156906607914,14.141284388195244,40.07192719642153,True,1,10.499458004996995
1059,1,4,0.8212802955200666,2.507725002562027,2000.7916378662749,0.06408175669890968,0.022990543105995204,3.69061486102729,0.07328747809110722,0.4,0.2,True,exact,65,0.821242428488069,2027.0719452116182,0.0005628772938210957,16.515662584700387,43.88136625401024,True,1,10.18960406500264
1060,1,4,1.2566206752248628,2.4655036811931934,2001.1120481267722,0.7620012831804478,0.02260346274115036,4.900502231925997,0.056537376947855794,0.4,0.2,True,exact,41,1.2566591586474354,2027.5014959774294,0.0004255028015813789,16.762545728818935,21.33262401697568,True,1,11.536145292000583
1061,1,4,1.236546011147629,2.5998744338213684,2000.7354755217693,0.4665856590971771,0.02383535881321844,4.848171541553904,0.07478222842668229,0.4,0.2,True,exact,43,1.2365364138968706,2027.9397386057312,0.0005747658840319358,14.91709568995594,32.59593169701768,True,1,11.94184034799764
1062,1,4,0.9642309015371539,2.656397912528841,2000.9434457617363,0.4121262715703858,0.02435355976124795,4.1073195069290955,0.07106629341691735,0.4,0.2,True,exact,55,0.9642554178695408,2026.9782556574776,0.0005912886242753768,16.771011864857968,39.605652887683064,True,1,12.090383402999578
1063,1,4,1.0147170261751306,3.021848268271728,2000.2443481233893,0.6219996337696455,0.027703967859514022,4.24946662271435,0.06326327138436716,0.4,0.2,True,exact,52,1.0147462153840043,2027.642288440368,0.0007174941364936904,15.45870787008789,45.24682613970167,True,1,13.829028946998733
1064,1,4,1.069601013418489,2.978147697420942,2001.0130870800604,0.31834958923261003,0.02730332590041758,4.401347524430959,0.07639255008236988,0.4,0.2,True,exact,50,1.0695870790703157,2027.7545207267578,0.0007953896408371408,15.053559899434203,49.64312846379308,True,1,12.714038280999375
1065,1,4,0.8535508607722333,2.487999171490068,2000.8269621354223,0.12302654556938579,0.022809698886992677,3.786669432130483,0.07379635355340224,0.4,0.2,True,exact,63,0.8535686703748765,2027.2868006566212,0.0005595356047581879,15.941188312861506,43.70801883650753,True,1,14.812955526998849
1066,1,4,1.0512363954116406,3.00938877898901,2000.5937104250922,0.6273332050244614,0.027589740651530553,4.350822672443722,0.06363858199572976,0.4,0.2,True,exact,52,1.051287036712608,2027.9252598295277,0.0007412976372813684,15.704251165712448,46.48286672601701,True,1,13.121040216999972
1067,1,4,0.903083083793606,2.807659234226184,2000.6522636524412,0.4609321457936927,0.02574030668652871,3.931783498274476,0.06809588063716034,0.4,0.2,True,exact,58,0.9030795504658555,2027.7447302639757,0.0006617035438618579,16.8881218894321,43.46806301506193,True,1,13.844840120000299
1068,1,4,0.8634510821455217,2.882936766679053,2000.4804784249768,0.2238944978885955,0.026430442707425138,3.8158938303218766,0.07313434127508521,0.4,0.2,True,exact,61,0.8634456886909436,2027.2472850994193,0.0007514840970606063,15.948703836464059,54.55586009037509,True,1,13.39934149200053
1069,1,4,1.2478004556538043,2.7077418725358577,2000.8177027815132,0.40607521634825444,0.024824275459567276,4.877544241379593,0.0773778794141621,0.4,0.2,True,exact,42,1.247805593495672,2027.0218862134093,0.0006032454423904321,15.399881692826064,36.05991544033823,True,1,13.24299634899944
1070,1,4,0.9569114767808838,3.1107301535395075,2000.8355810389355,0.70622390612088,0.028518827069556323,4.086507493518645,0.05691519521328926,0.4,0.2,True,exact,55,0.95692828354882,2027.628952876867,0.0007332849980427047,16.858423559613886,41.10266280886223,True,1,12.784225930998218
1071,1,4,0.8609740429838046,2.9347139442665937,2000.5814516261876,0.31692218526647864,0.026905130096200606,3.8085923987052133,0.07133378098020332,0.4,0.2,True,exact,62,0.8609766797422553,2027.2723083220098,0.0007895036668802424,16.438275335754007,55.31463797386358,True,1,10.789989902998059
1072,1,4,0.8404369954220039,2.6728020124282015,2000.8398196414037,0.6913876356796411,0.02450395071937374,3.7477841058459602,0.055301883413089586,0.4,0.2,True,exact,64,0.8404221957387714,2027.7333540136408,0.0005467749593800475,17.58477548309834,35.345167332258,True,1,10.351245187997847
1073,1,4,0.8714277923861145,2.9222095941872523,2000.4829899270512,0.027935105106946103,0.026790491609437563,3.839359050864878,0.07507061846739557,0.4,0.2,True,exact,61,0.8713699070777094,2027.497623369409,0.0007479061479137572,16.51283368411956,54.63866806282015,True,1,10.151337114999478
1074,1,4,1.0978176144791236,2.8423545231949445,2000.1151866247085,0.7877576104115565,0.026058389225800886,4.478417593265765,0.052307385684697214,0.4,0.2,True,exact,48,1.0978030668272614,2027.5606365665149,0.000594715453553829,16.76955514772708,32.233912895075434,True,1,10.525254078998842
1075,1,4,1.118227743792221,3.134523042951684,2000.2711489158103,0.5880085941333998,0.0287369576257728,4.5337541502083285,0.06723543348029691,0.4,0.2,True,exact,48,1.1182297453199328,2027.1089982626784,0.0008310405832566703,15.583625599678648,51.56889696478761,True,1,10.59104150499843
1076,1,4,0.8723314279378617,2.41750884203799,2000.43065163575,0.5533567006357663,0.02216345140923172,3.8420127662495935,0.06331455342189807,0.4,0.2,True,exact,61,0.8723309926865067,2027.4739013982817,0.00045659580706325364,16.999943347291662,30.95136633836096,True,1,10.554480036000314
1077,1,4,1.0016851081218268,2.465690390813553,2000.3091841342862,0.5361519103116917,0.02260517447412379,4.213004621749064,0.06693282526151574,0.4,0.2,True,exact,53,1.0017158958199532,2027.3549229371388,0.0004774757720141798,15.160151714634974,31.39848122103273,True,1,10.241906726998423
1078,1,4,0.9499540528543619,2.7588908681316715,2000.0850139463655,0.710569449984911,0.02529320374591148,4.066675544278378,0.05613922139386646,0.4,0.2,True,exact,56,0.9499095492034283,2027.6336399477327,0.0005920952934690416,17.951674918186864,35.54238959769563,True,1,10.42796362199806
1079,1,4,1.2112355408819204,3.093665489740031,2000.6544595053454,0.12539233743487446,0.028362380135275103,4.781786642601657,0.08296369967061137,0.4,0.2,True,exact,44,1.2112444868412973,2027.3012849605086,0.0008282050768031457,14.568867723157503,51.09612862741301,True,1,9.877513256000384
1080,1,4,1.2099126915533776,2.6008283717104344,2000.4076955210608,0.7668406411117792,0.023844104409380944,4.778304393824525,0.055588421849587344,0.4,0.2,True,exact,43,1.2098640148834605,2027.0255369732695,0.0005025727723562134,16.647899964267427,25.526091021001257,True,1,10.392370830999425
1081,1,4,1.1637658534895885,2.5804563157659266,2000.3292547925407,0.43075554885590006,0.023657335672828312,4.656020290086897,0.07470513811388436,0.4,0.2,True,exact,46,1.1637787454839184,2027.09503614613,0.0005554673635465024,15.076259124734626,36.77113084226557,True,1,10.382957687997987
1082,1,4,0.9048378075176792,2.7699820142911777,2000.2161758412005,0.8879324343287219,0.025394886136769528,3.936874917216276,0.03862741427187154,0.4,0.2,True,exact,59,0.9048663703082508,2027.3607046509142,0.0005133222809826643,18.995088746492982,26.77075217935755,True,1,10.753869292999298
1083,1,4,0.8305954438257394,2.378513210933219,2000.8026204509074,0.878862641591261,0.021805943812926786,3.7184689014767875,0.03827461459103834,0.4,0.2,True,exact,62,0.8305454132146651,2027.3820756187026,0.00035730743477679905,20.714270623720054,18.94327318990977,True,1,10.591527573000349
1084,1,4,0.968428906761475,2.9684043732341157,2000.716822603124,0.08553807474524872,0.027214000191065853,4.119232325245088,0.07743225941704905,0.4,0.2,True,exact,54,0.968406159655136,2027.8325599703437,0.0007507528941822494,16.18863888323432,47.645175841214495,True,1,10.06950990799669
1085,1,4,0.9395640628998276,2.796216660800179,2000.2462040878922,0.5141144230664267,0.025635402449690415,4.0369687621850945,0.06684212399041123,0.4,0.2,True,exact,57,0.9394957104533391,2027.4934224781468,0.000651702747524463,16.908225784092664,43.66076363200879,True,1,10.224603028000274
1086,1,4,1.188843363593671,3.192324668927338,2000.60696162129,0.8062466655234611,0.029266876485389472,4.722669448258625,0.052196195499716554,0.4,0.2,True,exact,44,1.1888625990845105,2027.9495038414436,0.0007335706030480171,16.739117136273514,37.59177002769827,True,1,10.455667267000536
1087,1,4,0.9179204516815812,2.6764903253605747,2000.4194303662046,0.8349012124569535,0.024537764760934715,3.974731728057084,0.044823202162663375,0.4,0.2,True,exact,58,0.9178804589825235,2027.03910622716,0.0004898038216955003,19.651047688695115,26.55474610835893,True,1,10.745195764000528
1088,2,4,1.299913643193387,2.702981584237443,2001.1882532785612,0.7432679374046738,0.024780633667421066,5.012420051613015,0.05909060976704382,0.4,0.2,True,exact,41,1.2998508348317168,2027.185167738301,0.0005823377948276365,16.547978502688313,28.957817228514728,True,1,10.47280292999858
1089,2,4,1.6058994127404256,2.4187462013156025,2000.4438393535543,0.02051255995758369,0.02217479538107093,5.770985949205219,0.09100293443089336,0.4,0.2,True,exact,33,1.6059020337551582,2027.742652282171,0.0004996785651092406,13.51752050731776,27.833212976382924,True,1,10.43723497999963
1090,2,4,1.4494740307652207,2.5506113836377478,2000.6552520126963,0.09448367947474774,0.02338372066405048,5.389867429004758,0.08777109260254161,0.4,0.2,True,exact,36,1.4494617194845874,2026.7453890757226,0.0005747689321371485,14.039563478367949,35.20895812965285,True,1,10.278599275003216
1091,2,4,1.393739948649387,2.839089110513777,2000.4924674307729,0.1314878362226752,0.026028452286571687,5.250801770058548,0.08654946851151671,0.4,0.2,True,exact,38,1.393755302771586,2026.97353825266,0.0007223747354924148,14.712711491452513,40.56637850570993,True,1,10.155682620999869
1092,2,4,1.8332057568585345,2.8138144861622716,2000.3375646532872,0.052821689250365005,0.025796737349707607,6.303454161336583,0.0952606406902083,0.4,0.2,True,exact,29,1.8332343980954442,2027.8344534714317,0.0006714310024763526,13.814591450223096,35.777646441833966,True,1,10.103661006996845
1093,2,4,1.2970780783110627,2.7387324545509535,2000.7299206297694,0.30531533561341684,0.0251083936587199,5.005128175145664,0.08140040863553247,0.4,0.2,True,exact,40,1.2970539431145494,2027.9693828054055,0.0006193861915636534,15.140471402141754,40.19652201214995,True,1,10.265548998999293
1094,2,4,1.9266824482734903,2.906598837669773,2000.573814262062,0.5527949264869035,0.02664737393494549,6.515952125490463,0.08196302659266627,0.4,0.2,True,exact,27,1.9265156318861039,2027.5477813464054,0.0006778124433310939,14.698202849862795,32.348289463331206,True,1,10.41426791900085
1095,2,4,1.4437205415350145,2.969400792533896,2000.518500888569,0.6942080393733276,0.027223135252063307,5.375595081391658,0.06549477993286267,0.4,0.2,True,exact,36,1.4437246375712216,2027.9483462388532,0.0006881823424732536,15.846817564776485,34.27013149871018,True,1,10.349345147998974
1096,2,4,1.7678564512861121,2.5159469391454574,2000.941311097267,0.34892572493125595,0.02306592090349812,6.152747923627744,0.08846442770761798,0.4,0.2,True,exact,30,1.767923336418817,2027.4594750462823,0.0005369127357145453,13.864943705162524,28.328892349772143,True,1,10.341662072001782
1097,2,4,1.9705330382429798,3.1229762359067474,2000.3220098444933,0.2002736660519098,0.028631097786742596,6.614447969065294,0.09609652674604789,0.4,0.2,True,exact,27,1.9705845256981516,2027.9101234639409,0.0008112328495560872,13.601044564430529,41.99706829170886,True,1,10.370856817000458
1098,2,4,1.6910742855578758,3.149016638332741,2000.9293505414992,0.09909347353511981,0.02886983329157691,5.973280571895646,0.09275725020538818,0.4,0.2,True,exact,31,1.69106204269677,2027.9864197664817,0.0008356289421364016,13.597171903378195,45.2167170506382,True,1,10.072102894999261
1099,2,4,1.7525655452655582,2.7881990737629248,2000.791297745327,0.5538617495548063,0.02556189810603322,6.117218176685508,0.07930562979778487,0.4,0.2,True,exact,30,1.7524008973336687,2027.078200960005,0.0006415250226983193,14.780766038386535,33.64173419784189,True,1,10.339647711996804
1100,2,4,1.6621787066788243,2.4530080305101207,2001.15904856776,0.8134334559659185,0.02248890400948196,5.905041222405689,0.05614853345727701,0.4,0.2,True,exact,32,1.662023609605088,2027.7544871286814,0.0004293682326145243,15.891777525431431,19.367634431648913,True,1,10.546864626998286
1101,2,4,1.943220021216902,2.896256873998686,2000.1768716200068,0.022962320285359484,0.02655255996557571,6.553185198663562,0.0972716664010283,0.4,0.2,True,exact,27,1.9433833443725734,2027.3809345295494,0.0007042829809361661,14.131615868924193,37.00096901704529,True,1,10.416624212000897
1102,2,4,1.5129826092552108,2.5840592155195425,2000.624097895625,0.6916892049093888,0.023690366655893625,5.546177289383102,0.06625444327105905,0.4,0.2,True,exact,35,1.51294376078191,2027.8579876940744,0.0005277322061265632,14.739088412890402,27.812686192949307,True,1,10.430304831003014
1103,2,4,1.9646151966792547,2.8380817839232244,2000.2212196980788,0.7564653420013302,0.026019217228749055,6.6011984665724945,0.06622516490883869,0.4,0.2,True,exact,26,1.9646011398689651,2027.7251190831655,0.000572613547052736,15.77995671594188,25.738777551760208,True,1,10.607391294997797
1104,2,4,1.835332177956347,2.635690995631676,2001.0135948590937,0.5400094291864422,0.02416372105683253,6.30832766700485,0.08114829691880471,0.4,0.2,True,exact,28,1.8353261444798148,2026.7094097727174,0.0005668210993124978,14.412413332172006,25.965656660063154,True,1,10.71182346599744
1105,2,4,1.3588178924088323,2.7975010334282,2000.1727249568569,0.09935717885075264,0.02564717743468219,5.16272067644701,0.08610656606615504,0.4,0.2,True,exact,39,1.3587760365599633,2027.3489582311993,0.0006968600007706272,14.806058608262799,43.61075303943045,True,1,10.25403008899957
1106,2,4,1.3944936581392697,2.852584853132221,2000.2369700795043,0.5696007367773567,0.026152179749550985,5.252694625568259,0.0728843120236918,0.4,0.2,True,exact,39,1.3944972145348786,2026.7317752011627,0.0006477038714852723,15.479807901310283,35.08219062998407,True,1,10.60580414099968
1107,2,4,1.8591670135957166,3.036583929004658,2000.4289928553296,0.6895633941506527,0.027839062753463574,6.36282620335203,0.07148451983304208,0.4,0.2,True,exact,28,1.859105838351503,2028.3162750752726,0.000686836231461152,14.465985412915586,32.915632787388866,True,1,10.402643301000353
1108,2,4,1.8981353062036603,2.857612718939888,2000.7623997903268,0.8712951859753274,0.0261982746624558,6.451428705814005,0.051305141940176206,0.4,0.2,True,exact,28,1.898045965460502,2027.336901328947,0.0005438768593220011,16.116273548407356,21.435708524642315,True,1,10.783374253001966
1109,2,4,1.6611840771376525,2.87308217753705,2001.5578765067178,0.7003065023705431,0.026340096933375103,5.902685312727313,0.06787702734531617,0.4,0.2,True,exact,32,1.6612867074833604,2028.1372279447337,0.0006208046263670441,15.010725698971662,31.25512771088419,True,1,10.488619010000548
1110,2,4,1.4584099600730625,2.966520065179793,2001.3535546030187,0.13481963491944246,0.027196725065003938,5.411996891542957,0.08789931406443284,0.4,0.2,True,exact,36,1.4583595547056456,2027.6051594847015,0.0007571095043266141,14.069161517265727,44.698946650052584,True,1,10.781168730998616
1111,2,4,1.559115390323003,2.951670987918786,2001.1784336210906,0.03236291936234923,0.02706059038097572,5.6583520280409525,0.09053940586357034,0.4,0.2,True,exact,34,1.5590461154758055,2027.6823646922553,0.0007787590348513618,13.601741040367015,41.92186513616611,True,1,10.314172746999247
1112,2,4,1.7389408627947196,2.4909764119402795,2000.6383559805276,0.683952476300725,0.02283699389535187,6.085472899127217,0.0698021090338906,0.4,0.2,True,exact,32,1.7387543436809614,2026.7219401552145,0.0004841269508938373,15.722124262179058,24.120011897130553,True,1,11.392155931000161
1113,2,4,1.4264517665922845,3.0994923566620547,2001.2304204799566,0.5219734123153069,0.0284158002012739,5.332643096880385,0.07616921273589272,0.4,0.2,True,exact,36,1.426342009505171,2026.906968671093,0.0007878173949977807,15.084254115930294,40.59828375750338,True,1,11.590292835000582
1114,2,4,1.5048919763296398,2.575799269885359,2000.8863307326696,0.3671748519194759,0.02361464039565302,5.526387605219526,0.08342584457709872,0.4,0.2,True,exact,35,1.5048946496841207,2027.9740411943142,0.0005482674253699527,14.125007253638802,33.419524578421644,True,1,12.491679587001272
1115,2,4,1.8529599711638205,2.884946461092264,2000.9980009302617,0.7466404958891132,0.02644886736163946,6.34865629440017,0.06603314860114906,0.4,0.2,True,exact,29,1.8526861090874995,2026.9402096938918,0.0005854191606140535,15.758870955809545,26.46678730498174,True,1,13.550005031000182
1116,2,4,1.4274444250345208,2.8154042350429034,2000.3945748222477,0.49276381201149444,0.025811311990120947,5.335116777637125,0.07732595129982685,0.4,0.2,True,exact,38,1.4273725290630743,2027.5161718021984,0.0006458564587112914,15.048410916694316,37.938442136785575,True,1,14.235689405002631
1117,2,4,1.307868115683727,3.025980799827658,2001.03357773494,0.6357100976929214,0.02774185444786659,5.032847359402849,0.06763488053211587,0.4,0.2,True,exact,41,1.3078136801499922,2027.1914298529998,0.0007241084137402654,15.569779395783147,39.85272783841659,True,1,14.640627311000571
1118,2,4,1.286334601212793,2.4113291899016644,2000.2353701011214,0.3909601959113448,0.02210679704773869,4.977452130657346,0.07840516308297155,0.4,0.2,True,exact,42,1.2862849367878755,2027.2487024225452,0.0005059119950983071,15.272755143034697,30.05251259746122,True,1,13.912004865000199
1119,2,4,1.7903488592585166,2.572763822391358,2000.2813826921806,0.8049688370815504,0.02358681175160891,6.204825420332832,0.05866897191282489,0.4,0.2,True,exact,30,1.7903078963385577,2027.1361939659116,0.0004762121923206353,15.173282979735669,21.151151605808174,True,1,14.526052607998281
1120,3,4,2.2268041370214617,2.9375617625854784,2001.0079750452826,0.36256489354661087,0.026931238576895847,7.176165902086441,0.09530960260389316,0.4,0.2,True,exact,24,2.22679766493422,2027.7293844792107,0.0006976091446709853,13.718961299586486,35.3575612036498,True,1,13.667517378999037
1121,3,4,2.4499514175454227,2.911276464015969,2001.37899587113,0.684284601956178,0.02669025789153407,7.6479100665175705,0.07849392284991032,0.4,0.2,True,exact,21,2.4497540402878366,2028.3277631931662,0.0006092839898182989,15.297501700004212,26.532550741414475,True,1,14.598979868002061
1122,3,4,2.8067821313983496,2.9897494231973116,2001.40693380592,0.4983567422153876,0.02740968922825179,8.373562368907626,0.09621715548712077,0.4,0.2,True,exact,19,2.8067662375537847,2026.6662346796506,0.0006852296136030667,14.210614278597257,30.306185029107628,True,1,12.995015846998285
1123,3,4,2.300767264216142,2.6922416841784553,2000.8114812372673,0.5924497337171573,0.024682171461633762,7.334202842052829,0.08394101240135336,0.4,0.2,True,exact,24,2.3009413180074776,2028.4222333160897,0.0005339932795371816,13.817741573962131,26.22861546423923,True,1,14.894203087002097
1124,3,4,2.0119017590914527,3.148720423564426,2001.6346654180843,0.39315233753587653,0.028867117627621484,6.706701401998636,0.09125359949573585,0.4,0.2,True,exact,26,2.0118851350378733,2027.7894025888256,0.000778921426935475,13.437727414542353,38.08391376169381,True,1,13.873355047002406
1125,3,4,2.75365397231139,2.5061922996005754,2001.025448755646,0.07427345355218418,0.02297649145620588,8.267560232892308,0.10844916556978472,0.4,0.2,True,exact,20,2.7534359390863203,2028.5601406408632,0.0005351735422818304,12.961377403622807,26.834086944759903,True,1,13.156175323001662
1126,3,4,2.8502557461625027,2.832270835551778,2001.0229508436034,0.13648840199944243,0.025965943102246362,8.459804832468716,0.10932945617990501,0.4,0.2,True,exact,18,2.8503465859344446,2026.6755151067434,0.0006716190601955274,12.899356716881085,30.535880942829856,True,1,13.87812771100289
1127,3,4,2.6552005980779585,2.461328075478443,2001.6241990569806,0.322626284922062,0.022565181253714327,8.069302853959957,0.10196119373118318,0.4,0.2,True,exact,20,2.654904300581675,2028.1783398808166,0.0004757941481474681,14.279934502778314,21.858874659745133,True,1,14.037656951997633
1128,3,4,2.7223606206680584,3.0454146981984853,2001.4115984636169,0.5823732042104205,0.027920022260428,8.20480429919072,0.08984664839514929,0.4,0.2,True,exact,20,2.722525558589193,2028.633849335892,0.0006969190023657923,13.927639392052722,31.251884892027757,True,1,13.878634781998699
1129,3,4,2.1524870713173145,2.598117265569712,2000.037993215468,0.48272587226205527,0.023819249290685896,7.015600092128566,0.08863301130601002,0.4,0.2,True,exact,25,2.152232480900887,2028.0212097517115,0.0005319411638848859,13.641161465149377,26.849108180832943,True,1,14.232010291001643
1130,3,4,2.06983355358243,2.400102258422735,2001.4585585578723,0.204242447536713,0.022003869792217978,6.83483559739243,0.09692173383008815,0.4,0.2,True,exact,24,2.069674176432123,2028.3670924186174,0.00044756843692328463,14.278714308747412,22.335785359073892,True,1,14.12846466299743
1131,3,4,2.2243313820559063,2.973209147316464,2002.1558842385173,0.8026455322865179,0.027258049823917118,7.17085240210004,0.0637874627702905,0.4,0.2,True,exact,23,2.224203387911856,2026.6228127878637,0.0006294066461611791,16.3785921680831,24.733181514525825,True,1,14.968679562000034
1132,3,4,2.7720054966110834,2.999901312472756,2001.969865883923,0.1384725126049366,0.027502760616763672,8.304251917842912,0.1084679419525296,0.4,0.2,True,exact,19,2.772094166485172,2026.9157745817,0.0007158581558748267,13.120976673172443,34.02295673315933,True,1,13.021170218999032
1133,3,4,2.9402788142807537,2.5750172564633598,2001.3255311619714,0.08435679546101253,0.023607470983827733,8.63701089012291,0.11080633136203934,0.4,0.2,True,exact,19,2.9397712763534627,2027.787694091348,0.0005460208004699485,13.737886924891184,27.20803923241001,True,1,13.843537447999552
1134,3,4,2.555421804662258,2.4321217342759405,2002.1977828112106,0.5620832131761762,0.022297420775313173,7.8658595617339,0.08870520904187441,0.4,0.2,True,exact,21,2.555458774440773,2027.7506814944077,0.0004531004442268616,13.523118449567951,20.955121040444187,True,1,15.768399717999273
1135,3,4,2.8248677256450123,3.1758953143114264,2001.3339568619358,0.6938197489452047,0.02911625399483931,8.409494068777676,0.08165969681067757,0.4,0.2,True,exact,18,2.8251772349113455,2026.7578451142022,0.0007403860235181137,14.650780091341502,28.62843681948857,True,1,13.161031903000548
1136,3,4,2.491940241932077,2.7997157654112517,2002.2486147334012,0.2595684151171359,0.025667481850466443,7.735045506390545,0.10209470588508511,0.4,0.2,True,exact,22,2.4919239204948385,2027.1672209757817,0.0006481809006803063,13.278252656936589,33.07948365022846,True,1,13.2620691359989
1137,3,4,2.852794949565152,2.977293904731481,2000.7944624648417,0.13637339580618135,0.027295498424274627,8.464828469856299,0.1095081980831854,0.4,0.2,True,exact,18,2.853056566497505,2026.4696965984774,0.0007326207074709323,12.800559161239322,33.50962104912323,True,1,11.872598660000222
1138,3,4,2.96793962909786,2.6773324364183777,2000.7962170230262,0.7029879847366828,0.024545485141181624,8.691095041937865,0.08138341192427999,0.4,0.2,True,exact,19,2.967878781292803,2027.5077840316353,0.0005192043090826992,14.17360457519661,20.72890134012199,True,1,11.572840263001126
1139,3,4,2.2123292316812333,3.1938329616575944,2001.0997528220717,0.488547329028859,0.029280704344901976,7.145033936606785,0.0897412642560364,0.4,0.2,True,exact,24,2.2123141940491067,2027.6479656410893,0.0008199328957534391,13.709005707290935,38.978243788852176,True,1,10.275111093000305
1140,3,4,2.8370532590528894,2.725126634474141,2002.4327429742632,0.2585795091840813,0.02498365701788058,8.433660542761547,0.10650020341174439,0.4,0.2,True,exact,18,2.8371587662836966,2027.9643768132198,0.0006334830482317422,13.257703951230441,30.661107022249798,True,1,10.646272046997183
1141,3,4,2.122654048828241,2.653640744699475,2001.8008250975834,0.22110155930824796,0.024328282354129253,6.95062625223428,0.09761483135321396,0.4,0.2,True,exact,25,2.1228197552413888,2027.2739021670632,0.0005696283873453112,13.660676389117278,27.938392018742714,True,1,10.463665528001002
1142,3,4,3.1176611617095644,2.7888946325042467,2002.8953891715219,0.34993845557940967,0.02556827491098941,8.980980068939768,0.10680948186982983,0.4,0.2,True,exact,17,3.1177487716026686,2027.8365214228213,0.0006475651936881377,12.86397410479164,27.752754281480197,True,1,10.556498837999243
1143,3,4,2.1504114292836296,2.542961069271039,2000.1253851853994,0.7047551439876776,0.023313583435270395,7.011089274239525,0.07294387543699847,0.4,0.2,True,exact,25,2.15021542384887,2028.0797536350353,0.00047730550907365554,15.388086931719656,20.47422288299184,True,1,10.552331841001433
1144,3,4,2.8937122930894077,3.0155486584337665,2000.5529674528364,0.7170614450643107,0.027646213739192765,8.545576314490901,0.07972458202358697,0.4,0.2,True,exact,18,2.893503510375575,2026.5970003433802,0.0006002845525407974,14.441899333577847,25.575029408736906,True,1,10.874831798999367
1145,3,4,2.340504028895488,2.5752279095409785,2002.2233122496834,0.5507647935684469,0.023609402227746608,7.418408073640623,0.08708667984949679,0.4,0.2,True,exact,22,2.340460579736309,2027.9669413770994,0.0005113026679258725,14.475563548590044,23.339260321895047,True,1,10.663774537999416
1146,3,4,2.2981175169327512,2.4422707769901604,2001.0890370363413,0.18920642554799877,0.022390466066869254,7.32857065823917,0.1006394592323408,0.4,0.2,True,exact,24,2.2983189036224005,2026.367705856513,0.0004908568292765203,13.334032201169252,23.82063831308982,True,1,10.456359635001718
1147,3,4,2.6765163719183205,2.568976571494914,2000.3744294444402,0.03640469471927349,0.023552090657829112,8.112431827196504,0.10771247891513053,0.4,0.2,True,exact,20,2.6765550342211033,2027.1379461755444,0.0004991951858470678,12.519563460471865,23.216147599887986,True,1,10.493273856001906
1148,3,4,2.3954229984320676,2.7788909497382845,2002.055279863169,0.14024235285303907,0.025476562263225176,7.534005518748187,0.10314137911591091,0.4,0.2,True,exact,22,2.3954548899879944,2028.4048214982013,0.0006034144986325485,13.03326456842027,31.405297048233006,True,1,10.548339487999328
1149,3,4,2.544620291615278,2.3829042378246155,2000.9215322386913,0.3742942442919765,0.02184620025768173,7.843678447993456,0.09854216717589481,0.4,0.2,True,exact,21,2.5446668829750667,2026.367697475584,0.0004580427698374079,13.94645374665353,21.36273000967871,True,1,10.692005132001213
1150,3,4,2.4136499900133344,2.9599144344243276,2002.1064302865245,0.223124842231433,0.02713616537904528,7.572175170344925,0.10207094867295731,0.4,0.2,True,exact,21,2.413552060300016,2026.2435284155004,0.0007470938287085227,13.564835110352204,34.34264451201411,True,1,10.45001995399798
1151,3,4,2.809451091081987,2.3709143576084135,2000.1879028867359,0.18907350016080132,0.02173627837323878,8.378869789514097,0.10745207546630048,0.4,0.2,True,exact,20,2.809897589856406,2028.2809420443973,0.0004744832873619931,13.160447458543938,21.947403640952864,True,1,10.750771514998632
1152,4,4,3.289613779634925,2.3928265389486696,2001.4159840621041,0.7854751964327144,0.021937166807630457,9.308243423663415,0.07386668970016026,0.4,0.2,True,exact,16,3.2896186315310443,2027.7290584272484,0.00039570772628727546,14.787321050670576,13.986403960479205,True,1,10.74553663700135
1153,4,4,3.251403708459118,3.0927557141467186,2002.4962997168461,0.5376671881064841,0.02835403941411411,9.236024052161609,0.09854408489305365,0.4,0.2,True,exact,16,3.2512880341929065,2028.5074396902098,0.0007638420945126345,13.459287407665796,32.0736121307943,True,1,10.68431163400237
1154,4,4,3.5954274923158116,2.51345919034285,2002.769049245707,0.581357196162433,0.023043113499965115,9.876539705273423,0.09783443649718558,0.4,0.2,True,exact,14,3.5950861675117833,2027.9398870267491,0.0004918191027889485,13.26567891145003,20.048156375070505,True,1,10.582993600997725
1155,4,4,3.95653425609625,2.6053106070681005,2000.9176156907174,0.10550245942166163,0.023885197043181042,10.527237256081985,0.12203535742537612,0.4,0.2,True,exact,14,3.9559434994777676,2028.6124378296777,0.0005847109496986969,12.529332745929405,24.00246055644555,True,1,10.45568451500003
1156,4,4,3.5291159380740247,2.6155279910634635,2001.6853299261638,0.1521410173139447,0.023978868879979697,9.754725993054201,0.11683709433105655,0.4,0.2,True,exact,16,3.529683137799838,2026.3903340479321,0.0005386996833539603,13.304786793550713,22.98950785920926,True,1,10.713035636999848
1157,4,4,4.94816776600284,2.6812137158825657,2004.8467612792174,0.6759471446952462,0.024581068278382336,12.219892947297648,0.09946218764255937,0.4,0.2,True,exact,11,4.947598765203084,2029.5867438260154,0.000577320097642553,13.374943932200384,21.043627611855186,True,1,10.639359426000738
1158,4,4,4.9989705775818605,2.6173592602908964,2004.6604964569838,0.884947060514256,0.023995657751992763,12.303391522482103,0.0668250992648438,0.4,0.2,True,exact,11,4.99863424806879,2029.653327490344,0.00044610280226098364,14.855091679984358,14.357807805164246,True,1,10.841162376000284
