index,period_bin,radius_bin,period,radius_earth,t0,b,rp_rs,a_rs,duration,u1,u2,recovered,match,n_transits_in_data,found_period,found_t0,found_depth,found_sde,found_snr,found_detected,found_brightening_ratio,n_detections,n_skipped_variability,skipped_variability_at_period,runtime_s
2,0,0,0.5901901966230153,0.7371061165986429,1325.6607972104043,0.5298833839857572,0.009579094976414921,3.77918844883586,0.04353275589530326,0.4,0.2,False,none,86,0.5902425515574686,1353.9879762498003,9.732908054926881e-05,6.780575705256545,9.935818958600876,False,0.17427859422081876,0,0,False,7.079318363000027
3,0,0,0.5248972252608185,0.831601764273155,1325.5409032397272,0.004166678995547202,0.010807117324281107,3.4950501003492045,0.04902130082910823,0.4,0.2,True,exact,98,0.5248641206549794,1354.410383848566,0.0001448331278344206,12.292431514365143,16.45106150845845,True,0.17747672859439334,1,0,False,18.388568897000027
0,0,0,0.6828263904859496,0.7472089542011818,1325.8426600117186,0.27850682779352254,0.00971038684707879,4.164959213146381,0.05123491384621164,0.4,0.2,True,exact,76,0.6828503442737911,1353.8391353902675,0.00010986801935719548,8.658085040089166,11.091665591833754,True,0.19549241608219492,1,0,False,19.555629099000043
1,0,0,0.7913832282982161,0.7309843085527712,1325.4398643959787,0.07085298038579908,0.00949953875054966,4.595454272573458,0.055658740420564255,0.4,0.2,True,exact,66,0.791384727696678,1353.9314704304556,9.72536420440484e-05,7.2612131221689715,9.362508268669217,True,0.27996459759406706,1,0,False,19.71240371800002
4,0,0,0.7840534416509519,0.892938701149998,1325.5518549793496,0.5371401300337068,0.011604224186746028,4.567034909503574,0.047456758394956056,0.4,0.2,True,exact,69,0.7841065187651101,1354.5609833026842,0.00014574994165561517,11.973262834338454,15.165682859971728,True,0.13850022172527382,1,0,False,24.406098428999996
6,0,0,0.5516407766889757,0.7609684756019084,1325.4448047193991,0.7264637878210725,0.00988919931296332,3.612779548621541,0.035039024183381555,0.4,0.2,False,none,90,0.5516184114425713,1354.1303349200557,0.00010206179284966144,6.761827417249693,10.462364841854159,False,0.20195973152594524,0,0,False,13.220715107999979
7,0,0,0.565785227748698,0.7152734165953119,1325.4462469975513,0.42048793244280686,0.009295367162720277,3.6742747112772194,0.04576126195063254,0.4,0.2,False,none,91,0.5657367558668206,1354.3039604075832,9.071368930646528e-05,6.007591250671974,9.271007920802253,False,0.3548012164521683,0,0,False,13.165485902
5,0,0,0.5499103832039001,0.801028651921985,1325.7779118636931,0.25023725976781375,0.010409803097276904,3.605220519466177,0.04825321246640376,0.4,0.2,True,exact,94,0.5499583877229571,1354.3717480616358,0.00010479221495540703,9.930822477455978,12.195030388208004,True,0.23202041894729852,1,1,False,23.715501275999998
8,0,0,0.7533335573167216,0.7637713239857713,1325.6638213670028,0.6963902385286838,0.009925623852482008,4.4469484663246845,0.04012065988183175,0.4,0.2,False,none,72,0.7534014786947559,1354.294020955026,0.00010748943923422072,5.39217886526621,8.821581449140982,False,0.2374128699390301,0,0,False,12.317889515000047
10,0,0,0.5598529852555357,0.7405185552536339,1325.606827984709,0.8149274136368432,0.009623441473128564,3.6485465071150687,0.03000735121973792,0.4,0.2,False,none,93,0.5598625845041089,1354.1614740222515,9.525859422443439e-05,4.726703275401541,8.685422602523493,False,0.21447139324454725,0,0,False,13.008946197
9,0,0,0.6204321983027101,0.9390940496143273,1325.3457988976402,0.8084046008803901,0.012204038048893202,3.907210172975378,0.031604081122726585,0.4,0.2,True,exact,83,0.6204520357584269,1353.8858643990961,0.00012918038424336586,8.456491385806146,11.194481935784651,True,0.17511542484957293,1,0,False,24.543772226999977
11,0,0,0.5934682673891298,0.9023605139550596,1325.701303511732,0.3138953205848519,0.01172666576968412,3.793169260840901,0.048598604735965334,0.4,0.2,True,exact,88,0.593444541613402,1354.1881561474854,0.0001427226044296015,12.06808678272971,15.592976957859358,True,0.20582799282059586,1,0,False,24.029880665000007
12,0,0,0.5555190011918564,0.7051071624105837,1325.4838915745304,0.6265070851341655,0.009163251159071765,3.6296924922417344,0.03945562822760739,0.4,0.2,True,exact,95,0.5555433346184825,1354.370954362703,0.00010397147509588756,7.668523548874,11.249052232740807,True,0.1837217678867072,1,0,False,24.88006611900005
13,0,0,0.5854052145108997,0.7613383685654246,1325.6305062119375,0.22620936250575316,0.00989400627324874,3.758734169408287,0.049460991662808484,0.4,0.2,True,exact,88,0.5853634641910362,1354.3159013329027,0.00011173842358191965,9.018333233717502,12.184075333321834,True,0.28119150516256747,1,0,False,25.690942801000006
14,0,0,0.5832130271007456,0.7968616376170262,1325.591379163407,0.18173682534757782,0.010355650479497156,3.749344660770059,0.049865509485697075,0.4,0.2,True,exact,89,0.583263178757768,1354.1680003675058,0.00013083512356371063,10.52310538821329,14.032780557657958,True,0.2246927565151931,1,0,False,25.661100833000035
15,0,0,0.654934979470204,0.7955771721150597,1325.9149846318144,0.36310217948558454,0.010338958151540305,4.050755327105471,0.04917399360746884,0.4,0.2,True,exact,79,0.6549363465695986,1354.0758883442015,0.00012316550444402274,9.847218481566099,12.608034048036703,True,0.20165667888187058,1,0,False,24.382577790000028
16,0,0,0.5112400806666711,0.7730738277548601,1325.6027172145962,0.46703819751222847,0.01004651494959263,3.4341596732364343,0.04334732561199905,0.4,0.2,True,exact,101,0.5112287460312247,1354.2304560527905,0.00012356388599044088,9.878561538639312,13.414447706173526,True,0.17134043409753993,1,0,False,24.705888749999986
18,0,0,0.5800594433178008,0.7923612159462259,1325.3045806068467,0.7732569175648851,0.010297165051622209,3.7358166661973407,0.03302307052845729,0.4,0.2,False,none,89,0.5801376205914569,1354.3077516631902,0.00010736295311108979,6.511979078548017,10.321038938554347,False,0.16311838530411887,0,0,False,12.616890717999922
17,0,0,0.5098470567244179,0.7533625165823049,1325.3007049674452,0.048830709150471795,0.009790355737805238,3.427918584856692,0.04847336747310146,0.4,0.2,True,exact,101,0.5098791767574732,1354.3626926734605,0.00010786546962593402,8.695322729829149,12.802973874040743,True,0.12493377730950535,1,0,False,24.140641769000013
19,0,0,0.6956672447613305,0.8045067282333345,1325.3986052647788,0.5301675114802525,0.010455002591042298,4.217012850360899,0.04585786368368763,0.4,0.2,True,exact,72,0.6956288028088516,1353.922817815205,0.0001287492174254501,9.613044625223846,13.31044388172568,True,0.10785689896764908,1,0,False,25.20611998100003
20,0,0,0.7237162237282038,0.7857067208530629,1325.7062573800727,0.3688341108064123,0.01021068626779168,4.3296164655960885,0.05062886196842367,0.4,0.2,True,exact,69,0.7237647132332645,1353.930488320306,0.00010686061798792501,8.266407645217587,10.71681033479598,True,0.2463192363319182,1,1,False,24.458807809000064
22,0,0,0.5237307877997301,0.7621912889145293,1325.3657003867645,0.19666855024245006,0.009905090437180375,3.489870332359789,0.04805700282614977,0.4,0.2,True,exact,100,0.5236984477764259,1354.1712718402455,9.319142816077708e-05,8.079707773943948,11.11673650784764,True,0.20021421579965146,1,0,False,24.00585336300003
21,0,0,0.5638717655596279,0.7994770585503558,1325.693103940982,0.12133697289068825,0.010389639297334233,3.6659858716093785,0.04977287542540247,0.4,0.2,True,exact,91,0.5638740267100766,1354.4498466372559,0.00012632330106310263,10.513774076061596,13.67860758674271,True,0.22272588857580172,1,0,False,24.28056247899997
23,0,0,0.6440648869528709,0.7432679832478726,1325.4770196480854,0.6760526016387826,0.009659171785622997,4.005809599216191,0.03917594143837496,0.4,0.2,False,none,81,0.6441135931491788,1354.4600652584215,0.00011456480169846905,6.96114247073819,10.359181510332311,False,0.37356404440179153,0,0,False,12.356138021999982
24,0,0,0.7813055058316942,0.8314451958712191,1325.781353823714,0.07917846164071889,0.010805082632723575,4.556357694254618,0.05546979148443872,0.4,0.2,True,exact,68,0.7813220951195906,1353.909384928514,0.0001274309543640717,10.54000252482612,12.55622502758381,True,0.2259934400254088,1,0,False,23.792764784999918
25,0,0,0.5505891879721074,0.7853346837458662,1325.4531997984384,0.18678623467366146,0.010205851443192701,3.60818674542371,0.04891949644040362,0.4,0.2,True,exact,92,0.5506245174283736,1354.0837305563173,0.00013209285059179177,11.069644578401569,15.068233576056125,True,0.18944581242901237,1,0,False,23.99972305899996
26,0,0,0.6634036221140804,0.8164794448860151,1325.904927953313,0.017657110453068458,0.010610594557190886,4.085599388648023,0.05277450238719642,0.4,0.2,True,exact,78,0.6634204253682017,1354.4309381075414,0.00012254735481986856,10.020234780896383,12.607942361097841,True,0.21302285235469204,1,0,False,23.87985488100003
27,0,0,0.5602715862933588,0.8116010922803348,1325.5116422414771,0.11543367940007383,0.010547197711219931,3.650364954854177,0.04971338977854343,0.4,0.2,True,exact,93,0.5602569048689955,1354.0863369650276,0.0001296190852609902,11.098199233548316,15.273977601729824,True,0.10376418438147203,1,0,False,24.649707752999916
28,0,0,0.7171947338958633,0.7528788692657575,1325.7371779037085,0.7600953163210692,0.009784070477818962,4.303567465366061,0.0359758184289924,0.4,0.2,False,none,70,0.7171792579396501,1354.4244285717946,0.00010167812521000297,5.926321405672471,8.93235027885033,False,0.27297759434203245,0,0,False,12.172655876000022
32,1,0,0.9640498429102619,0.7886073146702544,1325.8677195534167,0.1173051491904579,0.010248381062390715,5.241676487149918,0.05912333553573983,0.4,0.2,False,none,51,0.9642072910982523,1353.8268087585582,9.900435016330089e-05,6.130476603576775,8.756191099374526,False,0.3193779664384703,0,0,False,12.10317214500003
30,0,0,0.6717856901421421,0.849181006123767,1325.3817727180913,0.7200613417066699,0.011035569135368264,4.119941537034626,0.0376058275704711,0.4,0.2,True,exact,77,0.6717737280162207,1354.2693618922394,0.0001453428456688055,9.985629174832285,13.670838479236215,True,0.23356823515022349,1,0,False,24.032776123999952
29,0,0,0.6697054289678727,0.9221323155751623,1325.3896891924803,0.4587121457047304,0.011983611087744648,4.111431894820043,0.04745525886865121,0.4,0.2,True,exact,77,0.6696445743740952,1354.1875088064614,0.0001446215007472329,11.814623708081417,14.420201637264173,True,0.24858728971787608,1,0,False,24.39343931799999
31,0,0,0.5528797874441069,0.9298856616042018,1325.4095265305455,0.5065263534314653,0.012084370037269983,3.618187172475804,0.04348350494024807,0.4,0.2,True,exact,93,0.5527779461243566,1354.1594783797586,0.00017082689967329312,13.126065504574372,18.299207614251944,True,0.14061799107753298,1,0,False,24.150043608000033
33,1,0,0.8121338287372963,0.712857652910343,1325.5972323037474,0.23294579653933528,0.009263972999440675,4.675437849327199,0.05477303839898483,0.4,0.2,False,none,63,0.8121913344480218,1354.022874230723,8.574793952920157e-05,5.601693436353354,8.038409437630577,False,0.2975561274960014,0,0,False,12.61453995699992
35,1,0,0.8435015768145895,0.7158319408383833,1325.482435397618,0.13946432990014748,0.009302625489100335,4.795064868806067,0.05641054983820512,0.4,0.2,False,none,61,0.5282592652169209,1354.0299252425891,3.848305510412153e-05,4.185303867368157,6.107778129965556,False,0.37478254563838836,0,1,False,12.147171644999958
34,1,0,1.0280632005252766,0.9225392050591984,1325.4502369894008,0.2076386886184632,0.011988898837940605,5.471214774752491,0.059612869985357614,0.4,0.2,True,exact,51,1.028082445502305,1354.2354156866065,0.00013056356857654716,8.728110802247262,11.369640285762442,True,0.27750917079239706,1,0,False,23.88501380699995
38,1,0,0.8798307942045686,0.8306835389856431,1326.026332089365,0.8373529886424513,0.010795184487148498,4.931775814027098,0.03269872147260241,0.4,0.2,False,none,58,0.5279526745473715,1354.0189683047668,4.5992599613242646e-05,4.959582966016904,6.921163744404858,False,0.4135975025340518,0,0,False,12.29053188599994
36,1,0,1.2277280210090156,0.9133405364818947,1326.2546221123375,0.12675461426111942,0.011869357135634348,6.158458222786094,0.06400376198016511,0.4,0.2,True,exact,42,1.2279461091336707,1354.4900448059498,0.0001344734259594027,7.971088829731953,10.9298968845701,True,0.37792383826627823,1,0,False,23.877723709000065
37,1,0,0.7953092692685777,0.8568492266342563,1325.5813357009038,0.2813733626024388,0.011135221832471124,4.610640389124424,0.05382946393118945,0.4,0.2,True,exact,65,0.7953437970404232,1354.2123432809972,0.00012372576392039036,9.965890054885547,12.093926914688659,True,0.3376473791887903,1,0,False,23.809381046
39,1,0,1.1547677262441145,0.8179110843370597,1326.2659838697823,0.8765655181991275,0.01062919949067973,5.91198939031327,0.03166206224670323,0.4,0.2,False,none,43,2.4908164659381193,1354.1892341711946,9.431904589685125e-05,4.250473024401477,6.574565617290853,False,0.33406954694748886,0,0,False,12.341273764999983
41,1,0,1.2049209672373822,0.7394828244473384,1325.7666599625602,0.07497578139055953,0.009609981587855483,6.0819511665474355,0.0637904530261036,0.4,0.2,False,none,44,1.204808633786846,1354.6841758817595,8.750769875798259e-05,4.319040780956813,7.503180176943096,False,0.5118747674663116,0,0,False,12.062344510000003
43,1,0,1.164483846722881,0.7044946630549251,1325.9980646181257,0.8074345628541854,0.009155291396740772,5.9451050539815995,0.03816261610943145,0.4,0.2,False,none,44,0.5005685185378973,1354.1777041754522,3.916414459970152e-05,4.227764890821309,7.0339756615993165,False,0.5404234750807569,0,0,False,12.118609332000005
40,1,0,1.0586308055559117,0.9176697676755117,1325.5272151443635,0.07877085236782008,0.011925617850129404,5.579135458408278,0.06127678752537223,0.4,0.2,True,exact,50,1.058649979099441,1354.109805085727,0.00014592401214374995,9.544209050075,13.064089551668514,True,0.17159054237210777,1,0,False,24.338089495000077
42,1,0,1.1038124542842889,0.8391222793194159,1326.1165521624318,0.47909467464225514,0.010904850508523446,5.736769680371205,0.05493384518553379,0.4,0.2,True,exact,47,1.1039342466655129,1353.7105493166798,0.00015550124386476405,9.971581149844836,12.846130802751365,True,0.23062350445085023,1,0,False,24.44077236599992
45,1,0,1.1140789398468003,0.7260072729563926,1325.495092139056,0.7506349641914963,0.0094348594654303,5.772286305540809,0.04191606172473688,0.4,0.2,False,none,43,5.00798720130353,1356.6502856286966,0.00012240199115176598,4.221551390639959,7.232642469957221,False,0.45881275917782127,0,0,False,12.496767566000017
44,1,0,1.187892704178046,0.8125944184421104,1325.4553304374758,0.29968963787995484,0.010560106525069031,6.0245141799788655,0.06091097456042044,0.4,0.2,True,exact,44,1.187947494790883,1353.9637533375233,0.00012649320355384575,7.291842478757593,10.226409601079569,True,0.1654954945521915,1,0,False,24.611333478000006
47,1,0,0.807102301527241,0.7632096864545066,1325.5989868842314,0.7795135576909225,0.009918325067228225,4.656106921407097,0.03605444916381997,0.4,0.2,False,none,65,2.491154923272061,1354.1889207435347,9.407062639721353e-05,4.160255165961478,6.560222296867189,False,0.3287103622575233,0,0,False,12.206917285999907
48,1,0,1.1314498156477717,0.9455228313425841,1326.4135048031433,0.7313755367977353,0.012287583564757024,5.832132985206917,0.043669805647148056,0.4,0.2,False,none,45,1.1312801330379367,1354.6984933509905,0.00012649332360237242,6.199875821424401,9.851855008904332,False,0.3684212236469836,0,0,False,12.298048548999986
46,1,0,0.8190584031703055,0.8596596113485679,1325.4451973700943,0.46437295984661975,0.011171744310703814,4.701976647187837,0.05036249212255967,0.4,0.2,True,exact,64,0.8190318783894852,1354.109168268674,0.00011736416216823198,7.228797658229313,10.417675622527776,True,0.18263612531037346,1,0,False,24.283713566000074
51,1,0,1.1813841351027141,0.7611071960541331,1325.366848534735,0.7928001232585172,0.00989100206070494,6.002488138543048,0.039611047961790845,0.4,0.2,False,none,44,0.5282592652169209,1354.0299252425891,3.83217739390318e-05,4.166998415852771,6.381966209868763,False,0.3892449330447571,0,0,False,12.618462071999943
49,1,0,0.9920731896935199,0.9352236494365861,1325.486291985904,0.1760635388081118,0.012153740093056942,5.342768577181713,0.059291525507346406,0.4,0.2,True,exact,52,0.9920420450727679,1354.258040061319,0.0001366157141287072,9.539570387532342,11.677639644150396,True,0.28077685663885976,1,0,False,24.185207528999968
50,1,0,1.092249288498857,0.939540931765854,1325.9223102579301,0.5777727642599401,0.01220984552555951,5.69663509728584,0.051171430556350664,0.4,0.2,True,exact,45,1.0921075650215921,1354.3190992156035,0.00013648461009374557,7.6022861125837675,10.509996098925319,True,0.3164058094150319,1,1,False,23.875828009999964
53,1,0,0.9450110647686949,0.7072633029104273,1325.9089455824937,0.5236477016918033,0.009191271377823718,5.172436288534824,0.050669547148625926,0.4,0.2,False,none,53,0.9452800371601648,1354.2590057231803,8.515432426503544e-05,4.261987659540364,7.848151180040106,False,0.278773377741005,0,0,False,10.656582614000058
52,1,0,0.8752618702300792,0.8963500725094596,1326.0293478199235,0.5036761324530139,0.011648556813373652,4.914687334346346,0.050270950624392435,0.4,0.2,True,exact,59,0.8752551323810602,1354.037349573736,0.00014525597404491108,10.133109067203895,13.658761522956384,True,0.18919618712485023,1,0,False,23.27758752300008
55,1,0,1.0763237155659648,0.8342446559798133,1325.720343550365,0.5850193578909142,0.0108414631397619,5.641126351867252,0.05051983180573353,0.4,0.2,False,none,48,1.0761189399207023,1353.7055434004803,0.00011699450558710911,6.5337623561656075,9.325452655152104,False,0.13656216333635535,0,0,False,8.859624978000056
56,1,0,1.0177716384988158,0.8012907587044408,1325.951607545391,0.4979782939725221,0.010413209317502956,5.434640037601363,0.05286473467772309,0.4,0.2,False,none,51,1.0175961592944527,1354.4502632144533,0.00011513639984883639,6.891138994346442,9.881291039602566,False,0.3262810916301724,0,0,False,9.427146890999893
54,1,0,0.8383526656571275,0.8435604489320712,1326.1036687516048,0.6721582856969238,0.010962526937037215,4.775531572327099,0.04280517088806127,0.4,0.2,True,exact,60,0.8383567527380674,1353.7691769278981,0.00013240095216748848,9.326259902395604,11.441476426287217,True,0.07795697607858233,1,0,False,20.476042565999933
57,1,0,1.0722824422692168,0.9054571922535277,1325.539667208669,0.15098681209117595,0.011766908788788763,5.626997007066347,0.0610303291897578,0.4,0.2,True,exact,48,1.0722578227307136,1354.4899121762712,0.00016653219478479642,9.320774612329254,14.504436670039254,True,0.22761317984144974,1,0,False,22.230104043999972
58,1,0,0.9201909642907394,0.9302697268681117,1325.4134575292176,0.5825024911225679,0.012089361174308855,5.081468026088451,0.048242167607108345,0.4,0.2,True,exact,56,0.9201883655167703,1353.9388137310618,0.00013189253933265643,8.839417318200157,11.753710079256361,True,0.2130189083530705,1,0,False,24.335552435000068
59,1,0,0.9144024527621833,0.8666657713349953,1325.9823379020481,0.18063936983396342,0.011262793171130634,5.060135453127474,0.05764578621157102,0.4,0.2,True,exact,55,0.9143646260670553,1354.3295668706207,0.00014737709844825364,10.701384842917761,13.555154841558306,True,0.1288901011014429,1,1,False,23.97281331299996
61,1,0,0.8605508456993607,0.7316888475615223,1326.0070944389072,0.055002942173942186,0.009508694618242849,4.8594626084513175,0.057239515583631995,0.4,0.2,False,none,61,0.8605790094376786,1354.4055061906522,9.327443308670968e-05,6.6243933615329365,8.775087694331296,False,0.2052322087621842,0,0,False,11.822529364000047
60,1,0,1.2218494800921487,0.9289851750373013,1325.713977891027,0.4397470303665513,0.012072667724461713,6.138784103678906,0.058116301474157216,0.4,0.2,True,exact,42,1.2219845593575516,1353.815819786099,0.0001685606348948987,10.524933860431224,12.744360540406515,True,0.19141260358402404,1,0,False,23.88515128000006
62,1,0,0.9272385311741834,0.754775304848451,1325.4250956425192,0.790707797156377,0.009808715689891142,5.107380348797419,0.03683494567977776,0.4,0.2,False,none,57,0.9272624863877964,1354.1702859572304,9.411369075451592e-05,4.4166809794881345,7.901688344517066,False,0.3069830710164863,0,0,False,12.001390191000041
63,1,0,0.8442604641236228,0.7582789223280203,1325.4005504407169,0.7498579878643793,0.00985424710503214,4.797940475717243,0.03848856092672925,0.4,0.2,False,none,62,0.8444157688197472,1354.1048488211634,0.00011498355076888789,5.153491546235519,9.096312225166756,False,0.3253840651623059,0,0,False,12.009606039999994
64,2,0,1.3796981975061817,0.928158398488332,1326.2532351334685,0.7876343053940781,0.012061923313435259,6.656714826871033,0.042290711201581316,0.4,0.2,False,none,36,1.3794702030669652,1353.8507183051313,0.00016166009942397697,6.7678044268100574,10.670587584062925,False,0.3509188927407127,0,0,False,12.345520179000005
65,2,0,1.3419785803953717,0.8696647957850713,1326.223390712539,0.8945558954942762,0.011301767125351,6.5348297414329535,0.03115446156190651,0.4,0.2,False,none,40,2.4908164659381193,1354.1892341711946,9.555449272535821e-05,4.345110886462793,6.478036143858795,False,0.2834528093663333,0,0,False,12.743713063999962
66,2,0,1.6130913559766087,0.8731243811737756,1325.9731543612083,0.8085928572694016,0.011346726319517423,7.38771041564678,0.04252319346366955,0.4,0.2,False,none,32,0.5282592652169209,1354.0299252425891,3.857822547004286e-05,4.052271039554076,6.36796458771214,False,0.3911646940935266,0,0,False,13.009677226999997
67,2,0,1.7414471677598542,0.8454624177244247,1326.1141037935927,0.5481041921951761,0.010987244056179034,7.77458870661334,0.06084274050222618,0.4,0.2,False,none,28,1.741498871149864,1353.9791047759397,0.00012269236844186793,5.389494904419956,8.264692804093844,False,0.26748518971477747,0,0,False,13.738143094999941
68,2,0,1.4978664014275025,0.7016577717902848,1326.0760570797995,0.7330921983085296,0.0091184244514668,7.031574898204073,0.04735694138548494,0.4,0.2,False,none,36,0.5282592652169209,1354.0299252425891,3.834869938623697e-05,4.188505892944438,6.1497582435160005,False,0.38202610445573926,0,0,False,13.679411435999896
69,2,0,1.681549056532728,0.7607772225485198,1325.3550814297917,0.47644283799127174,0.009886713875491452,7.5952763850648335,0.06301994266794923,0.4,0.2,False,none,30,4.375684331758107,1352.9282132030905,0.00013065020995206567,4.278224947536896,7.192712591959771,False,0.3615928926282513,0,0,False,12.410724643000094
70,2,0,1.5722663230688494,0.8208822358536751,1325.7246036137249,0.26384437573339936,0.010667811220966696,7.262530385073885,0.06747963707235236,0.4,0.2,False,none,32,1.5723475804976255,1354.0248011614992,0.00011805346308568776,5.129550304168124,8.061559015640789,False,0.4911428288631429,0,0,False,12.831338257000084
71,2,0,1.6740232680633764,0.721594636892324,1325.6092341652613,0.11292833691968966,0.009377514859270854,7.572597627337946,0.07079652651942013,0.4,0.2,False,none,30,2.492016658572137,1354.190326915169,9.244079740544642e-05,4.5332602244931355,6.811543797865072,False,0.2960649071296881,0,0,False,12.613365283000007
72,2,0,1.473125639154881,0.9403006406699845,1325.9411036732765,0.7665651834442039,0.012219718356055986,6.953931576866813,0.0449161815210596,0.4,0.2,False,none,33,1.4732733293487612,1353.9315348451685,0.00012018744990438535,4.281017585867628,7.810051191138706,False,0.402245538446096,0,0,False,12.45140897500005
73,2,0,1.7283187569882619,0.7928400767969324,1326.5052253320946,0.6984684890757975,0.010303388108881007,7.735465433154505,0.05220614338225266,0.4,0.2,False,none,30,2.491154923272061,1354.1889207435347,9.439548591783087e-05,4.192210225575211,6.891220218168397,False,0.30251811871996837,0,0,False,13.136528450000014
75,2,0,1.6753586407437087,0.9212767341322261,1325.9910545716757,0.7324724009319312,0.011972492341451016,7.576624212564631,0.04944966364881806,0.4,0.2,False,none,30,1.6754953684318816,1354.4719164967173,0.00011972339248889075,4.368270000994226,7.998504502623747,False,0.3042303037338013,0,0,False,12.556626323000046
77,2,0,1.306242403959224,0.8149107073338212,1325.9295432867607,0.40710656848559995,0.010590207959295219,6.418295962900328,0.06025249392889711,0.4,0.2,False,none,40,1.3059818152267948,1354.6650821475314,0.00011231612215267806,6.502182523828538,8.843154017562288,False,0.39063075866005614,0,0,False,12.36156190500003
74,2,0,1.2639674182972376,0.8395428907977205,1326.4639541857896,0.23358378731926335,0.010910316583499792,6.279057696587451,0.06332644457197323,0.4,0.2,True,exact,42,1.2639564048091438,1354.2698199933432,0.0001374954734290057,8.63728313698908,10.699920124292712,True,0.32149764939493464,1,0,False,24.773328123000056
76,2,0,1.899897725466259,0.9443567076997837,1326.1118117694523,0.2070185902163676,0.01227242915363889,8.239307335009652,0.07292895626619558,0.4,0.2,True,exact,28,1.900186103218217,1354.6104925108152,0.00017849194704877558,9.54802414305667,13.290039387778187,True,0.39560869211462235,1,0,False,24.64044509300004
79,2,0,1.7909492843998844,0.8159830251935392,1326.0168125646617,0.01966106818157919,0.010604143313231151,7.921232234815272,0.07291648152111571,0.4,0.2,False,none,31,1.790953791805822,1354.6762428814352,0.00012737277829022453,6.914744240968716,9.00550359175933,False,0.16183005011412166,0,0,False,12.386870337000005
80,2,0,1.8988832892956002,0.7659343429881933,1325.3134806440914,0.13962216950350845,0.009953733461116923,8.236374196293596,0.07359691360851803,0.4,0.2,False,none,27,2.4908164659381193,1354.1892341711946,9.53746279792611e-05,4.352812998043198,6.6299397439608665,False,0.36104228173677544,0,0,False,12.412745091000033
78,2,0,1.3385905044450341,0.8177314846213476,1325.8683050976108,0.33780946013913765,0.01062686549467047,6.523826174717071,0.06251751540465376,0.4,0.2,True,exact,39,1.3385641391886742,1353.9860374688374,0.00013806655327508466,7.252592287147814,10.645671215945434,True,0.2938960403247055,1,0,False,24.70513900399999
81,2,0,1.634968045882922,0.7476789200315525,1326.5726415436573,0.2973410169327625,0.009716494308709368,7.454354925206958,0.0676112998297052,0.4,0.2,False,none,32,0.5282592652169209,1354.0299252425891,3.922820470037003e-05,4.149335201194194,6.1515056176674525,False,0.4031152206075608,0,0,False,12.704377615999988
82,2,0,1.8948540491450907,0.7516614524955839,1325.8451339150402,0.17288372130534904,0.00976824948460677,8.22471889789798,0.07315218227749497,0.4,0.2,False,none,28,0.5282592652169209,1354.0299252425891,3.847706215576174e-05,4.18948584736376,6.049494520716806,False,0.3780920285654642,0,0,False,12.068933018999928
83,2,0,1.9556706949862679,0.7022148862637112,1327.1454706303477,0.6668512988622773,0.009125664457123399,8.399776030713177,0.056385352456971016,0.4,0.2,False,none,26,2.49081646593812,1354.1887133378614,9.406777609399786e-05,4.2811244915045625,6.9100644693172235,False,0.31976783808051407,0,0,False,12.193531168999925
84,2,0,1.475046749974784,0.740256725027753,1325.5295785339013,0.7642912737658808,0.009620038846905649,6.95997603583679,0.044841818442451525,0.4,0.2,False,none,34,0.5282592652169209,1354.0299252425891,3.752664749323564e-05,4.198635150646036,6.020632913828412,False,0.35395549366101736,0,0,False,12.167306877999977
86,2,0,1.5999532406377686,0.8770357881264597,1325.879963145333,0.44387395164963805,0.011397557180702058,7.347542066436313,0.06326899599805985,0.4,0.2,False,none,32,1.600150000014185,1354.682145754464,0.000123804996197463,5.740305336181723,8.915444370703856,False,0.349634723974753,0,0,False,12.283695276999993
88,2,0,1.3338279659695693,0.8753080371031506,1325.5268109533372,0.6234604351315836,0.011375104116244737,6.508343009848369,0.052322240165719014,0.4,0.2,False,none,39,1.333810793117695,1353.5362823055136,0.00013386274199600479,6.838103501816113,10.637139599725145,False,0.19453757436851862,0,0,False,12.066488929000002
85,2,0,1.7562784059004632,0.9386524859277321,1325.4575612122255,0.3270647541834164,0.012198299688571964,7.81866841401223,0.06872361000972983,0.4,0.2,True,exact,29,1.756361591988004,1353.5587051843502,0.000157083345964093,8.326756990367333,10.355426505089083,True,0.340083676668335,1,0,False,24.917564380000044
89,2,0,1.4027243668641534,0.7693540592448582,1325.7341181085023,0.2899466133683893,0.00999817453422339,6.730574179372325,0.06446557401355643,0.4,0.2,False,none,37,0.5005685185378973,1354.1777041754522,3.850849638709075e-05,4.123205938779023,6.5453990984678905,False,0.5058686576285238,0,0,False,12.284175151
87,2,0,1.5284109470898046,0.8678097980582669,1326.084478481261,0.21929410724675377,0.011277660420758603,7.126845007817035,0.06764104084979379,0.4,0.2,True,exact,35,1.528815884981263,1353.5927931422048,0.0001300628063084508,7.350299626570438,9.768772705176637,True,0.2943280192642593,1,0,False,24.470807966999928
90,2,0,1.7982743063866073,0.707401875300943,1326.4743617634258,0.17911979122207825,0.009193072201422882,7.9428162144473795,0.07178016552316553,0.4,0.2,False,none,28,0.5282592652169209,1354.0299252425891,3.852491855649287e-05,4.066305082125157,5.673485018398801,False,0.3613795175263557,0,0,False,12.444688960999997
91,2,0,1.3620384646810046,0.9073581841933765,1326.3862286193757,0.7121612888954056,0.011791613213200868,6.599790289365255,0.04758614864853082,0.4,0.2,False,none,37,2.7126844233280605,1353.711237904156,0.00010622946121063848,4.4325691793823925,6.726778819187198,False,0.5837245553180581,0,0,False,12.679068966999921
92,2,0,1.6867079057857937,0.7094322044263462,1325.511225578411,0.8669501509913276,0.009219457432921657,7.610802893420797,0.03671349703502825,0.4,0.2,False,none,31,2.49081646593812,1354.1887133378614,9.24034696080378e-05,4.2063655965533355,6.739651808943674,False,0.305098412233452,0,0,False,12.282583206000027
93,2,0,1.2775890097619569,0.8197122735877089,1325.7249526626244,0.82485718900043,0.01065260692485228,6.324089376630436,0.03793106058110227,0.4,0.2,False,none,42,2.49081646593812,1354.1887133378614,9.30945273476258e-05,4.186817443999877,6.9088412929324,False,0.32438918167326936,0,0,False,12.337252102999969
94,2,0,1.7996102815620276,0.8095368545856212,1326.446771363046,0.07713521202201667,0.010520371819416452,7.946749649139364,0.07282932791420502,0.4,0.2,False,none,27,1.799757794668524,1353.43922413257,0.0001243390161466129,6.227794959174164,9.195869097036963,False,0.1933032636976329,0,0,False,12.350604909000026
95,2,0,1.9620867830393323,0.8641911509834388,1326.4612578869805,0.6018540419025521,0.011230634133450261,8.418137771244805,0.06053903594060745,0.4,0.2,False,none,25,2.49081646593812,1354.1887133378614,9.44327719885063e-05,4.3357693691423975,6.661595980766043,False,0.33849384872841104,0,0,False,12.554158792999942
96,3,0,2.087572505498777,0.7930231549551435,1326.5174771666614,0.19047406064391711,0.010305767309142844,8.773339452804674,0.0753275328021305,0.4,0.2,False,none,24,2.4907856993698734,1354.1888957389438,9.559666614122886e-05,4.175369199761284,6.784591195048725,False,0.3153497175683645,0,0,False,12.288405372999932
97,3,0,2.53287063733406,0.7109495051446645,1327.1831780955051,0.40734988755388785,0.00923917558117909,9.980352805442147,0.07476220733695145,0.4,0.2,False,none,20,2.4908164659381193,1354.1892341711946,9.325054610176409e-05,4.1360061036551246,6.524786383231587,False,0.34002697572138896,0,1,False,12.577042000999995
98,3,0,2.3421927800362066,0.8474709727294046,1325.4680174073865,0.31127194307699313,0.011013346321137625,9.47295875058803,0.07587575771445308,0.4,0.2,False,none,21,2.3420996185933545,1353.5738338856622,0.00012237023137562364,4.744922280093773,7.2812979912131786,False,0.34223934392232486,0,0,False,12.555344257999991
99,3,0,2.1103838336913063,0.70379324834234,1326.7511703080547,0.034784886125975155,0.009146176130975903,8.837135657680202,0.07683279879366632,0.4,0.2,False,none,24,2.49081646593812,1354.1887133378614,9.497227745880465e-05,4.414143485686096,6.8235677656834275,False,0.30469446838618697,0,0,False,12.535692771999948
100,3,0,2.18508354143537,0.9106232202034367,1326.904855357997,0.6918448528479553,0.011834044132355498,9.044458801048323,0.05701089487697198,0.4,0.2,False,none,24,0.5282592652169209,1354.0299252425891,3.8078665201335404e-05,4.296315251648191,5.726830163186883,False,0.4169861142421849,0,0,False,12.736614402999976
101,3,0,2.7134993724032683,0.9283821670808161,1326.0377885825524,0.4911025758224393,0.01206483130802637,10.449376350424512,0.07331588871526468,0.4,0.2,False,none,20,0.5426370132365091,1354.266486101577,4.1210208486575084e-05,4.936894127616962,6.7486292958672625,False,0.2329426830385818,0,0,False,12.836017376999962
102,3,0,2.7573128851615185,0.7286670914654496,1325.3397788669981,0.2697767377062885,0.009469425253916568,10.561556365554049,0.08097837341884494,0.4,0.2,False,none,19,0.5005685185378973,1354.1777041754522,4.05611781725268e-05,4.648020340535467,7.47363650648866,False,0.28895331585167966,0,0,False,11.789853655999991
103,3,0,3.1053696375942192,0.7654071173853308,1328.0753356385317,0.7713620359984231,0.009946881877593074,11.43262844128884,0.05652438753214901,0.4,0.2,False,none,17,2.49081646593812,1354.1887133378614,9.800159153905419e-05,4.599557166646048,7.008918141856633,False,0.3189857969365111,0,0,False,12.066128011000046
104,3,0,2.516103887054111,0.8795029295513218,1326.325667383804,0.2801983252465418,0.011429619025661445,9.936259686673454,0.07849103275012309,0.4,0.2,False,none,20,2.5162044875647904,1354.0062628257547,0.00013891072442029362,5.316371084268286,8.168829167167992,False,0.29725310184692794,0,0,False,12.32796200200005
106,3,0,2.878930475879257,0.7969697939221447,1326.6159723323703,0.023006189712787017,0.010357056029520006,10.869878065130543,0.08527994230633211,0.4,0.2,False,none,20,2.8783830029936213,1355.3977809924781,0.00014872399990017993,5.1507428267638,8.537840734512315,False,0.40541503891956704,0,0,False,12.599333477999949
107,3,0,2.6932967444354072,0.731728555182665,1327.7403188473288,0.509158283513658,0.00950921064038084,10.397446435447812,0.07204585561558363,0.4,0.2,False,none,19,0.5005685185378973,1354.1777041754522,3.8955088258352255e-05,4.042658852613278,7.25848530820049,False,0.5045158630510083,0,0,False,12.74947104499995
108,3,0,2.132951336689971,0.8619358252510064,1326.9373299580295,0.3514289018170319,0.011201324948643312,8.900024162126968,0.07252555712291843,0.4,0.2,False,none,24,0.5005685185378973,1354.1777041754522,3.956904701929442e-05,4.2180285629151975,7.137349604569042,False,0.5488421189397127,0,0,False,12.34402861600006
105,3,0,3.0281018785433913,0.9374583797725575,1327.7606187478448,0.0782788144293301,0.012182781629482832,11.242188839169875,0.08664062061524655,0.4,0.2,True,exact,18,3.0289187371600583,1355.0132820969825,0.00019913965337126083,8.724104394894317,12.399533518013193,True,0.2929447553961281,1,0,False,24.627228471999956
109,3,0,2.644991375685055,0.7926873418747009,1325.4744591459112,0.44561784812436483,0.010301403235477674,10.27275020460313,0.0744791057045544,0.4,0.2,False,none,20,0.5284485269962427,1354.034546420339,5.449824029413186e-05,6.666135691162519,8.656672085694368,False,0.2510054292428617,0,0,False,12.439361131000055
110,3,0,2.817043927309402,0.7731447195059015,1327.7758408954521,0.8700239072323397,0.010047436226463053,10.713539299806571,0.04310250182976403,0.4,0.2,False,none,17,0.5282592652169209,1354.0299252425891,3.778177905122693e-05,4.229478574531457,6.199962588326059,False,0.41369719458583737,0,0,False,11.919679847999987
112,3,0,3.0445699046942143,0.746150990202764,1328.035261416572,0.2385394425707769,0.009696638029379057,11.282911655794235,0.08439580678630941,0.4,0.2,False,none,17,0.5005685185378973,1354.1777041754522,4.0551970925784e-05,4.36334517212125,7.005637043945689,False,0.5348193891994505,0,1,False,12.095348210999987
113,3,0,2.5882941722480055,0.7887403831211942,1327.0560623699782,0.4530415214910656,0.010250110359300907,10.125418381173699,0.07364423826828036,0.4,0.2,False,none,19,0.5005066917445975,1354.1797790065673,4.038388425009476e-05,4.288692217333305,7.197680125978073,False,0.5016674346143895,0,0,False,12.335076337000032
114,3,0,2.268967998695548,0.7008535337462461,1327.3177448606098,0.242302944843737,0.009107972940573035,9.274477843863671,0.07645239845849351,0.4,0.2,False,none,22,0.5279526745473715,1354.0189683047668,4.2453962898592046e-05,4.128320653585024,6.060144938772591,False,0.3655556108240196,0,0,False,12.38271755300002
111,3,0,2.114138428675945,0.9403319433265108,1326.793618107073,0.3304667523267215,0.012220125151106423,8.847614015234097,0.07296470166898546,0.4,0.2,True,exact,24,2.1142987329413656,1354.2814751157798,0.00016824678214755195,7.701288091375722,11.054308448788957,True,0.2495702898864004,1,0,False,24.128556574999948
115,3,0,2.3495612837146793,0.7540316242861712,1326.5422718379693,0.33662668821080144,0.009799051156416551,9.492816206096487,0.0751797824821717,0.4,0.2,False,none,23,2.49081646593812,1354.1887133378614,9.244323691759426e-05,4.059837658663202,6.334366463807745,False,0.32776510565918315,0,0,False,12.137815365000051
116,3,0,3.125717497302166,0.8496924375598641,1328.022529398806,0.07644634785958346,0.011042215465102855,11.482515407818868,0.08746942894996508,0.4,0.2,False,none,18,3.125339521823066,1353.0276046371266,0.0001287709164711215,4.471166153682701,7.338321826767525,False,0.49085515723563783,0,0,False,12.156287149000036
117,3,0,2.682964733764039,0.8191838144762981,1325.878896693896,0.05729583281074662,0.010645739311213804,10.370838319090645,0.08322338166085713,0.4,0.2,False,none,19,0.5282592652169209,1354.0299252425891,3.904894700579309e-05,4.328179593064887,6.33422750377626,False,0.3986773234849682,0,0,False,11.934881656000016
118,3,0,2.6865457586422195,0.7544783786274234,1325.8448084592621,0.7327743231699441,0.009804856972118811,10.380064424548536,0.05742694882389788,0.4,0.2,False,none,19,0.5282592652169209,1354.0299252425891,3.7849912180809575e-05,4.155279523997242,6.094993629870201,False,0.3925416164713034,0,0,False,12.093472195000004
119,3,0,2.8113467039234608,0.8703165320972465,1326.8207193857606,0.27925694308574045,0.011310236793277124,10.69908963305447,0.081437976403954,0.4,0.2,False,none,20,2.8118947612380047,1354.929773574922,0.0001578428745873106,6.310542721778367,9.59775876297757,False,0.316738397563726,0,0,False,12.313152897000009
120,3,0,3.057338135761236,0.7557529090994883,1327.0990947338662,0.7227212345677289,0.009821420188957363,11.314434951460806,0.06082610994488728,0.4,0.2,False,none,16,0.5282592652169209,1354.0299252425891,3.825028519788276e-05,4.228986531963835,6.29458936514309,False,0.37870038024634817,0,0,False,12.201971577000108
121,3,0,2.2116150571243076,0.8119360064004681,1326.485486308478,0.16965167525437963,0.010551550102406838,9.11752395346287,0.07708621688609989,0.4,0.2,False,none,24,2.2116396420515843,1355.2340163092126,0.00014069298322128,6.60772939472821,9.85117316825635,False,0.28895019212836687,0,0,False,12.092024041000059
122,3,0,2.6183537301266107,0.8952429880334674,1325.523244794618,0.6306142941766144,0.011634169648345934,10.20366283284918,0.0648013789225808,0.4,0.2,False,none,20,2.6183648094856573,1354.3233857418843,0.0001399316013048768,4.30738197830113,7.903536079798199,False,0.5112610829099883,0,0,False,11.949342239000089
123,3,0,2.799220788539252,0.7656279732795214,1327.8212865396315,0.22423956479792884,0.009949752020085332,10.668302561549948,0.0823813544672492,0.4,0.2,False,none,19,0.5282592652169209,1354.0299252425891,3.8495765585011554e-05,4.050057537469103,6.338517747708022,False,0.3896360779517429,0,0,False,12.25210877699999
124,3,0,3.057997334540108,0.7684836316792181,1326.7801252878596,0.17428624400130577,0.00998686285448882,11.316061244960974,0.08569508358508926,0.4,0.2,False,none,16,2.49081646593812,1354.1887133378614,9.391682723103312e-05,4.1183601228305795,6.610275697052026,False,0.30995637425788847,0,0,False,12.390908051999986
125,3,0,2.3551532218334965,0.9415138120371627,1327.342667976239,0.22906961939279932,0.012235484177946721,9.507872125151705,0.07790406580055481,0.4,0.2,False,none,20,2.3552124578268976,1353.2501942486379,0.00013496755256325876,4.888908292151455,7.927807312423835,False,0.6122889601939585,0,0,False,12.218373505000045
126,3,0,2.4763113851836196,0.8460231245552516,1326.541565210463,0.8501018575305211,0.010994530746474322,9.831219452346039,0.04406121422151754,0.4,0.2,False,none,21,0.5282592652169209,1354.0299252425891,3.879885473900835e-05,4.281638971634797,6.192825899208058,False,0.3850273841237157,0,0,False,10.800084254000012
127,3,0,2.8028895000232623,0.8980914087922265,1326.632136765863,0.7538136532293542,0.011671186425668108,10.677621912108819,0.0565560851167662,0.4,0.2,False,none,19,0.5282592652169209,1354.0299252425891,3.8578799757327253e-05,4.130544497191228,5.879352795635524,False,0.3604444509694208,0,0,False,9.480445290000034
128,4,0,4.439531907062655,0.7331032664499925,1329.264217681927,0.04574626195281707,0.009527075761152923,14.50870583186006,0.0983066182955833,0.4,0.2,False,none,12,4.4394354130183995,1355.9010842739858,0.00014600604314629617,4.485647680012964,7.779240121303438,False,0.3612730811850749,0,0,False,8.830460821999964
129,4,0,3.2731240889409468,0.7136280004997376,1325.8356403563814,0.7055667652319716,0.009273984085439684,11.84074062428021,0.06365254823267293,0.4,0.2,False,none,16,0.5005066917445975,1354.1797790065673,3.985727711031117e-05,4.2158173306115785,7.313496432090079,False,0.512023841319124,0,0,False,8.868383637999955
130,4,0,3.2704668963575365,0.771921705006317,1325.6963304920948,0.6059321671317115,0.010031542487711959,11.834331378164535,0.07123362165415238,0.4,0.2,False,none,15,4.37465752519763,1352.9562971553944,0.00010258021126363648,4.291563044869819,6.337802168334791,False,0.24661642019088206,0,0,False,10.311597335999977
131,4,0,4.708253437693082,0.9412306353962896,1328.725036812581,0.5829269395246053,0.012231804143448375,15.088420388022334,0.08229883589562982,0.4,0.2,False,none,12,4.70903816296227,1352.2661730273533,0.00016766158348424653,4.4597202411463694,8.175649645606413,False,0.5661799420272347,0,0,False,11.703944784999976
132,4,0,3.426088322859999,0.8495362403320422,1328.471144419475,0.876739713317915,0.011040185597154854,12.206830778298942,0.04511356665380972,0.4,0.2,False,none,15,0.5282592652169209,1354.0299252425891,3.9316570958236596e-05,4.53522627416704,6.0395578712334945,False,0.33556171695389064,0,0,False,12.675283974999957
133,4,0,3.704320397764532,0.8651864070713077,1327.571362905417,0.15068095387297634,0.01124356802773884,12.859070666567208,0.09179052071995866,0.4,0.2,False,none,12,0.528474637390114,1354.0345566420247,5.094862618748586e-05,6.303450651175156,7.94530637140681,False,0.2734402097136967,0,0,False,12.265129866999928
134,4,0,4.198711761140296,0.7441625810214851,1328.926868920498,0.29331987917232116,0.00967079757035894,13.9791659978932,0.09246143027410739,0.4,0.2,False,none,13,0.5282592652169209,1354.0299252425891,3.935057210280313e-05,4.409998298326184,6.233251271936226,False,0.31466184163707844,0,0,False,12.59644683800002
135,4,0,3.506507101491656,0.7629512910965583,1325.9890054639047,0.4158614409738816,0.009914967078982689,12.397107565746397,0.08298271372706079,0.4,0.2,False,none,13,2.49081646593812,1354.1887133378614,9.243256157598356e-05,4.2330583594317615,6.448251205179089,False,0.34144158404515845,0,0,False,12.121599574000015
136,4,0,3.9517516830973634,0.7790549326840919,1327.727131321328,0.38754574728432917,0.01012424266191361,13.425495362348823,0.08750647755808649,0.4,0.2,False,none,11,0.500339797543945,1354.1758649954636,3.8891203598678814e-05,4.119354398873242,7.099752858201516,False,0.40442902128985275,0,0,False,12.68363715999999
137,4,0,4.707445213220147,0.7804537929142628,1325.7772060065786,0.4613789496819114,0.010142421611595061,15.086693607635496,0.0893465472731361,0.4,0.2,False,none,9,0.5005685185378973,1354.1777041754522,3.867891653785982e-05,4.190410843247063,6.9473676250407586,False,0.5653474586100314,0,0,False,12.499528729999952
138,4,0,4.60782542870085,0.7840038228218165,1328.7332061378552,0.879390603699593,0.010188556181486423,14.87309090401746,0.04912126899182863,0.4,0.2,False,none,12,2.4908164659381193,1354.1892341711946,9.294022442607464e-05,4.148493264550029,6.599503053747778,False,0.3299727481041163,0,0,False,12.436849114999973
139,4,0,4.485101282750046,0.8593419475463895,1329.033589649954,0.10131227294510696,0.01116761609678303,14.607819394255435,0.09840646994489696,0.4,0.2,False,none,12,24.774342805729706,1351.4175437682718,0.0002832626245010683,3.8682137713505105,8.377955857036705,False,0.5490551965104924,0,0,False,12.43152654000005
140,4,0,3.929888686386609,0.8630130276301282,1325.4395448885887,0.6788132578534888,0.011215323779566114,13.375932045851956,0.0702220166971207,0.4,0.2,False,none,15,13.133163733618698,1352.9259034297795,0.00018188512926331502,3.147366945492472,8.079996769798875,False,0.4471315850133825,0,0,False,12.557461611999997
141,4,0,4.835499803689146,0.7004169711497406,1327.8417823564994,0.7447961693091666,0.009102299572138142,15.35906579870504,0.06833393630205291,0.4,0.2,False,none,12,2.4908164659381193,1354.1892341711946,9.399917193142482e-05,4.0355878428799175,6.5403755162622925,False,0.3240755116178016,0,0,False,12.575504539000008
142,4,0,3.757877858943473,0.8912049324087649,1328.3612200072305,0.5808478590494514,0.0115816929187706,12.98271911511388,0.07643502622548395,0.4,0.2,False,none,15,0.5005066917445975,1354.1797790065673,4.159534400260956e-05,4.6227051749920625,7.529797817894744,False,0.3092239521801857,0,0,False,12.503164757000036
143,4,0,4.270231827118955,0.8519090425944444,1328.2214387772704,0.4374173189684202,0.01107102145337687,14.137464357534947,0.08774494506106835,0.4,0.2,False,none,12,2.4908164659381193,1354.1892341711946,0.00010131306429328468,4.8510773761224675,7.216475182027437,False,0.2899372201381314,0,0,False,12.842087084000013
144,4,0,4.231053111846641,0.7896199145106848,1327.3167926114688,0.6882411450891368,0.010261540348178961,14.05085889007438,0.0710057261282956,0.4,0.2,False,none,12,2.49081646593812,1354.1887133378614,9.37828222443704e-05,4.248641397761114,6.647864888413476,False,0.34732056225908414,0,0,False,12.357076000999996
145,4,0,4.639040605618358,0.859258755364189,1329.432902289473,0.8315677854313933,0.01116653496911817,14.940185973323052,0.056962205647862564,0.4,0.2,False,none,10,0.5282592652169209,1354.0299252425891,3.775434090980134e-05,4.118960392992416,6.275697937244405,False,0.38996700882242996,0,0,False,12.712509772999965
146,4,0,4.917666678120952,0.7818358249799969,1330.0800327405018,0.6751207240333857,0.01016038187012501,15.532568589554346,0.07582819330133425,0.4,0.2,False,none,11,2.49081646593812,1354.1887133378614,9.107468495361815e-05,4.009504891247451,6.477454137958127,False,0.3211993819518025,0,0,False,12.647928460999992
147,4,0,4.663287288640133,0.7451664910112841,1326.4860584146672,0.4692775783902439,0.009683843926810886,14.992198900946534,0.08861074899739245,0.4,0.2,False,none,11,0.5282592652169209,1354.0299252425891,3.849600250094287e-05,4.265615803619365,6.260114743107262,False,0.38284892770754836,0,0,False,12.656248801999936
148,4,0,4.086062744078682,0.9053560189226922,1325.9568517403288,0.7638235193632793,0.011765593986315511,13.727999090842209,0.06298502592725085,0.4,0.2,False,none,13,0.5282592652169209,1354.0299252425891,3.812514822132407e-05,4.10985669184239,6.3373352118984085,False,0.37804093117930243,0,0,False,12.751025470000059
149,4,0,4.252025292444393,0.8140732150252517,1328.0197137806554,0.29513370219051416,0.010579324291143305,14.097251476516815,0.09288805713306007,0.4,0.2,False,none,10,2.1190048394815215,1353.5542430424684,9.388775730068133e-05,4.786251534492948,6.851333287789928,False,0.48617556236468473,0,0,False,12.680225410000048
150,4,0,4.3748905471550525,0.7348532201489043,1327.1451108830706,0.7408593100973796,0.009549817361458124,14.36752679288804,0.06658476827352491,0.4,0.2,False,none,12,0.5005066917445975,1354.1797790065673,3.997102133712627e-05,4.169845192999728,7.432189125183023,False,0.5289377072894643,0,0,False,12.750332628000024
151,4,0,4.395069868282945,0.7656869462663741,1325.5812609694617,0.6327142677110503,0.009950518406131226,14.4116733464486,0.07652762636858942,0.4,0.2,False,none,12,0.5282592652169209,1354.0299252425891,3.80173061194089e-05,4.11624454244895,6.369714906875819,False,0.33372133736021264,0,1,False,13.454085458999998
152,4,0,4.794976676009409,0.8329404781661486,1326.0719136376515,0.7853234228157464,0.010824514639590884,15.27313604579096,0.06370224625588798,0.4,0.2,False,none,12,0.5005066917445975,1354.1797790065673,3.915175138768934e-05,4.18020252076194,7.287799292686137,False,0.5180102723083836,0,0,False,13.184174501999905
153,4,0,3.6487259214811534,0.8769053353037285,1328.2644557679282,0.09674202643925967,0.01139586187530336,12.730087309671259,0.09194996937896979,0.4,0.2,False,none,12,0.5282592652169209,1354.0299252425891,3.984922057187479e-05,4.283948969706158,6.126758707580519,False,0.3989389439269515,0,0,False,13.15920849600002
154,4,0,3.7986962527641417,0.7701125691709586,1325.3985930653248,0.18227514289200172,0.010008031783348113,13.076562679576254,0.09195742933205253,0.4,0.2,False,none,14,2.4908164659381193,1354.1892341711946,9.438967459918235e-05,4.219872039949689,6.913754895818188,False,0.3482283656176566,0,0,False,13.287770121999984
155,4,0,4.585930529738588,0.923911186498064,1328.5539629918223,0.48012490440368516,0.012006728483106782,14.825938761505459,0.08781250244261224,0.4,0.2,False,none,11,0.5005685185378973,1354.1777041754522,3.941667460582998e-05,3.952105273258596,7.065612217538608,False,0.5357664055810346,0,1,False,13.173498523000035
156,4,0,4.6037280295557474,0.7432920754669816,1327.2970138599921,0.45021417229703625,0.009659484877116663,14.864272568602274,0.0891907978178283,0.4,0.2,False,none,11,2.49081646593812,1354.1887133378614,9.366113036612944e-05,4.291703052395696,6.743682482391717,False,0.30637450910310177,0,0,False,12.86975669200001
157,4,0,3.523910976590691,0.743770854014117,1327.4971513508422,0.6230171544210186,0.009665706864795783,12.438094150464492,0.07179139067962113,0.4,0.2,False,none,15,0.5005685185378973,1354.1777041754522,3.965950355577785e-05,4.188873405226427,7.215024496197322,False,0.6166193856223124,0,0,False,12.961732972999926
158,4,0,4.597816620649627,0.9170156140828757,1329.8036280397323,0.09785820984992484,0.011917116768328673,14.851545548522205,0.09932936074452887,0.4,0.2,False,none,10,2.49081646593812,1354.1887133378614,9.304556060008018e-05,4.25815761008784,6.199168218827754,False,0.32530075576868783,0,0,False,12.221410908000053
159,4,0,4.636790870405281,0.843076914140992,1328.9518409092975,0.03172365414978353,0.010956243139380616,14.935355350987797,0.09993171881411589,0.4,0.2,False,none,12,4.636201336981951,1352.1366894182852,0.00015404552128039928,4.410904547602796,8.078523105194364,False,0.4067405147127718,0,0,False,12.132642393999959
160,5,0,5.637964995029634,0.9150516308094944,1327.6875879904298,0.6204726317911802,0.011891593737269559,17.014484845995934,0.08439801433200764,0.4,0.2,False,none,8,2.4908164659381193,1354.1892341711946,9.211888006255275e-05,4.093826670086083,6.588324994386703,False,0.35004000153065784,0,0,False,12.325728859000037
161,5,0,5.065251204849981,0.8402073894006608,1329.8503455019618,0.6484934281162759,0.010918952104337189,15.84180074859727,0.079026219601582,0.4,0.2,False,none,11,2.4908164659381193,1354.1892341711946,9.348652692353632e-05,4.219629366863161,6.350471174351873,False,0.3354198261831272,0,0,False,12.07214081799998
162,5,0,5.157238505874293,0.846801749748756,1329.713725871612,0.109039336133167,0.011004649404441813,16.033021145184055,0.10298153659085721,0.4,0.2,False,none,9,0.500339797543945,1354.1758649954636,3.993569656945972e-05,4.308669968106984,7.568860191501185,False,0.4259168393286391,0,0,False,12.118554106999909
163,5,0,5.421499965174351,0.820346289662351,1326.1290564049064,0.624307796181213,0.010660846308651719,16.576144620964765,0.0828338731168145,0.4,0.2,False,none,9,1.810437886929756,1355.0670248617516,8.034855811311914e-05,4.391030916849231,7.52567998186669,False,0.5038933639034205,0,0,False,12.357357653000008
164,5,0,7.330359964198942,0.7419740662837837,1325.420238761502,0.3590213168579653,0.009642356630774198,20.26846014630307,0.1086906811349001,0.4,0.2,False,none,7,0.5282592652169209,1354.0299252425891,3.811544345755369e-05,4.02116622457186,6.174213663429604,False,0.37448009503455326,0,1,False,12.47003315500001
165,5,0,5.689616071731759,0.855575841698352,1329.2272635775894,0.6945485806092525,0.011118673502498162,17.11824332945321,0.07783007411555354,0.4,0.2,False,none,10,2.4908164659381193,1354.1892341711946,9.43499972212436e-05,4.343948121631066,6.607165928445863,False,0.3465288372383238,0,0,False,12.498785393000162
166,5,0,6.319515461103582,0.8202905560849927,1330.0328662398904,0.1318800213284288,0.010660122020494467,18.359453155749865,0.10984418418352192,0.4,0.2,False,none,8,2.49081646593812,1354.1887133378614,9.48260121941269e-05,4.397911183631738,6.526247022067282,False,0.32736862873535133,0,0,False,12.068257697000035
167,5,0,5.6447725157727975,0.8241252655316464,1329.2179586424138,0.268867974523534,0.010709956155864222,17.028178103776344,0.10287477773711211,0.4,0.2,False,none,10,2.492016658572137,1354.190326915169,8.75873469851074e-05,4.321516730856101,6.611820573252482,False,0.33697853996338173,0,0,False,12.066763402999868
168,5,0,5.250646338308498,0.7860512484757064,1326.432478032738,0.05547279786001036,0.010215163591673524,16.226034645336792,0.1039659871662274,0.4,0.2,False,none,10,0.5003768803340949,1354.1779787145022,4.119953729253556e-05,4.8849158807203175,7.720258587481637,False,0.33528654754398407,0,0,False,12.032546970999874
169,5,0,5.751285244258078,0.8494279110502948,1330.5222481864123,0.10915648258835796,0.011038777799206612,17.24171621653029,0.10678526948571126,0.4,0.2,False,none,8,2.49081646593812,1354.1887133378614,9.211215171434084e-05,4.13978546090959,6.497891851725476,False,0.3486869005574392,0,0,False,12.221302407999929
170,5,0,6.2327168721783615,0.9043640881412395,1327.5743441755892,0.8007727532310192,0.011752703306192802,18.19095447408066,0.06752113418094428,0.4,0.2,False,none,7,0.5282592652169209,1354.0299252425891,3.835825568432316e-05,4.215035789865161,6.188694404045681,False,0.38777095082957663,0,0,False,12.033352556999944
171,5,0,5.2031466063799146,0.7682423218696516,1330.1601629285221,0.07905521845922943,0.00998372690223917,16.128027783071712,0.10346716364151815,0.4,0.2,False,none,10,2.49081646593812,1354.1887133378614,9.23884302156397e-05,4.1463900884702705,6.570903936841848,False,0.3241486428415519,0,0,False,12.341059371000028
172,5,0,7.055713561559636,0.8867508016570119,1326.7755357302958,0.6769605367785664,0.011523809066571277,19.75897971237149,0.08550158281619134,0.4,0.2,False,none,8,7.067601487217885,1354.9520001405801,0.0001682612348595791,5.1335264059045995,9.067634475366374,False,0.5054130514241216,0,0,False,12.40926251399992
173,5,0,7.435605955883573,0.8682980764442182,1332.5718132871982,0.49565191377012197,0.011284005864011118,20.46200243489202,0.10202290226101872,0.4,0.2,False,none,7,0.5005685185378973,1354.1777041754522,3.8995715736955816e-05,4.251932915719108,6.941041215253994,False,0.5150116132106451,0,0,False,12.089906316999986
174,5,0,7.57526179390595,0.8571267634888451,1327.871780217997,0.848341486079612,0.01113882857487862,20.717419106204762,0.06409839103578703,0.4,0.2,False,none,8,2.4908164659381193,1354.1892341711946,9.332256763205926e-05,4.144537647740829,6.674393558709076,False,0.3348826502521849,0,0,False,12.762963833999947
175,5,0,5.383510706907301,0.8129240926991109,1326.8046011166578,0.3043234370063568,0.010564390821384006,16.498619561951553,0.10016364529354164,0.4,0.2,False,none,10,2.49081646593812,1354.1887133378614,9.739837349997948e-05,4.5594656127251225,6.79865966529212,False,0.32845381678818514,0,0,False,12.481319982000059
176,5,0,6.341172265275093,0.780918429060406,1331.3710262077825,0.23468153853760929,0.010148459811079716,18.401374125932445,0.10783208615830243,0.4,0.2,False,none,8,0.5282266407272107,1354.0309629993114,4.077512634903524e-05,4.2475962472918685,6.713724496990043,False,0.31831353993331724,0,0,False,12.426726266999822
177,5,0,5.515456906476955,0.9250854759466481,1328.307591245339,0.21830228279743327,0.012021989013313335,16.767110175522795,0.10353933709859685,0.4,0.2,False,none,8,0.5279526745473715,1354.0189683047668,4.19211961257826e-05,4.169072814238667,6.13759710111625,False,0.3597020850288894,0,0,False,12.585658243999887
178,5,0,6.432551116858668,0.9277199626379533,1331.663793631016,0.6858013264117385,0.012056225601047221,18.577733060603514,0.08210740330714743,0.4,0.2,False,none,8,5.0028555314446725,1356.6540008178767,0.0001243193587313618,4.503275717100046,7.696457702692418,False,0.4281860690594079,0,0,False,12.443142510999905
179,5,0,5.43130328714396,0.749767525571988,1330.2921244346935,0.8316819566591289,0.009743636873924292,16.596120931308903,0.05973685386453626,0.4,0.2,False,none,9,0.5003768803340949,1354.1779787145022,3.862893442763138e-05,4.071609891390795,7.076478729134377,False,0.4373979532811464,0,0,False,12.703027843999962
180,5,0,5.380373316378267,0.7563191563389131,1328.5413211680075,0.21312087357727952,0.0098287788798764,16.49220891970706,0.10257310441667464,0.4,0.2,False,none,9,2.49081646593812,1354.1887133378614,9.419634186269565e-05,4.450342389974958,6.638459551221113,False,0.3298908094536622,0,0,False,12.548319473999982
181,5,0,5.945470655488698,0.7841190048519733,1325.4487959119995,0.8125597556347216,0.010190053034628194,17.627661985904226,0.06451756395460254,0.4,0.2,False,none,9,2.49081646593812,1354.1887133378614,9.361677012853509e-05,4.327193359609536,6.552011836365787,False,0.29911548314719,0,0,False,12.140211177000083
182,5,0,7.947977233827396,0.8099594127666191,1331.9273264008855,0.41642302687555943,0.010525863192853317,21.391519289918612,0.1089473514244301,0.4,0.2,False,none,6,0.500339797543945,1354.1758649954636,3.911672321554871e-05,4.304811611388121,7.52652013683268,False,0.38457227077005174,0,0,False,12.011188010000069
183,5,0,6.657218154392802,0.8455158946518206,1329.4182046817632,0.816855764206592,0.010987939017942391,19.00782450147004,0.06648159672679753,0.4,0.2,False,none,8,2.4908164659381193,1354.1892341711946,9.22612018178226e-05,4.105542536645971,6.515851727035153,False,0.33711093054726643,0,0,False,12.776125932000014
184,5,0,5.319955090256522,0.7553999300258831,1328.2263796731418,0.5022529285298757,0.009816833033872619,16.368511894894734,0.09071779143263628,0.4,0.2,False,none,10,2.491154923272061,1354.1889207435347,9.526704893825233e-05,4.360914347655327,6.630615926943312,False,0.35049308753431174,0,0,False,12.923360236999997
185,5,0,6.342443482001102,0.711992549228414,1327.7252851356666,0.04904978954449427,0.009252730506471164,18.40383332980308,0.11063787372512629,0.4,0.2,False,none,9,2.4908164659381193,1354.1892341711946,9.446195372608823e-05,4.350270058140644,6.875003129834847,False,0.36142228125224773,0,0,False,12.438408735999928
186,5,0,7.4212465596784325,0.7576526105438189,1329.1183002184762,0.19490877219989083,0.009846107842678168,20.435650253867806,0.11458824455194104,0.4,0.2,False,none,8,0.5282592652169209,1354.0299252425891,4.2080647362885415e-05,4.706991129079792,6.671507720868295,False,0.3991579869944335,0,0,False,12.203907974999993
187,5,0,7.138733204114171,0.7688670428478758,1326.0334775039757,0.7356804091633923,0.009991845491204058,19.91367073005656,0.07903280601983835,0.4,0.2,False,none,8,0.5282592652169209,1354.0299252425891,3.911376558762836e-05,4.130118360329232,6.501667678495094,False,0.39222416332808485,0,0,False,12.262168333999853
188,5,0,5.562545961746308,0.9103327655966619,1326.761786877155,0.6370633696118727,0.011830269516730992,16.86240939888356,0.08263211443730659,0.4,0.2,False,none,8,2.491154923272061,1354.1889207435347,9.593131330276616e-05,4.270707184960653,6.892947693712742,False,0.3335331493335958,0,0,False,12.131151197000008
189,5,0,6.59042070672957,0.7672025992670419,1325.5138529349613,0.7879696299052782,0.009970215141401423,18.880463298287253,0.07027082176434983,0.4,0.2,False,none,8,2.4908164659381193,1354.1892341711946,9.498127442197912e-05,4.310565912745394,6.575322026313421,False,0.3305979828641959,0,0,False,12.47925354500012
190,5,0,6.037711654002467,0.9285328329475482,1330.4285549836484,0.12491623960024666,0.012066789292927907,17.80951666225109,0.10843941514875448,0.4,0.2,False,none,9,2.4909395360114837,1354.1905879420017,9.741649274086495e-05,4.205304157903664,6.743164873453205,False,0.23784512829278903,0,0,False,12.77564944400001
191,5,0,7.923477572328107,0.7929965034888949,1326.1400925759385,0.6320081610786105,0.010305420958840347,21.347537063618287,0.09318629644606306,0.4,0.2,False,none,7,0.5005066917445975,1354.1797790065673,4.015004094493069e-05,4.226199068342504,7.22988231691349,False,0.5188727023698372,0,0,False,11.83485365599995
192,6,0,8.234112656364587,0.8102802584589573,1326.9050703611733,0.8478615407176635,0.010530032757167697,21.901898264829672,0.06585319711349565,0.4,0.2,False,none,6,0.5282592652169209,1354.0299252425891,3.764176844534006e-05,4.140152305281488,5.754411097857538,False,0.39171272931199064,0,0,False,11.986885689000019
193,6,0,8.466995620440043,0.7108586525106478,1333.2485402367554,0.774245152527922,0.009237994901775536,22.312938976461233,0.0782541077305044,0.4,0.2,False,none,6,2.49081646593812,1354.1887133378614,9.473132953052854e-05,4.3701769656315115,6.786504019541486,False,0.3213216104123244,0,0,False,12.707299318999958
194,6,0,12.21441912292633,0.7403691232801312,1333.586666202714,0.31435747019329197,0.00962149952334079,28.487375034109974,0.13097684573586268,0.4,0.2,False,none,4,0.5005685185378973,1354.1777041754522,3.896363039246342e-05,4.32009675560777,7.417060021360609,False,0.5592274648084637,0,1,False,12.362616977000016
195,6,0,11.712889227741604,0.9319881228249458,1334.7901453120344,0.7021377535225292,0.012111692664588109,27.702135229302538,0.09814998263586298,0.4,0.2,False,none,4,0.5282592652169209,1354.0299252425891,3.86173542452628e-05,4.167760637266473,6.2304971864083525,False,0.39628512996611515,0,0,False,12.458966705999956
196,6,0,9.82243624817418,0.8581586116538243,1331.3748238321969,0.47487023610216367,0.01115223800311561,24.63485630743932,0.11334554251699175,0.4,0.2,False,none,6,0.5282592652169209,1354.0299252425891,3.8440187088317757e-05,4.220248450068888,5.971764476938669,False,0.39281842048454424,0,0,False,12.29227789599986
197,6,0,10.864215673327694,0.7104309569547193,1327.8145521270333,0.3979554016360516,0.009232436765356677,26.347301421807845,0.12177180408532048,0.4,0.2,False,none,3,2.4908164659381193,1354.1892341711946,9.30716298922496e-05,4.129634024665814,6.668687561437486,False,0.325696350134647,0,0,False,12.353317049999987
198,6,0,9.080423089828866,0.7847747915212145,1333.074537102964,0.4756509738795689,0.010198575339147814,23.37803173453438,0.11023616061471271,0.4,0.2,False,none,6,0.5005685185378973,1354.1777041754522,3.896328477059896e-05,4.2370341990482725,7.0969108666174625,False,0.5202591794641113,0,0,False,12.06348848599987
199,6,0,12.059784860561072,0.7333830935090285,1337.162191568586,0.6486816957709243,0.0095307122660131,28.24643184153912,0.105166595883876,0.4,0.2,False,none,4,2.4908164659381193,1354.1892341711946,9.414890732317716e-05,4.260844463787184,6.7648765690374,False,0.29773164079764697,0,0,False,12.144094683000048
200,6,0,11.729286406513065,0.7692426893458246,1334.1940922181302,0.20909967987025185,0.009996727221799395,27.72798316131206,0.1330807151846866,0.4,0.2,False,none,5,0.500339797543945,1354.1758649954636,3.920269297619239e-05,4.286035439530778,7.591360922936026,False,0.38462505783318174,0,0,False,12.574822089999998
201,6,0,8.569487423468296,0.8676586276528111,1329.8173147080954,0.6976868319147889,0.01127569587910188,22.492640989820536,0.08883761943086155,0.4,0.2,False,none,7,2.49081646593812,1354.1887133378614,9.367439941854183e-05,4.305739849614917,6.5029574777268735,False,0.2984318862525204,0,0,False,12.242466737000086
202,6,0,8.267657579434074,0.9444078895255396,1327.891907215158,0.6788696672129731,0.012273094289307881,21.961341994199834,0.09004119074938366,0.4,0.2,False,none,7,0.5005685185378973,1354.1777041754522,4.011101075696022e-05,4.494365078904012,7.242019588067279,False,0.41185345302295173,0,0,False,12.210513297000034
203,6,0,8.829120856774649,0.7250187823161315,1332.9855150119567,0.10881663733050362,0.00942201349181384,22.944690050361494,0.12295985984436611,0.4,0.2,False,none,5,2.4908164659381193,1354.1892341711946,9.34556570691969e-05,4.215014021818167,6.530777296255792,False,0.34142867356873813,0,0,False,13.276800890999993
204,6,0,12.214788965548118,0.7477771740512105,1331.5852637642463,0.07164100564270322,0.00971777117314574,28.487950080820237,0.13748992609273644,0.4,0.2,False,none,4,2.49081646593812,1354.1887133378614,9.157479125776469e-05,4.063887774720914,6.527375666393064,False,0.31971807184942147,0,1,False,12.374969057000044
205,6,0,12.294647524604212,0.713429260923718,1327.0057950108808,0.4082518591060556,0.009271401356533497,28.6119819616774,0.12628368517468558,0.4,0.2,False,none,4,0.5282592652169209,1354.0299252425891,3.8047640799176996e-05,4.304268451165424,6.045313948496531,False,0.3648258388731492,0,0,False,13.133677331999934
206,6,0,11.131837528133861,0.7677793144354189,1328.1570105468136,0.1929314172991105,0.009977709868751825,26.778225451137157,0.13121559992303344,0.4,0.2,False,none,4,0.5005066917445975,1354.1797790065673,4.092515009357367e-05,4.232601925582137,7.540924059301967,False,0.5218422059076713,0,1,False,12.103059263999967
207,6,0,11.72189415311483,0.7970311810587773,1329.5936933708558,0.6883774986661575,0.010357853788755608,27.716331766849137,0.09960365901302948,0.4,0.2,False,none,5,0.5282592652169209,1354.0299252425891,3.78793953693668e-05,4.1952183317253935,5.708487527141261,False,0.38066857269852433,0,0,False,9.60256271000003
208,6,0,9.48486284020005,0.9238922671763597,1325.3657508882077,0.5070035926439278,0.012006482616228982,24.067145908767444,0.10991986538640824,0.4,0.2,False,none,5,2.4908164659381193,1354.1892341711946,9.216128769351517e-05,3.997421216872405,6.632756791315604,False,0.3090256419229446,0,0,False,9.2935570799998
209,6,0,9.241706895230466,0.7405316676987794,1326.3413270851602,0.8166893434166845,0.009623611876486499,23.65404114859017,0.07387439113117648,0.4,0.2,False,none,5,2.4908164659381193,1354.1892341711946,9.33497108285275e-05,4.230102707266086,6.71399675350353,False,0.3379939478551315,0,0,False,7.900954196000157
210,6,0,8.126553200968376,0.849859164357634,1326.7149061581065,0.5207457793018961,0.011044382170540493,21.71074915178786,0.10331231506443227,0.4,0.2,False,none,6,2.492016658572137,1354.190326915169,9.097294921822652e-05,4.291545662345519,7.042192785451976,False,0.326489353761858,0,0,False,8.032999378999875
211,6,0,12.378841571041097,0.9267978256540023,1329.893817124991,0.4395864488799984,0.012044241929291393,28.742457028622695,0.1250056661705985,0.4,0.2,False,none,5,2.49081646593812,1354.1887133378614,9.154816350243067e-05,4.204569325778472,6.466704691100243,False,0.301078442367956,0,0,False,7.89964318300008
212,6,0,8.613895643217667,0.840695035169766,1332.028592292422,0.285827346809281,0.010925289326389639,22.570280594378506,0.1178442027772026,0.4,0.2,False,none,6,2.49081646593812,1354.1887133378614,9.238438074321564e-05,4.13776490112324,6.647275613898285,False,0.3220081403183574,0,0,False,7.542043887000091
213,6,0,8.42689042646013,0.8618502680049754,1333.1807424205615,0.8478426386671656,0.01120021308568736,22.242424182243536,0.06651352206406629,0.4,0.2,False,none,6,0.5005066917445975,1354.1797790065673,3.927008939197396e-05,4.074843135605887,7.297349260632521,False,0.5264962319758563,0,0,False,8.564523534000045
214,6,0,12.026561383729085,0.7084757242465296,1335.8892348850766,0.02122529556970897,0.0092070274526526,28.19453063436115,0.13702625528937476,0.4,0.2,False,none,4,2.49081646593812,1354.1887133378614,9.204872885104631e-05,4.12597171623433,6.526906132805274,False,0.3437209305040433,0,0,False,7.545442518000073
215,6,0,8.131476972019163,0.9276467266325551,1327.5214581573775,0.300169102734187,0.012055273859316139,21.719517770222577,0.11522949519069921,0.4,0.2,False,none,6,0.5282592652169209,1354.0299252425891,3.79343201304394e-05,3.9742249228256403,5.8931769736527375,False,0.4066113537144588,0,1,False,7.656427571999984
216,6,0,8.840200454382833,0.7925839683793644,1327.4804308853822,0.7678767648246343,0.010300059840669826,22.96388145098486,0.08050887893332126,0.4,0.2,False,none,6,2.4909395360114837,1354.1905879420017,9.464070786413536e-05,4.269743899051686,6.689684945458196,False,0.32169860367311504,0,0,False,7.863457457000095
217,6,0,10.48744021259113,0.7765966811851773,1334.0002418476843,0.8317532828590231,0.010092296346378097,25.73456823769523,0.07439014834938107,0.4,0.2,False,none,5,0.5282592652169209,1354.0299252425891,3.823013829218347e-05,4.166848039063856,6.393991568144881,False,0.3819884557510698,0,0,False,7.355076340000096
218,6,0,10.261563685712018,0.7651808792306173,1332.10661331285,0.4756775873917898,0.00994394178969733,25.363718089511874,0.11477558756977141,0.4,0.2,False,none,5,0.5005066917445975,1354.1797790065673,3.988546258715253e-05,4.254268129813735,7.530248040862932,False,0.4728261793023796,0,0,False,7.618824693000079
219,6,0,8.149748087173506,0.9426217987426998,1325.9502862972633,0.09719969509291321,0.012249883067938193,21.75204087731226,0.12020715252928454,0.4,0.2,False,none,7,0.626095161793953,1354.1699273633972,5.371188874447874e-05,5.248459322721476,8.131951712802179,False,0.31832720268658365,0,0,False,7.665542035000044
220,6,0,11.741011353713613,0.7327230559170707,1333.8896238281363,0.6303331084422316,0.009522134718440245,27.74645856760236,0.1062549861248965,0.4,0.2,False,none,5,2.49081646593812,1354.1887133378614,9.57067446613058e-05,4.38504327584928,6.77204810525682,False,0.2896929902910527,0,0,False,7.462946915999964
221,6,0,10.83505170587681,0.8553377514652224,1329.1232684969764,0.525735865629002,0.011115579390395782,26.30012906230558,0.11330391125026032,0.4,0.2,False,none,5,2.49081646593812,1354.1887133378614,9.535448745401354e-05,4.3471945636367,6.656746742419082,False,0.3243905370687577,0,0,False,7.921832937999852
222,6,0,9.607912991000195,0.8840159666057378,1326.2764651201442,0.3387477849504784,0.011488268397309341,24.274852250051634,0.12011719376434389,0.4,0.2,False,none,6,2.49081646593812,1354.1887133378614,9.157382469404673e-05,4.145575227079591,6.4547568303687575,False,0.35396029038813714,0,0,False,7.12073463999991
223,6,0,11.801523791450172,0.9342546043669446,1329.1788283460792,0.38358852049602005,0.012141146825209217,27.841712536288462,0.12641160257618722,0.4,0.2,False,none,5,0.5282592652169209,1354.0299252425891,3.9034802923665346e-05,4.350160044086152,6.093178536357664,False,0.36705197122877453,0,0,False,7.612236890999839
224,7,0,18.49434493421419,0.7156700004089371,1336.6856729583167,0.5514359171238243,0.009300520985122884,37.56325251745012,0.13250817917802318,0.4,0.2,False,none,3,0.5003768803340949,1354.1779787145022,4.076522267448812e-05,4.542513229357562,7.5648079007409645,False,0.41749175099858515,0,0,False,7.512698713999953
225,7,0,15.83979851700255,0.8727553165687781,1340.962712193132,0.19639185848772425,0.01134193012420159,33.87689954311342,0.14767828142539194,0.4,0.2,False,none,3,2.4909395360114837,1354.1905879420017,9.238348558748832e-05,3.996525704543872,6.60941043830713,False,0.3281303869442437,0,0,False,7.349998249999999
226,7,0,14.340440563330533,0.7246004001859064,1334.385469899205,0.5749842154414989,0.00941657638842857,31.703865494730653,0.11948545602051444,0.4,0.2,False,none,4,2.4908164659381193,1354.1892341711946,9.256606512519916e-05,4.108927151926215,6.621638857777687,False,0.33653147978003245,0,0,False,7.514094615999966
227,7,0,17.011823716249516,0.9186149439819798,1335.361581234877,0.18138020129350138,0.011937900930414906,35.528030806763205,0.15175932832822944,0.4,0.2,False,none,3,4.381796109669925,1352.9417067872282,0.00011276706171492457,4.190961704358646,7.196753313719665,False,0.3349088902358123,0,0,False,7.531039921000001
228,7,0,18.175444915084306,0.7760401673957135,1342.3518272428937,0.8877475166210617,0.01008506414693637,37.130197110784806,0.07510227984848412,0.4,0.2,False,none,3,2.4908164659381193,1354.1892341711946,9.342653093802333e-05,4.176410921477821,6.689476419089753,False,0.30283474378250985,0,0,False,7.669923207000011
229,7,0,12.63489105799139,0.9360250911175264,1325.8210509645523,0.48640956883820385,0.012164155263691002,29.137450945161554,0.12255425710043245,0.4,0.2,False,none,5,0.5005685185378973,1354.1777041754522,3.819856319653425e-05,4.144812365107576,6.94763201572874,False,0.5289068571903064,0,0,False,7.384542783000143
230,7,0,19.529671319195753,0.78137061350822,1327.5902414805917,0.5890091968157293,0.010154336193970765,38.95236613817786,0.13099519056485476,0.4,0.2,False,none,3,0.5282592652169209,1354.0299252425891,4.0079313640029035e-05,4.523857261642105,6.496962847813209,False,0.3577857752710479,0,0,False,7.702351475000114
231,7,0,19.964050023447776,0.8319300826673325,1325.4502466109973,0.7958416487020644,0.010811384000421096,39.52783128442733,0.10021387845980911,0.4,0.2,False,none,3,2.4908164659381193,1354.1892341711946,9.339174666278538e-05,4.13142034578281,6.584380713708728,False,0.3461848697048148,0,0,False,7.573854680000068
232,7,0,18.884994497079603,0.8234844079010277,1332.113006684752,0.43173149080407314,0.01070162786232301,38.09036456545459,0.14424386841530423,0.4,0.2,False,none,3,0.5282592652169209,1354.0299252425891,3.832494829891786e-05,4.01543817316737,6.100050081818064,False,0.36765208515278797,0,0,False,7.515348747999951
233,7,0,19.606580294476743,0.8076615849801402,1334.9709790283387,0.8786373161045062,0.010496001670732598,39.05456358211252,0.07977882381708219,0.4,0.2,False,none,3,0.5282592652169209,1354.0299252425891,3.898391044054872e-05,4.245691331520135,6.242417434628585,False,0.3877689982703321,0,0,False,7.839869490999945
234,7,0,16.966915840303894,0.8902622230822401,1336.8707080548725,0.7306844285868437,0.011569441898231518,35.46547857978506,0.1065583731347551,0.4,0.2,False,none,2,2.4908164659381193,1354.1892341711946,9.24195954751239e-05,4.091785300681313,6.586891595611573,False,0.3309925614922234,0,0,False,7.72940659599999
235,7,0,14.56188954218178,0.8738849157750086,1331.0287930231366,0.2253549926822798,0.011356609880396933,32.02941765287531,0.14270661878411922,0.4,0.2,False,none,4,0.5005066917445975,1354.1797790065673,4.1547275548281526e-05,4.4157162311035005,7.399885368878086,False,0.5044374591339607,0,0,False,7.671815870000046
236,7,0,14.460448751001865,0.9199458588334848,1330.7534076120905,0.7720352871767208,0.011955196892937801,31.880495885663123,0.09449180110759411,0.4,0.2,False,none,4,2.4909395360114837,1354.1905879420017,9.794694391329628e-05,4.580717055140102,6.922741855008327,False,0.2993776763880356,0,0,False,7.347264722000091
237,7,0,19.2624760827564,0.828931723134765,1326.6006238491773,0.47835332381957746,0.010772418687165471,38.59626645208249,0.14147553196448512,0.4,0.2,False,none,3,0.5282592652169209,1354.0299252425891,3.951168245475145e-05,3.960838201523088,6.501966325571088,False,0.3728213663598619,0,1,False,7.863898780999989
238,7,0,15.429363821314977,0.8830927997713566,1327.2734762015054,0.7815515239339139,0.011476271342086924,33.289139371217736,0.09476077866944822,0.4,0.2,False,none,4,2.4908164659381193,1354.1892341711946,9.336262449988197e-05,4.202268761333753,6.710807820971112,False,0.33168426057205097,0,0,False,7.44722767799999
239,7,0,17.805920620218888,0.9165154837648521,1325.934995874457,0.7393603374564811,0.011910617302771341,36.62521444568515,0.10694208636015708,0.4,0.2,False,none,4,0.5282592652169209,1354.0299252425891,3.778792381070595e-05,4.198788303048964,6.0040480329210375,False,0.3705379540072203,0,0,False,7.742835041000035
240,7,0,16.713727740854942,0.7575790287982622,1336.9067122976164,0.5780826758674531,0.009845151607865641,35.11177379080562,0.12548957543836048,0.4,0.2,False,none,2,0.5282592652169209,1354.0299252425891,3.773619298763631e-05,4.143992844418239,5.995828625365107,False,0.379457831254216,0,0,False,8.19553406
241,7,0,14.090061198097843,0.7014265050080496,1336.6494195268629,0.6272784442343352,0.009115419013820803,31.333757203129558,0.11317919024127676,0.4,0.2,False,none,4,0.5005066917445975,1354.1797790065673,3.968154908740029e-05,4.170378301305062,7.447379299139702,False,0.5320511881631129,0,0,False,7.784162609999839
242,7,0,12.75980233216766,0.8108948477656178,1329.3492516864549,0.2406520432903873,0.010538019679548908,29.329175344593455,0.13594548362336684,0.4,0.2,False,none,4,2.49081646593812,1354.1887133378614,9.40081324166675e-05,4.165652945146274,6.634908580884444,False,0.31246077902773445,0,0,False,7.430706500000042
243,7,0,15.59116004056749,0.8651657474989612,1336.185874946932,0.8137575253787827,0.011243299545357235,33.52145343158754,0.088911184166812,0.4,0.2,False,none,2,0.5003768803340949,1354.1779787145022,3.868272369644821e-05,4.213208662611365,7.15858792949926,False,0.44701618514515395,0,0,False,8.169100213000092
244,7,0,16.271162648483912,0.8109172167333601,1341.2277587669298,0.7122684090285756,0.010538310376453607,34.48918605792794,0.1076794139134763,0.4,0.2,False,none,3,2.4908164659381193,1354.1892341711946,9.273570586332269e-05,4.131604976286273,6.64270512678619,False,0.3164788089046493,0,1,False,7.757107478999842
245,7,0,19.80403766130243,0.8375022767073665,1331.1226372994129,0.12008520456791004,0.010883797693286384,39.31633709093635,0.160951543599667,0.4,0.2,False,none,3,0.5005685185378973,1354.1777041754522,4.012834893885042e-05,4.34605163781261,7.321061137297538,False,0.4801338547671043,0,1,False,7.515498642000011
246,7,0,19.664554788425143,0.7105364704878401,1338.6574611984245,0.2326601119023648,0.00923380797111973,39.13151238106407,0.1571066170172886,0.4,0.2,False,none,2,2.4908164659381193,1354.1892341711946,9.339776170969039e-05,4.204112205111894,6.6811902774060785,False,0.3310565675348383,0,0,False,7.595829254999899
247,7,0,16.39196509728479,0.7735383516550872,1334.5591952942,0.41824675755636576,0.01005255169038054,34.65968154267316,0.13843259941866295,0.4,0.2,False,none,2,0.5282592652169209,1354.0299252425891,3.8387379838078495e-05,4.118103838332603,6.085973411129673,False,0.41290211349355943,0,0,False,7.997174243000018
248,7,0,19.68704542989565,0.8096810275986525,1329.7275896916844,0.08871974005080482,0.010522245426151986,39.16134355521896,0.16109706725810877,0.4,0.2,False,none,3,2.49081646593812,1354.1887133378614,9.680294162695002e-05,4.558050723441515,6.819061941736287,False,0.31441995272217843,0,0,False,7.722837880000043
249,7,0,18.59308029312121,0.9268388284730343,1325.8801780824654,0.17041639284454682,0.012044774783230553,37.696825924316755,0.15664100497350486,0.4,0.2,False,none,3,0.5282592652169209,1354.0299252425891,3.924851738701385e-05,4.441833769341458,6.357757127766823,False,0.4166231750492205,0,0,False,8.249135240999976
250,7,0,19.423596393052403,0.7188979783916192,1334.538785215104,0.3779056810721064,0.009342470315051893,38.81119227306418,0.14911711756857507,0.4,0.2,False,none,2,0.5282592652169209,1354.0299252425891,3.801972195638381e-05,4.185761198739986,6.191361404331651,False,0.40367953235336435,0,0,False,7.644321803999901
251,7,0,19.529830890474265,0.864627629808453,1343.8897775674168,0.6243902529209997,0.01123630641322905,38.952578316877634,0.12697246817613178,0.4,0.2,False,none,1,2.4908164659381193,1354.1892341711946,9.247104863630007e-05,4.1103120231849966,6.5671574541443,False,0.2949721840534397,0,0,False,8.615636612000117
252,7,0,15.662722143326528,0.8068569301168441,1337.3163382803018,0.4081610069462055,0.01048554474304583,33.62394887661515,0.13709062793705087,0.4,0.2,False,none,3,13.133553005018946,1352.92496322258,0.00018367978156097475,3.3212344135013527,8.213959331245551,False,0.45430913914379367,0,1,False,8.956991661000075
253,7,0,19.24735306679875,0.8291312319046373,1335.9078874371905,0.6057976675659482,0.010775011412164217,38.57606246051743,0.12852915141144103,0.4,0.2,False,none,3,2.4908164659381193,1354.1892341711946,9.256084180686575e-05,4.127668181335007,6.654758662086869,False,0.3415571524194529,0,0,False,9.615988475999984
254,7,0,14.580076914741,0.8515390518953057,1337.4175034651466,0.085833814158838,0.011066213222963866,32.05608130604142,0.1458752192842023,0.4,0.2,False,none,4,2.49081646593812,1354.1887133378614,9.3771849183244e-05,4.2032817902093615,6.639242158641805,False,0.3195577706519004,0,0,False,9.888132036000115
255,7,0,19.386147487665447,0.7483514671947574,1339.406053905277,0.7011988218969935,0.009725234424965881,38.76129062838727,0.1156915042777421,0.4,0.2,False,none,2,0.5282592652169209,1354.0299252425891,3.8393325607066764e-05,4.198580460740215,6.100239119861284,False,0.38332974050730517,0,0,False,10.841694651999887
256,0,1,0.5310711889958071,1.0132945793087562,1325.5388785517525,0.4459853203399852,0.01316831429791292,3.522403049513767,0.04452652176201129,0.4,0.2,True,exact,98,0.5310856423780617,1354.2173803384574,0.00018762407626726763,15.29748176329744,19.791420213381905,True,0.10706784947799808,1,0,False,20.693645365999828
257,0,1,0.6646225320643994,1.0258813369427753,1325.61303409977,0.7436538515449553,0.013331886060656864,4.090602329869679,0.03638191487686349,0.4,0.2,True,exact,77,0.6646261288923943,1354.1911166924149,0.00016016491191839233,11.313179783576906,15.127539517837667,True,0.11036272003920643,1,0,False,20.844580397000072
258,0,1,0.7886419447619742,1.147662449876279,1325.9434773531066,0.7133601601317267,0.014914497873059904,4.584835963894888,0.040185868990367794,0.4,0.2,True,exact,62,0.7886231627298279,1354.3346582583158,0.000202724156352585,13.220920691547299,17.66859338708024,True,0.17695435700439538,1,0,False,21.10169935199997
259,0,1,0.6365003516177695,1.1739882091307448,1325.6621815911856,0.4163746555756947,0.015256615435980728,3.9743824175480174,0.04790895877788003,0.4,0.2,True,exact,82,0.6365129419979072,1354.3035177274478,0.00023409274007857306,17.31163084884685,25.297672261631234,True,0.1003159141952652,1,0,False,21.28244126100003
260,0,1,0.6231716189167128,1.106798856834789,1325.8401028813037,0.6092528399738083,0.014383453251386877,3.918702839904815,0.041869755233310775,0.4,0.2,True,exact,84,0.6231632890857343,1353.8836427214,0.0001992070208224339,15.839062156148074,19.683832282856017,True,0.10233838883743941,1,0,False,21.254055968000102
261,0,1,0.5244129293300104,1.019124615555092,1325.716740990778,0.31952984032177334,0.013244078790517179,3.4928999665044356,0.04675458503321192,0.4,0.2,True,exact,98,0.5244104954315725,1354.034852090847,0.0001927589009531605,15.124830419799009,22.38008435530794,True,0.15544051602654843,1,1,False,21.190310916000044
262,0,1,0.5517984162112641,1.1110700059047232,1325.6604269237184,0.5782279381204062,0.014438959157087566,3.6134677860217264,0.04142705838286756,0.4,0.2,True,exact,94,0.5517819628858768,1354.3535531367743,0.00020658015409136254,15.868317744972105,23.454330759733462,True,0.13305024267992605,1,1,False,20.98235060800016
263,0,1,0.5349629983748536,1.025353419548086,1325.8295968401349,0.03148117727387798,0.013325025486921886,3.53959074188605,0.049418617452978875,0.4,0.2,True,exact,98,0.5349701864593165,1354.1833864698858,0.00019016455993170478,15.585861818287839,21.425286579376525,True,0.11225721953327202,1,2,False,21.18589258599991
264,0,1,0.706748958041999,1.115126567053908,1325.6004972148708,0.7879330443796391,0.01449167637602069,4.261678388583009,0.03445925141143486,0.4,0.2,True,exact,75,0.7067232878930912,1353.8711637282656,0.00016904911506243625,12.11136157725432,15.080990196467965,True,0.12994789897830722,1,0,False,21.069904242999883
265,0,1,0.6852115012742279,0.9588477524924818,1325.541630107602,0.4614708795549456,0.01246074816395626,4.17465236997742,0.047754029830129226,0.4,0.2,True,exact,74,0.6852076629737788,1354.3188446824406,0.00017904913613397966,13.385927273314241,17.194538448415692,True,0.18121659105476026,1,0,False,21.240477344999817
266,0,1,0.5319188413281227,1.1711738469415283,1325.7327805778425,0.09245828276932826,0.015220041268297875,3.5261501673021467,0.04925362642079342,0.4,0.2,True,exact,96,0.5318799971908594,1353.9252705011575,0.00025927309935769305,17.234935940730807,29.712385796702737,True,0.10430289340541182,1,0,False,21.06834466600003
267,0,1,0.5092237482706555,1.285278484458285,1325.5811383350062,0.41322688518540995,0.016702893106600506,3.425124170076654,0.044854996895864974,0.4,0.2,True,exact,101,0.5092183083614326,1354.0987309182824,0.0002817800072631993,17.680978040195797,32.181965957253844,True,0.0793153721236965,1,0,False,20.85745451899993
268,0,1,0.5340753047190979,1.1642164488567035,1325.683477818103,0.3335900708976133,0.015129626095309217,3.5356740325490454,0.046897636719324884,0.4,0.2,True,exact,94,0.5340788507412924,1353.9898566143304,0.0002481177633929521,15.84773878118808,28.07508193317447,True,0.11030091513201896,1,0,False,21.427464547
269,0,1,0.6549469942137475,0.9790645887301778,1325.5817949259217,0.24117914382055436,0.01272347694897456,4.050804867532267,0.051224436265466786,0.4,0.2,True,exact,78,0.6549363465695986,1354.4004210449375,0.00016133659975825498,14.220842525756051,16.75915537413472,True,0.09155111788358775,1,1,False,20.432177022000133
270,0,1,0.5039059634360036,1.110387243533164,1325.4765227962905,0.284924597427038,0.014430086288641342,3.401236932777271,0.04673392347220545,0.4,0.2,True,exact,103,0.503906082926242,1354.1998789393379,0.0002201163010968621,16.345415733448235,25.35444271569874,True,0.12463041950757042,1,1,True,20.983650103999935
271,0,1,0.5078810897006849,1.228783597259833,1325.4282455817072,0.20685313902531,0.015968711313817354,3.4191008903683198,0.047811566969079976,0.4,0.2,True,exact,102,0.5078677730888135,1354.3778437161045,0.00026895324139031285,18.06508714652705,30.432429344944833,True,0.17822086094472048,1,0,False,21.28973272999997
272,0,1,0.7734071731512839,0.960268885706373,1325.6211221142414,0.42048370428264636,0.012479216563177829,4.525598461409482,0.050677273589694836,0.4,0.2,True,exact,63,0.7734004913852714,1354.237972268797,0.0001437885228580127,11.096265711611174,13.112828388843976,True,0.2811521551701469,1,0,False,20.35169017299995
273,0,1,0.5213656636117724,1.1105082164022584,1325.7977338685823,0.33460213501956704,0.014431658396885363,3.4793557679978195,0.04649641518136808,0.4,0.2,True,exact,98,0.5213491031980979,1353.9500056602392,0.0002113277269734093,16.78731826402515,23.32590728026486,True,0.09026825631747477,1,0,False,20.717500700000073
274,0,1,0.6200425669026577,1.2099542330025777,1325.5602595349587,0.05089974671204491,0.01572401348197997,3.905574183138808,0.05186365820760115,0.4,0.2,True,exact,82,0.6200536423898957,1354.0817310124773,0.00027780568934154815,17.659598020919805,29.220497378926858,True,0.10023644617588387,1,1,False,20.578165848000026
275,0,1,0.7661865931650337,1.0431087852822112,1325.9576125103547,0.823498831257685,0.013555766123687998,4.497386927294857,0.032691434849191466,0.4,0.2,True,exact,67,0.766174105399567,1354.306924112326,0.000188439413207675,11.962888039405875,15.929618425204849,True,0.1599793246937288,1,0,False,20.870327569999972
276,0,1,0.5115997745660703,1.1529147226327605,1325.7415028128216,0.7263835069371477,0.014982754014805866,3.4357702687650726,0.03463844217651465,0.4,0.2,True,exact,98,0.5116077706945201,1354.3906788297686,0.0002168646067775004,15.49459117103692,21.912551705186907,True,0.0924272423602085,1,0,False,20.785227832000146
277,0,1,0.6221614705487061,1.0269117440185147,1325.9179045412507,0.36662417785616414,0.01334527676115522,3.914466937238693,0.04848806393944247,0.4,0.2,True,exact,85,0.6221788053111575,1353.9155128265443,0.00018063737878870612,14.389622834461818,18.719920191419526,True,0.08959379917324911,1,0,False,21.83242774900009
278,0,1,0.7003167047423402,1.0972947340305903,1325.9587002615076,0.5955636332615839,0.014259942005232746,4.235781456597696,0.04392375771671021,0.4,0.2,True,exact,73,0.7003447930049864,1353.9722739327415,0.00020000942894093932,14.437879696747018,19.547926477252506,True,0.154993882429653,1,0,False,21.339936792000117
279,0,1,0.7637216365935527,1.0138695219700058,1325.6858099095114,0.8282516208934938,0.013175785990568945,4.487735826401572,0.0322576450260454,0.4,0.2,True,exact,68,0.7637174534090566,1353.9435019470106,0.00013964565649904337,9.433211039532278,12.090073572453134,True,0.2708893486179412,1,1,False,21.468196900000066
280,0,1,0.5909782873405597,0.991422807198814,1325.688391231256,0.5399249250504018,0.012884078720937346,3.7825519757214634,0.04344555656664915,0.4,0.2,True,exact,87,0.5909647745125582,1354.0540882641446,0.00016948824402551743,13.775623380866163,17.042287446599016,True,0.135524566643606,1,0,False,21.41531254099982
281,0,1,0.5477604418208014,1.1735836157255999,1325.8086811133155,0.8013423791974492,0.015251357524579047,3.5958176877679673,0.031171948642848772,0.4,0.2,True,exact,92,0.5477685784284964,1354.292057665824,0.00020939588303781065,15.299762278572805,19.684291607603654,True,0.16643290132799812,1,0,False,21.817203296000116
282,0,1,0.6726834256766818,1.0735548979074854,1325.7445070798126,0.8910837566474451,0.013951429920165391,4.123611154385642,0.025792209947960717,0.4,0.2,True,exact,75,0.672703724897981,1353.9969344915905,0.00017457330035997032,9.692479932553177,13.314399138039194,True,0.2203472604573597,1,0,False,21.246734080999886
283,0,1,0.6457502101930868,1.212686503626824,1325.9205375655988,0.4752932691504232,0.015759520825117612,4.012794550899504,0.04671010495532881,0.4,0.2,True,exact,77,0.6457227403203973,1354.3347359116394,0.00027098739224440394,16.079735094839005,26.211617441256916,True,0.17736013959877622,1,0,False,20.772142220999967
284,0,1,0.6881546573285461,1.1867407570789095,1325.7458911381684,0.24477639741467644,0.015422341734048163,4.186597951170541,0.052140406217198614,0.4,0.2,True,exact,74,0.6881508832032942,1353.9617960280439,0.00023702804085790063,17.74186454044956,24.798738601132808,True,0.08602472712288863,1,0,False,20.483758639999905
285,0,1,0.5566904257354515,1.2772956053721252,1325.4093906911535,0.6870401549351609,0.016599151250130197,3.634793329386362,0.03747852680940101,0.4,0.2,True,exact,95,0.5566698620172106,1354.3575936832704,0.00028002825942863296,17.755423620579553,28.672286671862008,True,0.07438940681275873,1,0,False,21.249493004999977
286,0,1,0.5206492841162497,1.0105817068403078,1325.4942012977774,0.8130068978089563,0.01313305904436261,3.4761678451220104,0.02980384099531482,0.4,0.2,True,exact,97,0.5206412123193324,1354.1312488901053,0.00016952313711282585,11.221468189320515,16.169290102581478,True,0.11767285243223773,1,0,False,20.998356291000164
287,0,1,0.5559180058839672,1.0212241371003488,1325.712559945835,0.5915479776208186,0.013271363215153143,3.6314303158107464,0.04099604738225555,0.4,0.2,True,exact,90,0.5559552140892369,1354.0647371935931,0.00016861095191567088,13.387191699011558,17.453341094564003,True,0.1671691523496203,1,0,False,20.52785579500005
288,1,1,1.2005793120984163,1.2170947158255312,1326.2900535655103,0.10538552693465107,0.01581680794074007,6.067332438550638,0.06394443240834284,0.4,0.2,True,exact,40,1.2005895816262027,1353.9044644649446,0.00025710285125879473,14.06171549476927,19.82442639421577,True,0.18053719407956237,1,0,False,20.459387188999926
289,1,1,0.9038690266025516,1.237594091239561,1326.0312748109636,0.02627100177754286,0.016083208476058243,5.021200428564475,0.05860648143887279,0.4,0.2,True,exact,56,0.9038986940516691,1354.0516724573106,0.0002663712355525094,16.19249096897799,24.391709313869633,True,0.11043404153230314,1,0,False,20.66637574499987
290,1,1,1.0702726326803336,1.035112029207829,1325.4869985187506,0.6169370042898848,0.013451843928206558,5.619963581357626,0.04920737520248741,0.4,0.2,True,exact,48,1.0703787362870065,1354.3842940297911,0.00015873936483745688,9.361767881421516,13.021747909754684,True,0.19375478229145426,1,0,False,20.719591004999984
291,1,1,1.018470523288495,1.1929464471116624,1325.3126263061363,0.5777728948008418,0.01550298805196537,5.43712766354671,0.050278949095706155,0.4,0.2,True,exact,52,1.0186651216334381,1353.8274795591449,0.00024335403780129106,12.172086731747555,19.7907145884232,True,0.15413330930143374,1,0,False,21.16115757600005
293,1,1,1.147958594483787,0.9501851923665556,1326.009070757016,0.8289092225091964,0.012348173482622645,5.8887263108175425,0.03648594955523167,0.4,0.2,False,none,44,1.1479323417601517,1354.7067256523792,0.00014708023169340834,6.071876804025982,10.326521092521281,False,0.3256783693778246,0,0,False,10.919983645999991
292,1,1,0.8198543601199668,0.9637106550310056,1325.3792668995666,0.006536956146465356,0.012523944227899566,4.705022392617756,0.05660205793544271,0.4,0.2,True,exact,61,0.8198314913426935,1354.075501076203,0.00016840422310926417,13.209648289260345,15.934973943807414,True,0.13586932197355642,1,0,False,20.84512083300001
294,1,1,0.869021929217271,0.96465161646028,1325.5049883136787,0.346373733528712,0.01253617253356301,4.891300875089499,0.05429068516187502,0.4,0.2,True,exact,61,0.86900703323661,1354.1823288926835,0.00017782245140018915,13.400594077338036,16.247365253026707,True,0.11835941963853004,1,0,False,21.824700657999983
295,1,1,1.0679388447002518,1.1422965288606137,1326.0469230705078,0.619992631718201,0.01484476481036035,5.611790850846111,0.04913940785138387,0.4,0.2,True,exact,48,1.0678168552005922,1353.8133220102573,0.00022471888743569313,12.579081842936455,17.377751628647744,True,0.24770851850791853,1,1,False,20.910709932999907
296,1,1,1.2050549239889623,1.0567397961487843,1326.1794098329221,0.8431327523939756,0.013732908525270518,6.082401931008852,0.0358929270264312,0.4,0.2,True,exact,40,1.2050467675533492,1353.8951307829357,0.00017393054922998363,7.390389863348217,11.87336783724153,True,0.3457693225054262,1,0,False,20.114980965000086
297,1,1,1.0316853402005404,0.9577727513344294,1325.3712880741043,0.5459259519713936,0.012446777939098737,5.48405826869818,0.051524336375045374,0.4,0.2,True,exact,51,1.0318227253425092,1354.260228157549,0.00014802383495182703,9.409190570776493,12.571797684076076,True,0.35693755052119014,1,0,False,21.810557877999827
298,1,1,0.9916631381861511,1.1630554315725152,1325.6945766856875,0.7510756102197408,0.015114538044099145,5.341296265609285,0.040876292954769154,0.4,0.2,True,exact,50,0.9916132554560582,1354.453092141601,0.00021103646700160184,11.616069589590763,16.434741323654013,True,0.1912354538797155,1,0,False,21.13933942099993
299,1,1,0.8282184734264684,1.1470260578964808,1325.7518347954172,0.5898180251929886,0.014906227613080452,4.736968496258208,0.046568053022078934,0.4,0.2,True,exact,63,0.8281570582303738,1353.9121112548746,0.0002091286297167816,14.126210440425615,18.866378537847893,True,0.08502291510028973,1,0,False,20.6236283180001
300,1,1,1.15141311557307,1.0783779457491691,1325.526644003142,0.31899038079242537,0.014014108050642007,5.900534251245695,0.060143970921508826,0.4,0.2,True,exact,47,1.1513973219447873,1354.3121652611617,0.00024084493286202768,12.606220301346893,21.138669272675244,True,0.11183810728540464,1,1,False,20.791489168
301,1,1,1.2518237681824373,1.1255359074823668,1325.3236279630585,0.4223400882129567,0.014626951417647208,6.238775381210855,0.05927667667317019,0.4,0.2,True,exact,41,1.2517752908645792,1354.1152644232607,0.000245543574988738,11.583257509853258,19.731705357904364,True,0.1665625657060739,1,0,False,21.41343330000018
302,1,1,1.052980302958998,1.0193567739366525,1325.634375222154,0.1751045925725527,0.013247095814981444,5.55926511877669,0.06052894530226077,0.4,0.2,True,exact,51,1.0530419789550185,1354.0648343943276,0.00020837747286406305,12.246056115714126,17.634186927505958,True,0.23890115797814343,1,0,False,20.25284466700009
303,1,1,1.0967412109718044,1.2282970370848705,1326.1621388882415,0.2355259298270141,0.015962388199651355,5.712242850485372,0.060756655466676766,0.4,0.2,True,exact,46,1.0968121185835087,1354.6781363582131,0.0002747777093764503,15.135067934144747,22.032708414926784,True,0.2149894023929628,1,0,False,21.20393792699997
304,1,1,1.042989460601398,1.159558629932612,1325.3291230636266,0.34363585147423026,0.015069095204502475,5.524044488233123,0.057806340403909286,0.4,0.2,True,exact,48,1.0430223353898063,1354.5339409367898,0.0002186925206744128,14.07766401950361,18.665375927834553,True,0.14531293165077866,1,0,False,21.11872393700014
305,1,1,1.1118017398255648,1.1877747351020398,1326.1454812626034,0.5071758726710015,0.015435778840950485,5.76441784302946,0.05443281143866793,0.4,0.2,True,exact,46,1.1118027883770174,1353.9398149428007,0.0002438136226342591,14.193244258589983,20.177220547461875,True,0.1409404451486212,1,0,False,21.638878301999966
306,1,1,1.1367980068763202,1.2851960656676258,1325.7215829135678,0.12273069313876137,0.01670182202957945,5.850496940738888,0.06275108548894452,0.4,0.2,True,exact,47,1.1368132159066584,1354.1409219852085,0.0002826842632196458,14.82372096325203,23.556665564265117,True,0.20239765194769568,1,0,False,21.041160751999996
307,1,1,1.1229745973140663,1.1944584322861116,1326.020042861664,0.37901318813602136,0.01552263712183853,5.8029724549306785,0.058418461634409585,0.4,0.2,True,exact,48,1.1229269291083415,1354.0942205444173,0.0002535049113904231,13.90449337384764,21.802983176172305,True,0.11511166368483455,1,0,False,20.959504337999988
308,1,1,0.8434410884508323,1.2725644693025089,1325.9435894961512,0.3724055524504814,0.016537667563132286,4.7948356267175445,0.05347492139811573,0.4,0.2,True,exact,58,0.8434567272490362,1353.776994315927,0.00026707547616555694,15.858478702674619,24.02856581595637,True,0.07879939136978226,1,0,False,20.371025002000124
309,1,1,0.8059697776843459,1.08670589394137,1325.4902401714423,0.5600662374819365,0.014122334267865482,4.651750277418259,0.04723488801127592,0.4,0.2,True,exact,63,0.8059950957835339,1354.505360348249,0.000208883154945938,13.326280992164232,19.312363691625762,True,0.10997430991363617,1,0,False,21.51707013600003
310,1,1,1.2250004952007376,1.034339288642841,1325.7300303088646,0.5362892058779478,0.01344180174418792,6.149333737495423,0.0549173684168789,0.4,0.2,True,exact,41,1.2251735574251266,1353.9054427833198,0.00016463621019247032,9.364859946442191,13.299503705000639,True,0.2982658624956545,1,0,False,21.526367619999974
311,1,1,1.2486257124649534,1.017633460498396,1325.5858717347662,0.7378200834008289,0.013224700419355962,6.228145313991584,0.044724333892224036,0.4,0.2,True,exact,42,1.2484862081013153,1354.3030269780388,0.00014921908973486442,7.841832142906797,10.575002556135608,True,0.2435911433466451,1,0,False,20.748578786000053
312,1,1,1.1755273396385946,1.2432966141050246,1326.2749829394597,0.33993496589991473,0.016157315862909836,5.982633203999438,0.060250459858140905,0.4,0.2,True,exact,44,1.1755256457266308,1354.487569064148,0.00026210150860817016,14.311454171596573,21.315950313638094,True,0.140176821048852,1,1,False,21.497713774999966
313,1,1,0.9886727719519001,1.0726951439251358,1325.783550283087,0.3113790764243938,0.01394025694945219,5.330553054091588,0.057383128014256254,0.4,0.2,True,exact,51,0.9886535481446749,1354.4543700045708,0.00022604403981385524,14.034150632087497,20.396859459262096,True,0.14410370462812783,1,0,False,21.527647864000073
314,1,1,1.0510404384063163,1.007316890433297,1325.5554011718268,0.453997496010658,0.013090630979069071,5.5524352757418125,0.055001043482906756,0.4,0.2,True,exact,49,1.0510148007189553,1353.931324540287,0.00019487852542410256,11.412246114192413,16.56866898066114,True,0.24269081804014664,1,0,False,21.67811771100014
315,1,1,1.2213093818249083,1.262481389103623,1325.8954212198091,0.31799879403573833,0.016406632450677062,6.136974938680485,0.061491663004547316,0.4,0.2,True,exact,41,1.2213356876252888,1353.9870936529237,0.00024994903616337716,13.9383523476085,21.065532732963124,True,0.12296979169763339,1,0,False,21.813098457000024
316,1,1,1.2204508747897054,1.2739964322866466,1326.0818337146648,0.26381677011242644,0.016556276701109682,6.134098652138202,0.0625010767230258,0.4,0.2,True,exact,42,1.2205213134623498,1354.1519567971761,0.00030310374416886443,13.976207952398205,23.799679934304045,True,0.11225251751185795,1,0,False,21.000617638999984
317,1,1,1.2240824977245413,0.9924878111233646,1326.4509362575159,0.4119677093207659,0.012897919026306947,6.146261206415253,0.05901854603403858,0.4,0.2,True,exact,42,1.2240088366103852,1354.605216704581,0.00019518948530228286,11.906927850593975,15.611150328374734,True,0.1486564414446707,1,0,False,20.751698569999917
318,1,1,1.1808127460849016,1.2646539581318301,1325.880504197949,0.38542167314363135,0.016434866167092343,6.00055253761956,0.059280333018803366,0.4,0.2,True,exact,43,1.1807791363625388,1354.2197726310762,0.0002731758625121872,14.915501286102446,22.524279504532245,True,0.1104028161843681,1,0,False,20.94382162299985
319,1,1,1.2113802213101919,1.1406203772046544,1326.2788340077318,0.07572827073171295,0.014822982307752176,6.10366758503691,0.064233467318942,0.4,0.2,True,exact,43,1.211359528643985,1354.1404544963536,0.00019966288401596088,11.955617846088039,16.36057468148464,True,0.14561210715693326,1,0,False,21.27276053200012
321,2,1,1.7962515933548353,1.1315843841805182,1325.3337738149144,0.778361655364077,0.014705554662756045,7.936859002697917,0.04717702467000844,0.4,0.2,False,none,29,1.796337513581835,1354.0737105548512,0.00016224125169428394,6.359614382989546,9.695376522729383,False,0.25824479467557665,0,0,False,11.279736487000037
320,2,1,1.3275786678411505,0.978749257108352,1325.9192979381573,0.07721137317812864,0.012719379043006183,6.487998356092628,0.06604241840170137,0.4,0.2,True,exact,38,1.327630430467543,1353.8000493773604,0.00016208969981124088,10.287736009526471,12.641968626500255,True,0.21115621913283594,1,1,False,21.91501552600016
325,2,1,1.9000120981219373,1.0812962154950665,1327.186556299028,0.8547800163995333,0.014052032553550413,8.239637999126867,0.04029249449353967,0.4,0.2,False,none,27,0.5282592652169209,1354.0299252425891,3.839770064284487e-05,4.3442832658096355,6.040998385269573,False,0.40149933010164246,0,0,False,11.220116649999909
322,2,1,1.902791078011094,1.1983795393726295,1325.9791951709874,0.7323189843049441,0.01557359404153928,8.247670302422673,0.051940602569413866,0.4,0.2,True,exact,28,1.9026286813738225,1354.5211546206492,0.0002313345785781573,10.265224256421881,14.10622928065134,True,0.29580639658811503,1,0,False,22.23935605099996
323,2,1,1.8606196052867199,1.04861513252787,1326.7790759463546,0.6727401043534275,0.013627324101639235,8.125353844322968,0.05553633633697163,0.4,0.2,True,exact,29,1.8605631041258934,1354.6895850244305,0.0001817105298052013,8.156344834620468,11.725522841285438,True,0.17793829126187288,1,0,False,21.921979719999854
324,2,1,1.8132755351550998,1.0938887773108157,1326.3871530146764,0.3921927370867993,0.01421567974479346,7.986927746869056,0.06782931349572034,0.4,0.2,True,exact,27,1.813324970819183,1353.5864817748297,0.00016340889959409743,8.724664738633118,11.17417542343864,True,0.3274831130914759,1,1,False,20.597829016999867
326,2,1,1.4850782892113819,1.0770723008539131,1326.578606982099,0.18017003315744187,0.013997140484947612,6.991496109264468,0.06772215573682819,0.4,0.2,True,exact,35,1.485002883081342,1354.7950213660874,0.0002056000496898358,11.456162195362095,14.831508932691282,True,0.15108405315907136,1,0,False,22.08593724000002
327,2,1,1.3482480911512902,1.2410447924285897,1325.798130776362,0.4114504778423908,0.016128052215216807,6.55516705082353,0.06115416750543369,0.4,0.2,True,exact,40,1.3482549340875605,1354.1114191617141,0.00025814865053352953,14.241494503877973,20.37899741582886,True,0.12841183806820566,1,0,False,22.206381146000012
329,2,1,1.8096922101286006,1.1251505640206505,1325.3322087357944,0.09478099820547879,0.014621943669732494,7.97640197292254,0.07315559134402984,0.4,0.2,True,exact,32,1.8096106572146367,1354.2876433529761,0.00019990781597190033,11.4847192395216,14.131790135232741,True,0.23239590476993258,1,0,False,21.97952559400005
328,2,1,1.5440910087041992,1.2501269781296342,1325.5675419800177,0.2701067956210795,0.016246080159178528,7.175505202316243,0.06736417936320774,0.4,0.2,True,exact,33,1.544131522589668,1354.9047936417458,0.00025349092107329607,13.471825533748337,19.590437779162755,True,0.13420607409498428,1,0,False,22.402057409000008
332,2,1,1.603418673664728,1.0018914896940538,1326.19840778573,0.6924562796237007,0.01302012494500421,7.358147889730486,0.05160366467156935,0.4,0.2,False,none,31,1.6032957512370214,1353.4561115460713,0.00015503075777056896,6.272482491449383,10.592000735663452,False,0.2912580353046503,0,0,False,11.08066924700006
330,2,1,1.8760125596340653,0.9786615095921422,1325.8589915922248,0.5589933313202562,0.012718238716297734,8.170106454634642,0.061978318723205056,0.4,0.2,True,exact,26,1.87581627124479,1353.9984606562139,0.0001578424785696475,7.247504764738799,10.234350703641026,True,0.2721670219869153,1,1,False,21.250759549999884
331,2,1,1.9397915879914858,1.0758496210209707,1326.4009963863562,0.4918415374806519,0.013981251095371593,8.354246179043457,0.06577393782711305,0.4,0.2,True,exact,27,1.9397661953349141,1353.5589589472308,0.00017873712315019663,8.513985631337725,11.694175495870319,True,0.2843599797409549,1,0,False,20.879191502999902
333,2,1,1.7430524471727433,1.133077206518249,1326.7717890723452,0.11902807938009889,0.014724954701141322,7.77936575671705,0.07208242662688566,0.4,0.2,True,exact,29,1.7430268312328614,1354.661755262268,0.00023888287676354647,11.361148779763832,16.896254529452467,True,0.1722529913216323,1,0,False,21.20692102299995
334,2,1,1.695993459954574,1.1380059277898518,1325.6939335574607,0.24050085758339362,0.01478900611532687,7.6387096572987145,0.06990485160409388,0.4,0.2,True,exact,31,1.6959424501500644,1354.526222615093,0.00020648389158750557,11.421617277419934,14.556385512691481,True,0.24055194977448063,1,0,False,20.95940891800001
335,2,1,1.5696250895811656,1.0122953907700116,1326.74637307686,0.4149965632440375,0.013155329299285928,7.254394607732316,0.0639349054701,0.4,0.2,True,exact,31,1.5697666071339729,1353.4300614088195,0.00016610248862214405,8.211213890061291,11.658069713465231,True,0.24329312477946835,1,0,False,21.81870214699984
336,2,1,1.748529054566868,1.2063504840222117,1326.247672026954,0.11070536947606807,0.015677180803513838,7.795652225081466,0.07229307070349571,0.4,0.2,True,exact,31,1.7486984293135988,1354.2232039565595,0.00025291159859031076,13.261061376955876,18.10122517039915,True,0.14044818392918715,1,0,False,21.437708251000004
337,2,1,1.2898780837273849,1.0302217632591564,1325.5059619192248,0.2767602459101656,0.01338829226186247,6.364578734905858,0.06319756539355018,0.4,0.2,True,exact,42,1.2897901211629363,1353.8830836281265,0.00018090541921322867,10.886453114853449,14.85029727969065,True,0.21941121667388844,1,1,False,21.281869159999815
338,2,1,1.3125311474292096,1.0906546051428547,1325.314507524961,0.6324692993610533,0.014173649918057068,6.4388795333402244,0.05182416680431424,0.4,0.2,True,exact,39,1.3124990530605087,1354.1936176298732,0.00020614439001975793,10.077044861643923,15.601666791088393,True,0.22220922150461386,1,0,False,22.87371334999989
339,2,1,1.4747271406336795,1.0602145902313376,1326.4535292228036,0.8668524615307406,0.01377806536468715,6.9589706197056795,0.03577119998531159,0.4,0.2,True,exact,36,1.474657025697758,1354.4729292424659,0.00017610379735755188,7.034540072656704,11.114879741414686,True,0.309729299985762,1,0,False,23.195976586999905
340,2,1,1.3526084063781016,1.1610365923108616,1326.4560078697336,0.5139128495853336,0.015088302129630367,6.569292646200136,0.05772143693933773,0.4,0.2,True,exact,38,1.3526252844196225,1353.5074722759346,0.00023465230759822653,13.102278601396208,17.104687409823594,True,0.18648742154195652,1,1,False,22.204857262000132
341,2,1,1.4874665603118724,1.271715373570437,1326.3142581948903,0.47072146260351766,0.016526633102179614,6.998989817833429,0.06125891366976702,0.4,0.2,True,exact,35,1.487481236435387,1354.5764850798143,0.0002785661293491781,14.070262667914484,20.594073401483453,True,0.11282986928449505,1,1,False,23.41910137900004
343,2,1,1.652774786680022,0.9886276394749569,1325.75074465887,0.8769777712965544,0.01284775399577377,7.508381660862173,0.03577730653939522,0.4,0.2,False,none,31,0.5005685185378973,1354.1777041754522,3.877945541086447e-05,4.139745202683263,6.6029768059500356,False,0.5513713062040919,0,0,False,11.833235511000112
342,2,1,1.2664254901311398,1.150876362616017,1326.418385830597,0.47610791234310657,0.01495626441750526,6.287195763204732,0.057835433133798846,0.4,0.2,True,exact,42,1.2664881600211109,1354.2809222538397,0.00024387436493678027,13.98480578052555,18.239860172678107,True,0.21619449043330569,1,0,False,23.07127150600013
344,2,1,1.737030393080488,0.9492991391277484,1326.8982265032012,0.4234493725519946,0.012336658738764788,7.761437522595963,0.06575789941825252,0.4,0.2,True,exact,29,1.737266330434476,1354.6906809994937,0.00018400658182105012,8.944636533421054,12.615503934702632,True,0.18255290689385018,1,0,False,20.980815800000073
345,2,1,1.4846167548586824,1.120685588194796,1326.2834206119458,0.8531923846373115,0.01456391887989542,6.99004748404534,0.03743446808509488,0.4,0.2,True,exact,35,1.4847827849436752,1354.4915556473052,0.0001791440773338815,8.035515487915438,11.935285559285578,True,0.21581553148709962,1,0,False,21.582337693
346,2,1,1.7046223536209668,1.1760055201538504,1326.8194377217924,0.8177941499936893,0.015282831490158202,7.664597275494253,0.04288336964787781,0.4,0.2,True,exact,31,1.7046794179245097,1354.0946810243342,0.0002074978511198422,8.667089916074614,12.51529014293819,True,0.38426193181041657,1,0,False,21.48335093500009
347,2,1,1.276358815290851,1.0231955004374587,1325.5669370240398,0.18681811497566436,0.01329698215415522,6.320029067823256,0.0643186018898471,0.4,0.2,True,exact,41,1.2763191132486238,1353.6459662456784,0.00020020176613266827,12.090417146742462,18.006522352231205,True,0.24238870423802963,1,1,False,21.72320932599996
348,2,1,1.8202419851881066,1.1884436755575618,1325.9855774884745,0.6094851742843165,0.01544447208607858,8.007371400720588,0.05904204681364212,0.4,0.2,True,exact,27,1.8201693462950943,1353.2887567819685,0.0002570971325573934,11.232402450008419,16.986963905364824,True,0.1624548958860939,1,0,False,21.812537454999983
349,2,1,1.8416779341764504,1.2380548650972123,1326.108408793515,0.4099911510733518,0.01608919648300283,8.070114143057497,0.06777298542348913,0.4,0.2,True,exact,28,1.8416766323791811,1353.7324598232296,0.0002516876706970539,12.306897578215851,17.20778284417552,True,0.2681206455259693,1,0,False,21.486614257000156
350,2,1,1.5884529048580103,1.2365381916655993,1325.955178942823,0.6452735224287819,0.01606948648667738,7.312290721818796,0.054589588164777075,0.4,0.2,True,exact,32,1.5885113137730718,1354.5475191937905,0.00027578706830477806,11.677563055770387,18.697386813433845,True,0.27138397448766655,1,0,False,21.98315458900015
351,2,1,1.369961106091704,1.2190617487762674,1325.8325215057916,0.13299819224655507,0.015842370604015457,6.625358442279386,0.06655733498591,0.4,0.2,True,exact,38,1.3700795662734786,1354.599684354285,0.00022867155221006907,14.281107930523671,17.899880569889472,True,0.16057625852283355,1,0,False,20.10210889200016
352,3,1,2.8131240455986886,1.0931124318831824,1325.3671277221138,0.17002645959944238,0.014205590713623673,10.703598488726792,0.0837786788055788,0.4,0.2,True,exact,16,2.812902191189204,1353.498441624434,0.000222722185710178,9.117904810716196,12.806001337322602,True,0.23218571071274835,1,0,False,20.750546751
353,3,1,2.029535750518299,1.278181290428662,1326.9199975745346,0.5407610877004132,0.01661066120925916,8.609971056364559,0.0648281359341623,0.4,0.2,True,exact,23,2.029573069311711,1353.303934717761,0.00027139890046901094,12.217227861605542,16.509096259939888,True,0.23808033440889928,1,0,False,20.302290282000058
355,3,1,2.7062840580339795,1.0338589387449484,1327.6340882759262,0.49145071322946404,0.013435559335950881,10.430844563515143,0.07336560936264754,0.4,0.2,False,none,18,2.705423077732168,1354.7006036148637,0.00015851849761272518,5.424095559115798,9.005081819832085,False,0.4581376277756248,0,0,False,10.654270522999923
354,3,1,2.62237105283735,1.0822730033700536,1327.223647242227,0.22573650189600208,0.014064726443365748,10.214097107118723,0.08093953711432945,0.4,0.2,True,exact,20,2.6225078912635262,1353.4460611251773,0.00022746146013419288,9.90031124931085,13.210773873360424,True,0.24678901439937162,1,0,False,20.495413649000056
356,3,1,2.4817770420697873,1.2408179269806179,1326.145948001587,0.6852575610789982,0.016125103975303923,9.845680295254141,0.060405012975684014,0.4,0.2,True,exact,19,2.4817874434283618,1353.4444071110872,0.00023907213306773034,9.858660763593035,13.187266235112475,True,0.22797453896800313,1,0,False,21.950266116999956
359,3,1,2.880930822796956,1.0317870406447902,1327.460332563303,0.8112954757328502,0.013408633893011335,10.87491257593452,0.051379498558271994,0.4,0.2,False,none,16,0.5282592652169209,1354.0299252425891,3.807073276995698e-05,4.214503060175616,6.065240894042441,False,0.3779363624012739,0,0,False,11.683100055000068
357,3,1,2.386607752948923,1.250193259696278,1326.8708794162455,0.04789693753917972,0.016246941524194723,9.59234048064327,0.080545697414951,0.4,0.2,True,exact,21,2.3866062225073272,1353.1244319101227,0.0002944855290983872,13.28530009152068,18.11013809137524,True,0.15417442343398866,1,0,False,22.01010779300009
358,3,1,2.4026552082255472,1.0432246939370937,1327.3084684890218,0.6476829851214352,0.013557272419713367,9.635291446509378,0.062089688311227346,0.4,0.2,True,exact,20,2.4030235796240342,1353.7378353384063,0.00019757585502211406,7.225792179608663,10.855962936634619,True,0.31801801367015353,1,0,False,22.086240407000105
362,3,1,2.8036720437385187,1.0864117262295008,1327.4963720327178,0.6952514104337326,0.014118511398420314,10.679609222504507,0.061874985876351304,0.4,0.2,False,none,19,2.8032942209613174,1355.5334817138219,0.00018808156135952103,6.605570158167466,9.81408164491133,False,0.32882158206717993,0,0,False,10.765612216999898
363,3,1,2.9050184376502592,1.0567135622151047,1327.5223806925344,0.5745189801451593,0.013732567601030896,10.935445563604134,0.07079206356869817,0.4,0.2,False,none,15,2.904454798697591,1353.669929567487,0.00019178295846544735,6.279142840927172,10.091407458091394,False,0.4227291138668023,0,0,False,10.898316700000123
360,3,1,2.4740007473953045,1.2675665601552097,1326.4858964736256,0.6371010346971836,0.016472717014863348,9.825102849095567,0.06368623384070267,0.4,0.2,True,exact,20,2.4742882647667046,1353.7004578124759,0.00026926441678387647,11.637369268968778,14.718809415219061,True,0.16228528953404617,1,0,False,21.87823536199994
361,3,1,2.245067064104506,1.274602817455553,1327.1673161100712,0.4384756039571871,0.016564157006257667,9.209232413069538,0.07136834161936853,0.4,0.2,True,exact,24,2.244832179746587,1354.1077964945011,0.00022966635659815715,10.926682300765943,14.36787665934731,True,0.32844912232909274,1,0,False,21.783567863999906
364,3,1,2.90134450842362,0.950411862045709,1325.9650923851148,0.2576005786932459,0.012351119178413238,10.9262236998946,0.0828855032440007,0.4,0.2,False,none,20,2.901048572752678,1354.975217940069,0.0001646358946819637,6.93435627900911,10.334727329450287,False,0.20931478978487952,0,0,False,10.930256694000036
365,3,1,2.4314414906536226,1.2612219602176638,1325.8738686678448,0.7108785256569952,0.016390265487165333,9.712099054245131,0.05809907657623627,0.4,0.2,True,exact,21,2.4312977949099204,1355.0501364806278,0.0002176523953942855,9.04892235599648,12.098816200218476,True,0.3322421899493941,1,0,False,22.152503203999913
366,3,1,2.6739656176342663,1.2236098845334313,1325.9195369854563,0.813470275455048,0.01590147610239952,10.347634975332618,0.050240383732938536,0.4,0.2,True,exact,20,2.6737958461134226,1355.3305880822898,0.00023725741321833915,7.709988664706503,11.637876830802734,True,0.22878345790941435,1,0,False,22.82171869900003
367,3,1,2.658522357383185,1.1884936778703061,1327.5640180023797,0.3042783216557836,0.015445121893334324,10.307755271385727,0.07968652232261869,0.4,0.2,True,exact,20,2.6585151802051024,1354.1483215145931,0.00021288423645826615,9.488884250954689,12.16407018061183,True,0.3125687815259808,1,0,False,21.5799481009999
368,3,1,2.4904853893034593,1.1071887410852859,1326.8017604168426,0.1717043596983031,0.014388520009322019,9.86869862369931,0.08045955557978716,0.4,0.2,True,exact,21,2.4905703440326925,1354.1977247469017,0.00029944309521223733,11.74797524040082,17.488387523200384,True,0.1430350493918453,1,0,False,20.63639583600002
371,3,1,2.0350641818279516,1.0218027925751316,1325.384263551718,0.42001269729183877,0.013278883157840834,8.625599605745073,0.06946710909071462,0.4,0.2,False,none,25,2.0349450271755236,1353.8777907179992,0.00015434334911390568,6.863234687086156,9.789314851381313,False,0.4908125625679842,0,0,False,10.726048223000134
369,3,1,2.2783228416839907,1.1645510099344756,1325.7381902998895,0.5951147658719645,0.015133973898518584,9.299952501451195,0.06434676668714821,0.4,0.2,True,exact,24,2.278297729991949,1353.0796955974454,0.00022350572229312693,10.576040064478464,14.03947154245357,True,0.19021952069955222,1,1,False,21.415901820999807
370,3,1,2.7131081216022452,1.1239220448155944,1327.151467647347,0.5026825892167944,0.014605978394339195,10.448371884834849,0.07301732966852381,0.4,0.2,True,exact,20,2.713019516908018,1354.2832086316223,0.000186780839240841,8.076420577350069,10.758694920972005,True,0.344970537705086,1,0,False,21.221260223000172
372,3,1,2.5000289806174725,1.0724487833320735,1327.296350839801,0.675484958124921,0.01393705535952335,9.893893920255307,0.06102191419197698,0.4,0.2,False,none,20,0.6258400057919784,1354.1665886248063,6.902873264102993e-05,7.409305410825817,9.241574308659665,True,0.21860362396661825,1,0,False,20.372299325000085
373,3,1,2.5626052141956284,1.2490998782420042,1326.5658294045325,0.2897723767276929,0.016232732437388788,10.058310185643194,0.07914932539894215,0.4,0.2,True,exact,20,2.5624681749476745,1354.7542258869664,0.0002915933957203798,11.462575826767663,17.433642321607483,True,0.12940410272990022,1,0,False,20.91256705899991
374,3,1,2.4626419352412743,1.0831495935434565,1325.6679013959917,0.30137686819062237,0.014076118209540701,9.795006638514854,0.07765218402291253,0.4,0.2,True,exact,20,2.46248876309633,1355.219284869698,0.0001869352591546969,8.596309997148134,10.901002151717016,True,0.28012799302296676,1,0,False,20.91522134999991
375,3,1,2.208063315313103,1.2658973144214314,1327.153892864956,0.003452702127414642,0.016451024258470788,9.107759817602377,0.07860311095285923,0.4,0.2,True,exact,24,2.208091107098546,1353.6524504977244,0.00028933031989852864,11.716043322162163,18.60376280716086,True,0.2168788133019148,1,0,False,21.648759315999996
376,3,1,2.1539858002584515,1.0152588143651644,1326.8800488787135,0.488943007695355,0.01319384060102944,8.95844114698152,0.06813144776400193,0.4,0.2,True,exact,24,2.153891077087979,1354.8832849646858,0.00015905328619603143,7.395416404429552,9.948430864081748,True,0.2642529525115453,1,0,False,21.311016069999823
378,3,1,2.0010331268242862,0.9563464030516021,1326.480932400468,0.7773754585852868,0.012428241767219312,8.529169394594687,0.04868749850198646,0.4,0.2,False,none,27,0.5282592652169209,1354.0299252425891,3.7983546438247195e-05,4.247428424444051,6.118121391638797,False,0.4153977820901256,0,0,False,10.10406329600005
377,3,1,2.725596450916525,1.058002413182614,1327.554727909161,0.04505365239578968,0.013749316920498201,10.480409632972801,0.08396860234120157,0.4,0.2,True,exact,19,2.7255481189065525,1354.8198227766075,0.0002049893421087745,8.022494940434347,11.449798594510757,True,0.39150544131990334,1,0,False,20.146616384000026
380,3,1,2.508037951361734,1.0410652928395276,1326.7838185319822,0.833703019293008,0.013529209827720223,9.915013051143147,0.04659781304486741,0.4,0.2,False,none,21,2.5077028656764626,1354.373096547483,0.00016771180816932407,5.2484847048467875,8.753548244224538,False,0.34483701185456783,0,0,False,10.277641541999856
382,3,1,2.7529307310063476,0.9557668557032156,1325.3132957436078,0.3956061719455531,0.012420710234148955,10.550363188714877,0.07755922937640956,0.4,0.2,False,none,19,1.3758965821157672,1354.2102354694407,8.628097284413272e-05,4.169483594838311,6.792207525306155,False,0.41562856288207023,0,0,False,9.915426780000189
379,3,1,2.318770027800243,0.965468715524224,1327.3354812775335,0.4496712602224105,0.012546791180406937,9.409697736202403,0.07135387133774082,0.4,0.2,True,exact,23,2.3187833200707697,1355.1612258033913,0.00017706465457301146,8.243597969926647,11.582127518928967,True,0.3112374818334474,1,0,False,21.054710290999992
383,3,1,2.6885010043625077,0.9657990580160659,1325.8719205909197,0.4459076866935292,0.012551084160797197,10.385100163706085,0.07507746153606684,0.4,0.2,False,none,20,2.6881680241458814,1355.4447367281466,0.00014878949673957642,5.626511638275069,8.885146190232149,False,0.4050241793583149,0,0,False,10.358972126000026
381,3,1,2.345631545743034,1.0998480829122352,1327.2810862340812,0.6655471365504911,0.014293124162990525,9.482228502731548,0.06048331921727914,0.4,0.2,True,exact,23,2.3457186363015845,1353.0820903368594,0.00021925527851640592,9.145354141952629,12.782045898188226,True,0.2602382511919097,1,1,False,20.500550312000087
386,4,1,4.005154964855274,0.9865217293316545,1328.900941892065,0.7366121251506107,0.012820386547830758,13.546177761378397,0.06554717971664799,0.4,0.2,False,none,14,0.5282592652169209,1354.0299252425891,3.842149765720393e-05,4.150675391477328,5.850766672218642,False,0.34247363722583535,0,0,False,10.701566422000042
384,4,1,3.6035969988769483,1.1599634266660255,1325.805235142878,0.6204327021466441,0.01507435575826562,12.624902475389167,0.07313163916691151,0.4,0.2,True,exact,16,3.603571088112933,1354.6339259174456,0.00020139760606363577,7.583407997228177,10.677949042652239,True,0.24829297268551004,1,0,False,20.67236484199998
385,4,1,4.1971972239040864,1.245508123487355,1326.9016314249634,0.0764675842691674,0.01618605563041079,13.975804134908596,0.096952852463014,0.4,0.2,True,exact,12,4.197071484367871,1352.0860934104157,0.000238832025130975,9.569934385419314,12.387992549692225,True,0.261738114513929,1,0,False,21.525751878000165
388,4,1,4.065751369838405,1.038279770856539,1327.3427672648018,0.1257973712037696,0.013493010454206587,13.682467721437956,0.09521074436098971,0.4,0.2,False,none,12,4.066230037612724,1355.8039935174977,0.00017243735901251167,5.942176317950694,9.2822910621448,False,0.3101806916569605,0,0,False,11.194609966000144
387,4,1,3.57843139784758,1.0955687843629822,1327.8928293980919,0.3900190114705922,0.014237512350372709,12.566056790317347,0.08498605102188785,0.4,0.2,True,exact,13,3.5793053177490277,1352.9440881867852,0.0002501382862483137,9.034980294943914,11.975667370068269,True,0.15428234240211286,1,0,False,20.706134394999935
389,4,1,4.899731991032898,1.00610770655756,1326.2667763744003,0.852768029208257,0.01307491697679884,15.494780837028,0.0551442030096858,0.4,0.2,False,none,11,2.4908164659381193,1354.1892341711946,9.331577628457488e-05,4.140138655124957,6.6530221568320576,False,0.3370217135583325,0,1,False,10.541654943999902
390,4,1,4.3271555719564665,0.9575654699677415,1325.5099144900241,0.544796707918575,0.01244408420497602,14.262825228788136,0.08252035766145478,0.4,0.2,False,none,13,4.327363255060293,1355.803149997964,0.00020427542260259557,5.173483045626482,8.591578651041745,False,0.4161941872833428,0,0,False,11.190839823999795
391,4,1,3.5361177545132314,1.036228268910138,1327.26186856957,0.8512708479320551,0.013466350070380773,12.466801181401435,0.04978591392321447,0.4,0.2,False,none,16,0.5282592652169209,1354.0299252425891,3.809013117028748e-05,4.096537289858111,5.917382548686539,False,0.3889677898909087,0,1,False,11.349718273000008
392,4,1,3.5889522547778583,1.0047891364276396,1326.0607460925223,0.884392449952978,0.013057781440648555,12.590674837173383,0.044954264418049325,0.4,0.2,False,none,16,0.5279526745473715,1354.0189683047668,4.284081911198889e-05,4.254237651158256,6.4978248347197365,False,0.37516625424098404,0,0,False,11.423789166999995
393,4,1,3.8409909391375954,1.0793493321662022,1326.7766519488762,0.8577186157045801,0.014026731745572795,13.173446419780298,0.0503214645909792,0.4,0.2,False,none,14,0.5005066917445975,1354.1797790065673,3.9649365085381305e-05,4.2891695742318205,7.0801385248056325,False,0.5619221227467274,0,0,False,11.068209617999855
394,4,1,4.113495707463794,0.9824534791783467,1326.850765137757,0.05172857768255834,0.012767517423930149,13.789375134346052,0.09612854733287043,0.4,0.2,False,none,11,4.113870441680417,1355.6409919709715,0.00016736275301865167,5.790966242672903,8.299872726220737,False,0.46753747562260195,0,0,False,10.445752743999947
396,4,1,4.4671407230038405,1.0716577871611312,1326.9710419435385,0.8318307492579373,0.01392677593397415,14.568795373011168,0.0566914810566604,0.4,0.2,False,none,12,2.4908164659381193,1354.1892341711946,9.555827540341788e-05,4.32572186333458,6.741215189208554,False,0.29552638402245557,0,0,False,10.174529587000052
398,4,1,4.32865025202931,1.0422629859402583,1326.6007169526538,0.5547135412724676,0.013544774501118182,14.26610946993188,0.08203846920956348,0.4,0.2,False,none,12,4.328378960850805,1352.5725059776469,0.00021823111089036562,6.264402867243962,10.35066933500181,False,0.31314745880228423,0,0,False,10.534921226000051
395,4,1,3.438190789443433,1.2497703726276523,1325.696814068622,0.14424827280260166,0.016241445876684222,12.235560514691288,0.09008534575273938,0.4,0.2,True,exact,16,3.4388025013191195,1353.201910035595,0.00027364133393070755,10.289007360616463,15.139691790790195,True,0.21114890141504372,1,1,False,22.083386667000013
399,4,1,4.446506162928063,0.9655364126769888,1328.0060063288643,0.5870761850501088,0.01254767094173487,14.523896765506432,0.0805043448437072,0.4,0.2,False,none,11,2.49081646593812,1354.1887133378614,9.364881694173821e-05,4.253465295698962,6.971686984196913,False,0.3410736070624006,0,0,False,10.74690699200005
397,4,1,3.841763870916748,1.1277771929513376,1326.8198619729303,0.5465205394890623,0.014656078141592468,13.175213643234429,0.07947209494246886,0.4,0.2,True,exact,14,3.8419620902777116,1353.711591844486,0.00021240336085071032,7.852143584734199,10.889298664137453,True,0.2933367648167857,1,0,False,22.04296793399999
403,4,1,3.8245872505236975,1.0445614815610997,1327.8504462716,0.6902507259872483,0.013574644702109747,13.135913185895852,0.0689188936486795,0.4,0.2,False,none,14,3.824679560709221,1354.6242078875066,0.00018750317362348223,5.592069149443162,9.142275434226542,False,0.42327334782226267,0,0,False,9.917186735999849
400,4,1,4.562451961667008,1.160875232009826,1325.9189792041448,0.42818907961918695,0.015086205164737201,14.775292622736275,0.09055904877175121,0.4,0.2,True,exact,11,4.5599828631218475,1353.3089392871063,0.00021120428162890725,7.105511946268145,9.792009658863668,True,0.2636069502321274,1,1,False,20.6996072689999
401,4,1,3.8285860701749392,1.239256945391753,1326.4875440325568,0.46442792067210925,0.016104818170371016,13.14506781184225,0.08390570979590027,0.4,0.2,True,exact,14,3.8288864764353288,1353.2872500475894,0.00020464401878805827,7.608779895026178,10.264353011566211,True,0.3220810981317053,1,1,False,19.72375461499996
402,4,1,4.455356155197139,1.2605854548913904,1326.7098694473063,0.2572043445008557,0.016381993754186773,14.543161894705893,0.09597521651195957,0.4,0.2,True,exact,10,4.456247057504282,1353.4395843492343,0.0003010898409896434,9.657094277628156,12.95463889230365,True,0.2055247941470311,1,0,False,20.307889135999858
404,4,1,3.828046805498213,1.0606151286008683,1325.5756990936409,0.6620117534758386,0.013783270578695056,13.143833441932365,0.07130920395011514,0.4,0.2,False,none,14,3.8274206213131343,1352.3652703117339,0.0001937937346631058,6.490909566328623,10.455672936293842,False,0.38367384701306684,0,0,False,9.927908547000015
405,4,1,4.374817332329711,1.0290077768899095,1325.3417641873384,0.3544133657637028,0.013372515848576483,14.367366496474151,0.09211282707340611,0.4,0.2,False,none,13,4.375035794315243,1355.9640062102487,0.0001812133160024043,6.344651951826233,8.921727782504323,False,0.26314533181268984,0,0,False,10.590322706000052
408,4,1,3.68252645728579,1.1352093581806457,1328.6820721190304,0.8330570458998692,0.014752663171900547,12.808584510846904,0.05315756471616915,0.4,0.2,False,none,15,3.6824053362861258,1354.4587570665449,0.00021326318573577918,5.438367452878899,9.6059382511115,False,0.4330653169449894,0,0,False,11.250003186999948
407,4,1,3.316400342823573,1.1269981651650336,1327.0105718826192,0.22590460246421815,0.01464595425171253,11.944881761792665,0.08753571037523897,0.4,0.2,True,exact,14,3.3163261897653316,1353.5429979806647,0.00021584698650256584,8.733999926371675,10.814662358837072,True,0.26280774700529663,1,0,False,20.93950895099988
406,4,1,4.823911837301866,1.2224821331426146,1327.068884485496,0.3856951509049167,0.015886820359570702,15.3345179742565,0.09419650500612868,0.4,0.2,True,exact,12,4.824495161869583,1356.013005267093,0.00023166141434094456,8.178547500347575,11.395785196206274,True,0.49770771090319804,1,2,False,21.66022123400012
409,4,1,4.618072103996234,1.1995689236836986,1328.9111825597945,0.3923636364329165,0.015589050737695544,14.895132147833513,0.09253812565511901,0.4,0.2,True,exact,12,4.617170685335737,1352.007942410054,0.00024097519214560936,7.835657547715768,11.965980787800078,True,0.2666211839479277,1,0,False,21.197811306999938
412,4,1,3.778471602913231,1.0473787840341489,1328.619088718157,0.490522738024375,0.013611257080380542,13.030107419230431,0.08199617263338009,0.4,0.2,False,none,15,0.5005066917445975,1354.1797790065673,4.172136177627017e-05,4.771219542057992,7.629028502566344,False,0.46523495077763494,0,0,False,10.503820001999884
411,4,1,4.256584767874015,1.0944889161689337,1325.515716339171,0.7526085839114777,0.014223478875734712,14.107327394933098,0.06541587831984297,0.4,0.2,False,none,13,2.49081646593812,1354.1887133378614,9.522515224180683e-05,4.330166384110325,6.663267399593776,False,0.33125826912180756,0,0,False,10.649240996000117
410,4,1,4.169567351278541,1.1842092077051511,1325.4115822545407,0.48862914723329715,0.015389442872754466,13.914402112223753,0.08501090514070574,0.4,0.2,True,exact,13,4.169787684346989,1354.6000558988044,0.00023071178006439652,8.317157918724183,11.74786267452766,True,0.3291822978627941,1,0,False,20.728498611000077
413,4,1,4.80999284135426,1.048597351857332,1329.739736907802,0.3725795122814146,0.013627093032152773,15.305006120666077,0.09438957324345071,0.4,0.2,False,none,7,4.810392382830666,1353.7886993350287,0.00021659782773009173,5.221447516334112,8.140289739324587,False,0.5450979472084387,0,0,False,10.551262064999719
414,4,1,4.777616035811169,1.0167047871391803,1327.9328313388373,0.06293027587015462,0.013212631803847732,15.236248597912441,0.1010107774009443,0.4,0.2,False,none,12,4.777764037627415,1351.822693025679,0.00017052525995631118,5.806180314881049,9.021103076926211,False,0.5089595385784785,0,0,False,10.664198427999963
415,4,1,3.350552528698244,0.9609920161913549,1325.502209624545,0.7450288121471764,0.012488614037218536,12.026746997208914,0.06094930968688886,0.4,0.2,False,none,15,0.5282592652169209,1354.0299252425891,3.869304163062193e-05,4.219220084286802,6.249134284892059,False,0.33230862844832565,0,0,False,10.580398511000112
416,5,1,6.475098746121139,1.0934336617157148,1325.624743831502,0.16793158763405125,0.014209765270048852,18.65956370120167,0.11053813046743692,0.4,0.2,False,none,9,2.1580987763798483,1353.6905892221469,8.557597117575533e-05,4.279908017658866,6.72741627571799,False,0.38010709959164285,0,0,False,10.527894664000087
417,5,1,6.172886878098103,0.9801347711221248,1331.1952059052478,0.4748861856630705,0.012737384551345099,18.074353270447745,0.09731522526635188,0.4,0.2,False,none,8,1.5421110829468767,1354.3509218097524,9.15951720726893e-05,5.130397456536806,7.611601613116591,False,0.5103054504504705,0,0,False,10.587532692999957
419,5,1,6.3777718502517535,1.1583353721730338,1327.6594358074487,0.6775003874302165,0.015053198304455428,18.47211146210991,0.08314925827050584,0.4,0.2,False,none,9,0.5003768803340949,1354.1779787145022,3.900732542427843e-05,4.485631192614155,6.775083829508188,False,0.45608526187603576,0,0,False,10.353533481999875
418,5,1,7.853334131804287,1.1121009603857037,1332.2397347965045,0.3021094586322294,0.014452356971414823,21.221362857831437,0.11412768376863039,0.4,0.2,False,none,5,0.5282592652169209,1354.0299252425891,3.9718701999369443e-05,4.317816208087627,6.54702931581095,False,0.35059965993124437,0,0,False,10.541704159999881
420,5,1,5.1109565510847546,0.968377540578925,1329.606797881421,0.013736040551624019,0.012584592944415265,15.936955020609608,0.10342631849008634,0.4,0.2,False,none,11,4.379577575781531,1352.9466247505645,0.00012172673309085447,4.521042453669342,7.142681425384659,False,0.31236544979195835,0,0,False,10.020068599000297
421,5,1,7.703878581927052,1.073070980862468,1325.6780324524004,0.06125642716141396,0.013945141154910917,20.95126132654955,0.11850611187359167,0.4,0.2,False,none,8,0.500339797543945,1354.1758649954636,3.9929021285689537e-05,4.198386549133613,7.416796950860404,False,0.3639698139673755,0,0,False,10.435722068999894
423,5,1,6.2482854618494095,1.0627093477780538,1327.4067881616306,0.6779722140012311,0.013810486096173406,18.221234445538418,0.08235605299485486,0.4,0.2,False,none,9,0.5005066917445975,1354.1797790065673,4.050304111014036e-05,4.526729813003906,7.0847064822615105,False,0.33391338527975034,0,0,False,10.282161284999802
424,5,1,7.734771205950819,1.0842317026797352,1329.7563805272614,0.680298687554567,0.01409018080644207,21.00723379362706,0.08820509265176782,0.4,0.2,False,none,6,7.734503835817559,1352.9604312199947,0.00027053407243571304,5.217165285140143,9.446678176376953,False,0.35478183057186696,0,0,False,10.448687355999937
425,5,1,7.29034699040773,1.093363495983312,1326.8482641370126,0.6291923184847263,0.014208853428185597,20.19463557956961,0.09147389230489056,0.4,0.2,False,none,8,2.4908164659381193,1354.1892341711946,9.314436642371415e-05,4.197222145587768,6.677095109737737,False,0.3268392678467609,0,0,False,10.41014599600021
422,5,1,7.916516090933066,1.2670323626097375,1330.1932493307406,0.354660945170349,0.01646577482715249,21.335031422376566,0.11256390688960731,0.4,0.2,True,exact,6,7.9181713107672165,1353.943204478177,0.00030786986427844276,7.9071100886481664,11.166534515921237,True,0.4402498477486858,1,0,False,20.254648811999687
427,5,1,5.542703493601876,1.0055974159101466,1327.5889388355047,0.3371264298738189,0.013068285472233791,16.82228495908012,0.10026761750941939,0.4,0.2,False,none,9,5.543178961617903,1355.3011999372982,0.00019086017619218687,5.26553755879203,8.761716732672266,False,0.5584268522383445,0,0,False,10.363773011000376
428,5,1,5.36520760949854,1.0967308044329336,1327.39151092565,0.7229058510807017,0.014252613433329297,16.461203183399483,0.07390173626183581,0.4,0.2,False,none,11,2.4909395360114837,1354.1905879420017,9.748777003859566e-05,4.416016944332674,6.850281710530081,False,0.299203066893258,0,0,False,10.83078272900002
429,5,1,5.557493487362852,0.9738233287308973,1327.5412535058902,0.12597103020147565,0.012655363923999444,16.852197073478205,0.1055401006122784,0.4,0.2,False,none,9,5.557438985974696,1355.3284896424154,0.00017569866518973853,4.595740982435498,8.09803817739693,False,0.628112635362522,0,0,False,10.536389970000073
426,5,1,5.3200585139743595,1.1409258281962789,1330.5531494546467,0.24244837132332678,0.01482695180955595,16.368724037897422,0.10202166499991375,0.4,0.2,True,exact,9,5.318748888392957,1351.8319803702805,0.00022027959692960675,7.096838506333037,10.238431072368869,True,0.3555080809817557,1,1,False,20.932302508000248
430,5,1,5.919415771274405,0.9631878793737697,1330.9410011811199,0.8416802064524712,0.012517150473839935,17.57612440044355,0.060415404945980695,0.4,0.2,False,none,8,2.49081646593812,1354.1887133378614,9.167318534597513e-05,4.110691583567447,6.472718874295842,False,0.2967699319919298,0,1,False,10.457852408000235
431,5,1,5.712337253824183,1.1961424068892805,1330.2698182249444,0.47447416945290527,0.015544521287901432,17.163786919066933,0.09520023495648673,0.4,0.2,False,none,9,5.713141146843667,1353.12680200825,0.0002008259631033349,5.568864738387659,8.90519520708515,False,0.39074122593141447,0,0,False,10.587619638999968
432,5,1,5.8279978924859615,1.1847298882673218,1330.142799172239,0.5893863106063493,0.015396209399913974,17.394694737137904,0.08826407010868552,0.4,0.2,False,none,8,0.5282592652169209,1354.0299252425891,4.472736632143981e-05,5.180838860146677,7.0858832209899925,False,0.3170926064817302,0,0,False,11.146514260999993
433,5,1,7.532639883191402,1.2051108974101423,1331.418984962003,0.16065529792083683,0.01566107170114565,20.6396355583609,0.11655371210092043,0.4,0.2,False,none,5,2.4908164659381193,1354.1892341711946,0.00010557207849970496,5.222232193520506,7.187631062799994,False,0.2607045634643078,0,0,False,10.655311025000174
434,5,1,6.008875916213396,1.1450171590176916,1327.025856635754,0.22027492932079104,0.014880120879294639,17.75276666234533,0.10680040348026264,0.4,0.2,False,none,9,6.010149119075267,1357.0706861412518,0.00020993745987929469,6.178895842800384,8.787733514770485,False,0.4328973407898564,0,0,False,10.74664396900016
435,5,1,5.307724976644303,0.9964970205329203,1329.8177764045058,0.3736206552707225,0.012950020883623892,16.3434157505388,0.0974099221685192,0.4,0.2,False,none,10,5.305560050183444,1356.350344963459,0.00018768616752684597,4.592142841486682,8.038899532955117,False,0.36012554132866553,0,0,False,10.248560970999733
436,5,1,6.555214716902813,1.022549040351473,1329.2909791319935,0.15884546578721825,0.013288581053658734,18.81316373865578,0.11105189112753922,0.4,0.2,False,none,8,6.556099477396334,1355.5125676221273,0.00021259915923299566,5.253957579716793,8.60208852183901,False,0.35387173479797224,0,0,False,10.135586332999992
437,5,1,7.424286466983984,1.1723961485050816,1332.6030000179737,0.3562809626810469,0.015235925742057402,20.441230470223484,0.10996360442561014,0.4,0.2,False,none,6,7.423094171276563,1354.8785459763717,0.0002634070409319733,6.79538834870053,10.21413089575511,False,0.3642182013696936,0,0,False,10.442332264000015
438,5,1,6.345389141578506,1.030251580290317,1328.6661234127641,0.460823332337866,0.013388679750403087,18.40953115826495,0.09909410060133995,0.4,0.2,False,none,8,0.528474637390114,1354.0345566420247,5.048828698273056e-05,6.234962370106478,7.931813213806703,False,0.2559724229675028,0,0,False,10.303976670999873
439,5,1,7.013767537509006,1.276062480826982,1327.0584889214167,0.3237176398845867,0.01658312612583713,19.680590851317486,0.10937585496754505,0.4,0.2,False,none,8,7.013682485939628,1355.1152954896338,0.00022624853014951984,6.049344598533717,9.018452377122692,False,0.42703702737906346,0,0,False,10.416543848999936
440,5,1,6.058302123696044,1.1262562252315085,1328.5631686535962,0.15401103527541526,0.014636312338655524,17.84998433377996,0.10840690223661816,0.4,0.2,False,none,9,6.058747615760497,1352.7952955922508,0.00019299160082875133,6.004981581591189,9.071344612467694,False,0.5024696046561994,0,0,False,9.800131363000219
441,5,1,5.590636417325843,1.006024140657822,1329.8010655083897,0.5803199719196379,0.013073830992471272,16.91913102584025,0.08742702360955307,0.4,0.2,False,none,10,4.381796109669925,1352.9417067872282,0.00011242794658083977,4.012331191293908,6.947200088883619,False,0.3433286427512731,0,1,False,9.875830876000236
443,5,1,5.403285661853419,1.0132256531489967,1328.019395700537,0.8156826871480748,0.013167418564970501,16.538997184553843,0.06258631332577426,0.4,0.2,False,none,8,2.4909395360114837,1354.1905879420017,9.990162603890074e-05,4.588254770961077,7.275630323138181,False,0.32580386407540923,0,0,False,10.923704066000028
444,5,1,6.198657118983712,0.9773062051907568,1325.652383362939,0.8439444186951557,0.012700625798306046,18.12462223544176,0.061011770490950995,0.4,0.2,False,none,10,2.49081646593812,1354.1887133378614,9.748238520179697e-05,4.5269943939101545,6.7366178259697795,False,0.3241566536898439,0,0,False,10.314337980000346
445,5,1,5.674078854503225,1.0462294580144775,1326.3226616012932,0.0429150815142757,0.013596320963513,17.08706476827117,0.10710491069120749,0.4,0.2,False,none,10,0.6309629394945474,1354.0624264689632,6.003029327517062e-05,5.986569041734317,8.42052614499305,False,0.4687106977293229,0,0,False,10.509805080000206
442,5,1,6.749173700970696,1.2734386162442763,1330.0790676079732,0.48255374576881566,0.016549027578183,19.182459560112562,0.10027115296314343,0.4,0.2,True,exact,7,6.749111486065423,1357.0747198234703,0.0002847266161450923,8.01720096431503,11.64557466345547,True,0.3196422912892093,1,0,False,20.991555400999914
446,5,1,6.454612821648029,1.210385765254175,1328.604977182497,0.2074200578921739,0.015729621478346233,18.62018615381471,0.10977376549550008,0.4,0.2,False,none,8,6.4534177816203115,1354.4213720890232,0.0002242635424666295,5.703555364472889,8.955049504834243,False,0.48945137146492845,0,0,False,10.51371152999991
448,6,1,9.494792618764423,1.0642523689159875,1330.4516808357857,0.25333140745247934,0.013830538495275843,24.083940370593773,0.12323040052254253,0.4,0.2,False,none,5,2.49081646593812,1354.1887133378614,9.038950509432375e-05,3.946226947505571,6.427783301760905,False,0.3955818031138922,0,0,False,10.816019314000187
449,6,1,9.711746687942306,1.1136287662552486,1333.2271271728487,0.15286907986731316,0.014472211639827327,24.449432609288436,0.12684156820470838,0.4,0.2,False,none,5,2.49081646593812,1354.1887133378614,9.245380341849074e-05,3.9047271898609526,6.69515634831351,False,0.3659239026226418,0,0,False,10.70826536100003
450,6,1,11.729196829487393,1.1393947603516883,1327.0101359145988,0.8936446695264801,0.014807054750003188,27.727841987993987,0.06478497480101769,0.4,0.2,False,none,4,0.5005066917445975,1354.1797790065673,3.904272091403982e-05,4.163762552603522,7.285237169175886,False,0.5013079926416962,0,0,False,11.297161879000214
447,5,1,6.414474583408576,1.2375489081773032,1325.4405259131931,0.49749083620722023,0.01608262129758428,18.54291240244379,0.09762694321357902,0.4,0.2,True,exact,9,6.414159399416655,1351.0933750185418,0.0002796185192536216,8.607985400032904,11.911390101777199,True,0.2569270886842758,1,0,False,20.785719196999707
451,6,1,8.16233060808904,1.0899735722299466,1329.0118945020104,0.45208584604360363,0.014164799524866854,21.774423992923943,0.10837771317484872,0.4,0.2,False,none,6,8.162869840250716,1353.4957896499607,0.00021862416318496614,4.506717773579855,8.16301674889375,False,0.363403301111489,0,0,False,10.925833811999837
452,6,1,9.098520745320753,1.085193865333147,1330.9343766303514,0.17444101506692322,0.0141026846335468,23.409083676064192,0.12363465430412321,0.4,0.2,False,none,4,0.5279526745473715,1354.0189683047668,4.2979206215987276e-05,4.32434842468043,6.345238830934775,False,0.3292791979282946,0,0,False,10.371365856000011
453,6,1,12.142621951686692,1.1753239049642783,1326.5478442759795,0.4529866613826768,0.015273973529965975,28.375631587105627,0.12380192401857627,0.4,0.2,False,none,4,12.133526992359585,1350.8370205722613,0.00033552337664577436,5.655488334218767,10.488017778884778,False,0.5918727757348553,0,0,False,10.135682957999961
454,6,1,8.822818046947884,1.002269047088774,1327.5498209509628,0.4445278125358927,0.013025031508742633,22.93376912691531,0.11152033939196501,0.4,0.2,False,none,6,2.4909395360114837,1354.1905879420017,9.770848932377785e-05,4.327231619355709,6.782381779896027,False,0.26904733502102596,0,0,False,9.183396337999966
455,6,1,11.936565891385952,1.147783171812888,1332.0506041847411,0.5232386170884371,0.01491606672029977,28.053700366089064,0.11782153628613166,0.4,0.2,False,none,4,0.5279526745473715,1354.0189683047668,4.339149748044946e-05,4.299431637922791,6.42509668104472,False,0.3696500539968605,0,0,False,10.17872160800016
456,6,1,8.440754150613175,0.9548340551420549,1333.725188692825,0.41056765847377946,0.012408587983406221,22.266812644070466,0.11171512951733131,0.4,0.2,False,none,6,0.500339797543945,1354.1758649954636,3.9219101791165834e-05,4.106744481284651,7.438959170935082,False,0.4146632118026874,0,0,False,9.909063347000028
457,6,1,8.715157825096814,1.029498789792974,1333.1720891071584,0.6506638448142166,0.01337889682836648,22.746821788239235,0.09480515968898559,0.4,0.2,False,none,5,0.5282266407272107,1354.0309629993114,4.1104113841394785e-05,4.712405439931789,6.473307208985125,False,0.24424707802647125,0,0,False,9.968114839999998
458,6,1,11.027876533578631,1.224116170074893,1334.7418910685685,0.7330132178114694,0.015908055558433918,26.61124240599875,0.09283034314971511,0.4,0.2,False,none,4,0.5282592652169209,1354.0299252425891,3.765069939443144e-05,4.139768951530624,6.178452511547495,False,0.3073198995509922,0,1,False,10.629781227999956
459,6,1,10.193722488173115,1.0951641219636576,1331.8760773097708,0.34992009612757635,0.014232253542354129,25.25180489313527,0.12236372512058087,0.4,0.2,False,none,5,2.546313587193531,1354.8037389633373,0.00010801752386169206,5.42539472514566,7.980728170101149,False,0.3901972847749326,0,0,False,10.371029589000045
460,6,1,10.237516551816084,0.9960685270217123,1329.286337904623,0.5859481023604695,0.012944452377342083,25.3240773998965,0.10637173569851768,0.4,0.2,False,none,5,2.49081646593812,1354.1887133378614,9.97832093886375e-05,4.71695717327641,7.148418109982372,False,0.2871835135528842,0,0,False,10.073542419000205
461,6,1,8.233215431058943,1.1139535520269197,1326.915189890367,0.28245496528118696,0.014476432407616069,21.90030721751405,0.11664586221499895,0.4,0.2,False,none,6,8.235281436801415,1351.620836939613,0.0002301239947495315,5.484087762954052,8.485968276236232,False,0.4908831791115528,0,0,False,10.23176595599989
462,6,1,10.939534874566418,1.0289586343297963,1336.1977567712322,0.46009893690828546,0.013371877214273893,26.468934486209122,0.11882365795561542,0.4,0.2,False,none,6,0.5282592652169209,1354.0299252425891,3.838496512120759e-05,4.210802806726405,5.74835720144037,False,0.40085548553809797,0,0,False,10.157405598999958
463,6,1,8.514507892231757,1.0340429826238473,1325.959963946555,0.18081835823168185,0.013437951086278415,22.396333326677702,0.12071537880187869,0.4,0.2,False,none,6,2.117905811874481,1353.564174433577,9.257921249516965e-05,4.681695362170483,6.760372892217229,False,0.48547972930448985,0,0,False,10.411427193000236
464,6,1,8.534406361579085,1.1708087646232261,1331.3630186033656,0.5154495084770863,0.01521529682496404,22.4312133499331,0.10597876322859547,0.4,0.2,False,none,6,2.49081646593812,1354.1887133378614,9.192494532206386e-05,4.396556843009051,6.362336203524971,False,0.3464447748948019,0,0,False,10.465730813999926
465,6,1,10.111893021358728,1.0274623140646635,1333.7111023154046,0.25359698774379924,0.013352431718419128,25.116485258000743,0.12576880498360202,0.4,0.2,False,none,4,2.492016658572137,1354.190326915169,9.153662077865388e-05,4.482524117640064,7.142351270328122,False,0.30116552740585134,0,1,False,11.022346276000007
466,6,1,12.36723606419519,1.0125052733673274,1327.342027371645,0.15804101589083974,0.013158056837815743,28.724489654018008,0.13718071783625188,0.4,0.2,False,none,5,12.686845547976267,1351.4330326834945,0.00025929564811466577,4.356841303693619,8.905735208116305,False,0.504463706904682,0,0,False,10.9716362019999
467,6,1,9.267833881573516,1.0067294409820549,1330.0996564227707,0.81806793573359,0.013082996753873305,23.69860131405054,0.07444007447880858,0.4,0.2,False,none,5,0.5005066917445975,1354.1797790065673,3.9324724088518614e-05,4.11889478129134,7.119381101329071,False,0.4513147351444168,0,0,False,10.801247451000108
468,6,1,8.677334647660443,1.1118824174709145,1326.121857734475,0.6207835367127018,0.014449516887348164,22.68096101155184,0.09776473160650961,0.4,0.2,False,none,7,0.5005066917445975,1354.1797790065673,4.123145529255634e-05,4.524310889938023,7.253421792145009,False,0.5226791438260742,0,0,False,11.186015838999992
469,6,1,12.610649048119203,1.0876886147063802,1334.8459067053254,0.4466237345916583,0.014135105258814201,29.10016918642185,0.12562921773888017,0.4,0.2,False,none,4,23.011815253657094,1349.668703716199,0.0002631464740995293,3.9620973992993958,8.44490696955908,False,0.5848703696207013,0,1,False,11.045325107999815
470,6,1,10.524699793512216,1.0739442280981017,1331.7960396778508,0.6318192641488902,0.013956489477790974,25.795485063501115,0.10304096969683614,0.4,0.2,False,none,5,2.49081646593812,1354.1887133378614,9.795659386380162e-05,4.633932644313434,7.005920102707054,False,0.31455419245863814,0,0,False,10.809618112999942
471,6,1,11.694671708003108,1.055205084549654,1331.9497803211366,0.8460047827292024,0.01371296411314528,27.67340362734775,0.07516380827710939,0.4,0.2,False,none,5,0.5005685185378973,1354.1777041754522,3.969040172058236e-05,4.391490715130811,7.170378801246859,False,0.5227905739241647,0,0,False,10.930446664000101
472,6,1,12.24387373631608,1.0587441564296556,1335.8895687948198,0.7428294578618636,0.013758956277507357,28.533154137957744,0.09426965432297264,0.4,0.2,False,none,4,2.4908164659381193,1354.1892341711946,9.331589636474291e-05,4.000507964361544,6.338760028132454,False,0.33606865106143247,0,0,False,10.322429029999967
473,6,1,8.086288916129094,1.1162734675830344,1326.5347788679048,0.24038292459848673,0.014506580972319114,21.638976923354136,0.11728640375353029,0.4,0.2,False,none,7,8.082304844965797,1350.7996675807726,0.00023722148333893411,6.412557008873491,9.966939065417932,False,0.4494455281859171,0,0,False,10.433873112999663
474,6,1,7.955331842519314,0.9809081583873805,1332.483608771815,0.7471809419428138,0.012747435139585529,21.40471359043715,0.08094161372506373,0.4,0.2,False,none,7,0.5005685185378973,1354.1777041754522,3.81883938010974e-05,4.219146932905403,6.995362837195157,False,0.5232292266019289,0,0,False,10.792674297999838
475,6,1,8.842887180509896,1.225678734104488,1331.2875552313483,0.13613061157764836,0.01592836192804497,22.968534025384955,0.1234202754772371,0.4,0.2,False,none,6,8.842770299364503,1357.8151785273021,0.00026457974309934684,5.397984402142997,8.228587056291614,False,0.45938261223008703,0,0,False,9.798084706999816
476,6,1,12.285297040666906,1.285516713579314,1334.482260756951,0.8586741989390274,0.016705989023626692,28.597473219813974,0.07448128128995851,0.4,0.2,False,none,4,0.5282592652169209,1354.0299252425891,3.801197337427453e-05,4.284812830506778,6.086783050614585,False,0.3644806607635083,0,0,False,10.260946384999897
477,6,1,9.324537984512464,1.0159032418349065,1326.3450650715363,0.13635348448387052,0.013202215286572082,23.795167662994327,0.12527145031690895,0.4,0.2,False,none,6,0.5282592652169209,1354.0299252425891,3.753085513091836e-05,4.469866365506326,5.633173403614623,False,0.4225583252920514,0,0,False,10.18889722699987
478,6,1,8.232840247743837,1.2001004086088334,1329.338342779454,0.05203089608336974,0.015595957673429426,21.899641888774358,0.12141425461778467,0.4,0.2,False,none,6,8.232840450586554,1354.0273160643017,0.00023510165697537833,5.150246042964413,9.09586151331279,False,0.521127751386085,0,0,False,10.37764733799986
479,6,1,11.00232077858262,1.1690580104718875,1326.3145913805927,0.39967517188342927,0.015192544822344101,26.570114311318832,0.12304318764746937,0.4,0.2,False,none,6,0.5282592652169209,1354.0299252425891,3.7752023848591776e-05,4.445856873747185,6.280178624647246,False,0.3596860927217981,0,0,False,10.736908824999773
480,7,1,12.703908973536683,1.1244138643960215,1333.8000990382052,0.39085762755269454,0.014612369857340358,29.243463188099657,0.12950587019030393,0.4,0.2,False,none,4,12.698508046104081,1359.2006545547501,0.0002526642108063859,4.016932033881922,8.648168710101679,False,0.5070268882335118,0,0,False,10.681841979000183
481,7,1,12.885681799299354,1.2573157558383872,1331.4469916664023,0.8522144766272327,0.016339502236252367,29.5217539322385,0.07697720274336083,0.4,0.2,False,none,4,0.5282592652169209,1354.0299252425891,3.778596315939797e-05,4.130183472648339,6.003736508935548,False,0.3785050126302643,0,0,False,10.680865420000373
482,7,1,18.375205344243483,0.95921158615064,1338.5912796531131,0.366356281831206,0.012465476380272247,37.40175849547163,0.14762648451603172,0.4,0.2,False,none,3,2.49081646593812,1354.1887133378614,9.106757356758255e-05,3.9175740716378518,6.285132682863868,False,0.3620476172471463,0,1,False,11.118277985999612
483,7,1,16.34702690647506,1.0310459186732364,1340.5850455815585,0.6765714061672599,0.013399002609815122,34.59630675698551,0.11350632282055333,0.4,0.2,False,none,3,1.814109081877532,1353.2802746907048,8.069043033265277e-05,4.536090900260586,7.263061555495836,False,0.366977307247152,0,0,False,10.687201990000176
484,7,1,14.222438267699879,1.2001350885917996,1329.5160161572458,0.8139227120508249,0.01559640835867424,31.529706340675556,0.08725071663139013,0.4,0.2,False,none,4,0.5003768803340949,1354.1779787145022,3.8914605199891206e-05,4.27728368164715,7.128811085006612,False,0.45297357460897436,0,0,False,10.95346249000022
485,7,1,15.726100656064967,1.1975754747952119,1339.5887245392246,0.3922441588878277,0.01556314478493862,33.71459302905523,0.13911223824577654,0.4,0.2,False,none,3,2.4908164659381193,1354.1892341711946,9.323145317896575e-05,4.132170216609146,6.573079572429017,False,0.3016584266770194,0,0,False,10.976889757000208
486,7,1,13.134751339107767,1.2108179923391027,1325.8303732937409,0.8317805396555001,0.015735238504449623,29.90095948303035,0.08155151237507374,0.4,0.2,False,none,4,0.5005685185378973,1354.1777041754522,3.877632954452093e-05,4.123269403487414,7.363179763706477,False,0.531936183406409,0,0,False,10.571214776000033
487,7,1,15.989747161987722,1.096015526170316,1325.950064429061,0.08407815089565172,0.01424331800318988,34.090362443858766,0.1509280110964907,0.4,0.2,False,none,4,0.5282592652169209,1354.0299252425891,3.748711212103739e-05,4.095646487773191,5.592849076373221,False,0.39451170103744054,0,0,False,10.010015956999723
488,7,1,13.524592536577835,1.2428049588319192,1338.058831894314,0.011516505270941491,0.016150926535171705,30.489713775970664,0.14349333993621863,0.4,0.2,False,none,4,13.523244409981995,1351.584382872524,0.00026999637748370553,4.598648339552714,8.686617111519254,False,0.600247265147616,0,0,False,11.445152080999833
489,7,1,16.83910400128733,1.1700580282495208,1337.7306292543171,0.5836008341844867,0.015205540597381563,35.287146493652905,0.1262098129282969,0.4,0.2,False,none,3,0.5282592652169209,1354.0299252425891,4.2014142659141385e-05,4.806203118533659,6.7810077190448865,False,0.38246235437016585,0,0,False,11.9518361989999
490,7,1,16.709716987670923,1.009163688074102,1338.752787900787,0.8161252591838006,0.013114631119082999,35.10615644066334,0.09097692021315934,0.4,0.2,False,none,2,0.5005066917445975,1354.1797790065673,3.991394007707427e-05,4.231832258924952,7.3123727635990585,False,0.5015658441535492,0,1,False,11.263781585999823
491,7,1,14.779466092383405,1.0500952933050383,1338.5317823698686,0.29140364501793237,0.013646559596157019,32.34767352396036,0.1412225103623455,0.4,0.2,False,none,1,2.4908164659381193,1354.1892341711946,9.33915132814711e-05,4.1749705185355666,6.689680941098095,False,0.33039999886845134,0,0,False,11.480213440999705
492,7,1,15.22960828855024,1.1657234504814642,1330.1034681324059,0.0642681835317011,0.015149210401243089,33.00119830195294,0.14884560362819113,0.4,0.2,False,none,4,2.5379610145732268,1352.9488996499408,9.543609549589327e-05,4.452744724983475,6.6953243263442985,False,0.5761581688421136,0,1,False,11.613255480000134
493,7,1,18.10459472344215,1.156556687793747,1341.2207042613231,0.2131279749218494,0.01503008333332905,37.03364216415549,0.15445056542608568,0.4,0.2,False,none,3,3.0211467301122705,1353.2863027835524,0.00011173758889948537,4.6248075396094706,6.981664232088994,False,0.6186431532962867,0,0,False,11.237228827000308
494,7,1,13.348059103501573,1.1503010818285346,1338.507029692407,0.7060939614831714,0.014948788330714894,30.223816344726554,0.10253040499789506,0.4,0.2,False,none,4,0.5005685185378973,1354.1777041754522,3.9148428271240654e-05,4.1298158474971665,7.273132436182194,False,0.512024625875239,0,0,False,11.089320761999716
495,7,1,13.525790847519907,1.084070448287888,1332.940241713049,0.6102720997934722,0.014088085217896423,30.491514723295776,0.11439441452696884,0.4,0.2,False,none,4,0.5282592652169209,1354.0299252425891,3.8890539705849214e-05,4.355826583421613,6.165744877421898,False,0.40242362938886295,0,0,False,11.05897714699995
496,7,1,16.202324373409226,1.0824502992581506,1334.439640099796,0.7333397907464835,0.014067030499881852,34.391841926197024,0.10506065306511612,0.4,0.2,False,none,3,0.5282592652169209,1354.0299252425891,3.822843260814501e-05,4.188841978578725,6.074039599327211,False,0.39915916039415006,0,0,False,10.59534970499999
497,7,1,13.621532725779057,1.0648056942097504,1338.3981719722042,0.6156529238272577,0.013837729258481372,30.635234311433987,0.11404098670240079,0.4,0.2,False,none,4,13.144262491216612,1352.9366946949754,0.00019551901443126685,3.4923796163295324,8.12665178401491,False,0.4728627347997649,0,1,False,10.621323713000038
498,7,1,18.093922315586465,1.2841545957653067,1337.0466128509527,0.6662959723913622,0.016688287561631435,37.019086854448865,0.11950222167232505,0.4,0.2,False,none,3,1.8135713691964164,1353.2955162921548,7.28923320639785e-05,4.46476733327412,7.073433471294754,False,0.3955951062272189,0,0,False,10.665686714000003
499,7,1,19.226816870800523,1.1576335470043442,1334.2147466416102,0.7221066108985789,0.015044077704590188,38.54861811464893,0.11328069892296412,0.4,0.2,False,none,2,2.492016658572137,1354.190326915169,9.19859081097707e-05,4.471454211339911,7.050208080813518,False,0.30408047361409923,0,0,False,10.641696663000403
500,7,1,19.85921195062858,1.074714541432985,1334.532815260375,0.07125292825685435,0.013966500118633972,39.38932708689101,0.1623419232808771,0.4,0.2,False,none,3,0.5282592652169209,1354.0299252425891,3.794455476346936e-05,4.092310518910992,5.724397655387412,False,0.44630166390344306,0,1,False,11.06430501299974
501,7,1,18.742983693661113,1.0938183561951058,1336.519378161894,0.5743992505516864,0.0142147645840852,37.89917060245035,0.13160995036596654,0.4,0.2,False,none,3,0.5282592652169209,1354.0299252425891,3.7996548307051015e-05,4.209498204127325,6.03719596407424,False,0.34367239495732627,0,0,False,10.682693093000125
502,7,1,16.47730653636218,1.230922341826896,1339.4465730817985,0.403201365345803,0.015996505462959304,34.779876462579175,0.14065937759274816,0.4,0.2,False,none,2,2.4908164659381193,1354.1892341711946,9.31211724926051e-05,4.137893116040857,6.549773430989989,False,0.3352858040134225,0,0,False,10.660402216999955
503,7,1,15.390943740851714,1.271648508849669,1326.6968805140955,0.35323724811218826,0.016525764158758328,33.23385505305021,0.1405376580894232,0.4,0.2,False,none,4,15.402033167501484,1357.478017297545,0.00036029967295769794,6.987563936621092,12.311985538133086,False,0.27697729574704005,0,0,False,10.847205794000274
504,7,1,15.574598727287523,1.1425495034288382,1335.9312956886126,0.18457633664574385,0.014848052352494475,33.497711019398515,0.14771318944721684,0.4,0.2,False,none,3,12.697378948860957,1351.447146360264,0.00023643425494113135,3.7425288453348755,8.217366040770754,False,0.5507464712753672,0,1,False,10.624015839000094
505,7,1,13.42193525592903,0.9564820643021242,1335.4902481066845,0.5777224933112386,0.012430004758970575,30.33523152848516,0.1171302560377,0.4,0.2,False,none,4,0.5282592652169209,1354.0299252425891,3.8675782015329396e-05,4.107985395931651,6.100999812655121,False,0.4003679680194111,0,0,False,10.74582245900001
506,7,1,17.956413958660043,1.075029298953158,1333.9503710963484,0.19353529107418446,0.013970590563839053,36.83129255087549,0.1544821995467779,0.4,0.2,False,none,3,0.5282592652169209,1354.0299252425891,4.510425670234408e-05,5.207528822293866,7.295228540284039,False,0.3444568172019256,0,0,False,10.951717247000033
507,7,1,16.06977298078832,1.0389968326969794,1330.833004409747,0.38544468244843,0.013502329062910089,34.20401187896222,0.14020553715620188,0.4,0.2,False,none,3,0.5282592652169209,1354.0299252425891,3.9831367311449206e-05,4.623962496444527,6.456770091532424,False,0.34930040675898344,0,0,False,9.9568569879998
508,7,1,16.654370819110394,1.1048240595499015,1328.4709632783254,0.3918414302717326,0.014357789686365337,35.028594168124364,0.14162283853813734,0.4,0.2,False,none,4,0.5005685185378973,1354.1777041754522,3.832648958157492e-05,4.0313693883105,6.845765268651128,False,0.5443974213148715,0,0,False,10.487602738000078
509,7,1,15.481068764784583,1.0789732807825239,1336.3407502304112,0.42678020828822716,0.014021844753267143,33.36346748132574,0.13588798035216093,0.4,0.2,False,none,2,0.5282592652169209,1354.0299252425891,3.694637892193153e-05,4.065983229459861,5.960903185109043,False,0.36239289603089114,0,0,False,11.063256508999984
510,7,1,14.8754234189143,1.0549551717691634,1332.3692144399138,0.8533786456582401,0.013709716360608394,32.48753636100144,0.07977455626556634,0.4,0.2,False,none,4,2.49081646593812,1354.1887133378614,9.247010704549474e-05,4.089911381082801,6.696336995596806,False,0.30737209290341677,0,0,False,10.886641568000414
511,7,1,18.654683591504337,1.1590559501520514,1332.726573374333,0.20963735188869195,0.015062562607292548,37.780045713727816,0.15612042017777655,0.4,0.2,False,none,3,24.752318792977153,1351.4043322555192,0.0002951464968908857,4.708055871761748,9.21899591878362,False,0.5059610573163743,0,0,False,10.723963808999997
512,0,2,0.6822184303316148,1.430519653774147,1325.694904260296,0.8932161774839052,0.01859038111413763,4.162486642099076,0.02621432893475175,0.4,0.2,True,exact,74,0.6822433215699489,1354.3486392184798,0.00025352397551936523,14.45051159066175,19.91622636859253,True,0.14535810941451302,1,0,False,21.76509353199981
514,0,2,0.6572107633381782,1.5632754201151706,1325.6851524135425,0.46381536818981245,0.02031561451786456,4.060133675880991,0.04754233666220005,0.4,0.2,True,exact,75,0.6572297730826405,1353.9445577675956,0.0004192079134467397,19.06712731210852,40.560997080521226,True,0.04141764693366773,1,0,False,21.106230560999848
515,0,2,0.6449138364108834,1.5512881584759974,1325.7660877966464,0.18389595012579293,0.02015983353170392,4.009328896007612,0.05198574977932705,0.4,0.2,True,exact,80,0.6449335972008815,1354.1425917393808,0.0004176687663776102,19.88685622132591,43.62558837976222,True,0.08223617628193199,1,0,False,21.23931907999986
513,0,2,0.7014243399921141,1.3223277823759685,1325.959880724727,0.5738297119563938,0.01718436888813472,4.240246545930469,0.044936811605943226,0.4,0.2,True,exact,72,0.7014529601097429,1354.0166006169318,0.00029439459342495145,16.453105385557446,29.560420247350006,True,0.10659837108907647,1,0,False,22.065016699999887
516,0,2,0.5539297044937783,1.3904740970135043,1325.4071210219586,0.5465254625402938,0.018069967318952045,3.6227663416237297,0.042705146042842576,0.4,0.2,True,exact,95,0.5539262337682768,1354.2116698059924,0.0003275545713553596,17.94187745750324,37.08615250929716,True,0.10908976131967076,1,0,False,21.242121965000024
517,0,2,0.6274276563339309,1.4883811811237901,1325.4999189028113,0.2487333266205747,0.019342323139147934,3.9365248100943075,0.05079863997716534,0.4,0.2,True,exact,83,0.6274112510308938,1354.3611315307965,0.0003989138159350425,18.853301469009615,44.36563827551213,True,0.06577331392902346,1,0,False,21.593988403000367
518,0,2,0.594344182689639,1.5210901762381683,1325.7243683284885,0.13255105591917696,0.019767394324596156,3.7969006350000387,0.05102739042620499,0.4,0.2,True,exact,87,0.5943321678080178,1354.2527674131602,0.0004182992689920617,19.040061822094778,46.89849125145757,True,0.06579791389573643,1,0,False,22.571811844999957
519,0,2,0.5271613799156755,1.730788917151037,1325.497163997066,0.12018807071953594,0.022492543540435252,3.5050935341217033,0.04934768333524273,0.4,0.2,True,exact,97,0.52717069674528,1353.9641763992872,0.0005706595667244185,18.383004918282356,67.71289859028505,True,0.08422903815453846,1,0,False,22.54226980600015
520,0,2,0.7799218405015691,1.3610797232355751,1325.8119030566486,0.43558452235011696,0.017687971440949666,4.550976669438264,0.05075730732291848,0.4,0.2,True,exact,69,0.7799335933841567,1353.8884353243716,0.0003170624019455115,17.565913577785157,31.382805100309387,True,0.08263690036671115,1,0,False,21.030961286000093
521,0,2,0.714553620719367,1.4255980097190897,1325.6625898018312,0.5538596853424747,0.018526421672231154,4.29299553766938,0.045981372834561114,0.4,0.2,True,exact,73,0.714535405677384,1354.2445859396373,0.0003385831894631153,18.062667636177636,32.55154290541491,True,0.07520435317948718,1,0,False,20.954705503999776
522,0,2,0.7624442519712005,1.32294031022914,1325.8281627547851,0.44347221892745126,0.017192329020806394,4.482730369198433,0.0501618038660414,0.4,0.2,True,exact,66,0.7624167396938394,1354.0393859562141,0.00029746450506984434,16.065276959052685,28.414653407189515,True,0.11284347730325205,1,0,False,20.687453499000185
523,0,2,0.6144668279968788,1.680447263286287,1325.805856839615,0.5717794943146518,0.021838326362228305,3.8821250075236726,0.043496447064371675,0.4,0.2,True,exact,82,0.6144725597923616,1354.0710949629906,0.0004893757875024107,18.941294799809363,50.56327734370729,True,0.07022931808663711,1,0,False,20.733410123999874
524,0,2,0.585730808612999,1.4007975264145276,1325.551096483842,0.6094467147079624,0.0182041259000408,3.7601277434424025,0.04132391959002518,0.4,0.2,True,exact,89,0.5857323335660433,1354.251944682278,0.0003319348284949175,18.34137558697172,33.58858470956767,True,0.12217360818998317,1,0,False,20.83404735999966
525,0,2,0.6386483114383962,1.3041956756366062,1325.5414788006078,0.3494509686372273,0.016948732297055638,3.9833188037983787,0.04941324094982373,0.4,0.2,True,exact,81,0.6386471838141287,1354.280613296678,0.0003195443711839774,17.764235522449738,34.49358273006814,True,0.10027619636391398,1,0,False,20.68540033399995
526,0,2,0.7796137414298349,1.5286299240662211,1325.7108313210585,0.43502423337208507,0.01986537744930066,4.549778050168125,0.050899922788428906,0.4,0.2,True,exact,69,0.7796157427607414,1354.5568037571893,0.00041428305973334467,17.501333308675324,39.60059228889845,True,0.05744475870849953,1,0,False,20.874057491000258
527,0,2,0.5482994517603111,1.2958561000683002,1325.5246913852075,0.654927318249868,0.0168403549757543,3.598176217270449,0.03868599180726427,0.4,0.2,True,exact,93,0.5482965869845691,1354.0361807774061,0.0002956102363906865,16.622367859735547,31.108115894634423,True,0.11758233063991838,1,0,False,21.142066462999992
528,0,2,0.5668919540619037,1.5355376828051803,1325.6355084405466,0.7559205463314629,0.019955147531985615,3.6790646230017967,0.034527832934294,0.4,0.2,True,exact,92,0.566925968147594,1353.979520203255,0.0003752492333903845,18.69235594542502,36.26238726519301,True,0.0822045032014152,1,1,False,21.78166145599971
529,0,2,0.7827069077692471,1.5068618289406426,1325.5761574872104,0.1252900100233751,0.01958248921113794,4.56180445921101,0.055747433170580576,0.4,0.2,True,exact,69,0.7826937327533883,1354.536379491084,0.0004258748006931157,17.95472047639825,42.83590153193337,True,0.05102873894265188,1,0,False,19.74394009400021
530,0,2,0.6420787776587159,1.522877416626348,1325.600623683633,0.189206544258213,0.019790620485712625,3.9975701910054537,0.05184434283147038,0.4,0.2,True,exact,81,0.6420721069379719,1353.8522981469796,0.000413945524153414,18.77464503855184,42.88032364937067,True,0.0701264053844096,1,0,False,20.16132016099982
531,0,2,0.5510429030929188,1.6822020354868812,1325.7085402155994,0.8497754141927376,0.02186113058158417,3.6101686999815055,0.028495783336675847,0.4,0.2,True,exact,92,0.5510463630579494,1354.3628930915554,0.00037815980606203947,20.392928531049897,35.30181994044052,True,0.06377038529337892,1,1,False,20.580288056000427
532,0,2,0.7370118597092375,1.5427111299085396,1325.383845888677,0.304467512897854,0.020048370379502405,4.382482647852403,0.05268286289937511,0.4,0.2,True,exact,70,0.7370174432594916,1354.1267067704955,0.00041485110784234003,18.466053563906126,41.30212467879407,True,0.09027296396670502,1,0,False,20.185863498000344
533,0,2,0.7038523854086733,1.3338924613644298,1325.6596722014963,0.3575003256532688,0.01733465818286125,4.250026246950236,0.05082247351370256,0.4,0.2,True,exact,75,0.7038571098798966,1354.5185768426177,0.00031527066742975673,18.737506195429038,32.22469859224077,True,0.06584648389324786,1,2,False,20.718894501999785
534,0,2,0.698395390953416,1.7232000288274965,1325.3126523118133,0.3325347297198484,0.022393921808259092,4.228030686104942,0.05144973713859499,0.4,0.2,True,exact,73,0.6982716961952179,1353.949145194046,0.0005184121794472585,17.375409027257245,50.54934730629005,True,0.034908668740587664,1,0,False,20.425388352000027
535,0,2,0.5730422547981026,1.348261773731377,1325.5814288112888,0.445183554590298,0.01752139521408264,3.705626574965571,0.04584788062309317,0.4,0.2,True,exact,89,0.5730511817030761,1354.2336975476958,0.00033316915225067856,17.81575125810264,35.68275826915541,True,0.11879863946577451,1,0,False,19.58445983699994
536,0,2,0.5094913852384662,1.743762238717051,1325.7179475945582,0.8668477739519603,0.022661138911769126,3.4263241790057974,0.026665994500650513,0.4,0.2,True,exact,99,0.5095014327231527,1354.2494166117053,0.00042444810792485743,20.310531486321953,39.509897924584045,True,0.05453579741402659,1,0,False,21.270743506000144
537,0,2,0.7850631682771273,1.6961404901861485,1325.686372939239,0.30717458849768814,0.022042268383024283,4.570955107862077,0.053827598968375356,0.4,0.2,True,exact,65,0.785075651638356,1353.9484843173561,0.0004956383740588599,18.332676433467043,47.7034196308104,True,0.04237078345749632,1,0,False,20.543581827999787
539,0,2,0.6730544393210609,1.72196900634982,1325.8606227484893,0.20356769808232392,0.022377924001476295,4.125127246842401,0.052625457625398366,0.4,0.2,True,exact,76,0.6730777468245517,1354.1291798708398,0.0005379430618802639,18.138618551696343,55.11501722442027,True,0.09196989008215242,1,0,False,20.42869332800001
538,0,2,0.5245010407738101,1.502825857924518,1325.496999275956,0.11867664709424339,0.019530039572185118,3.4932912050674556,0.04912878566469869,0.4,0.2,True,exact,97,0.5244947104615951,1354.3449491004299,0.00042997220225371446,18.59774219486123,50.099507512360034,True,0.06004083007630253,1,0,False,20.933947951999926
540,0,2,0.6799576289635522,1.6068091588679163,1325.321429404912,0.4967189445540245,0.0208813591356345,4.153285521805011,0.04718741183901997,0.4,0.2,True,exact,75,0.6799633894530697,1353.879835194571,0.0004331201565040965,18.698670356122467,41.212773565159274,True,0.07645740587330534,1,0,False,19.99210577599979
541,0,2,0.7861358666525047,1.4942651697904004,1325.341164105706,0.4092751247958975,0.019418788772804174,4.575117949249747,0.05163716665331074,0.4,0.2,True,exact,68,0.7861430813380911,1354.4280027845514,0.0003929036804717345,17.704258028201647,37.06501636883195,True,0.05003622790110787,1,0,False,19.505005460999655
542,0,2,0.6734588476513972,1.3406773123191342,1325.8150484778655,0.7003338015979502,0.01742283101202707,4.12677948447042,0.03911829540622392,0.4,0.2,True,exact,76,0.6734519767065661,1354.0997152342177,0.00029886964650871484,18.129168673748282,27.227177880941536,True,0.11053519042801527,1,0,False,20.283543220999945
543,0,2,0.7166030853373062,1.3332237666311988,1325.9040221779167,0.5748445458020304,0.017325968131027998,4.30120032612565,0.04521081992399685,0.4,0.2,True,exact,71,0.7166125281324776,1353.8516833097087,0.0003124701728179913,16.258265911280468,29.6885964513095,True,0.08607574944896064,1,0,False,20.609364123999967
544,1,2,1.1965737566525256,1.293644297948127,1325.3849202659183,0.42427844726468383,0.01681161140396583,6.053829751284588,0.058511338214151165,0.4,0.2,True,exact,45,1.1965774313276238,1354.102512439405,0.0003022921195374728,14.11010986425497,24.797265161360002,True,0.13940226451007315,1,0,False,20.275578327000403
545,1,2,1.112355661039359,1.3344204114177243,1325.7523232183823,0.4971898551310648,0.01734151918101257,5.766332314008844,0.0549239460200429,0.4,0.2,True,exact,47,1.1124072078802831,1354.6734524299293,0.0002996650207733875,15.320323991360658,25.23483527055174,True,0.07443328384176885,1,1,False,20.41463205800028
546,1,2,1.2460106874614583,1.299079665354623,1325.4318172839894,0.875966136538908,0.01688224696029358,6.219446445675664,0.03330579007233795,0.4,0.2,True,exact,40,1.2460212209576664,1354.0883244612348,0.00023042906478298875,9.800178360975247,15.325377242825999,True,0.15518549257271635,1,0,False,20.698124387999997
547,1,2,0.863447922642589,1.5531170766785356,1325.9151750711226,0.02691935399573722,0.020183601318691024,4.8703628744787855,0.057980875395384456,0.4,0.2,True,exact,61,0.8634645496787604,1354.407955581108,0.0004139723120931693,18.136580444545295,38.2798381707699,True,0.03757706324281757,1,0,False,20.83059950200004
548,1,2,0.8242084374100229,1.6211255683788997,1325.4131550973639,0.6268571879733336,0.021067408665463097,4.7216659510879095,0.04541055122048045,0.4,0.2,True,exact,63,0.8242077040944509,1354.2602440433477,0.0004268281871737667,18.620526382504433,40.360413230939535,True,0.07954189211344251,1,0,False,21.78770751800039
549,1,2,0.8277324204160964,1.3427892236900234,1326.0202612628332,0.8712372892085908,0.017450276449187285,4.735115005396434,0.029811808647770954,0.4,0.2,True,exact,62,0.8277275323260421,1354.1641089366274,0.0002641414358816041,14.421227881102777,20.94565148372952,True,0.11302297080410986,1,0,False,21.13513991300033
550,1,2,0.8079504157351632,1.4302734573300018,1325.7152437980967,0.06745283706841713,0.018587181657413267,4.659368151244643,0.05655925216396255,0.4,0.2,True,exact,63,0.8079687396462795,1353.9939636209951,0.0003839075829318306,18.112716802950075,35.151740842734,True,0.04278299369895078,1,0,False,20.5180741639997
551,1,2,0.9006199825640941,1.5610168869053456,1326.1359743572882,0.2735594367031448,0.020286263650144,5.0091604166802775,0.05670656477637297,0.4,0.2,True,exact,57,0.9006555034933202,1354.0553002166682,0.00043718340754872465,17.805320726362407,39.74263562678699,True,0.05632695173228542,1,0,False,20.57900285200003
552,1,2,1.2135694938406913,1.2994749051790324,1325.9995830243065,0.32078388124750495,0.01688738331682519,6.111019292804849,0.06133925735861497,0.4,0.2,True,exact,40,1.2135160902051543,1353.9123861414273,0.0003086920301408336,13.953611124060625,24.225334543293187,True,0.11104152284531331,1,0,False,21.52620638899998
553,1,2,1.0554910971043312,1.6465526430184838,1325.3877325023611,0.47160971674673213,0.021397847332922413,5.568098857335662,0.05511111557702595,0.4,0.2,True,exact,50,1.0554771472109123,1353.88579227057,0.0004715664820177379,16.548927195628924,40.8384153116806,True,0.13286454555778368,1,1,False,21.222211380999852
555,1,2,0.894050227110888,1.561973176044943,1325.5085704389421,0.5514524074954198,0.02029869114774148,4.98477047785744,0.0495616203056466,0.4,0.2,True,exact,58,0.8940493698402721,1354.1182573599308,0.00041185153576661637,18.118964435949884,37.70982399580906,True,0.04422760360106018,1,0,False,20.251522183999896
554,1,2,0.8588891739047714,1.5281107628965909,1325.8808989815202,0.728615932584811,0.01985863066747377,4.853205040681163,0.04081128640556097,0.4,0.2,True,exact,61,0.8589117262454234,1354.2241186578076,0.0003553798255169216,17.6451170649506,31.899924590229215,True,0.0909581301503049,1,0,False,21.27462193700012
556,1,2,1.0119918301643502,1.3978707654828493,1326.081587511862,0.007305505736670437,0.0181660910495539,5.414045382926029,0.0609406014353077,0.4,0.2,True,exact,51,1.0119806079286535,1354.4173767345444,0.0003616367947560928,15.24855811814605,30.710910853153987,True,0.13188610543748855,1,0,False,20.48400209500005
557,1,2,0.9200747847272538,1.7184517741039322,1325.6628990734455,0.003071199590774243,0.02233221565504045,5.081040306782681,0.05933153015280097,0.4,0.2,True,exact,56,0.9200519807677169,1354.1855623663412,0.0005107887205919592,16.725946836160407,46.748237347194866,True,0.07674798701559196,1,0,False,20.711246011000185
558,1,2,1.2380228514327145,1.3038915345450017,1325.339394762403,0.7876391973803973,0.01694477981811522,6.1928371763503,0.041345034609712984,0.4,0.2,True,exact,42,1.2380741596960698,1353.813419656385,0.0002581878657583747,12.515416114498947,18.087100066943737,True,0.10992542357989075,1,0,False,20.74242266500005
559,1,2,0.9828059137802503,1.6483111621793007,1325.4350172971322,0.29235750506051916,0.021420700246064746,5.309444209002108,0.058085815523920226,0.4,0.2,True,exact,53,0.9827970271019975,1353.9362236026666,0.00047588907987228257,17.319277921856685,42.16432638135616,True,0.07181636092151365,1,0,False,20.718479824000042
560,1,2,0.9596583049520842,1.4524440911537557,1326.1969865429369,0.7343817014731293,0.018875301104942822,5.2257460983943815,0.041827978761689526,0.4,0.2,True,exact,51,0.9596565480821185,1354.0277148152568,0.0002966681237311919,16.670722439338675,23.114687299784194,True,0.14967335830025802,1,0,False,20.593802686000345
561,1,2,0.94898430309522,1.6558718020285716,1325.6701391882502,0.17258757504756964,0.021518954873950395,5.1869242655151675,0.059042737918299164,0.4,0.2,True,exact,53,0.9489769178716659,1354.1404199570252,0.0004958778393474583,15.8708175628023,43.75938598691589,True,0.056051898566297644,1,0,False,20.755457105999994
563,1,2,1.2007333727071103,1.4564987078730396,1325.740153119676,0.7497652119138989,0.0189279930549516,6.067851475168573,0.043892620477596886,0.4,0.2,True,exact,43,1.200723057026255,1354.5570855811723,0.0003465802444708732,15.357234349480573,25.354856758278864,True,0.14629544429392352,1,0,False,20.149432187000002
562,1,2,0.9211365623287616,1.5440755688398764,1325.5073957048203,0.02974497187404356,0.020066102005680063,5.084948610596416,0.05919608124488193,0.4,0.2,True,exact,57,0.9211550031151198,1354.0625294966108,0.00042957072756777404,17.109837716144973,40.312727589098664,True,0.06182178495099918,1,0,False,20.63126018999992
564,1,2,0.9600196480492393,1.4763159867478823,1325.8318093282899,0.87331815414691,0.019185529374677438,5.227057793602135,0.031208535353908568,0.4,0.2,True,exact,54,0.9600359431269345,1354.6319563396835,0.00026665751805676763,15.343104332036567,19.701332216311933,True,0.15081540614945788,1,0,False,21.199722876999658
565,1,2,0.8361702083967786,1.345911327326886,1326.129919783613,0.482445781373063,0.017490849884395938,4.7672399775781,0.050578010143787856,0.4,0.2,True,exact,60,0.8361229573057428,1354.5599049484372,0.0003241038106122085,17.7571433698003,30.415407343178664,True,0.06893843605226578,1,1,False,20.551194516000123
566,1,2,1.0298773569286988,1.6523720957446428,1325.3305719656714,0.41607831059404377,0.021473474286924463,5.477649348302432,0.056268295444894,0.4,0.2,True,exact,52,1.029912722171829,1354.1668717666864,0.0004285303096869253,17.070329701468104,38.44373394588614,True,0.07968427260448728,1,0,False,20.87565094599995
567,1,2,1.1797724707469934,1.296979941241463,1325.9339265569006,0.8078809981972289,0.016854959903177518,5.99702776552384,0.03909490047341177,0.4,0.2,True,exact,43,1.1797294777513867,1354.2488776994087,0.0002485784389969492,12.807372856217663,17.717626918471836,True,0.20394479287502268,1,1,False,20.92427975299961
568,1,2,0.9532007158981411,1.6179439563830995,1326.2071887079553,0.24369158414680997,0.02102606188675706,5.202276855664514,0.058249179852456506,0.4,0.2,True,exact,53,0.9532179494219818,1353.8499147249463,0.00046723369082801725,17.18399968812903,40.68531831070827,True,0.06860824603008844,1,0,False,20.527985147000436
569,1,2,0.8313217550102107,1.4223816732526804,1326.0253001175886,0.4600898454882007,0.01848462363013918,4.748793864191836,0.05119037741310619,0.4,0.2,True,exact,62,0.8313137328675856,1354.2905970467066,0.0003316613283133041,17.4614927120291,31.178696455799894,True,0.09676611819307884,1,1,False,21.405488779999814
570,1,2,1.1259086446920572,1.3413532529506578,1325.7743812559047,0.6602322936890371,0.017431615228250454,5.813075853865048,0.048181853477703276,0.4,0.2,True,exact,46,1.125899138504752,1353.921390362661,0.00030935079064808857,15.70265496388636,24.020728115774794,True,0.11034798297788029,1,0,False,21.087414910999996
571,1,2,1.1081595841758818,1.3453113967985284,1326.0308680422522,0.049358315373894214,0.017483053460813254,5.751821840303415,0.06265630614498557,0.4,0.2,True,exact,47,1.1082242275282956,1353.7347910257495,0.00032211676199012107,15.241429036467371,28.127019257458624,True,0.10731140598812644,1,0,False,21.40040924499999
572,1,2,1.0955530740481099,1.7009578501833893,1325.4709619082005,0.4107419436504858,0.022104872596868132,5.708116594392507,0.057589492581894844,0.4,0.2,True,exact,49,1.0955393542376435,1353.954940318554,0.000501540399050926,15.934916221680778,41.387413047189405,True,0.05573028227411282,1,0,False,20.361594937000064
573,1,2,0.9804259608719251,1.4099194603568865,1325.7239928447761,0.7194810950165214,0.018322670394021735,5.3008692147153,0.042958465946937155,0.4,0.2,True,exact,54,0.9804326566195799,1354.1558730045099,0.0003059099824902489,16.32075535399202,24.642471198962767,True,0.09052090549215033,1,0,False,20.246338182000272
575,1,2,1.212307100835901,1.3796496604663713,1325.850553933959,0.6926591661331275,0.017929297877447976,6.106780641924626,0.047561681324959075,0.4,0.2,True,exact,42,1.2122875779894633,1353.7344558812995,0.00027946544259804806,14.719246928996599,20.544477005286748,True,0.137081075446327,1,0,False,19.1540898799999
574,1,2,1.2196988363642796,1.4891800213610438,1325.5970663221474,0.764068041798923,0.01935270450260608,6.131578516955481,0.04314817763519737,0.4,0.2,True,exact,42,1.219737614530909,1353.650142659253,0.00034239674640446083,16.425554966243876,24.912562974336105,True,0.14375326202672717,1,0,False,20.781021668999983
576,2,2,1.9654224297931948,1.4304362148024568,1325.8926097281615,0.6568278144692794,0.018589296779309098,8.427675909911088,0.05805201205868339,0.4,0.2,True,exact,27,1.965403772551465,1353.4081194032626,0.00033805934252029157,13.0680331018957,21.73496189782725,True,0.13253307718501894,1,0,False,20.916652246000012
577,2,2,1.8751373128422968,1.3450587023181042,1327.0771377009185,0.13587356999272387,0.017479769558572465,8.167565101494981,0.07388886802908917,0.4,0.2,True,exact,28,1.8751907793935836,1353.3287312490522,0.0003117218130289645,14.0967171675656,22.451006196205547,True,0.18530807406952401,1,0,False,20.803989309999906
578,2,2,1.8217941613518307,1.297606482363988,1325.5962482021134,0.8630548258874499,0.016863102145907763,8.011922841456535,0.03917751471293032,0.4,0.2,True,exact,29,1.8216313198599956,1354.7461197886353,0.00026352002791574236,10.336218253678398,15.007615116884258,True,0.14609151647305152,1,0,False,20.80364483600033
579,2,2,1.3859341445108107,1.471298538931252,1325.883447815812,0.10844021549630899,0.01912032491077136,6.676757719100871,0.06722320881008656,0.4,0.2,True,exact,39,1.385874770808376,1353.6021495037096,0.0003692789562762533,15.76708470019261,31.813291355735096,True,0.14000272195755462,1,0,False,20.623020779999933
580,2,2,1.8802949744933701,1.4735320818167505,1325.5775865178714,0.26084157365970895,0.019149351015632372,8.1825351161097,0.07227552209527045,0.4,0.2,True,exact,27,1.8802470093660677,1353.781718603033,0.0003380754997793778,14.882097115910168,22.456757853265206,True,0.15478367051301212,1,0,False,21.043245662000118
581,2,2,1.8825796144803248,1.576154705403155,1326.7870275555006,0.23799267128331153,0.020482987836609005,8.189161864755492,0.07282473963086904,0.4,0.2,True,exact,29,1.8826174479340378,1355.0266501815524,0.00042783008000557565,14.215464862850412,30.319156310766775,True,0.09040618117937367,1,1,False,20.91633547900028
582,2,2,1.2717331880047091,1.3863657671301814,1325.7262460625814,0.5733395273468858,0.01801657733715622,6.304750299896187,0.05439956722375941,0.4,0.2,True,exact,42,1.2717553861081914,1353.7050694569223,0.00025871447548542204,14.625671194181136,20.518313979880663,True,0.2448897359010957,1,0,False,21.260032324999884
583,2,2,1.8505074245377564,1.68097223593868,1325.9949638170208,0.19953866021610145,0.021845148667435182,8.095887082260457,0.07312527658803833,0.4,0.2,True,exact,27,1.8504785326132354,1353.7523789517404,0.0005360193021487492,14.645305273821927,35.20990913634961,True,0.11267492788707387,1,0,False,21.63686425700007
584,2,2,1.564151119060698,1.6252300283640015,1326.1928072218661,0.14305905344257672,0.021120748355826283,7.2375186205656865,0.06979428419019117,0.4,0.2,True,exact,34,1.56413428099768,1354.3476648955002,0.0004664762245347731,15.305392911226738,32.285314387715744,True,0.1302977271279721,1,0,False,21.29231942200022
585,2,2,1.4709910467791725,1.5266896593904073,1326.4192049008677,0.4048159138548388,0.019840162654320027,6.947212350718417,0.0633894103021567,0.4,0.2,True,exact,36,1.4709821664536162,1354.3684715001607,0.0003863823335662486,14.366813718723074,29.56730227365476,True,0.10186781125170073,1,0,False,20.97357526399992
586,2,2,1.693712793347592,1.440735430217525,1326.7107668947963,0.42371305844893636,0.018723140686477777,7.631860080218966,0.0657076668708191,0.4,0.2,True,exact,30,1.6937024505855727,1353.8100651719112,0.00036343593045440326,13.837670305959582,24.30228077989896,True,0.13839481351965877,1,0,False,20.638350260000152
587,2,2,1.8028222317163918,1.3326000058887337,1326.339678151772,0.5020657472462923,0.017317862020849176,7.9562024280066845,0.06407817238934112,0.4,0.2,True,exact,28,1.8029173309702717,1353.381539052096,0.0002746712706838128,13.280860112049043,18.978934751726758,True,0.25460785138422865,1,0,False,20.529517968000164
588,2,2,1.7117958684210488,1.4991775140674983,1325.7861000408175,0.40805860473279526,0.019482627359036924,7.686085362694652,0.06648960073894913,0.4,0.2,True,exact,30,1.7117479037137788,1354.8867122006764,0.000411671589812701,14.546693963519576,28.255347489410717,True,0.09799458468692711,1,1,False,20.96402553400003
589,2,2,1.946155370978431,1.6418999732496384,1327.1295765957977,0.40764243218292084,0.02133738335818927,8.37250779134934,0.06951661965842185,0.4,0.2,True,exact,26,1.9460779594646487,1354.375839270047,0.00047934757554091156,13.556296980319319,30.46441530593797,True,0.15391703140976587,1,0,False,20.67587184199965
590,2,2,1.5713410945763784,1.505468725981981,1325.549429514682,0.2731929550256968,0.01956438508033175,7.259680927511167,0.06793332255199835,0.4,0.2,True,exact,33,1.5714156123593725,1353.8341976100107,0.00040454322987248936,14.768114327914603,29.149889931348728,True,0.16030352948091034,1,0,False,20.779395385000043
591,2,2,1.8959407636239805,1.5591920859375505,1326.6604782727711,0.7396260710878759,0.02026254936886219,8.227863226966223,0.051820085450599455,0.4,0.2,True,exact,27,1.8958957160523287,1355.0991314949936,0.0003941685912274284,13.71304520681424,23.506403135959587,True,0.1404303930260519,1,0,False,21.18056265799987
592,2,2,1.7073158366399457,1.427928733774224,1325.68807994187,0.8704587949667167,0.018556710699258863,7.6726690651750875,0.037737387038260704,0.4,0.2,True,exact,30,1.7073134924751163,1354.712889709619,0.0002638148551333819,11.045002537043915,15.300594529432987,True,0.1899025090670857,1,0,False,20.771231496999917
593,2,2,1.6172536217306888,1.308557109392387,1326.5219324517166,0.8442858691037911,0.017005411501364445,7.400413314835398,0.03973987575643646,0.4,0.2,True,exact,30,1.6172586324629645,1354.0164622977459,0.00023850222121579723,10.394647794307804,14.460784573486366,True,0.2255596721346634,1,0,False,20.794348177999836
594,2,2,1.3719640945450886,1.4778039996586416,1326.3570272620955,0.36171601135473413,0.01920486691194286,6.631814725233904,0.06305888129756487,0.4,0.2,True,exact,36,1.3719593441741484,1353.796497221025,0.0003957212827195855,15.442665301891218,30.577767844381192,True,0.08277564454303875,1,0,False,20.812525599999844
595,2,2,1.9259379743475726,1.3579583869348022,1326.146981478285,0.015571512771336882,0.017647407977690932,8.314422416557461,0.07521382430087196,0.4,0.2,True,exact,28,1.9258713964288485,1355.0379594089748,0.00031894998696613275,13.600279770877812,21.428771412671487,True,0.14924468508184152,1,0,False,20.256069576999835
596,2,2,1.3104231088165696,1.4365483413720435,1325.8686311856868,0.8397596225541205,0.018668727189123237,6.4319834213785985,0.03776877239492171,0.4,0.2,True,exact,40,1.3103608008174614,1354.6969016013595,0.00028274324456434297,13.28943314370283,19.064331059860482,True,0.16980840136023795,1,1,False,21.503224198000225
597,2,2,1.5008050738396566,1.540748275895574,1326.7493777379586,0.205972134453109,0.02002286202379672,7.040768750826611,0.06804241624692238,0.4,0.2,True,exact,34,1.500787682794478,1353.7640667528426,0.0004133594235753435,14.885814989824064,28.657784044178758,True,0.11513209199033847,1,0,False,21.40952043499965
598,2,2,1.2748667970578251,1.4001400100505685,1326.068910707097,0.3306132299517216,0.018195581117197355,6.315102847709695,0.0622114803723145,0.4,0.2,True,exact,40,1.2749167820533525,1354.1164170427157,0.0003319597130528873,14.852591048978434,25.271625160063426,True,0.14091412643901013,1,0,False,21.501999683000122
599,2,2,1.2582361851060078,1.506217900753549,1325.697236450547,0.8528470919759716,0.019574121014044932,6.260062483991915,0.03613232238343608,0.4,0.2,True,exact,40,1.2581774234671455,1354.635885868953,0.000344613548705075,15.86478596315235,22.37602378004827,True,0.10751952458872997,1,0,False,22.29159915700029
600,2,2,1.5428789399899179,1.6913804529168468,1326.3900687559433,0.11496243825210045,0.02198040910921399,7.171749662192738,0.0697834320478959,0.4,0.2,True,exact,32,1.542892260043979,1354.1625741433336,0.0004501602539339622,15.511152897055805,30.573071537174744,True,0.09848375925236827,1,0,False,21.100629732000016
601,2,2,1.6153698015002962,1.506622622872589,1325.6337690791047,0.4510715125590955,0.0195793805981537,7.394665399144765,0.06386358069332392,0.4,0.2,True,exact,33,1.615401884247522,1354.7099348789975,0.0003733449010329126,14.24795255911551,26.109487071263228,True,0.1093375921200554,1,0,False,21.894906123000055
602,2,2,1.6993717619596422,1.5518464807734906,1326.6546307356018,0.5770500223202537,0.020167089233691333,7.648850147846865,0.05978712050385334,0.4,0.2,True,exact,31,1.6995074219647612,1353.8446764848115,0.00040589701828652736,13.83877414599857,27.21714330809147,True,0.14761612316334352,1,0,False,21.05341681899972
603,2,2,1.3585659828478178,1.3941694217882807,1326.2759301118977,0.3275980066367773,0.018117990074684457,6.588568187825937,0.063578142958014,0.4,0.2,True,exact,39,1.3586031154205092,1354.8059445113727,0.00032806451671774095,14.729056323191948,26.2448937269981,True,0.15614424028105311,1,0,False,19.80529986800002
604,2,2,1.9381703075542274,1.715721375349118,1326.379358317019,0.13592456785131554,0.02229673263786439,8.34959053684434,0.07506029047144143,0.4,0.2,True,exact,28,1.9382572935290083,1353.512834321948,0.0004917857004131942,15.061862488433823,33.875572073113176,True,0.07687307932143315,1,0,False,21.09632602900001
607,2,2,1.6016495474955637,1.3507544416828916,1325.7197010250784,0.13108387452010037,0.0175537887901425,7.352734503454782,0.0701995805480014,0.4,0.2,True,exact,33,1.6018507083862445,1354.5499980884945,0.0003557220473705547,13.315441435517902,25.57812503793358,True,0.13878251447272127,1,0,False,20.69946569700005
605,2,2,1.393935057023731,1.3642659712611427,1325.7531137666347,0.319983497530557,0.017729378467384562,6.702429399332542,0.06425471832748104,0.4,0.2,True,exact,37,1.39396105210379,1353.6310626296179,0.0003022865776914907,15.206312485279852,22.74738518051195,True,0.16443466958333897,1,0,False,21.636343929000304
606,2,2,1.2880114692984042,1.3568064596910228,1325.987666412514,0.6839948122524288,0.01763243805650102,6.358437026965154,0.04898356443751635,0.4,0.2,True,exact,38,1.2881024779450139,1354.3240804773325,0.00030006511264890623,14.216511216486035,20.71218616101286,True,0.13083510294685377,1,0,False,21.899974028999623
608,3,2,2.0054194191359063,1.736010808255705,1325.6985810272527,0.426204439920014,0.022560404856088054,8.541628883715047,0.06969004491322826,0.4,0.2,True,exact,26,2.0054503502738106,1353.7734589913753,0.0005124401672279566,14.046645542254888,31.789341838648596,True,0.1240580986082187,1,0,False,19.890643403000013
609,3,2,2.2840569842585,1.505451833926241,1327.5556867098733,0.2723874068476337,0.019564165558878008,9.31555020585362,0.07685608318734695,0.4,0.2,True,exact,23,2.284271590868276,1354.9627100529613,0.00037502753948148726,13.360761512443045,23.09373211181409,True,0.14289844981097335,1,0,False,19.950927367000077
610,3,2,2.207177748425815,1.5358815372097565,1326.3424689739427,0.60464679614847,0.01995961610703244,9.105324479907852,0.06360729079328559,0.4,0.2,True,exact,24,2.2071367054739617,1355.0344625087034,0.0003793980031902011,14.195107641260494,22.81821447753344,True,0.11442736085129283,1,0,False,21.02831709799966
611,3,2,2.960896212717311,1.6547868724548027,1325.486893737706,0.2416709231568135,0.021504855623929498,11.07522804258892,0.08459414428116332,0.4,0.2,True,exact,19,2.960781271199952,1355.0967636745415,0.0004375785553332179,13.775411708798044,24.736955668679055,True,0.14808574917387815,1,0,False,20.786608493999665
612,3,2,2.1530710995923705,1.4194497362749907,1326.1183099108098,0.051569821944810926,0.018446521514118557,8.955904803380605,0.07800547636197708,0.4,0.2,True,exact,25,2.153039884372153,1354.1089382093799,0.00033742204743669735,13.127133501692631,22.871588132376253,True,0.16024814165170195,1,0,False,20.770453197999814
613,3,2,2.0889058077850162,1.7093519679136242,1326.0863619518102,0.30290508467754584,0.02221395872323508,8.777074658392616,0.07415900152882944,0.4,0.2,True,exact,24,2.0890399735934357,1353.2417831192565,0.0005233779884982193,14.465919436660743,31.75400881130921,True,0.1457948614360706,1,0,False,20.022030469999663
614,3,2,2.8021843203662415,1.3413409894934774,1328.0635102839337,0.5806364629313897,0.017431455857952985,10.67583091332613,0.06997944444112043,0.4,0.2,True,exact,17,2.8022556181745775,1353.2826890261133,0.00029085741298884304,11.948107981394028,15.166058691966677,True,0.20581415741059525,1,0,False,20.69997060700007
615,3,2,2.1454802036574594,1.4617410700048457,1327.0504676698881,0.660352966333687,0.01899612040273845,8.934842377322214,0.05955654718161837,0.4,0.2,True,exact,25,2.145367771241817,1354.9411017803523,0.0003468781034727808,14.142319325439036,20.56854566990146,True,0.1407373519428136,1,0,False,20.54644145100019
616,3,2,2.0635523017107653,1.6286680485350884,1326.5100334986487,0.1333501046016873,0.02116542729825813,8.705910699782654,0.07656804480191465,0.4,0.2,True,exact,24,2.0636240996526305,1353.3355955080262,0.00045961256458615374,14.225713922377631,29.681902299214332,True,0.13386685867650233,1,0,False,20.372202860000016
617,3,2,2.6586656191041214,1.5165410215560184,1327.2495110687607,0.5555920180298476,0.0197082755847276,10.308125575712282,0.07038201776705634,0.4,0.2,True,exact,20,2.658810740305451,1353.8360427405964,0.00038721377175665594,13.996408039281405,22.39110462811582,True,0.1149115423903377,1,0,False,21.277702271999715
618,3,2,2.523707410990907,1.7407922518343781,1326.8707462516134,0.5715291701265863,0.02262254231653382,9.956267495352767,0.06861761057681934,0.4,0.2,True,exact,20,2.5237060125762034,1354.6317483508803,0.0004723246900347755,13.768319343931335,26.932192762818687,True,0.11703243352991437,1,0,False,20.242308271000184
619,3,2,3.020179634656153,1.3640896156968398,1325.6418112425786,0.7770504790647443,0.01772708663088771,11.22257209666672,0.056468475524928695,0.4,0.2,True,exact,18,3.0200274143481307,1352.8236898791752,0.0002761474007727527,10.7043211519484,14.187129126788928,True,0.2959444361519805,1,0,False,20.770868388000054
620,3,2,2.003409789462508,1.4848210756168134,1327.2137451478104,0.643103635240903,0.019296057631360868,8.535921555893758,0.05933420700333094,0.4,0.2,True,exact,24,2.0036180983926193,1353.2562336374792,0.000369588116987285,14.124962406529871,21.546766814204215,True,0.16299792846449734,1,0,False,20.42696716399996
621,3,2,2.1970651747742873,1.3722007195268127,1325.766598231798,0.866889417475185,0.01783249483765908,9.077491433783173,0.04130469814248096,0.4,0.2,True,exact,23,2.1972082094404946,1354.3286342477684,0.00022659692107118712,8.12750979268245,11.61741333882146,True,0.21350064898146434,1,0,False,20.37990859399997
622,3,2,2.47965809727561,1.4062525926738416,1325.9494101708908,0.2520637826260577,0.018275017453677246,9.840075326848517,0.07929592675149473,0.4,0.2,True,exact,20,2.479642504692467,1353.2243935141591,0.0003433656688291986,13.407669121693429,20.007849800880926,True,0.14144343338408819,1,0,False,20.29563651100034
623,3,2,2.6315021078196064,1.682202287912083,1327.9257517126498,0.6072660676124755,0.02186113386198699,10.23779358616183,0.0674328640665027,0.4,0.2,True,exact,21,2.6318538102239746,1354.2422546897817,0.0004288350972552202,13.228566280708531,24.721422825317294,True,0.1366178142737102,1,0,False,20.14294806399994
626,3,2,2.2974217680289684,1.3275913339934113,1327.3015178655603,0.8642515728098284,0.01725277160481466,9.351853799042317,0.04215958193617186,0.4,0.2,False,none,22,2.2975998244345086,1354.8678962515894,0.0001714723354696579,5.260925465993273,8.954226563006788,False,0.3063476968999536,0,0,False,9.887769364000178
624,3,2,2.0941639881113687,1.3513884626947847,1325.8521178075869,0.3999411875225192,0.017562028238104203,8.791797550071298,0.07115098642801361,0.4,0.2,True,exact,26,2.0940778152206048,1355.1704935006305,0.0002754532330444537,13.383400762766298,17.269052485800948,True,0.1620473131271088,1,0,False,20.578626199000155
625,3,2,2.8598606948603247,1.7363446655393227,1326.595605327956,0.10172879671973266,0.02256474351310951,10.821824175358714,0.08572090088956487,0.4,0.2,True,exact,19,2.859918839840248,1355.1943893609446,0.0005613229355354576,12.629943130335175,33.11616575091741,True,0.10200466243273161,1,0,False,20.206168260999675
627,3,2,2.3863415199089504,1.5958367942731064,1325.7823017959718,0.8451903222581899,0.020738767288676914,9.591627098383054,0.04552911799536865,0.4,0.2,True,exact,23,2.3864293517900776,1354.4165328715228,0.0003611752125345369,13.891953680703056,19.592846287051515,True,0.1663283528237779,1,0,False,20.438264951999827
628,3,2,2.016208055266801,1.3987231809381002,1325.5586845040473,0.5232267935400834,0.01817716865211524,8.572235979647447,0.06562935317404552,0.4,0.2,True,exact,26,2.016254944730276,1353.786051438766,0.00030974662074712,12.773353090440663,19.913708001433715,True,0.19400925428962293,1,0,False,20.90198223299967
629,3,2,2.3347642376046926,1.3855343085008271,1327.3512647771136,0.7269578232352342,0.018005772079948072,9.452918405742553,0.05624778833352461,0.4,0.2,True,exact,23,2.334907165799523,1353.0331511405036,0.00028634532530069645,11.59246425895828,16.582360178961757,True,0.16922171382128473,1,0,False,20.603463805000047
630,3,2,2.791862558993304,1.605714192151843,1326.6148526673269,0.8583685373317053,0.020867129447489082,10.649598725260532,0.046284759378446845,0.4,0.2,True,exact,17,2.792028676580208,1354.533651790844,0.0003615221036658012,11.214100763748316,16.807941690421423,True,0.2304793357897297,1,0,False,21.163413149000007
631,3,2,2.087885064694258,1.387403710160877,1326.2538864848943,0.3144605252605588,0.018030065971488846,8.774215149174479,0.07353594109733799,0.4,0.2,True,exact,24,2.087827538324636,1353.3975058357623,0.0002943898412299806,13.881367868237673,18.84838128540473,True,0.17076119171788715,1,0,False,20.622040678999838
632,3,2,2.9674959664996843,1.4721485958338805,1326.605023501582,0.42827545534279965,0.019131371862658297,11.091679514437812,0.07890567721263606,0.4,0.2,True,exact,16,2.9675547904538253,1353.3125690766265,0.00037590088420869083,12.695132740883356,20.82833479145271,True,0.14065315056276595,1,0,False,20.318965255999956
633,3,2,2.4008236450822946,1.4227918593864133,1327.482719474891,0.2814807308967742,0.018489954222091348,9.630394118047073,0.07784063838355362,0.4,0.2,True,exact,18,2.400442603637046,1353.8906946025495,0.00036639043445008124,12.79105011515359,20.39714480596747,True,0.21089096780744518,1,0,False,20.281959323999672
634,3,2,2.4595546090196083,1.5004705729215837,1326.842447460291,0.39085182899678983,0.01949943136227941,9.786818493776382,0.07550093490722833,0.4,0.2,True,exact,21,2.4594185765351506,1353.8972428044287,0.00039313489026249204,12.726035903617262,23.9462437649947,True,0.2181308235885821,1,1,False,21.474447287999737
635,3,2,2.8960646035852027,1.3202148331598713,1326.5750582011824,0.04231698019761742,0.01715690996361143,10.91296388587713,0.08597267638723056,0.4,0.2,True,exact,19,2.895893066460195,1355.5353816271438,0.00032475834851475316,11.289318620095663,19.25492551372046,True,0.16647626568244597,1,0,False,20.672978679999687
636,3,2,2.076909301838559,1.3457456239948762,1326.323689138998,0.7096008289356174,0.01748869647945262,8.743438142567213,0.05538373596901275,0.4,0.2,True,exact,23,2.076844621276328,1353.3243893724675,0.0002725870170871003,12.034262386045008,15.714526387910587,True,0.14134904099394008,1,0,False,20.057325254999796
637,3,2,2.1865565845940087,1.5946412347767844,1326.4302336068836,0.023046224450962615,0.020723230342628938,9.048523140451131,0.07866051049110738,0.4,0.2,True,exact,24,2.1866760394534395,1354.8555832254367,0.00043951319817270296,14.348640790977779,28.976283294866164,True,0.09814838452844767,1,0,False,21.361009706999994
638,3,2,2.030732242279998,1.5822740397193498,1326.036582007621,0.07544885461816102,0.020562511915011385,8.613354670074898,0.07656187897566795,0.4,0.2,True,exact,27,2.0306764246542404,1354.4668584077012,0.00043914112909082537,13.388013285918845,30.523046029231427,True,0.17949047901388854,1,0,False,20.392887129999963
639,3,2,2.1662194970732265,1.715352946955906,1326.2734358200487,0.5197956685982225,0.022291944710466808,8.99232913643701,0.06772149640122264,0.4,0.2,True,exact,24,2.166190982273993,1354.433808732104,0.0004912979081805879,15.274567764600663,29.840960736586876,True,0.10736874640482887,1,1,False,20.94502822300001
640,4,2,4.350501846550056,1.5325051354645063,1327.8522347153946,0.1642797580707246,0.019915737929565223,14.314080627432594,0.09746967008841895,0.4,0.2,True,exact,12,4.350677422389518,1353.9567524760457,0.00039509659038861056,13.055090578574525,19.015684498948993,True,0.27554564265556386,1,0,False,21.433875638000245
642,4,2,4.626660684176384,1.3074985082420498,1329.5197500259635,0.3581291272581289,0.016991654403528907,14.913594168880122,0.09408578259503851,0.4,0.2,False,none,11,4.626533355999777,1352.6538443050408,0.00020764172794163205,6.298840041342765,9.169064064990353,False,0.3068478981087456,0,0,False,11.203801552000186
641,4,2,4.8385049316161615,1.316091337256381,1328.8982189904,0.010224886622655128,0.017103322891133102,15.365428626400949,0.1020181618215648,0.4,0.2,True,exact,9,4.837742860799682,1353.091206933207,0.0002881325729259254,9.087538357896047,12.276782375324622,True,0.39258345247633836,1,0,False,20.973147186999995
643,4,2,3.3382565774379938,1.481672876770607,1328.4981271294203,0.49942964827513436,0.0192551450747108,11.997304909537666,0.07883587200315678,0.4,0.2,True,exact,15,3.3383142446119494,1355.2024961694376,0.000370903750965601,13.001305224198763,19.108280776019132,True,0.15476879468169294,1,0,False,21.285951967000074
644,4,2,4.356129427134873,1.5473035885651911,1327.5274597371674,0.341385191031533,0.020108051878077293,14.326421929407408,0.0931358957749598,0.4,0.2,True,exact,12,4.3562161552340894,1353.66524528978,0.0003825607251686236,12.967189376009193,18.762650082046335,True,0.23676941180352487,1,0,False,20.29557534200012
645,4,2,4.6337978457296485,1.3816051427442544,1326.5580253868065,0.17401672619204472,0.017954710433445983,14.928927529264499,0.09917531462847932,0.4,0.2,True,exact,11,4.633510582336148,1354.3631915398923,0.0003759125258493423,11.002246555908537,18.840303997698747,True,0.26902369095018347,1,0,False,20.90873041900022
646,4,2,4.470749179898083,1.4216135170270514,1326.0547965681174,0.022650605951668745,0.018474641022104422,14.576639883001947,0.09948787263731217,0.4,0.2,True,exact,12,4.470691922726076,1352.8795738530653,0.0003595613448104107,11.521247605139148,18.407269396747143,True,0.17916288988976187,1,0,False,20.136869078000018
647,4,2,3.5859988505041582,1.592550476205136,1326.083390961908,0.1710383607683426,0.020696059797602136,12.583766515530396,0.09138301893654124,0.4,0.2,True,exact,16,3.5862090167601197,1354.7702897632896,0.000413466791810424,12.180821871882735,25.189844038260127,True,0.13622906367867485,1,0,False,20.567805545999818
648,4,2,3.2539908074784814,1.4358198539764788,1327.5299110408732,0.8745444836802462,0.01865926009911531,11.794551618804151,0.046012725366422834,0.4,0.2,True,exact,15,3.253798390065915,1353.5625021455694,0.00025278314317545014,7.433211329304235,11.041485445422834,True,0.2707357251370903,1,0,False,20.702801294999972
649,4,2,4.5749220369088075,1.6469857514593318,1328.7315483032482,0.0617057472966856,0.02140347581272545,14.802202886869752,0.10038263711905959,0.4,0.2,True,exact,11,4.574877003645258,1356.1809864219135,0.00043610184741837976,12.629363904110674,21.010197223942686,True,0.17233082106837416,1,0,False,20.928414383000018
650,4,2,4.35426859338559,1.2925085644451098,1328.5377259812497,0.23535412829228977,0.016796851929246636,14.322341703561742,0.09581485569196231,0.4,0.2,True,exact,11,4.354494629248239,1354.6627286338648,0.00028879434420980843,10.382062151902058,13.296138443720812,True,0.22870923848016317,1,1,False,20.41481467099993
651,4,2,4.701668776488541,1.5789247053017754,1328.5149938978366,0.12004750384003278,0.020518985492192148,15.074349309081398,0.10069324909559145,0.4,0.2,True,exact,12,4.701366453492408,1352.0229967716707,0.00041955583565356225,12.070271933426291,21.425537892468522,True,0.24660163625556084,1,0,False,20.069224349999786
652,4,2,3.918196724442189,1.7214506795006892,1327.0034082358407,0.1433058922360723,0.022371188062098174,13.34938870903448,0.09467097352413624,0.4,0.2,True,exact,13,3.918018119749932,1354.4305725924582,0.00046015057305093254,13.084507708096089,24.150027692176003,True,0.190917010273501,1,1,False,20.256569841999863
653,4,2,3.3867977060901033,1.4968486677228967,1327.0199118835687,0.4418477422240426,0.019452362733879076,12.113325634581882,0.08189699060038078,0.4,0.2,True,exact,16,3.3864494760103536,1354.1157030206248,0.0003380572569334772,12.647453252274483,18.647390474063858,True,0.1956320784828661,1,0,False,21.117323388000386
654,4,2,3.9831851713605677,1.6688029722999052,1328.6397814823397,0.030479623380813805,0.02168700246627928,13.496595081543822,0.09602787646372025,0.4,0.2,True,exact,13,3.9829651701543183,1352.5399320876347,0.0004931438159664348,13.1155216337807,25.04913126944569,True,0.1718896403210572,1,0,False,22.82296605700003
655,4,2,3.786980935077498,1.6019370276990155,1326.2218785910843,0.1970870616308693,0.020818043140619,13.04966311058597,0.092623320324747,0.4,0.2,True,exact,14,3.787071490886867,1352.73009202375,0.00042875692883026506,12.214210450042135,23.382458460789067,True,0.2375720533578905,1,0,False,21.609014923999894
656,4,2,4.618254001566843,1.3415900218368844,1325.593855454668,0.039029300159662716,0.017434692168731006,14.895523273611337,0.10041491455309778,0.4,0.2,True,exact,11,4.6176839987225655,1353.3024117257107,0.0002747439423531617,9.678044966515579,12.432865804262908,True,0.29104805277931345,1,0,False,21.71418278400006
657,4,2,3.8864391613516758,1.611290767724006,1326.915475549735,0.03023611155618473,0.02093960008074797,13.277158404297987,0.09517788082798571,0.4,0.2,True,exact,13,3.886590867340535,1354.120998492259,0.0004012580501543406,13.716079042407593,21.64001113855689,True,0.19246480494765852,1,0,False,21.75611712600039
658,4,2,4.63595100938053,1.4545120468509127,1328.5419789560535,0.17860844120041594,0.01890217531421067,14.933551804540574,0.09920632339923793,0.4,0.2,True,exact,12,4.636086804959345,1356.3578806464645,0.00036151801336459233,12.441728721776792,18.57885824967332,True,0.16517238842600138,1,0,False,20.42220569600022
659,4,2,4.108236360103969,1.701497204202678,1325.4295738552173,0.8696537868325377,0.02211188179576139,13.777618940938686,0.05108785472966312,0.4,0.2,True,exact,14,4.108335350361585,1354.1877281025731,0.00036624235842330766,11.850046263416484,16.7378594085726,True,0.2269972867613471,1,0,False,21.096861425000043
662,4,2,3.9131889310481753,1.2888675071769047,1328.5167330058873,0.8589016183243774,0.016749534409284048,13.33801183788538,0.0509341029701611,0.4,0.2,False,none,13,3.9130848704213164,1355.9080841179912,0.0002252390561939821,4.957412646124167,9.271144398182976,False,0.42117271697181685,0,0,False,10.400921980000021
660,4,2,4.486111492876584,1.355132455246203,1325.9937149627403,0.4586735069789478,0.017610683458069706,14.610012791495926,0.08888545311470898,0.4,0.2,True,exact,12,4.485903885981356,1352.91062427843,0.0003136862642700855,10.304583935417048,14.38029717149695,True,0.22108810804892395,1,0,False,19.51421403800032
661,4,2,4.337361426967508,1.7095525419825996,1326.509998084325,0.28713108053171627,0.0222165652923752,14.285242906090087,0.09491052731286237,0.4,0.2,True,exact,12,4.337531047837527,1352.5341242287338,0.0005039740670305104,12.48062003149509,25.635066524703873,True,0.1357838760613466,1,0,False,20.02215897799988
663,4,2,3.884126939835459,1.5167110918782567,1326.8725375598126,0.13673890335798694,0.019710485741084603,13.27189175360464,0.09423038944578548,0.4,0.2,True,exact,14,3.8843351709907648,1354.060416951144,0.0003624032572515645,13.717937434498493,19.454004422742845,True,0.20091071281853384,1,0,False,20.702390524999828
664,4,2,4.473484937688724,1.4992951817244047,1328.5824257226986,0.4727620755916539,0.019484156514250506,14.582585805196357,0.0883022661272015,0.4,0.2,True,exact,12,4.473509149007298,1355.4244068982523,0.00037271053373988394,12.098522270568566,18.299010231460674,True,0.2398349590267628,1,0,False,20.316597084000023
665,4,2,4.690936813585809,1.5053152231666274,1329.3873113338793,0.02386919887513116,0.019562390227739555,15.051401575287192,0.1011953553689143,0.4,0.2,True,exact,11,4.691041056225663,1352.8420078061704,0.00034567479278502233,10.975583196573428,17.312547095573034,True,0.2582975251623161,1,0,False,21.224461343000257
666,4,2,4.384601549482069,1.4767454536417493,1329.2060623410173,0.7428393869442733,0.01919111053059643,14.388780127662825,0.06780230452193543,0.4,0.2,True,exact,12,4.384340689644338,1355.5149169754081,0.0002855206079876993,9.351355560186926,13.326269659947199,True,0.18115914428543084,1,0,False,21.250697070000115
667,4,2,4.89413767891839,1.3208498294001147,1328.2831744672562,0.403975495944484,0.017165162085196077,15.48298438995782,0.0940154241547892,0.4,0.2,True,exact,9,4.893455190060264,1352.7523206628434,0.0002906601408242393,9.249240909329249,11.467306835047943,True,0.2833974084206942,1,0,False,21.56201787100008
668,4,2,4.237877933855456,1.4164056117740975,1325.9962026079597,0.7998797209727553,0.018406961460203056,14.065964483056298,0.06057066099982066,0.4,0.2,True,exact,11,4.237913484012438,1355.661376600629,0.00037702440250531044,10.258678896615866,16.370227128883254,True,0.22174251247500584,1,0,False,20.531628054000066
669,4,2,3.393747082889183,1.3802049250620467,1327.8807635922735,0.8854036826322548,0.017936513842936853,12.129890210609817,0.044861891921295804,0.4,0.2,True,exact,16,3.393442243539257,1355.029652973356,0.0002858976672663882,8.049494604618376,12.412156929502379,True,0.34628644676257964,1,0,False,21.58107215500013
670,4,2,3.79156810071537,1.6257094578634927,1327.668708376453,0.13873044731828568,0.021126978802985395,13.060199012194527,0.09358650231974877,0.4,0.2,True,exact,14,3.7917522012078724,1354.2101877251637,0.0004851671863432827,12.750566674792283,25.567917549472508,True,0.17893101178432222,1,0,False,20.964134127000307
671,4,2,3.400821082301106,1.5483000128210653,1325.4707633859582,0.12583363821289176,0.02012100095334459,12.146740229600901,0.0903282985663528,0.4,0.2,True,exact,15,3.4009955284592848,1352.6782953985496,0.00037377638790392353,13.147773384267479,20.278259611031743,True,0.1774038138080061,1,0,False,21.200344828999732
672,5,2,5.066231325959445,1.5867094836322029,1326.7197543849713,0.06385987086171463,0.020620152921573424,15.843844264571942,0.10375047545929476,0.4,0.2,True,exact,10,5.0664735893022765,1352.0484673465533,0.00042363529529898525,11.565761800459523,19.929955522502564,True,0.14967942258372577,1,0,False,20.811239053999998
673,5,2,7.531094137027282,1.6662417807595813,1329.5125123329726,0.7201968276143415,0.0216537183889055,20.636811871116585,0.08424374661648443,0.4,0.2,True,exact,7,7.531802355431172,1352.1085767788356,0.000468967521534025,11.07482701168903,16.012895017691896,True,0.20383104177120326,1,0,False,21.14535376899994
674,5,2,7.819904370971647,1.6659628703398457,1329.8966210041751,0.49706730501125906,0.02165009379627169,21.161097214704824,0.10505280970971488,0.4,0.2,True,exact,6,7.81942148737724,1353.3558091746736,0.00042285635270222777,10.03139920572872,15.507885300898815,True,0.21197429904014034,1,0,False,20.69722236000007
675,5,2,7.109745551817441,1.3714924012743799,1327.3010122543644,0.7885712777462847,0.01782328985663831,19.85972633789565,0.07340279509840529,0.4,0.2,False,none,8,10.831906647317942,1359.141233404496,0.00019243370761179435,4.0728823095907485,7.564975018297402,False,0.5174032102060947,0,0,False,10.85758051599987
679,5,2,7.195283106374207,1.3120662990826069,1325.9426255149183,0.8959896264925923,0.01705101533041417,20.018697261197506,0.05511940044679301,0.4,0.2,False,none,8,2.49081646593812,1354.1887133378614,9.574866771522306e-05,4.434410012769775,6.69043158534649,False,0.31218422248764827,0,0,False,11.278136809999978
676,5,2,6.893094791733278,1.6819229697632834,1326.7600788774464,0.26358999043373055,0.021857503970692183,19.454200528380905,0.1114078724410751,0.4,0.2,True,exact,7,6.894034262539452,1354.332015096033,0.00048441203622773266,11.124597818377588,19.643777330730185,True,0.2145543013036142,1,0,False,20.584509558999798
677,5,2,5.466131657096828,1.392657221674728,1325.3919401403798,0.4898599892458357,0.018098338211560715,16.666994017225687,0.09325630084360881,0.4,0.2,True,exact,11,5.466278055432823,1352.7233360313726,0.0002930097132041176,10.242309777909275,15.301849961209324,True,0.21512314974085414,1,0,False,21.558757926
678,5,2,6.695295904521403,1.3289840301734537,1330.3652208570822,0.5790759718869837,0.017270870449311398,19.08023582524843,0.09349165815418435,0.4,0.2,True,exact,8,6.6943965817253,1357.147006039443,0.0002893653497831883,8.355655653463879,12.806766959520914,True,0.33616194921996123,1,0,False,21.932030980000036
683,5,2,7.099731952735151,1.4339894219815978,1331.8449921360448,0.6703427454150717,0.018635472639573197,19.84107456411006,0.08743140753744025,0.4,0.2,False,none,6,7.100941009053926,1353.1419693022037,0.000308815415073993,6.782996091454857,10.149339304410075,False,0.30431466480610503,0,0,False,11.091051290999985
680,5,2,6.629858010050674,1.6805091235774772,1328.7348252034278,0.34487783829481683,0.02183913027036478,18.955709269774225,0.1071504587779803,0.4,0.2,True,exact,7,6.629553179899664,1355.2527365988074,0.00044709223246441887,11.27092376953952,17.344692327247408,True,0.1822278445250252,1,0,False,21.705558770999687
681,5,2,5.997798613627683,1.558229142710497,1328.385964130085,0.8518362739701635,0.020250035397778345,17.73094192156871,0.06053917176057929,0.4,0.2,True,exact,9,5.997245608431766,1352.3781938129357,0.0003301338832745193,8.503275054119804,11.992637516020034,True,0.28742532927526787,1,0,False,21.32022873400001
682,5,2,5.0299714727857525,1.7042575288886095,1325.9067691026123,0.6491070140660551,0.022147753716692253,15.768155794266768,0.08027576896758302,0.4,0.2,True,exact,11,5.0296226087977915,1356.0862178653288,0.00043575773476034474,11.894512256760061,19.793617366602646,True,0.1617857820416937,1,0,False,21.009197683000366
686,5,2,5.78253256042048,1.3378941304356409,1326.175171448532,0.8397846594728479,0.017386662049379407,17.30411046469685,0.061173149596881776,0.4,0.2,False,none,10,0.528226640727211,1354.0309629993114,4.139021925730901e-05,4.718637745256502,6.738927151220215,False,0.38433438044809276,0,0,False,10.34507600400002
684,5,2,7.248778674200468,1.5883693251036486,1328.3439120265818,0.4601577080204104,0.020641723464460977,20.117798197477704,0.10455059649118022,0.4,0.2,True,exact,8,7.248044878438542,1357.3403752679628,0.0004280544265908848,10.430675696654617,16.893816339701015,True,0.2624793468547524,1,0,False,22.41806478999979
685,5,2,7.563112169535601,1.425365154248441,1332.5268540881884,0.029694397272702223,0.01852339558871496,20.695261351219166,0.11847913886869267,0.4,0.2,True,exact,6,7.56228580140794,1355.2216417000993,0.00031624038747368743,8.262523874388522,11.785470175529435,True,0.32604088802674813,1,0,False,22.78965022400007
687,5,2,7.171646646228225,1.3148495777542697,1329.4568051870328,0.3457157363860332,0.01708718555087675,19.97483235946013,0.10937424257929741,0.4,0.2,True,exact,8,7.1716351139859436,1350.9689604711664,0.0003037038871404052,8.81948454920638,12.546628322402759,True,0.2634499289170121,1,0,False,22.472981809999965
688,5,2,6.3704471169251375,1.3547380693895992,1329.7957959402736,0.3957716038641608,0.017605558199314295,18.457965539295106,0.10305980219900329,0.4,0.2,True,exact,8,6.371361141240238,1355.2781715691697,0.0003183501008480194,8.448934838397346,12.133532187700066,True,0.3261116790343359,1,0,False,23.724110369999835
691,5,2,6.586857610469663,1.4236740659754183,1326.9054859741873,0.8238155064953168,0.018501418976642422,18.873657564689054,0.06660532080898297,0.4,0.2,False,none,7,6.587026125153882,1353.2496856714909,0.00029578336457858345,5.502166305652476,9.533404789290696,False,0.4256454654344738,0,0,False,12.502326539000023
689,5,2,5.441030404277935,1.545791794609798,1328.3185115701556,0.5882937122377977,0.020088405293199794,16.61593008283848,0.08695503579946076,0.4,0.2,True,exact,9,5.440680618454809,1355.5236040548161,0.00043296322095598416,11.760846318981573,16.998516499410332,True,0.17965307022737817,1,0,False,22.35389102199997
690,5,2,6.771824305682123,1.7083239642179078,1328.8051701126915,0.3704114391987065,0.02220059925596758,19.225353861817048,0.10688301839700669,0.4,0.2,True,exact,8,6.772159642785165,1355.8959489086826,0.00045401719904647475,11.905208360490157,19.189163937647237,True,0.2199392674516108,1,1,False,23.161234801999854
692,5,2,5.744872735939781,1.3906677155479874,1325.6437181226336,0.8796788652574192,0.018072483497137574,17.22889784060012,0.05447306268924297,0.4,0.2,False,none,10,5.7442761097420965,1354.3664513029191,0.0002821513934626596,6.65027649304947,10.186658621378646,False,0.3559185136293211,0,0,False,11.018539255000178
693,5,2,5.43921776264272,1.4484361698535861,1328.728429671784,0.8060243630926311,0.018823215987308087,16.61223955647451,0.06503846462990694,0.4,0.2,True,exact,9,5.439941427873063,1355.9242049769073,0.00028269118977319874,7.133813726195583,10.94581093413598,True,0.3412508132084742,1,0,False,21.68354810699975
694,5,2,6.858269083236028,1.7381123432357366,1326.2718734442008,0.8644469345331736,0.022587715446404238,19.38862010704336,0.061577109592562074,0.4,0.2,True,exact,7,6.858022652343695,1353.7037889677501,0.0003829144924645256,7.438542161894335,11.23641063199548,True,0.3449493719676261,1,0,False,21.26657251100005
695,5,2,7.625414554548211,1.3271494791195695,1327.76004337891,0.48322044709013684,0.017247029460356743,20.80875963401872,0.10447523663993698,0.4,0.2,True,exact,8,7.625695287858026,1350.6384326594496,0.0002504339980979875,7.220297651887856,10.773938176475164,True,0.4441381487088156,1,0,False,22.141500638999787
696,5,2,5.675925374123213,1.2884498751574054,1327.1579642775123,0.5012745394917697,0.01674410705399573,17.090771671199267,0.0935936418149587,0.4,0.2,True,exact,10,5.6761420923841595,1355.5363280911295,0.00026611681923294217,7.975956719383126,11.255198554700357,True,0.4101668587397782,1,0,False,20.786771491999843
697,5,2,6.192528576379874,1.6633104466863613,1326.6382652562122,0.3834792519407661,0.021615624107956446,18.112673859207018,0.10311945922865674,0.4,0.2,True,exact,8,6.192899217654367,1351.4093108539928,0.0005100459268239099,10.791469275931671,21.74550532174099,True,0.19999038247085613,1,0,False,20.82854334700005
698,5,2,6.804128298123428,1.5879970725166168,1327.1994982878734,0.49721425040441697,0.020636885839584323,19.2864465035228,0.10016371879340953,0.4,0.2,True,exact,7,6.804021452330322,1354.4164951051966,0.0003705992008958825,9.472090312168945,14.689678376420133,True,0.3206214901724454,1,0,False,20.527044618000218
699,5,2,6.009906823529592,1.6018638659041444,1327.2734665464054,0.3900231797560472,0.02081709236329409,17.75479709577058,0.10171717546569527,0.4,0.2,True,exact,9,6.009926409716851,1351.3129013930761,0.0003741105195953498,11.072800758162428,16.941361454104143,True,0.2637801495695494,1,0,False,21.197991024999737
700,5,2,5.260739519351926,1.475146324874094,1328.684054454905,0.07044933354077769,0.01917032898232279,16.24682191231463,0.10486322149621688,0.4,0.2,True,exact,10,5.260598246099995,1354.9871244847088,0.00038711630879095793,11.425381282910939,19.326240906415624,True,0.20143390383248752,1,0,False,21.118399932000102
701,5,2,7.872968822279786,1.597819278657145,1325.4861480378522,0.5423057886447481,0.02076453075173376,21.256719514449802,0.1020152871155653,0.4,0.2,True,exact,8,7.872044017264982,1356.9781035941019,0.0004293677249348482,11.97179104946346,16.449403956406005,True,0.21869037637027638,1,0,False,23.38828969699989
702,5,2,7.768745756464985,1.5024047155135087,1326.7146541055251,0.23658889842820272,0.019524566597449448,21.068704248242014,0.11644707517596652,0.4,0.2,True,exact,8,7.769453637263237,1357.7930675949283,0.00040032100722109387,9.818495653874237,17.186887587882822,True,0.23020479196322285,1,1,False,22.547497170000042
703,5,2,5.311413786028254,1.4475488716056235,1326.9465533639502,0.3383809367797232,0.018811685063878963,16.35098720090468,0.09944259680135925,0.4,0.2,True,exact,9,5.311199028026603,1353.5044513110083,0.0003716984305900395,10.841554873489795,16.895569766618337,True,0.23312695378739265,1,0,False,22.445130827999947
704,6,2,10.113595646102551,1.497874118781927,1333.2472724261722,0.34285193613797965,0.01946568902824419,25.11930456190951,0.12308467200880785,0.4,0.2,True,exact,4,10.114036325572805,1353.4731173636876,0.0003695923971339665,8.150012960543423,12.171231244600607,True,0.318401832200744,1,0,False,22.33124253799997
706,6,2,12.226699267714281,1.3932975139191934,1335.7416011806695,0.6955995728721499,0.018106659157601294,28.506465612991583,0.1015388890776488,0.4,0.2,False,none,4,0.5003768803340949,1354.1779787145022,3.9572205044136055e-05,4.5462629358922975,7.376771732671804,False,0.380514636668267,0,0,False,10.883596961999956
705,6,2,10.853331074531757,1.5510043646744163,1326.6062055023065,0.714705550786154,0.020156145476866432,26.329700659721833,0.0955620848038228,0.4,0.2,True,exact,6,10.85311712289283,1359.1667398312206,0.0005252557637644983,9.720320317946461,17.81279916605394,True,0.21707429040270662,1,0,False,21.175360188000013
709,6,2,8.137774108786262,1.371384281065634,1332.9406199538128,0.12496086428534318,0.01782188477570746,21.730729601937046,0.12045336239141616,0.4,0.2,False,none,6,8.13579201098745,1357.3517957455042,0.000275497910631195,6.389193612547691,9.509386338253119,False,0.33710210752514774,0,0,False,10.724729614999887
707,6,2,11.27339729857976,1.6539894427902995,1327.3518935001143,0.07694058227450366,0.021494492591631605,27.004766684700495,0.13538479113709073,0.4,0.2,True,exact,4,11.272283674065772,1349.8969558106735,0.0003304615855630466,7.2809078357152694,11.02845969303052,True,0.37512322960330746,1,0,False,20.896602377999898
708,6,2,9.468581895646036,1.5510954311241616,1334.6946060713324,0.36897339003115764,0.0201573289349217,24.039596886059257,0.11928774699554363,0.4,0.2,True,exact,4,9.464898897796735,1353.6343737581356,0.0004475015484238787,8.397279759622844,13.24474135357212,True,0.2718730281804226,1,0,False,20.557290548999845
711,6,2,11.989597608806495,1.5758119729228697,1327.3224593293055,0.7843572775569677,0.020478533841578675,28.13673019090878,0.08858808528461964,0.4,0.2,False,none,4,2.4908164659381193,1354.1892341711946,9.245124333345789e-05,3.874181353826974,6.460968324801775,False,0.2577065176757028,0,0,False,10.904016652999871
712,6,2,11.433314392923062,1.4227554879763415,1329.4346448298556,0.42523144924979456,0.01848948155583115,27.259548071778347,0.12359570932020436,0.4,0.2,False,none,5,11.433124633443406,1352.2984033544287,0.00031002576049632413,6.431013856409107,11.384911805692676,False,0.3876554548640322,0,0,False,10.445050665000053
710,6,2,9.831063373599418,1.516593102017462,1332.9780591196777,0.7594262089651618,0.019708952398656214,24.649278859450014,0.0864440319905661,0.4,0.2,True,exact,5,9.829867279563464,1352.639310521669,0.00039452687518914953,7.985986691572572,12.416997643810873,True,0.21616338620537023,1,0,False,21.634280878000027
715,6,2,8.625011746436007,1.509531990119178,1329.5685304505332,0.8815684038884641,0.019617189408240567,22.589694159597013,0.06231552762436463,0.4,0.2,False,none,7,8.623797149971882,1355.4454986624576,0.0003041977628828185,5.31178313012429,10.061409702228598,False,0.5512995744739301,0,0,False,10.889363668999977
713,6,2,12.542671766781655,1.5680077018039964,1337.1908195875933,0.062386697562138084,0.020377113092807323,28.99549935044413,0.1402643777265715,0.4,0.2,True,exact,4,12.544567356781858,1349.732268319324,0.0004710759628011596,9.699746804487335,15.66224826599036,True,0.38354127336183796,1,1,False,21.434561433
716,6,2,12.530783662825014,1.6292763015757765,1333.676092866998,0.5402228992985391,0.021173331877416057,28.977174919414143,0.11932166474698272,0.4,0.2,False,none,3,12.530817568984354,1358.7366798505109,0.0003857416663199942,6.487970022017277,10.169483570891366,False,0.6238635101792814,0,0,False,11.001259117000245
714,6,2,8.322271582068984,1.6096204716372318,1327.6883358491866,0.2262942961965109,0.02091789367444683,22.057949782310686,0.11960468398761122,0.4,0.2,True,exact,7,8.32261254204945,1352.654705255357,0.0004144705664552717,11.098447279108742,17.25816162647166,True,0.34748397024035294,1,0,False,21.61946666499989
719,6,2,9.706231107474508,1.3031027814032639,1329.1443731965112,0.5986634247998123,0.016934529541950755,24.440174708523475,0.1039691102582873,0.4,0.2,False,none,4,9.70739295686557,1358.2608173331387,0.0003038097368910364,5.003109956121609,8.686267989891805,False,0.3681069084315181,0,0,False,10.908185968999987
717,6,2,8.312317932944557,1.6214196434270798,1330.9111295827793,0.5891886759938223,0.021071230330693212,22.0403583607352,0.10017132675469415,0.4,0.2,True,exact,6,8.312441408196092,1355.8498428954638,0.00039716268893785767,8.96213608961093,14.32180919526695,True,0.23812520095181616,1,0,False,21.172638353000366
718,6,2,10.726420973151068,1.6475630295170223,1332.579381151117,0.30096920983793624,0.021410977855128698,26.124046366290482,0.12760628328245505,0.4,0.2,True,exact,4,10.726315468170725,1354.0325193988833,0.00045033611555167496,10.79720825605101,14.806692041739318,True,0.2169396856002142,1,0,False,21.203001635999954
720,6,2,8.58351770406506,1.6491084593806662,1327.668995770323,0.7004454336240354,0.021431061556932106,22.51718481597858,0.09026811443107384,0.4,0.2,True,exact,6,8.582035523159117,1353.4196278445195,0.0004481765204821242,10.43510095977884,15.405773135363638,True,0.29917141798833646,1,0,False,20.60599182599981
721,6,2,8.80023826973119,1.318687410545934,1331.8237045089763,0.3818371078684239,0.01713706027581404,22.894623619862454,0.11539541678999517,0.4,0.2,False,none,6,8.800600482531166,1358.2256482434689,0.00023466829937235367,5.803167773310468,8.928871030907459,False,0.38546884826178457,0,0,False,11.024562630000219
722,6,2,10.10264117373886,1.3408201121489483,1332.2635916553663,0.4148722616683323,0.017424686773499672,25.1011627499236,0.1190594078444679,0.4,0.2,False,none,4,0.5064957939503466,1353.9586724550115,4.744047606874968e-05,5.385612891004068,8.240206931659143,False,0.6478621855232839,0,0,False,10.281049726999754
723,6,2,10.614295849286075,1.5172775055989407,1329.1140638925913,0.6860268643987464,0.019717846595518177,25.94167494476523,0.09830729551878874,0.4,0.2,False,none,4,10.614672347363785,1350.3426706572695,0.00033710613058224315,5.917110564538059,10.26933349619452,False,0.33282166990165285,0,0,False,10.659337930999754
724,6,2,12.079295212869981,1.428056986054404,1326.3305635911897,0.13252718436896802,0.018558377407409996,28.276888401929288,0.1373521796127269,0.4,0.2,False,none,5,0.528474637390114,1354.0345566420247,3.984888345154314e-05,4.404135621391817,6.051842934916635,False,0.2894770413938669,0,1,False,10.82042288799994
726,6,2,11.99127269846759,1.3788491575446578,1331.6295410657526,0.5986581256156659,0.017918894906500758,28.139350820890016,0.11171254790886322,0.4,0.2,False,none,3,0.5005066917445975,1354.1797790065673,4.2585850109522205e-05,4.735255155557557,7.506404353730101,False,0.4741294474695779,0,0,False,9.923493394999696
727,6,2,11.52625846503245,1.4450839933434088,1328.7722861244072,0.7601204407554825,0.018779652629949354,27.407081437082024,0.090850416386126,0.4,0.2,False,none,5,4.380930206669524,1352.9426311608925,0.0001212145187896585,4.761148031534673,7.639732307308185,False,0.3403692994446407,0,0,False,10.696657719000086
725,6,2,8.717706400924726,1.7346538603506532,1333.8027627946433,0.5042604519884438,0.02254277057987214,22.751256144735567,0.10855233931229445,0.4,0.2,True,exact,6,8.717832290231351,1351.2372457513382,0.00044942038134521134,10.81227691003077,16.735119188940065,True,0.2127048373382319,1,0,False,21.17298738599993
730,6,2,12.259022343717627,1.419712800728414,1335.6192280013813,0.04609242082540543,0.018449940179799815,28.556684189421272,0.13905452738504706,0.4,0.2,False,none,3,0.5005066917445975,1354.1797790065673,4.2450768052315624e-05,4.9261861136321,7.50503678622029,False,0.4294184864314859,0,0,False,10.698277281000173
728,6,2,8.556503020960102,1.7010368983720465,1329.050687332197,0.6450991279374313,0.022105899871082534,22.469914830357176,0.09615754541050063,0.4,0.2,True,exact,7,8.556737456811499,1354.7210773954764,0.0004108513521677848,11.28230390255486,16.522495752013306,True,0.2717654559723058,1,0,False,21.176241325999854
729,6,2,8.258149395489685,1.5742455177962724,1328.8018756807683,0.5646759121865625,0.020458176905045294,21.944501067428416,0.10187589088719048,0.4,0.2,True,exact,6,8.25952709276924,1353.5774931783496,0.00037066625564352584,9.218417197822433,13.480613061589674,True,0.3078208229256606,1,1,False,21.142933932000233
731,6,2,9.948384802512408,1.6786370920788547,1334.3730761915356,0.0016663826007063398,0.02181480220264111,24.84499638320932,0.13027404163442444,0.4,0.2,True,exact,5,9.949314863546123,1354.2669556896342,0.00043220540363952953,9.909992917427783,16.68666623806387,True,0.381218046125983,1,0,False,21.484764107000046
732,6,2,9.526788229632649,1.5179011903138544,1332.3947453409412,0.4494590182000454,0.019725951717677607,24.138015502628537,0.115040798506361,0.4,0.2,True,exact,6,9.527383826818367,1351.4465311161787,0.0004284392187680064,8.979201459406546,16.203927207290505,True,0.2833562041531764,1,0,False,20.903434787999686
733,6,2,9.190712708101685,1.523086716110031,1326.3063257127365,0.6036935937730217,0.019793340446363564,23.566948246176814,0.10208213998835215,0.4,0.2,True,exact,6,9.192018229643907,1353.8768806514736,0.0003127788353201044,8.08593557523876,11.61458716063922,True,0.28971108069713053,1,0,False,21.436600078000083
734,6,2,11.40446883872111,1.6450553141683775,1332.1917883953518,0.7252638536588828,0.02137838872995724,27.213679320520075,0.09597865391305493,0.4,0.2,True,exact,5,11.403004357316538,1355.0018346771749,0.00042163496357761066,8.506376934313135,12.630051383551232,True,0.34096344058222433,1,0,False,21.553890361999947
736,7,2,13.168875924287056,1.5234832669609715,1337.7920568830416,0.7596497804112656,0.01979849384039815,29.952726306294224,0.09525616570044293,0.4,0.2,False,none,4,13.16804925881355,1350.9635627213556,0.00040744365694056484,6.771105922054726,12.336897924333822,False,0.33283128042728066,0,0,False,10.984036127000309
735,6,2,9.968010285306567,1.381066193530683,1328.5216772860003,0.07987263632999878,0.017947706495223238,24.877660638664146,0.12946615685231713,0.4,0.2,True,exact,5,9.963332320898946,1358.4386354252388,0.00033662486962815485,7.224462507516715,8.930675825552843,True,0.38961966339147225,1,0,False,22.32896830699974
739,7,2,16.581331375986387,1.4487055385612682,1335.115139340795,0.07663572614487899,0.018826716580203,34.926104847058866,0.15355002872742224,0.4,0.2,False,none,2,16.572971779385323,1351.6938914919274,0.00042764244606174895,5.695519051721912,10.215261285065859,False,0.3761967514823202,0,0,False,10.983231412999885
737,7,2,13.990309000931994,1.693490152341845,1331.9938919080428,0.12996909680790514,0.02200782580093404,31.185694879618367,0.14478248823933831,0.4,0.2,True,exact,4,13.989239349752191,1359.9743046620465,0.00045893422565257413,9.53422266080953,14.143424926386249,True,0.2610296568032395,1,0,False,21.529581403000066
740,7,2,16.995769986604,1.6019865386534469,1340.406656865158,0.5843068749676018,0.020818686562406166,35.50567587862824,0.12756888461001387,0.4,0.2,False,none,3,17.005679870987798,1357.4035058335296,0.00036500380714832303,6.35609519440428,10.41382616305789,False,0.38620447029594873,0,0,False,11.294556249999914
738,7,2,18.825599223084485,1.725628160918109,1339.8445029483996,0.4670059761389995,0.022425476705698538,38.01045720096036,0.14341378756576567,0.4,0.2,True,exact,3,18.826004301865282,1358.6755802644075,0.0004030517945255996,7.120944309972968,11.041932478778723,True,0.33219344123007705,1,0,False,22.00958506699999
741,7,2,16.282706322349803,1.3489126602836983,1338.558988161725,0.5602267693514847,0.017529853838917187,34.50549650289578,0.12761791371512227,0.4,0.2,False,none,3,0.6261338308681504,1354.1745056199768,5.05476835123142e-05,4.10106032130848,6.278797983586638,False,0.33182272638271937,0,0,False,11.181630046999999
742,7,2,12.95491780503941,1.2895521971102186,1332.6982110726613,0.02050725626655833,0.016758432327443885,29.627408270524175,0.1415161191650154,0.4,0.2,False,none,4,12.96549655821164,1358.6011940789651,0.00029107373904058154,5.486288677733646,10.059564958702268,False,0.3895747776500737,0,0,False,11.237641116000304
743,7,2,13.419910220988033,1.5794478091591964,1327.4781631875146,0.6352462767679629,0.020525783511391726,30.332180232357977,0.11252002656653885,0.4,0.2,False,none,4,13.418634291980956,1354.317625796504,0.000313601386779383,5.646031332244153,10.5422953033129,False,0.47299684162832883,0,0,False,10.883201556000131
745,7,2,19.413645541548764,1.3610144984557624,1337.8543182988549,0.12699477953671792,0.017687123809453233,38.79793563453796,0.16084450877332576,0.4,0.2,False,none,3,5.005451622504187,1356.6591606975671,0.00013471954611277148,4.953686372176988,8.784865973704022,False,0.38543927767475844,0,0,False,10.870044992999738
747,7,2,13.175609712721819,1.4970571078297765,1325.7599279685387,0.21038730567693317,0.019455071526460952,29.962936144393737,0.13965118402780877,0.4,0.2,False,none,4,13.178200960453385,1352.1081653834487,0.00032467954106008,6.474262902870101,11.086545240730333,False,0.3756089290682683,0,0,False,11.178645006999886
744,7,2,18.10398312555212,1.6454250966023554,1326.4828018511557,0.33346575123515176,0.02138319425385118,37.0328081281818,0.15025122902264407,0.4,0.2,True,exact,4,18.10513019339413,1362.6962425993302,0.0004273022802526727,9.049168480937777,14.512745074513246,True,0.24349091285097635,1,0,False,22.0827133089997
748,7,2,16.503781073026826,1.3500393830743522,1332.8462566300855,0.0178336707460827,0.017544496214527323,34.81712100917106,0.15352860511458258,0.4,0.2,False,none,3,0.5282592652169209,1354.0299252425891,3.8736773976366656e-05,4.152271414860682,6.14136670560811,False,0.3263392246623655,0,0,False,10.355009930000051
746,7,2,19.80090530873525,1.7194873290485033,1335.7143532378743,0.02183420540041613,0.02234567325489475,39.31219127386584,0.1638911968278638,0.4,0.2,True,exact,3,19.80040812453507,1355.5150465870772,0.00045178974548820694,8.099656708455893,13.356222735389602,True,0.35965770668323876,1,0,False,21.879845963999742
749,7,2,16.828592933537482,1.324147575965771,1336.6902341419884,0.846930579854718,0.01720801809581547,35.272460669312835,0.08559010047178237,0.4,0.2,False,none,2,2.492016658572137,1354.190326915169,9.009301041784656e-05,4.482118946525688,6.976159568826339,False,0.3598707559525018,0,0,False,10.637909541000226
750,7,2,12.796478978642627,1.4638700980731105,1334.1301638101365,0.6034822139884195,0.019023788280692674,29.385350777230958,0.11385662127401511,0.4,0.2,False,none,4,0.5006056182797523,1354.1770193815714,4.1401832291732e-05,4.62678611604096,7.521775347055896,False,0.4061512293258768,0,0,False,10.854050060999725
751,7,2,19.130068743085626,1.3752030575082927,1339.4531252701458,0.15888320290046223,0.017871511853022628,38.41919327908733,0.15937063852114589,0.4,0.2,False,none,2,0.5005066917445975,1354.1797790065673,4.291371215148221e-05,4.2545049744435115,7.6065055389153775,False,0.5064847015427572,0,0,False,10.71006845699958
753,7,2,17.78791481013605,1.398141958470197,1327.9972421351779,0.23814587770741213,0.01816961534995549,36.60051936945837,0.15316281763219447,0.4,0.2,False,none,4,17.785614282060546,1345.7873464946026,0.0002845550561793031,4.852904926068067,9.636372239472982,False,0.43984296355903635,0,0,False,11.040372731999923
754,7,2,12.847102768470368,1.6222438665824095,1337.0605253442213,0.8604023219099495,0.021081941558980258,29.462800139366898,0.07635236559732195,0.4,0.2,False,none,4,12.850147488261912,1349.9047234508039,0.0003590723644109062,5.032093355778327,9.639803144726597,False,0.37169562632696657,0,0,False,11.317515211999762
752,7,2,12.66468702613033,1.7347982584992965,1328.0346080725126,0.3584804031489231,0.02254464711236743,29.18324148322267,0.1323206545354729,0.4,0.2,True,exact,4,12.662614343664007,1353.36660152487,0.00048184907211823447,9.955927125412359,16.261750364695256,True,0.3843672263280072,1,0,False,22.671945555000093
756,7,2,18.888054649584685,1.363076632539598,1336.5881893964054,0.4091346090095302,0.01771392236368897,38.094479267096,0.14709273416819327,0.4,0.2,False,none,3,18.887385264163502,1355.4797112267054,0.0003332979093775279,5.566656430311248,8.628938657611629,False,0.3775226704674514,0,0,False,10.691049497000222
755,7,2,18.614628530144326,1.7395413174618086,1331.4894393907696,0.11488875246172739,0.022606285743844663,37.725945837281074,0.1596132797484888,0.4,0.2,True,exact,3,18.6261509839045,1350.1028206964465,0.00040921969266694,7.3579900139134935,10.921821423727843,True,0.3163830817981956,1,0,False,21.172748972000136
757,7,2,15.53267461552745,1.4512044644072093,1340.1625604151034,0.7457422765148322,0.018859191481005268,33.437570675510635,0.10268299536613351,0.4,0.2,False,none,1,0.500339797543945,1354.1758649954636,3.9176674948127044e-05,4.217327128178335,7.585858181843786,False,0.43367411262436034,0,0,False,10.81364817900021
758,7,2,12.704238361318394,1.5546659585754687,1330.7532113825105,0.4705828785781169,0.020203729881544952,29.243968670197834,0.12520665673711254,0.4,0.2,False,none,5,12.704908160587012,1356.162517283716,0.0003521353708419994,6.824466017615417,11.808243013696087,False,0.3572239480715419,0,0,False,10.952409868999894
760,7,2,14.871276264266545,1.4871512211361304,1334.3195552858601,0.5368447927558175,0.019326339140000905,32.481497895418904,0.12631130287592898,0.4,0.2,False,none,4,14.890742050337499,1349.1900055128795,0.0003929396070369018,5.374852070220364,9.916639936786835,False,0.6186919722666037,0,0,False,10.514359783000145
761,7,2,15.277122254428335,1.5695453201869523,1334.9751420637763,0.6112795094160686,0.020397095280169683,33.0698016689806,0.12017651978842833,0.4,0.2,False,none,3,10.831906647317942,1359.141233404496,0.00022585416160980643,5.601418049248133,8.924688210196587,False,0.4148992836946445,0,0,False,10.748034496999935
762,7,2,15.135240167854036,1.3226903570405038,1340.143354547857,0.09657372145683506,0.017189080743143674,32.864732278023006,0.14846203913912712,0.4,0.2,False,none,3,8.742742663837705,1352.9337154123887,0.00018068724393116575,4.821978101263322,8.531450315963742,False,0.35396389775655446,0,0,False,11.354070142000182
763,7,2,16.756221197591135,1.2961967337367848,1331.841877686033,0.6025359807905324,0.01684478169558351,35.17126138292234,0.12424469440937866,0.4,0.2,False,none,3,2.4908164659381193,1354.1892341711946,9.713013721956987e-05,4.385383683801854,6.831748087790353,False,0.35097305860184475,0,0,False,11.413806942000065
759,7,2,13.583499564783633,1.5641660101135846,1326.036073718928,0.358259839333682,0.020327188219381537,30.578182597419005,0.13511974279473823,0.4,0.2,True,exact,5,13.583905020768887,1353.2039485040798,0.00048035416761760263,8.15520509781555,14.346886000911157,True,0.28514344998693736,1,0,False,23.053888321999693
764,7,2,12.862877785817897,1.3064316547075234,1331.8839208784132,0.361023976355224,0.01697779006147147,29.486913545932538,0.1320469316660983,0.4,0.2,False,none,4,21.92417560320062,1348.5540640657428,0.0004195360557851524,5.029160524476104,11.573396594358508,False,0.595635171331728,0,0,False,11.579746866000278
765,7,2,19.569972290907693,1.3364828358534029,1326.0676349376915,0.6632424239303456,0.017368321508528465,39.00593518424131,0.12322907053758214,0.4,0.2,False,none,3,19.57488435067242,1345.6310228132145,0.0004103172861202875,6.023733411823114,11.581965819269191,False,0.37889533380769613,0,0,False,10.949068711000109
766,7,2,15.055801776458816,1.6438500497059205,1331.918479136499,0.80572822670586,0.02136272566259477,32.74963618262972,0.09188504383263697,0.4,0.2,False,none,4,15.058291088122967,1346.971460800665,0.0003680507617437323,6.253595932565199,9.898993357387464,False,0.5711496616434689,0,0,False,10.40948317199991
767,7,2,19.174611371740617,1.5794379389429123,1328.7099304110568,0.24390868778289063,0.02052565524256164,38.4788072292784,0.15720393761649915,0.4,0.2,False,none,2,0.527685368431196,1352.9561617355475,4.307034132233767e-05,4.640765130113537,6.514704000922406,False,0.3386973241049258,0,0,False,10.467432864999864
768,0,3,0.6886706419954104,2.281538392898825,1325.9719930909612,0.5976307377844425,0.02964983258959317,4.188690456062397,0.04464143472913169,0.4,0.2,True,exact,75,0.6886525714826928,1354.2069095183324,0.0008699279908374047,18.348845068690352,86.10084913011738,True,0.02778516241464528,1,0,False,20.48316029500029
769,0,3,0.7712801007252326,2.1582091834635344,1325.438350596603,0.30758060892580114,0.02804710242097339,4.517296932022218,0.05386822593248734,0.4,0.2,True,exact,67,0.7712826076619996,1353.975821508536,0.0008284512862933857,17.51997318117257,76.93194587235527,True,0.03952537062057334,1,0,False,20.134557335999943
770,0,3,0.7368964494822418,1.821254579307561,1325.4836775831395,0.052762491261167076,0.023668194034153055,4.382025127834937,0.055235206450107835,0.4,0.2,True,exact,70,0.7368809004595679,1354.222293059632,0.0006096725757248622,18.59461756737012,58.59448374694977,True,0.06960498035180646,1,0,False,20.559262709999985
771,0,3,0.7814400747920333,2.0119646729646674,1325.749838947814,0.004339353268560553,0.026146575448938038,4.556880858551378,0.05649687502301527,0.4,0.2,True,exact,69,0.7814475675582071,1353.8813498529707,0.0007176780186589626,17.845193288871787,73.34181527571725,True,0.037609429551448706,1,0,False,20.546078765999937
772,0,3,0.5120719626580404,1.7910076562873236,1325.560664542062,0.4814486166506344,0.023275118814953744,3.437884004842879,0.043760176487874294,0.4,0.2,True,exact,101,0.512075621479577,1354.2368654528982,0.0005730175616225353,19.202688956938136,64.00258300531918,True,0.049447141617187704,1,0,False,20.39377400400008
773,0,3,0.5058218584844986,1.9574359558799053,1325.374710927956,0.4740733875776598,0.025437945106393467,3.4098526813539283,0.04389738393862758,0.4,0.2,True,exact,103,0.5058268146711469,1354.2068215862973,0.0006709804049400692,19.18401392633358,73.75666987967973,True,0.052319376566450096,1,1,True,19.792340786000295
775,0,3,0.6026499657192745,2.1058404946601637,1325.425771776557,0.8230035117249215,0.027366542821016967,3.8321924571681256,0.03166106838426129,0.4,0.2,True,exact,86,0.6026561533694993,1354.352774449278,0.0006439760508949455,19.61391006604457,60.356211065323734,True,0.06388250125851586,1,0,False,20.062403854000422
774,0,3,0.7841051756079478,1.8825284291163245,1325.9105185815793,0.09922815682011148,0.024464481045848446,4.567235804133825,0.05620835560637653,0.4,0.2,True,exact,63,0.7841162041694897,1354.1385535834768,0.0006317247501180789,17.392840164065767,58.80727448042256,True,0.015358161831622046,1,0,False,20.391841569999997
776,0,3,0.5619755490126492,1.960842457253939,1325.3203380343462,0.584185581842499,0.025482214444911146,3.657762482918719,0.04214257608304102,0.4,0.2,True,exact,93,0.5619827213809805,1353.981124440472,0.0006527071569644161,19.641969303092754,70.70624285022055,True,0.05938914784235585,1,0,False,20.7759272520002
777,0,3,0.5732549453809551,2.1984129884884815,1325.530044468102,0.4273870428943761,0.028569572738441847,3.7065434394403742,0.046881463943998274,0.4,0.2,True,exact,90,0.5732635722324773,1354.1923639491658,0.0008736459208200653,18.33355326372795,93.40697715162179,True,0.06092545915119041,1,0,False,22.34064199100021
778,0,3,0.5872692303660189,1.7825227247528113,1325.5816792407873,0.10222623732057723,0.023164852513796828,3.766708847418825,0.051178969742162544,0.4,0.2,True,exact,88,0.587275419993204,1354.3580897713757,0.0005905104906551717,17.967163368608112,65.90415556354628,True,0.11075548049109102,1,0,False,21.10994455400032
779,0,3,0.6470831558936357,1.8311698564950463,1325.574353472628,0.7917364372546885,0.023797048455189044,4.018314743985174,0.034091954609245474,0.4,0.2,True,exact,82,0.6470880807266252,1354.0466338061804,0.0004977992515271534,20.295280466352494,45.148066129636874,True,0.09281864964889493,1,0,False,21.211197704999904
780,0,3,0.7224690403106783,1.9677523303866724,1325.525002276646,0.8894299370621206,0.025572012005293448,4.324640870838423,0.027812769404523527,0.4,0.2,True,exact,72,0.7224606497697389,1354.4240957033314,0.0004919034826034174,20.261119699259858,39.576505054413204,True,0.060246431318444704,1,0,False,21.672909073000028
782,0,3,0.6275747837678525,2.1638316485914877,1325.3277951374814,0.7131792830318997,0.028120169413974036,3.9371401778902433,0.03844275462414669,0.4,0.2,True,exact,83,0.6275740186220086,1354.1961579024878,0.0007496288584689648,18.542600656907982,70.93254109418633,True,0.0582028667815469,1,0,False,20.51934261999986
783,0,3,0.6676208300373576,1.9124469872682033,1325.681029513533,0.39433491162411455,0.024853288984950504,4.102895665142321,0.04967476390686479,0.4,0.2,True,exact,76,0.6676293662988879,1354.389005900894,0.00065130642304978,17.95792393769376,68.434924012156,True,0.03895536818078088,1,0,False,21.34495208699991
781,0,3,0.5035883113578745,1.8230775625866402,1325.7209236337987,0.3006089538619581,0.023691884693581168,3.39980740213526,0.04698951651713108,0.4,0.2,True,exact,100,0.5035887442525517,1353.9215612656849,0.0006113494080361992,18.20335891998271,69.36553487358755,True,0.0540098134965704,1,0,False,21.847602081999867
784,0,3,0.6136096897968839,1.8003722397782878,1325.8812048896466,0.6313284257941222,0.023396816671821967,3.8785139726356683,0.041420183310729594,0.4,0.2,True,exact,83,0.6135927487798672,1354.1075116772492,0.0005149951032594746,19.073012687649353,48.192656462169545,True,0.0925224080230815,1,1,False,21.34085285500032
785,0,3,0.6916188935212866,1.8055759390504684,1325.9176136255535,0.29071933409187817,0.023464441574715104,4.200636677867998,0.05203558182088149,0.4,0.2,True,exact,75,0.6916020460929169,1354.2741921440183,0.000590641168613959,18.226971967575906,61.36210499657337,True,0.04601090704292237,1,0,False,20.740071191000425
786,0,3,0.6649622466459711,2.0592228305528715,1325.4382532403786,0.43892680722589844,0.026760720915586338,4.091996122421812,0.04872082771461684,0.4,0.2,True,exact,77,0.6649545905700214,1354.031998357053,0.0007371981767354541,18.7778810526601,71.88536381293686,True,0.046095652922460484,1,0,False,20.180225695000445
787,0,3,0.6070691191500068,2.091705820495412,1325.6885104960386,0.47014229433698584,0.027182855040878032,3.850903613441109,0.046624058670020424,0.4,0.2,True,exact,87,0.6070566904654328,1354.2208107269173,0.0007642645933833014,18.655137951910948,77.55668300868717,True,0.020549193467826403,1,0,False,21.08906548699997
788,0,3,0.6783544779144446,1.900897997653661,1325.4383156273173,0.6241473615255648,0.024703203582173195,4.146754758784942,0.043090653133232175,0.4,0.2,True,exact,74,0.6783443207242984,1353.9294124329626,0.0005939941874459898,18.71523009914029,55.93842840139741,True,0.08678139724158716,1,0,False,21.431012606000422
789,0,3,0.5521144969921135,2.3209679043228064,1325.5061572102643,0.13335833525955598,0.030162240540495596,3.6148475637000352,0.05038325648396762,0.4,0.2,True,exact,93,0.5521160310007729,1354.2159767620822,0.0009988842845501944,18.167833434767417,112.63211184107816,True,0.04388764175861069,1,0,False,20.83916804499995
790,0,3,0.547343472787865,1.9822558774667745,1325.5119108187796,0.25183012952173134,0.02576049348963697,3.5939926382305836,0.0489644256271055,0.4,0.2,True,exact,96,0.5473560030019359,1353.9739240561428,0.0007359386313925409,18.41425948407103,82.03331643547983,True,0.052405073771344096,1,0,False,20.96203260900029
791,0,3,0.7315722010162886,1.9693031121478777,1325.9813897428742,0.26871677972147523,0.025592165257917132,4.360892193449603,0.05342014604643488,0.4,0.2,True,exact,71,0.7315934894577487,1354.5125033013942,0.0006888511912481743,18.519953830881963,74.51702536568718,True,0.02869936938250707,1,0,False,20.981218977000026
792,0,3,0.550078813162343,2.08747943595038,1325.718697473679,0.1165393921355593,0.02712793087453068,3.6059566347405774,0.0502659828830794,0.4,0.2,True,exact,93,0.5500942670797719,1354.32275910069,0.0007863788731624632,18.375891676792165,86.13964289756659,True,0.04305525214113731,1,0,False,20.957579470999917
793,0,3,0.5934400770330573,2.11672186637552,1325.6518746364816,0.18452124134364478,0.02750795216600525,3.793049140249732,0.05101671216603913,0.4,0.2,True,exact,88,0.5934592023405442,1354.1369067373882,0.0008040777911492158,18.03097699022595,88.09753141428075,True,0.040836819869330306,1,0,False,21.028017224999985
794,0,3,0.7448548375260367,2.289569248759537,1325.377143930844,0.016539959363465705,0.029754197930348506,4.4135188188184316,0.05582616358679144,0.4,0.2,True,exact,70,0.7448699522538617,1354.4264442046094,0.0009716428829159574,17.622158793817047,95.73197504923401,True,0.016826738752216547,1,0,False,20.417517940999915
795,0,3,0.5533000087431604,2.164469374249741,1325.3476262899264,0.0701286091487993,0.02812845700583054,3.620020297637844,0.05060679336328467,0.4,0.2,True,exact,92,0.5532971144352336,1354.1187993506742,0.0008504340349497763,18.064359770213926,94.10370724228773,True,0.03431678521763217,1,0,False,21.03810336100014
796,0,3,0.5558257819235194,1.8470453368968738,1325.5431114007133,0.6988291113181739,0.02400335895939033,3.6310286808660392,0.03744395632656946,0.4,0.2,True,exact,91,0.5558178870138081,1354.4461034830933,0.0005524629267334991,19.057429680637235,55.89762648404935,True,0.05522869119647729,1,0,False,21.34135641199964
797,0,3,0.6525004857522229,2.2121440076378356,1325.5600157980873,0.15000422425915075,0.028748014802064355,4.0407109122180564,0.05292055849728636,0.4,0.2,True,exact,76,0.6524897110663724,1354.2699826244625,0.0008745112712252867,17.645404847541727,89.54493995633342,True,0.04022355353734899,1,0,False,21.114135271000123
798,0,3,0.5598523866995324,1.9594148126959106,1325.6616723328273,0.06680291114002782,0.025463661427230295,3.648543906599264,0.050668849714193005,0.4,0.2,True,exact,94,0.5598487537427757,1354.2140889659236,0.0006967969616564762,18.28587112908903,73.81008963981203,True,0.04060579249897435,1,1,False,21.378694291999636
799,0,3,0.6092182199983533,1.8684303987983704,1325.6780261374993,0.4835660701094866,0.024281269472433177,3.8599867141153457,0.04615766073944345,0.4,0.2,True,exact,87,0.6092050285866807,1354.310845118616,0.0006117501819841165,19.408840453131486,63.938348910622445,True,0.024800877290222987,1,0,False,21.56604917499999
800,1,3,0.9119064387972862,2.3241920133619636,1326.2049004871851,0.3000508875067306,0.030204139591398768,5.050922936454618,0.05710536200633538,0.4,0.2,True,exact,58,0.9118832524886709,1354.4733474146908,0.00094976747198805,17.2127270301968,81.25176619074863,True,0.03990636031671599,1,0,False,21.572578157999942
801,1,3,1.1046303857680937,2.0380443784237716,1325.3234118370044,0.7530884050883878,0.02648549540893304,5.739603317074468,0.04321205217974323,0.4,0.2,True,exact,47,1.1046162513219184,1354.043348496912,0.0006351157970281296,16.997252610034682,48.09711429021653,True,0.05295528870149758,1,0,False,21.526427574999616
802,1,3,0.9752563835450742,2.0021638314840917,1326.0755204056431,0.7479715380923682,0.026019208182167217,5.282219231321162,0.04182159424698878,0.4,0.2,True,exact,54,0.9752269519497213,1354.3575117357507,0.0006451913080192107,17.638936461701462,51.57028688213303,True,0.051568551473396305,1,0,False,21.282979766999688
803,1,3,0.8587341678882837,2.320597870393638,1325.6480561694461,0.8037799991347079,0.030157431748284842,4.852621109224295,0.036915025711228434,0.4,0.2,True,exact,60,0.8587419935097554,1353.9860956025304,0.0007637098119277486,19.2705689432935,60.32205109814905,True,0.05453067906399373,1,0,False,22.05866289400001
804,1,3,1.2547085604931096,2.002388516658933,1326.2410848119573,0.7421231261345328,0.026022128088244688,6.248356424109162,0.04570898820151921,0.4,0.2,True,exact,40,1.2547010274883306,1353.844912629785,0.0005699238222953706,18.595347520253764,39.71592236541521,True,0.08194612989352931,1,0,False,22.621942889000366
805,1,3,1.1085030359881851,2.0529518913426537,1325.5724256792162,0.7742857234658859,0.026679226649111935,5.753010220048412,0.041828346226802905,0.4,0.2,True,exact,47,1.1085117311196535,1354.393654409153,0.0006428756764895738,16.939356925843967,46.18130545092917,True,0.07633457345354454,1,0,False,21.554527537000013
806,1,3,0.8235668247145671,1.868578580891291,1325.372667577042,0.34774216890962223,0.02428319517934284,4.719215216645004,0.05404687523260249,0.4,0.2,True,exact,64,0.8235767437231573,1354.1968192845193,0.0006082480042866045,18.174034758279397,58.735896812818964,True,0.03275506213073379,1,0,False,22.012747606000175
807,1,3,1.1883707468760525,2.0565372110022406,1326.4452789228476,0.2518335484315537,0.02672581982852886,6.026130365162849,0.06282356758500611,0.4,0.2,True,exact,42,1.1883584271987129,1353.7774447881125,0.0007567301159139284,15.361199218744224,60.057651866615615,True,0.048117913286179204,1,0,False,21.619109022999965
808,1,3,1.1489667076828416,2.008836315214455,1325.632122304733,0.7359790545996434,0.02610592073812412,5.892173377173209,0.04484281015048676,0.4,0.2,True,exact,46,1.1489820933042998,1354.3562767326496,0.0006489741306412444,16.671708188025477,50.2785032752727,True,0.05829245585367147,1,1,False,20.985304518000248
810,1,3,1.0475955436094784,2.1671786229983807,1325.8852554687703,0.09581291800298691,0.028163665167170608,5.540296180865337,0.06197941863421521,0.4,0.2,True,exact,51,1.0475413191349832,1354.1702228291865,0.0008268745794686172,15.987837477587716,75.27963305499924,True,0.040957010909879264,1,0,False,20.794549866000125
809,1,3,1.1245968144686707,2.330334829902759,1325.3739389942414,0.8542109695267813,0.030283968834084338,5.808559649562055,0.03595012495038159,0.4,0.2,True,exact,45,1.1246065120971855,1354.6130952770686,0.0007592942688969817,18.782821534669505,49.42001961636586,True,0.045695252270014655,1,0,False,21.67241402000036
811,1,3,0.8570466551872624,2.2827026566302413,1325.5111207569041,0.8110322687123298,0.029664962830151062,4.846261714650985,0.03632864260509286,0.4,0.2,True,exact,59,0.8570465098432342,1353.793490995702,0.0007521882154762904,19.64089444071999,60.274847914410586,True,0.04065474024066099,1,0,False,21.549744950999866
812,1,3,1.1050191491878028,2.1551311852704407,1326.166493766873,0.17175916831509588,0.028007102160000203,5.740949901403595,0.062454415170462824,0.4,0.2,True,exact,48,1.1050256563417389,1353.7915454960855,0.0008167843444601974,15.807561503229559,69.14111257987757,True,0.04210049902588793,1,0,False,20.928201558999717
813,1,3,1.2510082590169216,1.9520984079626091,1326.5442626018842,0.08478937340688224,0.025368580767542396,6.236065558307843,0.06555309121467343,0.4,0.2,True,exact,39,1.251079693055661,1354.0666104597665,0.0006734635908676179,15.155375031429653,48.219775454376695,True,0.09045726403728671,1,0,False,20.301176767000015
814,1,3,1.1134559869275928,2.1158655102415085,1325.462399820821,0.6382656423189617,0.027496823352179657,5.770134334872731,0.04992963618484522,0.4,0.2,True,exact,48,1.1134382258882503,1354.4115870231365,0.0007409840673266999,16.382708555835567,60.423121900133545,True,0.04958447645790192,1,0,False,20.773697975999767
815,1,3,1.0798303901540405,1.8430032536022525,1325.8359101311626,0.09467098715398706,0.023950829888053318,5.653372276410929,0.06233864842638277,0.4,0.2,True,exact,47,1.0798472288014056,1353.9118539113786,0.0005982499977689182,16.241777557785433,50.09503838632099,True,0.05081888039630983,1,1,False,20.84126302599998
816,1,3,0.9557804242740121,1.765602872514301,1325.9490514849242,0.3317542314160313,0.022944969829431793,5.2116587978782585,0.056934070441175336,0.4,0.2,True,exact,54,0.9557763828943401,1354.6227242202056,0.0005352700584996262,16.817105258467258,47.738461411550595,True,0.052349774799229254,1,0,False,22.41913888499994
817,1,3,1.129738698184799,2.018177904021762,1325.9793430178543,0.09681577808078506,0.02622731976656894,5.826251456620832,0.06339469798993504,0.4,0.2,True,exact,46,1.1297859390544682,1354.2230525639038,0.0007087876785253355,15.408779498380415,61.22518021422815,True,0.060025871195462176,1,0,False,21.821638324000105
818,1,3,0.86240068849231,2.104343192736568,1325.8385100792655,0.5757417971590492,0.027347084567976448,4.866424059907158,0.04858906845720915,0.4,0.2,True,exact,61,0.8624093024870836,1354.2976766946156,0.000715646984904228,17.901059380533525,64.29302965880157,True,0.03738210840217698,1,0,False,21.274152174999927
819,1,3,0.9736049024154393,1.963502142651414,1326.0103070254224,0.4947883053065494,0.02551677850353999,5.276254338795382,0.05325573043835694,0.4,0.2,True,exact,54,0.9736141125027049,1354.2444633501204,0.0006370521280102404,16.98465282121418,56.23535319367317,True,0.07765407403549339,1,1,False,21.200520360000155
820,1,3,0.8042260112706086,1.951647203218053,1325.7346714827738,0.5499246545281992,0.02536271711642815,4.64503828571139,0.04831841535658496,0.4,0.2,True,exact,65,0.8042050579691189,1353.8828076789612,0.0006521019196245037,18.013410343365493,61.34258989220364,True,0.03384665512621311,1,0,False,21.209709938000287
821,1,3,1.0003909511190916,2.0543629446432616,1325.4061694300085,0.09931903011244023,0.02669756405437684,5.372590305494002,0.06094895278102125,0.4,0.2,True,exact,51,1.000360280890204,1354.4178886916911,0.0007224597844255332,16.401640645033265,64.15453177740193,True,0.06876678319937818,1,0,False,20.3387355079999
822,1,3,1.0428638571288595,1.8157608501140243,1326.2150032557875,0.47254072580581535,0.023596800034653462,5.523600985447315,0.05502049688838493,0.4,0.2,True,exact,51,1.042880626596194,1354.3725091306392,0.0005537903436346747,16.931265414015463,46.85252813908354,True,0.07982571993255143,1,0,False,21.20273793999968
823,1,3,0.8751564656193696,1.9383077266998092,1325.6374504550945,0.13672030876779553,0.025189363362299023,4.914292754452916,0.05803586550302688,0.4,0.2,True,exact,59,0.8751578368154767,1354.517141348286,0.0006549568763278835,17.42013938209432,61.37044327115776,True,0.02782033775531478,1,0,False,21.634112532000017
824,1,3,1.1716713177558273,1.9533782214860167,1326.408665445753,0.035725669555449514,0.025385212640507162,5.969543024925928,0.06434316944370992,0.4,0.2,True,exact,43,1.171684087686149,1354.5285096920095,0.0006750264149593121,15.760309625567551,53.08538931189399,True,0.05856182443391648,1,0,False,20.599411044000135
825,1,3,1.0732027242831095,1.7603340307416162,1325.8144584412078,0.7683729468559471,0.0228764983643066,5.630216111467232,0.041455363583730746,0.4,0.2,True,exact,47,1.0732383720751206,1353.7167163448285,0.00045733763259314664,17.82237711848681,32.70295230693502,True,0.08359926266697884,1,0,False,21.352531634000115
826,1,3,1.2023457441740129,2.099592950502607,1326.186498386245,0.6787493909998151,0.027285352585978983,6.073282290756936,0.049033380510746016,0.4,0.2,True,exact,39,1.2023110686181873,1353.8413242907604,0.000712594055959026,15.676050858300279,50.97642947095491,True,0.06863345610199004,1,0,False,20.3160851560001
827,1,3,0.8864083851912837,2.171398317541636,1325.3832410905136,0.18945627611162813,0.02821850239330546,4.956325169783151,0.05798127029344098,0.4,0.2,True,exact,59,0.8864070799375503,1353.7480530413768,0.0008296115836329276,17.593717252980184,76.50074217305217,True,0.028802032656121315,1,0,False,20.707831198999884
828,1,3,1.116394658869497,2.3286175149597597,1325.3873261574777,0.22530997221313973,0.030261651392167948,5.78028236772036,0.06216876835368107,0.4,0.2,True,exact,46,1.1164266899936977,1354.413701152378,0.0009799888210109131,15.579498199606029,76.73633187044403,True,0.0370852517736041,1,1,False,20.2689367590001
830,1,3,0.8402488623675157,1.954367048480886,1325.785313988896,0.5607476698906577,0.025398062985234733,4.782729765857777,0.048608928137297065,0.4,0.2,True,exact,62,0.8402539430855792,1354.3534834649518,0.0006207243878554314,18.234491392679235,56.3286872136828,True,0.05643813156738889,1,0,False,19.915782219999983
829,1,3,1.150454527338165,2.238521047013436,1325.9177645696134,0.8913814210984892,0.029090798778056093,5.897258874376223,0.03234735452497061,0.4,0.2,True,exact,44,1.1504590426186503,1354.6789426530083,0.000649643141908518,19.518664982773785,42.86135906070501,True,0.05617695337150815,1,0,False,21.330399283000133
831,1,3,1.2022468345262982,1.93638064616275,1325.5980103033514,0.5236082313531777,0.02516431990237378,6.0729492116066535,0.05594561120551656,0.4,0.2,True,exact,41,1.2022516659272418,1354.4519102156291,0.0006572771927494392,15.742738920339413,47.20514383600395,True,0.0859113804269101,1,0,False,19.74584598599995
832,2,3,1.4078607837257753,2.208543773895712,1325.596637222566,0.6362509734570906,0.028701227806031498,6.746994592584233,0.05406126911234866,0.4,0.2,True,exact,37,1.407873546061879,1353.7537135504463,0.0007375879033059141,16.773172819458072,52.0506538482117,True,0.06197337057988801,1,0,False,21.736475463999795
833,2,3,1.3788852506015112,1.7970777462035796,1325.6523265997512,0.41610683810343746,0.0233540029355896,6.654099720032775,0.06199655391174356,0.4,0.2,True,exact,37,1.3789250524783216,1354.60900727292,0.0005418503406610098,16.558300386892892,38.33438444828454,True,0.13166804571010587,1,0,False,21.47193289200004
834,2,3,1.7118422528632122,2.1282304197822857,1326.0214102603704,0.3385400460004123,0.027657512078264914,7.6862242083668075,0.06903803583374139,0.4,0.2,True,exact,31,1.7117267602014328,1353.4109541257649,0.0008091238184289029,14.592813258679964,52.97160316278036,True,0.05242523944520175,1,0,False,21.113362584999777
835,2,3,1.730770845150804,2.152368900690211,1326.641925501471,0.6287560216856298,0.02797120476917674,7.742780272407776,0.058165519382673427,0.4,0.2,True,exact,30,1.7307978304948308,1354.3339297921261,0.0007467956891838989,15.086922904477492,52.34429004407915,True,0.06852874233879593,1,0,False,21.333196361999853
836,2,3,1.8367094475031815,1.7919698239036153,1326.8224751233756,0.0760334619066972,0.023287622706553802,8.05559321656273,0.07426368096227065,0.4,0.2,True,exact,28,1.8367014359731193,1354.3730662521386,0.0005514687708717547,14.814968584002226,36.009463249459266,True,0.08102464811818555,1,0,False,20.774413978999746
837,2,3,1.9678915823669614,1.8127522503477809,1326.5673237445708,0.09871976578421039,0.023557701643990455,8.434732870521543,0.07584980553315925,0.4,0.2,True,exact,27,1.9677114241313705,1354.117379650381,0.0005683481173639482,14.795148907611395,39.142878496399156,True,0.13620330286185295,1,0,False,21.16672052900003
838,2,3,1.5949955348221714,2.276285147589331,1326.3632900647035,0.7319115549770836,0.029581563808991736,7.332355876615712,0.05047358965148969,0.4,0.2,True,exact,29,1.59499959546223,1353.4781628353999,0.000769302335841493,16.357594114535647,48.990082702330405,True,0.06527473212801914,1,1,False,21.664901154999825
839,2,3,1.4931102532337686,2.0510728067493056,1326.7662338989926,0.06387264640984612,0.026654806922585365,7.016682187769436,0.06965727064906696,0.4,0.2,True,exact,35,1.4930588330498962,1353.6405724574402,0.0007420933033991384,15.452655158033302,58.016304468377236,True,0.07303638349790159,1,1,False,20.989972741999736
840,2,3,1.3922143825840878,2.2873651859428565,1325.3363774795669,0.15642263549483373,0.029725554935019157,6.696912608165244,0.06762995942198642,0.4,0.2,True,exact,36,1.3922058898727265,1354.5721496498693,0.0009343273656186035,15.94476866303727,69.28024895420558,True,0.049434066424579884,1,0,False,21.023272661000192
841,2,3,1.786825946189576,1.9936180990304004,1325.9071991976243,0.19480278740355328,0.02590815173998942,7.909069424211907,0.07265323278465215,0.4,0.2,True,exact,31,1.7867996809525781,1354.4968864827833,0.0006782496091162216,14.20353285348526,50.485790019404085,True,0.08001192794998782,1,0,False,20.521596749999844
842,2,3,1.8801767345788203,2.2258989144914656,1325.832626486722,0.8581464159901915,0.02892676729939902,8.182192080431305,0.04178757763398603,0.4,0.2,True,exact,25,1.8801773357861242,1354.0351005826674,0.0006388213730533776,16.660110514951196,35.31995067480726,True,0.09511049460786417,1,0,False,20.421671080000124
843,2,3,1.7926592827768344,1.8701953629055263,1326.1230884378012,0.606768841685189,0.02430420614115928,7.9262735611440185,0.05969402241294721,0.4,0.2,True,exact,29,1.792724426518854,1354.8055495993437,0.0005534717227363428,15.447766589770337,38.925263906410805,True,0.07032571363574686,1,0,False,20.87414723200027
844,2,3,1.82429378414774,2.07365732072767,1326.4289583000589,0.7289331992065441,0.02694830496787797,8.019249760713235,0.05267144153704223,0.4,0.2,True,exact,27,1.824355968185254,1353.7932878811541,0.0006534784848991615,16.191064010992307,39.71872487210676,True,0.10749323883464361,1,0,False,22.02674568700013
845,2,3,1.8848440657767231,2.0497814444764817,1326.9474283247175,0.17179448861772864,0.02663802496733933,8.19572741005309,0.07430093476428151,0.4,0.2,True,exact,27,1.884874460755149,1353.3350059131142,0.0007526420228148867,14.630851840097868,52.640297440572695,True,0.0824558687112541,1,0,False,21.20623992899982
846,2,3,1.8104230765552947,1.970682180787654,1325.8736601838652,0.5715387077415734,0.025610087005114635,7.978549406999023,0.061786067352443484,0.4,0.2,True,exact,30,1.8104155243986082,1354.8395837279197,0.0006309349272013431,15.18110977847359,42.64619277083868,True,0.07746555560551145,1,0,False,21.018456185000105
847,2,3,1.378082322398987,2.2368938843600565,1325.8974417162592,0.7465382367497049,0.02906965291418683,6.6515163370781005,0.047097626049149445,0.4,0.2,True,exact,39,1.3780907081249623,1354.8368636456662,0.0007226253883231282,17.582522858103662,51.12364005171064,True,0.06294143528295192,1,0,False,21.400054109000394
848,2,3,1.777289573964007,2.2936972673576137,1325.793601946702,0.1500304157142391,0.029807843777703364,7.880903621844459,0.07335441929649753,0.4,0.2,True,exact,30,1.777290537027759,1354.230287054986,0.0009287301718428065,14.445506794792067,63.930050534753924,True,0.044846080662551975,1,1,False,21.684064451000268
849,2,3,1.5534532999225017,1.7500251677091558,1325.6083065024739,0.43600774988938423,0.022742529081101533,7.204480810327337,0.0637909552680112,0.4,0.2,True,exact,34,1.5535057466706639,1353.570413777614,0.0005235549969169195,14.902292764964429,36.953218333644635,True,0.10034471805310671,1,0,False,21.71504410500029
850,2,3,1.796140810731317,1.7786868919737615,1326.0499689246801,0.41183545728934295,0.023115003780111484,7.936532665673141,0.06771727791511756,0.4,0.2,True,exact,29,1.796115642281431,1354.788519989045,0.0005402563274021777,14.883089901047168,39.45766254793314,True,0.06913200845456709,1,0,False,21.65806636799971
851,2,3,1.4871127205765071,2.2614268587295667,1326.2453120230984,0.378105563996413,0.02938847226223933,6.997879823624685,0.0650637172759303,0.4,0.2,True,exact,36,1.4870770747121067,1354.500446632072,0.0008953743707637019,15.408608988162788,66.32526672243588,True,0.05315990657079651,1,0,False,21.973283513000297
852,2,3,1.4164710316553395,2.2384647729714233,1326.4767160898011,0.4653251832001905,0.02909006746626664,6.774475643937436,0.06142397578394445,0.4,0.2,True,exact,36,1.416438061318818,1354.8055377097517,0.0008414914324714751,15.670244175990257,62.35096922771096,True,0.06199430410792392,1,0,False,20.980818090999946
853,2,3,1.3620952100690191,2.066736740017433,1326.488252768504,0.5615452297351093,0.026858368256701005,6.5999735955248955,0.0568448461631471,0.4,0.2,True,exact,37,1.36203087278401,1353.730414772389,0.0007319103583710573,15.48854322700218,53.90209677217283,True,0.06873854456928796,1,1,False,21.52479180399996
854,2,3,1.3225530348245895,1.958992555227526,1326.4945024672854,0.7630134208751859,0.02545817396171743,6.471614189223048,0.04496518168779229,0.4,0.2,True,exact,39,1.3226054728423946,1354.2677674547324,0.0005579653548958285,16.736221890407418,39.03532268703548,True,0.08779968110247771,1,0,False,21.58139967299985
855,2,3,1.3121443435879552,1.7814720428990363,1325.3749458930956,0.39095311095314306,0.02315119833152827,6.437614443015974,0.06168168218588443,0.4,0.2,True,exact,39,1.3121424355341185,1354.2420220442925,0.0005691725254705071,15.115149351867629,44.64001598715567,True,0.0911808431797859,1,0,False,20.60215245900008
856,2,3,1.9321851932823992,2.0206568083090115,1326.8532588668081,0.8503113994572946,0.026259534476324134,8.332392526806226,0.04267029732046427,0.4,0.2,True,exact,25,1.9321379485667791,1353.903921304977,0.0005538413815088239,15.790779804528224,30.016248367836944,True,0.14432840606171626,1,0,False,21.921487405000335
857,2,3,1.691800047386541,2.3241863719211078,1326.0891362576444,0.28088702557601625,0.03020406627780586,7.6261131166708,0.07023797492276872,0.4,0.2,True,exact,32,1.691778835325762,1354.84997241308,0.0009954778830735256,13.810366666325717,70.06834788410812,True,0.044586381654047734,1,0,False,21.83396315300024
858,2,3,1.9938743960616132,1.7474369843692366,1325.7571506489282,0.5756724000790938,0.022708894230608276,8.508815078437157,0.06330048381145045,0.4,0.2,True,exact,25,1.9938168576221864,1353.6711369692525,0.0005355183427264709,14.694540453801771,34.12221002681903,True,0.10165369059074181,1,0,False,20.974300370000037
859,2,3,1.4395240096503128,2.257187346611646,1325.3922950475703,0.06794015322859176,0.029333377495940796,6.847780477018608,0.06899072148342308,0.4,0.2,True,exact,39,1.4395264168922342,1354.1829949253868,0.0008809304471392165,15.715175592223789,69.33886600708699,True,0.03382546487528164,1,0,False,20.951084679999894
860,2,3,1.3495478274366848,1.7488805602007504,1325.8317105545248,0.5838658644731523,0.022727654283854797,6.559379243030715,0.05536341186354505,0.4,0.2,True,exact,40,1.3495212133262124,1354.1721907132257,0.000511229040904615,16.746778514261376,37.838538898282486,True,0.07143985914077933,1,0,False,22.22671256600006
861,2,3,1.2724102434255409,2.1319866577773787,1326.200487952964,0.1848134393739058,0.027706326434432584,6.3069878167658455,0.06523062951706328,0.4,0.2,True,exact,40,1.2723681777239333,1354.1931602474685,0.0008084756107171742,15.2892593073572,61.01838249406723,True,0.05284768204685063,1,0,False,21.889553093999893
862,2,3,1.6163525928819338,2.0845789272807007,1326.5867429729867,0.33948260765596533,0.027090237186469888,7.397664372589649,0.0676845471574134,0.4,0.2,True,exact,32,1.616300044466605,1354.0648798434743,0.0007373906829936105,14.360644037175533,49.97234883748414,True,0.06812527039198306,1,0,False,22.219003076999797
863,2,3,1.7289068116269437,1.8052771452652596,1326.4787701319933,0.5044518296020422,0.02346055858693027,7.737219977715724,0.06361594497648504,0.4,0.2,True,exact,30,1.7289815734561778,1354.142109262841,0.000547074900924871,14.888453258501372,38.05484732000512,True,0.11827510989817978,1,0,False,23.399902182999995
864,3,3,2.4971386239071025,1.9983805031826536,1325.7252630322325,0.06817104295856137,0.025970041772731264,9.886266703125326,0.08245629910587468,0.4,0.2,True,exact,21,2.4970699548121074,1353.193439215475,0.0006826431963107282,14.928427688645575,40.24600948743502,True,0.134027118410141,1,0,False,22.103777673999957
865,3,3,2.231371520042849,2.353261038401188,1326.306969588654,0.11371201182255158,0.03058190738554954,9.171741615963336,0.07949380704971054,0.4,0.2,True,exact,25,2.23139657394495,1353.0836785998813,0.0009787012500787062,13.991995207346427,66.71898091430101,True,0.03914780934279173,1,0,False,21.862252767999962
866,3,3,2.188775427496816,1.7718680920244638,1325.7125083548897,0.3971631583255889,0.02302638976529242,9.054643527000147,0.07274454290978376,0.4,0.2,True,exact,23,2.1887838340653603,1354.1669689303917,0.0005325726099330019,14.371125213885401,32.19316513598699,True,0.08987244119433845,1,0,False,21.462830571999802
867,3,3,2.17761277640791,2.0087000590492288,1325.5506581238315,0.4503514005531117,0.026104150015132634,9.02383179777965,0.07103460187066275,0.4,0.2,True,exact,23,2.177619488795338,1353.8597230668813,0.0006980679205830231,14.88084545333705,42.45840819150598,True,0.13976826537411308,1,0,False,21.5424958399999
868,3,3,2.7911062956219066,1.9320912337116751,1327.4096927624107,0.17545484128472663,0.02510857665409975,10.647675453628986,0.08441075774888677,0.4,0.2,True,exact,19,2.7909942476064407,1355.3207684386064,0.0006381940523164653,13.886003913161998,36.727401165578485,True,0.12020214133022662,1,0,False,21.51201127000013
869,3,3,2.6378759403909764,1.822721465994542,1327.593539563449,0.2094658241282508,0.023687257024647655,10.254318411305682,0.08219813567918924,0.4,0.2,True,exact,20,2.637874826578792,1353.9723867283299,0.0005822524623889658,14.171157829031923,31.56205008514983,True,0.16051700489662551,1,0,False,21.183320942000137
870,3,3,2.357501861604749,2.031827283794962,1327.2032805189779,0.8513028695794298,0.026404700882085894,9.514192126353612,0.04543604058799996,0.4,0.2,True,exact,21,2.357511829119428,1353.1352529578558,0.0005690138849545612,15.498755908272214,30.03761547220588,True,0.13563284198841247,1,0,False,21.210524921999877
871,3,3,2.728738315203923,2.0450069246536806,1327.41837653233,0.26092593097736017,0.0265759774848677,10.488462109415556,0.08237110520837347,0.4,0.2,True,exact,19,2.7287819893464293,1354.7056771060063,0.0006767852494850013,13.97583088106816,38.46457647705578,True,0.11306743505861225,1,0,False,21.20095271299988
872,3,3,2.019253115390908,1.7944942312050813,1326.554389781709,0.43132188519032866,0.02332042875273272,8.580864853630827,0.06973486358446568,0.4,0.2,True,exact,26,2.0191709289937103,1354.824922093454,0.0005626892576618969,14.298245413560693,34.711918300008065,True,0.13066352754136284,1,0,False,21.14848153100047
874,3,3,2.1145322438983616,2.085825922737365,1326.8402289836447,0.6604176560881999,0.02710644257080405,8.848712718727384,0.0600825038262088,0.4,0.2,True,exact,24,2.1145599088914424,1354.3290110281307,0.0007038540084162159,14.658889195349635,43.16038677611461,True,0.09190080735620887,1,0,False,20.588185716000226
873,3,3,2.2694213016636673,1.9997779044213775,1325.9177769675869,0.15074702748986227,0.02598820176202516,9.275713062800932,0.07920435641734355,0.4,0.2,True,exact,24,2.2694222823657264,1353.1509246009307,0.0006378213213948936,14.125713569426319,37.65230542179423,True,0.07861864117165707,1,1,False,21.64004571500027
875,3,3,2.8162754612711187,2.100916958957919,1325.939891954022,0.5122380448422564,0.027302558796126215,10.711590835228158,0.0746960240845914,0.4,0.2,True,exact,18,2.8161353501787008,1354.102648214329,0.0006719547686150351,14.717069568183968,36.05701382395267,True,0.09137485715252787,1,0,False,20.611333673000445
876,3,3,2.91897857222244,2.349868937215186,1326.1358732117976,0.2743776729928598,0.030537825185309148,10.970451258424424,0.08427254614206282,0.4,0.2,True,exact,19,2.9190210033781567,1355.3260359963235,0.0009823456359142613,13.063255978673343,56.54643111154705,True,0.07156296619209268,1,0,False,21.26884996300032
878,3,3,2.1986666689472356,2.089954001320553,1326.4909985833297,0.2942869249185749,0.027160089197698065,9.081902100717764,0.07602467620371232,0.4,0.2,True,exact,25,2.198647104956496,1355.0744883269765,0.0007530291985118343,14.000150479163175,47.07706415698293,True,0.059331946794383965,1,0,False,20.704505001999678
877,3,3,2.1194347440295034,1.8798080564966009,1325.9813960315053,0.66617800223232,0.02442912832375218,8.862384479851068,0.059487827393213295,0.4,0.2,True,exact,21,2.1194236666624637,1353.5344924833207,0.0006169618755049733,13.954982222328939,34.40185962283208,True,0.14694444203756218,1,0,False,21.608664286999556
879,3,3,2.381183013767954,2.058508099707184,1326.3740475393383,0.18182409913271197,0.02675143259942773,9.577799429508799,0.08013299164546656,0.4,0.2,True,exact,23,2.381070497991878,1354.9477344384445,0.0007184884263590208,14.342964738511535,43.70397726775834,True,0.0865356790610792,1,0,False,20.578158374999475
880,3,3,2.2884039504737053,2.18648432286281,1325.3735460777082,0.15536606369445327,0.02841455323935333,9.327365891272276,0.07956145547290808,0.4,0.2,True,exact,23,2.2883665043646233,1355.122871769282,0.0008241438696524606,14.442858302012992,52.128333518637284,True,0.08834194659788389,1,0,False,21.3546112970007
881,3,3,2.3253362224678877,2.2467894423428247,1326.133143184453,0.28729964954924864,0.02919825107343012,9.427453351621136,0.07777231523605514,0.4,0.2,True,exact,21,2.325351575512025,1354.0377011186863,0.0008627711070117172,13.951805840257927,51.15744182690236,True,0.06240194657955405,1,0,False,20.111810593999508
882,3,3,2.244536704523991,1.8877587035913665,1326.1912141713972,0.6594904037872134,0.024532451307959877,9.207782004441155,0.061067901739595344,0.4,0.2,True,exact,25,2.244388570123688,1353.1262361998595,0.0005811018250102551,14.9546270595482,34.290838453274624,True,0.11132194182042288,1,0,False,21.389244214000428
883,3,3,2.6752939934037014,2.3282600459274083,1326.7352946311698,0.7033343730417168,0.030257005887626726,10.351061698459885,0.06213308035736597,0.4,0.2,True,exact,19,2.675282471259986,1353.4883902584752,0.0008591167701117453,14.162000989597471,47.57225656435208,True,0.045983047199461405,1,0,False,20.871350907000306
884,3,3,3.02783177269289,2.024068106683456,1326.638526538913,0.649724283499509,0.026303866154471753,11.241520295806145,0.06828351029668359,0.4,0.2,True,exact,16,3.0277965419164414,1353.88872921479,0.0006954827846981093,14.160641227734144,35.8356774496177,True,0.12552679468060965,1,0,False,21.107936338999934
885,3,3,2.4514345875797385,2.256227667656054,1325.6757720032092,0.6177710130015098,0.029320905945840376,9.765266362118771,0.06600019856883897,0.4,0.2,True,exact,22,2.4514418817291275,1355.0929722932915,0.0008259381296904511,14.975378939367372,47.34587598632702,True,0.09039006040754831,1,0,False,20.722641874000146
886,3,3,2.819978811116347,1.7456876200963916,1327.6449955408132,0.20660218384483595,0.022686160290215463,10.720979140204149,0.08399830320566233,0.4,0.2,True,exact,19,2.8199643143109863,1353.024879791341,0.0005170961022838982,13.560073950646622,27.659542706997584,True,0.12190006787216369,1,1,False,21.188026345999788
887,3,3,2.1765006754922767,1.9113587676636834,1326.0442130808076,0.6232174325175751,0.024839146979190204,9.020759238665457,0.06271808421045279,0.4,0.2,True,exact,23,2.176543829553839,1354.337926996742,0.0005880124482756655,14.236749531163003,35.46178405062824,True,0.15195661745851874,1,0,False,20.59669545899942
888,3,3,2.339398173451585,1.8573426224755365,1326.485534016296,0.31711092692488047,0.024137177787285073,9.465422092242086,0.0767892557906375,0.4,0.2,True,exact,24,2.3393817958792336,1354.5576262630927,0.0005731962269228674,13.913197474660926,36.29921011999581,True,0.08925027487973894,1,0,False,21.29688071400051
889,3,3,2.886435377330633,2.127128994284603,1328.0791603142957,0.5233151018594769,0.027643198454738855,10.888760531428103,0.07479491812792542,0.4,0.2,True,exact,17,2.886500742842564,1354.0573013981252,0.000723715258022728,14.803168276624065,37.3050606395471,True,0.08368225137396222,1,0,False,21.521532325999942
890,3,3,2.988225811814799,1.8440364194557706,1327.031959529117,0.04066424308603172,0.023964256440369702,11.143274513762693,0.0874596629428115,0.4,0.2,True,exact,17,2.988300653731279,1353.9258443461235,0.0005717267328804176,13.610916648329448,30.898553835632907,True,0.13221907825210605,1,0,False,20.79179170899988
891,3,3,2.191745690589192,1.8521191552895524,1326.606810386049,0.2875071111303864,0.024069295989598172,9.06283337109838,0.07584943629951602,0.4,0.2,True,exact,25,2.1917598184382108,1355.0997973522387,0.0006289560435991381,13.012227701367776,42.13960557753523,True,0.10656691067150456,1,0,False,21.7285452849992
892,3,3,2.796636425460303,2.207351928673816,1327.782554031241,0.6302290514718494,0.028685739129000288,10.661735255025974,0.06806818987232269,0.4,0.2,True,exact,19,2.7966883534832143,1352.9532867688908,0.0008237326129453271,13.793745060490753,44.39102865125169,True,0.08195612505478977,1,0,False,21.1274119589998
893,3,3,2.5855877889917287,2.221560191219673,1326.3436076229884,0.14066930689164028,0.02887038323018431,10.11835889495034,0.08305040235032991,0.4,0.2,True,exact,20,2.585518792146606,1354.7851264261546,0.0008335001737260761,14.412053773766601,48.10838480219863,True,0.04819634266982401,1,1,False,20.180191482999362
894,3,3,2.8746395845034707,1.9029730733034549,1326.7540399432391,0.5113267013482788,0.024730170319098868,10.859074733773454,0.07499669119112837,0.4,0.2,True,exact,20,2.874581236800096,1355.500388330543,0.0006125406609602813,13.888967363740228,37.21112877512219,True,0.13406809713123383,1,0,False,19.42351373800011
895,3,3,2.564142547778158,2.1994420351731216,1326.7281681316333,0.11154691923718002,0.028582945759917804,10.062332506961974,0.08308852584808549,0.4,0.2,True,exact,20,2.564051254041818,1354.933358507002,0.0008793199817507258,13.048313278128633,53.14372830692155,True,0.09568625899560788,1,1,False,19.1901446210004
896,4,3,3.1728831730041023,2.290247377113808,1326.2391242798094,0.5452618941855397,0.029763010577219133,11.597737511444766,0.07622807636246669,0.4,0.2,True,exact,16,3.172715211217059,1354.7957316134955,0.000850068966874673,14.305217522526698,44.11967561667275,True,0.10942708741853437,1,0,False,15.791755021999961
898,4,3,3.3601683043866046,2.1066127373829806,1328.1344060213335,0.7311670118943269,0.027376578535305764,12.04974643885148,0.0642201533484797,0.4,0.2,True,exact,15,3.3601575385999785,1355.015914396342,0.0006975365161058233,14.678143588432297,32.51483338640016,True,0.13342876536113202,1,0,False,15.591345159999946
897,4,3,3.3284876907557166,1.9129282911322016,1326.717829267996,0.6717381966900685,0.024859543790496052,11.973887986101204,0.06864385929988176,0.4,0.2,True,exact,15,3.3285146982483083,1353.3448029235285,0.0006163739320532713,13.296855286887498,30.100071663255438,True,0.11701292762859465,1,0,False,15.933618553000088
899,4,3,4.640430258498882,1.7602071700377935,1329.4771428274973,0.6867125519000955,0.022874849740447255,14.943169440211822,0.07504672451573965,0.4,0.2,True,exact,10,4.6402690574364405,1352.6797493747242,0.0004448159567209675,13.354117401658606,17.567165492362417,True,0.1961236118142979,1,0,False,15.793543463999413
900,4,3,3.201903093178059,2.3362017205263497,1327.5895038362949,0.8253580030236088,0.030360212269370083,11.668347200307746,0.0540352210329041,0.4,0.2,True,exact,17,3.201769379360135,1353.2042127682564,0.0007489616387632569,16.033686287635987,36.39814215292015,True,0.0754585497249232,1,0,False,23.85157517100015
901,4,3,3.335999573534665,1.7894531656423271,1328.1792171745305,0.21237390195605985,0.023254917363367534,11.99189669409223,0.0887533388816097,0.4,0.2,True,exact,16,3.3358822590232435,1354.866634034728,0.0005438540082587373,13.824976853862243,29.467070510238496,True,0.1252347621927519,1,0,False,23.644260488000327
902,4,3,4.015976458338214,2.0887125869098506,1329.0986400578456,0.43713474232775784,0.027143956342092306,13.570566986954299,0.0876698967498567,0.4,0.2,True,exact,14,4.016014927727605,1353.1944155289077,0.0007116444502320851,13.30368803056459,33.39231727923352,True,0.1223153419119314,1,0,False,23.778182376000586
903,4,3,3.970685499961601,2.0126298528300772,1328.2216198672859,0.017135630581731075,0.02615521982315184,13.46834443048583,0.0963774005408143,0.4,0.2,True,exact,13,3.9706356215163514,1356.0166685423233,0.000639720414031264,14.250730193156325,30.090429078351416,True,0.13519668849364636,1,0,False,24.340073762999964
904,4,3,3.496205386190928,1.8960770468015917,1327.7178470431106,0.48270369330537366,0.024640552703217394,12.372814808614958,0.08142869358179287,0.4,0.2,True,exact,15,3.4963240351892915,1355.6861057440565,0.0006132441227089114,13.267811076867197,30.368901644283984,True,0.13297885848990743,1,0,False,24.347914119999587
905,4,3,4.954729596423637,1.8472098948411575,1327.9201842991772,0.23171820847484964,0.024005497479397044,15.610513632318177,0.10085214851612527,0.4,0.2,True,exact,10,4.955253602713333,1352.6933439761087,0.0005648866758878324,13.231364681896306,24.85435815336747,True,0.1080087095127411,1,0,False,24.068843897999614
906,4,3,4.765244172004653,2.0228860915193083,1330.0360293050217,0.6839738191217865,0.0262885052243886,15.209933905922401,0.0764144280386472,0.4,0.2,True,exact,8,4.765328019733474,1353.8624660612095,0.0006263375265557203,13.889118754318318,20.072003383394666,True,0.1692442043015629,1,0,False,24.211554217999947
907,4,3,4.86842869875122,1.7743893061650067,1327.4869390982612,0.3028171613407128,0.023059154314608036,15.428715238279501,0.09823686174036991,0.4,0.2,True,exact,12,4.868254570192839,1351.8300285010064,0.0005250979670218259,13.047747816127686,24.95962499960023,True,0.1466634933620116,1,1,False,24.435625625000284
908,4,3,4.064983176086943,2.2029376597506443,1329.1667836295053,0.8431754052939183,0.02862837330294851,13.680744199548377,0.055847980787173186,0.4,0.2,True,exact,12,4.065125207179236,1353.556329809784,0.0006352420443157536,14.652176092580788,26.780223964397102,True,0.11560354296742391,1,0,False,23.85958106399994
909,4,3,4.077874231946158,2.277462272072576,1329.1284375055036,0.4341380191155503,0.029596861182015984,13.709652257815174,0.08850524847872061,0.4,0.2,True,exact,12,4.077798532207173,1353.5955859057851,0.0008370851200704132,13.595847925101726,40.842999013144485,True,0.0770924613416707,1,0,False,23.62795781099976
910,4,3,3.973622036547105,2.1298028357937357,1327.486541370179,0.3804926820318333,0.027677946479739722,13.474983991478378,0.08971970550884545,0.4,0.2,True,exact,11,3.973628530475563,1355.3013558842044,0.0007496502355245349,13.291897889771441,34.60857200942703,True,0.10736465272159218,1,0,False,23.996525168000517
911,4,3,4.041112493927873,2.2128022380932366,1327.509951879508,0.31183763458280317,0.02875656886491456,13.627133620938968,0.09264447361989933,0.4,0.2,True,exact,13,4.041343987977234,1355.7977599200494,0.0008298796074405201,14.075369669646054,40.830461232751446,True,0.1343320852622083,1,0,False,23.76490038799966
912,4,3,4.69484852057157,2.252982885660776,1327.0607486370689,0.8699182092767245,0.029278738238626176,15.059767849135156,0.05469549459543375,0.4,0.2,True,exact,12,4.694982910469611,1355.2289656128598,0.0006657478790452753,16.150936106300435,27.41518632080202,True,0.15894789849052576,1,0,False,24.52332165200005
913,4,3,3.7981473562823096,2.189589141554026,1325.3642816818071,0.4021281360140094,0.02845490204729017,13.07530297508109,0.08764217160767582,0.4,0.2,True,exact,15,3.798080338272544,1355.7493749187224,0.0007891644593545077,14.046618285563701,39.90700845946289,True,0.0928175610886544,1,0,False,24.139805910000177
914,4,3,4.753059630170216,1.8083449844029964,1327.4578783628917,0.7609027186819998,0.023500426825452492,15.183995375772074,0.0683160687206658,0.4,0.2,True,exact,11,4.753100500222959,1355.9774758388799,0.00044416129243707303,13.157303991022202,19.206385412489954,True,0.18196783055451868,1,0,False,24.472512110000025
915,4,3,4.1822901711448175,2.229263324553179,1327.9798538519312,0.41423660904813353,0.028970489638415108,13.942692900886218,0.0900426916304549,0.4,0.2,True,exact,13,4.182477317106297,1353.0735284068464,0.0008088363661115094,13.463753427633625,39.85506147935418,True,0.08763572951036733,1,0,False,23.8281008870008
916,4,3,3.471125581695523,1.8928517935831155,1326.2725287201608,0.7591960895187194,0.024598638783081533,12.31357344540378,0.061889288161877144,0.4,0.2,True,exact,14,3.47127940893679,1354.0416081090364,0.000518732143087175,15.038195405112768,24.354094222431716,True,0.12461605161565215,1,0,False,24.671021021999877
917,4,3,4.996019045901482,2.242188341188578,1328.058942122024,0.1174460118660089,0.0291384572608974,15.697118776290528,0.10365761285699818,0.4,0.2,True,exact,10,4.995939202796656,1353.0395454140253,0.0008529039587927834,13.44336859286562,38.5867931230654,True,0.0923448619304104,1,0,False,24.712449276999905
918,4,3,3.321240682828139,1.9678997933462454,1328.3428302906004,0.8833881148698411,0.025573928366674045,11.956501435328203,0.046206175200418115,0.4,0.2,True,exact,16,3.321368531991037,1354.9124382809703,0.0005115742926127265,14.992705623725398,22.888913920328243,True,0.12267768401366501,1,0,False,24.76720511500025
919,4,3,4.277717744844101,1.8412271761656265,1325.460296353534,0.37150759416211077,0.023927748795565015,14.153981961572958,0.0918928083757808,0.4,0.2,True,exact,13,4.277303344869649,1355.4030561474628,0.0005461411600448107,13.220959988226271,27.715102769141783,True,0.1481529845966893,1,0,False,24.643776812000397
921,4,3,3.9307777163655095,2.31920416463392,1328.449787948113,0.2254483198172835,0.030139319783750992,13.377949262660549,0.09411274247621117,0.4,0.2,True,exact,13,3.930863983382339,1355.965024887885,0.0009273180886487653,13.715644271650431,44.55477357707904,True,0.09873557284379454,1,1,False,23.437899808999646
920,4,3,3.216531270319002,1.975736045802015,1326.8809729856603,0.5707828834982641,0.025675764730316453,11.703858778233913,0.07470414971709693,0.4,0.2,True,exact,17,3.21659473760409,1352.6135057383747,0.0006127556359932784,14.331171396612753,32.980591125575955,True,0.09540774477486492,1,0,False,23.952250643999832
922,4,3,4.385002487473145,2.1297337029628047,1328.6856142197555,0.47573890540142627,0.027677048060992998,14.389657276264964,0.08846726428767422,0.4,0.2,True,exact,12,4.384990606406894,1354.9957696009833,0.0007289584011437311,13.755809185070762,34.242543857670604,True,0.08637909891897991,1,0,False,23.830494367999563
923,4,3,4.181941446504301,1.9486737276967745,1325.6696797154511,0.23320620851798468,0.025324075184436308,13.94191785054425,0.09542564254771997,0.4,0.2,True,exact,13,4.181960726168214,1354.942819274886,0.0006549616998275942,13.355556404218847,35.99167754039883,True,0.1610668119265521,1,1,False,23.529198834000454
925,4,3,3.173332694762042,1.7901061114913246,1328.0955337628004,0.5625396646923398,0.02326340274988266,11.598832900501458,0.07459376884520176,0.4,0.2,True,exact,15,3.1731463263740483,1353.4827153235344,0.0005511389080028462,13.000880793847998,28.320132847956984,True,0.1674570876953474,1,0,False,23.752085367999825
924,4,3,4.429147251798969,1.8366744990254211,1329.3184240933876,0.7029577675528069,0.023868584279437787,14.486071807763015,0.07256711419935251,0.4,0.2,True,exact,12,4.428700507766235,1355.8943571341395,0.0005568055970139874,12.332763863755648,26.064412758880174,True,0.11863626669109206,1,0,False,24.246596259999933
926,4,3,4.584368588968839,2.2076667388648734,1325.8845271606317,0.1484541512335811,0.028689830258692164,14.822572152440824,0.10029611946401072,0.4,0.2,True,exact,12,4.584323786060421,1353.3905968039046,0.0008083095225380754,13.106631368296402,36.198230742602554,True,0.09553383848891235,1,1,False,24.46036654999989
927,4,3,4.5920975021350925,2.123730784984619,1326.483994753664,0.009634311318235656,0.027599036876234405,14.83922732960033,0.10129833702292114,0.4,0.2,True,exact,10,4.591974662944671,1354.0355906068767,0.0007370150024986755,13.509955992319766,35.98244303389221,True,0.09804270570057198,1,0,False,24.178133174000322
928,5,3,5.141884574653713,1.8828956036942794,1328.1336667502499,0.7371544826195054,0.024469252679234676,16.00118340702669,0.07287200914139204,0.4,0.2,True,exact,10,5.142575318611983,1353.843624430602,0.0005284591282707085,12.497476003022499,20.420325145304528,True,0.21995696910193513,1,0,False,24.95223937999981
929,5,3,6.299155584076024,1.8181189233259571,1327.6081705888548,0.6060281701586607,0.023627444478851914,18.319998948481526,0.09036902532660511,0.4,0.2,True,exact,9,6.299912093309252,1352.807349335779,0.0005513665569576442,11.576649395970763,21.87367063409727,True,0.16565374344531603,1,0,False,25.083916106999823
930,5,3,5.18495618559297,2.1445247509028507,1328.8720867767593,0.4773187970329142,0.0278692657754141,16.090416334659615,0.09346418366723569,0.4,0.2,True,exact,10,5.1850551206653,1354.796973961702,0.0007444176748861997,13.495307300293863,34.537333016044144,True,0.14236002666851183,1,0,False,24.644410287000028
931,5,3,5.670188595346627,2.1787934717103705,1327.7014301270274,0.18188107933826017,0.02831460644474709,17.079253725566115,0.10702423579342345,0.4,0.2,True,exact,7,5.669905539908907,1356.0499369954198,0.000811489916937802,13.234800656504124,32.40321297911573,True,0.15828568658311293,1,0,False,24.774581186000432
932,5,3,7.296345692358436,2.1649872224487066,1331.3698679284298,0.0407252296406641,0.028135186724889374,20.205711869258725,0.11813505697788859,0.4,0.2,True,exact,4,7.296191313681269,1353.2587749035858,0.0008226911123341285,12.559768434181397,25.757837824434034,True,0.13448567764322544,1,0,False,24.248781428000257
933,5,3,5.957999344576425,2.196637061799714,1328.850387026922,0.7699957240052372,0.028546493605003977,17.652417413605175,0.0733502275518193,0.4,0.2,True,exact,9,5.957891487426584,1352.6830169122484,0.0006945295407904117,13.23729032266968,27.274233735774434,True,0.12498758487663404,1,0,False,24.875136322999424
934,5,3,6.047050698010908,1.8587501677802343,1328.9803209265924,0.717599527039691,0.02415546960423475,17.82787693083978,0.07897988333623988,0.4,0.2,True,exact,9,6.047382893478732,1353.168326286457,0.0005195793841747953,12.136787139126097,20.514926420774927,True,0.26123352020644336,1,0,False,24.47541438299959
935,5,3,5.229197795706313,2.0280093131594326,1327.0862790868105,0.010212062930391253,0.026355084276672734,16.181816321577443,0.10563935611515855,0.4,0.2,True,exact,9,5.228919129603648,1353.2322445272268,0.0006715417187568296,13.04527120155948,28.950890807652303,True,0.14348336756521726,1,0,False,24.14027937100036
936,5,3,5.018493850189518,1.9198325603261261,1325.5516100349157,0.1400278813969348,0.024949268524644946,15.744159655577738,0.10309409337977338,0.4,0.2,True,exact,11,5.018824242970322,1355.661662045364,0.0006273518056489902,12.960948332185586,32.07713403090124,True,0.13731547094161642,1,0,False,24.11310821400002
937,5,3,6.202760253842229,2.3396278540971296,1326.256142271868,0.7558762945159869,0.030404736738964537,18.132619620013443,0.07633593179384833,0.4,0.2,True,exact,7,6.202851578435062,1357.2700057297172,0.0007841587473741418,14.56926421723305,27.757055757898446,True,0.14101477497855755,1,0,False,24.133101795000584
938,5,3,5.7232779068136,1.7523170202327891,1328.772319433176,0.4287026063683225,0.022772312951430985,17.18569542304576,0.0985140490816158,0.4,0.2,True,exact,10,5.722887996118849,1351.6652685720173,0.0005130524560670313,12.530893405367015,25.309353369084608,True,0.14403342119437257,1,0,False,24.114863381999385
939,5,3,6.161055011743483,2.3459023665550514,1329.623950216055,0.21607675535587495,0.030486277441736723,18.051249903311714,0.10953007882554329,0.4,0.2,True,exact,9,6.1607783406534455,1354.2698247418225,0.0009788706343588638,12.624520322342702,41.420041446581735,True,0.10372679410074055,1,0,False,23.735024069000247
940,5,3,5.968516689190022,2.3347334755446227,1330.4412250502696,0.06672680990279402,0.030341131627096337,17.673185232648937,0.11059066886381287,0.4,0.2,True,exact,9,5.967834741085636,1354.3139357602179,0.0009315316524745043,13.694113048878064,39.111081665374996,True,0.11383885076912624,1,0,False,24.367680406000545
941,5,3,5.278223614457175,1.9100122335415433,1326.115744370403,0.8992483202049486,0.024821648035748406,16.282799599994053,0.05080394838775629,0.4,0.2,True,exact,10,5.2783023446755415,1352.5072204984199,0.0005016231235098756,11.03350540572935,18.166709980135696,True,0.2093828606947831,1,0,False,24.113655483000002
942,5,3,6.32723054361894,2.070315852851137,1326.4900812491092,0.6110502624961657,0.02690488077503902,18.37439268624006,0.09054388913323701,0.4,0.2,True,exact,8,6.326894394015475,1351.7997186427706,0.0005987567354598378,13.489219491762896,23.550013246218278,True,0.1693672913791446,1,0,False,24.490593434000402
943,5,3,5.310233650943527,2.307385542536818,1328.0630063397437,0.6500021314304246,0.02998573036018074,16.348565110279253,0.08270589255314305,0.4,0.2,True,exact,10,5.310280646641094,1354.6137916957475,0.0008274102541858674,14.10549034434458,34.867120599217664,True,0.12106396935729796,1,0,False,24.187981928000227
944,5,3,7.354933707424457,2.012268411329855,1330.4902463592127,0.7022265125651378,0.02615052269422958,20.313732508401923,0.08630540533965038,0.4,0.2,True,exact,6,7.355188839757176,1352.5560799818134,0.0006012478456368653,12.664999630000766,19.535151476328075,True,0.23932247749890476,1,0,False,24.588528087999293
945,5,3,5.023768083529565,1.820698153212146,1326.7819873258172,0.40448497728595867,0.0236609629743432,15.755188706131088,0.09553246406899807,0.4,0.2,True,exact,11,5.0235999675292256,1351.901286737688,0.0005224465102771081,12.721247627808108,26.240390070483834,True,0.10059473489771728,1,0,False,24.129616732000613
947,5,3,5.080613171478618,2.0587111463417536,1325.854003455969,0.01812297506834758,0.026754071300902838,15.87381474073737,0.10466156109710964,0.4,0.2,True,exact,11,5.080511250885992,1356.3369273220246,0.0006220408573313074,12.582336703574653,30.905232410422354,True,0.13455435055279566,1,0,False,24.371850597999583
946,5,3,5.052836284100832,2.0342856194994,1327.8290267450386,0.555898147919958,0.02643664829191799,15.81590468118221,0.08784609518407556,0.4,0.2,True,exact,10,5.052724354760962,1353.0939789863467,0.0006136359816207859,13.806515414337175,24.121030225600528,True,0.14041846006964329,1,0,False,24.549688338000124
948,5,3,6.138828938676178,2.2208459776856877,1327.3193931700764,0.7472183940448899,0.02886110163677269,18.007810371888905,0.07683185409097168,0.4,0.2,True,exact,8,6.1389009343623515,1351.8738515749915,0.0007116226930065084,14.248982458470048,27.41236192560229,True,0.23168147400532108,1,0,False,24.749333484999624
949,5,3,6.745263011762842,2.2925244390317587,1331.1302336676445,0.4395701467375782,0.02979260223558154,19.175048886620516,0.10434461052443061,0.4,0.2,True,exact,8,6.745111125747801,1351.3662114231188,0.0008837125055533024,12.533963835037964,39.18921612255243,True,0.09518565955430841,1,0,False,24.845488895000017
950,5,3,6.531593035665286,1.9780776576974517,1330.225964633445,0.04237040563883272,0.02570619525075196,18.767941128115343,0.1135852415423524,0.4,0.2,True,exact,8,6.531769318599909,1356.3530074036082,0.000638623213491063,12.839588758125029,26.971136062756344,True,0.16413945987588743,1,0,False,24.953780673000438
951,5,3,7.425464963711447,1.9970189047875042,1328.6772126276876,0.4840769792311477,0.025952347060866635,20.443393576945024,0.10464702061359518,0.4,0.2,True,exact,8,7.425845400051883,1350.9532710168644,0.0006470256246206008,12.361384202189821,28.378208126858198,True,0.12941735525281683,1,0,False,25.105043276000288
953,5,3,7.753736151941736,2.0302986265720384,1330.7853272454688,0.8439247579381561,0.026384835149873092,21.041558310260193,0.0685850416871456,0.4,0.2,True,exact,6,7.754401121084761,1354.0462949507962,0.0005534019519904954,10.916922148781948,15.923678197595407,True,0.22190326597811288,1,0,False,24.500254735999988
952,5,3,5.537799163295033,2.008779325458287,1328.1217504843844,0.00942663660438261,0.026105180125239862,16.812360294037575,0.10764707457003823,0.4,0.2,True,exact,8,5.537772487547968,1355.8103003794483,0.0006634536139503711,13.0378932337632,28.02712597559645,True,0.13376543046913822,1,0,False,25.112686029000542
954,5,3,7.40313253925929,2.349561222989043,1326.275740050466,0.25544083476987733,0.030533826271541584,20.402383377520753,0.11536801041660685,0.4,0.2,True,exact,8,7.403315391181624,1355.8884104439353,0.0008968164077516327,12.99610382588797,37.86646307056696,True,0.09469158207981775,1,0,False,24.000364171
955,5,3,7.754667496248169,1.8054061107917823,1329.1871493407573,0.39434499132329004,0.023462234564105643,21.043243222140227,0.11084018702506014,0.4,0.2,True,exact,6,7.754880050695797,1352.4512473646294,0.0005510310695816534,10.827464449218994,20.45585355220419,True,0.1661528884533011,1,1,False,24.138725175000218
956,5,3,5.881713488266863,1.8013629122240706,1325.4637262934493,0.29598098689930896,0.023409690999188104,17.501413710209334,0.10487018385140524,0.4,0.2,True,exact,10,5.881626999754148,1354.8728672113127,0.0005379775478959736,13.150252013658063,23.727382452294687,True,0.1562406894011956,1,0,False,24.54766675799965
957,5,3,7.150150954641891,2.0752188693869913,1327.278954233545,0.6877320730800878,0.026968598142199946,19.93489847001421,0.08714881794043969,0.4,0.2,True,exact,8,7.149788063633308,1355.8787282170751,0.0006101306486510083,13.218729339902408,22.68118600099182,True,0.15526077414901995,1,0,False,24.403477544000452
958,5,3,5.438322439451455,1.9563222208043047,1329.9619085035447,0.20005717461595707,0.025423471513205863,16.61041653313424,0.10488379735976353,0.4,0.2,True,exact,9,5.438530524719417,1351.7148178530863,0.000601679986863668,12.685125137942629,26.972039530784063,True,0.14778920020831102,1,0,False,24.441118181000093
959,5,3,7.259901515168035,2.0070901330469972,1325.4533217784258,0.3236641526239635,0.026083228150921903,20.138372687121244,0.11179088088559054,0.4,0.2,True,exact,8,7.260141296929981,1354.4930578169285,0.0006708682728602255,12.430210752213716,26.48664324257624,True,0.20553764316181433,1,1,False,24.580351380999673
961,6,3,9.303350867540377,2.100160349844496,1328.0976464152886,0.32485648019045443,0.027292726249096292,23.759109246256138,0.1215171635682485,0.4,0.2,True,exact,6,9.302612014766435,1356.0063182568413,0.0007413046580638794,11.918764753212882,29.432325106444136,True,0.1608079201613693,1,0,False,24.337432301000263
960,6,3,8.175307142289203,2.1195440296179986,1327.9412936153533,0.8370205113661198,0.027544627712619077,21.797495976946376,0.0712173813965219,0.4,0.2,True,exact,7,8.175079198641225,1352.4665323084657,0.0005938110200369717,12.613546974812188,20.52376283591157,True,0.1811121042624127,1,0,False,25.06478748400059
962,6,3,11.804540875201134,1.9543801886075718,1335.2561067520433,0.2587680314357772,0.025398233748329346,27.846457528049488,0.13391942126248602,0.4,0.2,True,exact,4,11.808706758661836,1358.8632394798658,0.0005772225248635854,10.84889476174542,20.095249028993045,True,0.2248702023116248,1,0,False,24.802807244000178
963,6,3,9.855653998907302,2.0154492405091826,1331.3887189170787,0.12244343203427115,0.0261918592998097,24.690365548716002,0.1294945787866269,0.4,0.2,True,exact,6,9.854663784757259,1351.0998410320565,0.0006646602536405366,12.710778027473246,26.568349409146258,True,0.13913463344836538,1,0,False,24.844852494000406
965,6,3,8.189099273153385,1.8884966404680468,1328.9395025561844,0.36135288610576766,0.024542041199115492,21.822004695253067,0.11457104433795753,0.4,0.2,True,exact,6,8.188318183751564,1353.50442634713,0.0006090440358705873,12.189696587223542,22.230764464942485,True,0.14403223213645996,1,1,False,24.82020316299986
964,6,3,11.75984212917986,2.191603030161364,1334.3519396465044,0.8073131079774458,0.028481073625312922,27.776118009486144,0.08591615368238682,0.4,0.2,True,exact,5,11.760155609588715,1357.8709809317195,0.0006321300844263078,13.079046865086344,18.527541333758265,True,0.22473132155326897,1,0,False,25.408370709999872
966,6,3,8.5152393084027,2.2601340824283906,1329.741046418976,0.3192709792416293,0.029371671930925616,22.39761590664223,0.11847754289683066,0.4,0.2,True,exact,7,8.514985034362823,1355.286770648964,0.0007999421833490006,12.241314966192535,32.17329812333348,True,0.18664633769533368,1,0,False,25.017085418000534
967,6,3,9.701474152982588,2.189384080282968,1328.5644667840984,0.11089093145236578,0.02845223716451791,24.43218875282994,0.12927115437979483,0.4,0.2,True,exact,5,9.700633746977253,1357.6673365784739,0.0007701818363210489,12.329981444968228,25.305561427450932,True,0.15558850842847471,1,0,False,24.63279149200025
969,6,3,10.060370058826903,1.8137447358640877,1327.3645422502232,0.06210682086420131,0.023570599533194375,25.031095564277695,0.13074439862042841,0.4,0.2,True,exact,5,10.059027128261494,1357.5465792223265,0.0004789699670242342,10.893991071460995,17.792338792958972,True,0.2207010677577032,1,0,False,23.820551859999796
968,6,3,11.397250758581789,2.1226272250065925,1329.09846433007,0.8520476534215196,0.0275846955139751,27.202195445352267,0.07665007437058856,0.4,0.2,True,exact,5,11.397428986679987,1351.894355810902,0.0006208256844477678,12.508381076573443,18.58989999377795,True,0.22308049413563377,1,0,False,23.85536154900001
971,6,3,11.40495205827653,2.0024268518543615,1335.3696514038395,0.40206303645427344,0.026022626274963913,27.21444803024523,0.12596038130580214,0.4,0.2,True,exact,5,11.403173350510842,1358.1812351635638,0.000581652477688599,11.775145780003704,21.47108809797755,True,0.21340033844108863,1,0,False,23.78258177099997
970,6,3,8.79056704919706,2.2141238961675973,1333.182816258835,0.102859907209906,0.02877374453058271,22.8778468370325,0.12523896984104238,0.4,0.2,True,exact,5,8.790605238456363,1350.7626093561214,0.0008823802489880128,12.272667864636176,31.70871390955658,True,0.1600335048414398,1,0,False,24.160234625000157
972,6,3,9.764958222003969,1.7631368960327263,1327.6238120258542,0.8327293412287302,0.022912923123544163,24.538658347961313,0.07530018378082602,0.4,0.2,True,exact,6,9.765543249861583,1356.9195650871268,0.0004561489678838182,9.56794216533418,15.166022849927174,True,0.25464182737693686,1,0,False,24.783550906000528
973,6,3,8.438210971588884,1.8874477437047386,1326.9385345312278,0.8078627868364392,0.024528410215068654,22.26233979453625,0.07608131608905967,0.4,0.2,True,exact,7,8.438446163682864,1352.2507738285906,0.0005011765670003276,12.013720781693483,17.986810258457623,True,0.30291547136218877,1,0,False,25.02339213400046
974,6,3,11.603493308291249,2.0416798250316095,1333.288900177435,0.41775937207902014,0.026532740015311918,27.529377534353905,0.12584381484617083,0.4,0.2,True,exact,4,11.604168656753048,1356.497053901048,0.0006703084133965476,12.474045551066078,22.030687087830724,True,0.20339023796089245,1,0,False,24.555827617999967
975,6,3,10.977375280094373,2.2768554974002835,1332.6214659890518,0.22337812150148553,0.029588975815059607,26.529937608319457,0.1324115608843679,0.4,0.2,True,exact,5,10.9780006761828,1354.5733898149076,0.0009004369864722417,12.143994456080867,32.579904885359404,True,0.14788531169048996,1,0,False,24.77071733199955
977,6,3,12.297803124627812,2.157152047672428,1334.8790851712579,0.6807038919220109,0.028033364366278225,28.61687753968816,0.10542394927069068,0.4,0.2,True,exact,4,12.296447515464273,1359.4746584934705,0.0007251923077042921,11.713759794644506,21.784173220190894,True,0.19554138454602188,1,0,False,20.603977462999865
976,6,3,10.609605599820297,2.190022532080549,1332.3691907066698,0.8862785598512481,0.02846053419295001,25.934032303095723,0.06798912951616455,0.4,0.2,True,exact,4,10.609167963475826,1353.5878337644936,0.0006181243489842281,7.461520471683535,12.708433890487656,True,0.2705410327795474,1,0,False,21.162970809999933
978,6,3,10.978333556898077,2.2039849508493536,1332.3679090038959,0.6713208548274657,0.028641983420510393,26.531481550794656,0.10270124281909013,0.4,0.2,True,exact,5,10.979139589121578,1354.3256676407852,0.0007298380681556305,11.955208298589122,21.475470699624655,True,0.21373360285917073,1,0,False,20.496038536000015
979,6,3,8.64646912089842,2.275354488182407,1325.7399131172335,0.2447026893078166,0.029569469383713114,22.62714452548988,0.12169007322841399,0.4,0.2,True,exact,7,8.645982173810756,1351.6781995673075,0.0008459201408338446,12.309493342561524,35.51743883650889,True,0.12443253311748854,1,0,False,20.398221700999784
980,6,3,9.009493668677148,2.066149432440662,1329.8351578197792,0.2633379967576327,0.026850735875241175,23.256131647839283,0.12243556339873676,0.4,0.2,True,exact,4,9.01007515311343,1356.8621451718823,0.0007070871107383025,12.428325772199509,23.73461649054205,True,0.15519645888854547,1,0,False,20.666217987999516
981,6,3,8.232181534985797,2.325470722404067,1333.2960791309927,0.5550068505913476,0.03022075711102814,21.898473740606182,0.10391900443781078,0.4,0.2,True,exact,6,8.23304383846695,1357.991207477943,0.0008803053618899881,11.969480069242547,32.443058230902324,True,0.13966875549586225,1,0,False,20.576850464999552
982,6,3,9.13626613722755,2.0539622754796873,1329.4870721079367,0.08366874258938854,0.026692357140629185,23.473781023221946,0.1268147085541008,0.4,0.2,True,exact,5,9.137418486660238,1356.8948001725228,0.0007657711504704956,12.313591195742815,25.415281378165453,True,0.1668143482954804,1,0,False,20.628434713000388
983,6,3,11.251047597425197,2.0805914235992384,1328.9922033219348,0.02921239544398758,0.027038417406897594,26.969063276091273,0.13636200113502275,0.4,0.2,True,exact,5,11.251921417912886,1351.4934187983677,0.0007499746181969247,12.217552832809789,29.41400994716623,True,0.13742496421277847,1,0,False,21.020416214999386
985,6,3,9.939908165868559,2.124052581959047,1331.5332165820034,0.07340907728093325,0.027603218802977045,24.83088140006261,0.13064119064394314,0.4,0.2,True,exact,6,9.940029953384187,1351.4127608693104,0.0007676789803930939,12.345029924139643,29.535107482110817,True,0.13729569765741412,1,0,False,24.30788178399962
984,6,3,10.06344941666557,2.2360935449600228,1326.1869863521335,0.509866367992283,0.0290592520682928,25.03620311454514,0.114415308428198,0.4,0.2,True,exact,6,10.06320207392569,1356.376604059319,0.0007726804781853502,13.206280126097,28.026941841192368,True,0.13847345174062548,1,0,False,24.554952223999862
986,6,3,11.519401385743656,1.8820211009064343,1332.4856108979886,0.6766509780334903,0.0244578880397706,27.396210539135307,0.10299456710109292,0.4,0.2,True,exact,5,11.520036291871943,1355.525586046286,0.0004874623439103942,10.02417593549164,16.583688046296018,True,0.2905744553213481,1,0,False,24.972799760999806
987,6,3,9.373069077694963,2.0097144392864243,1329.0214689329089,0.8799710841223758,0.02611733243814539,23.877660120494472,0.06599880594334863,0.4,0.2,True,exact,5,9.37402265387527,1357.1397689241678,0.0004134331008758263,7.055518984847962,11.177221876869439,True,0.31118976094019485,1,0,False,24.63375655999971
989,6,3,8.972787974246716,1.9952653017535011,1328.222099406348,0.3722873803121691,0.02592955803546666,23.192923275436456,0.11777643418152475,0.4,0.2,True,exact,6,8.973961402490252,1355.137944545013,0.0006429862884781423,11.783006850152798,23.38065982509009,True,0.16131788962644286,1,0,False,24.188974908999626
988,6,3,10.094536199961665,1.9701959405163223,1327.6307686210075,0.13635075991722262,0.025603768048270352,25.087735800495246,0.1302289642543831,0.4,0.2,True,exact,4,10.094569448752813,1357.9164093088004,0.0006541445074385033,11.83495341657165,22.29126270057415,True,0.24640668199497387,1,0,False,24.750732649999918
990,6,3,9.397325433649957,2.0312928499919263,1333.0836277497374,0.06171074251249888,0.026397755624079478,23.918837348241382,0.1281675213811605,0.4,0.2,True,exact,6,9.39697292107106,1351.8785218046842,0.0006218772748953771,11.876944369076131,25.966200712752542,True,0.1826681421431587,1,0,False,24.03681616799986
991,6,3,10.099479932036251,2.2076765153088047,1335.3378493594832,0.12571093612644976,0.02868995730889951,25.095926166737716,0.1308242919579932,0.4,0.2,True,exact,6,10.099657164561107,1355.5345152916643,0.0008145488461835937,12.838732697555109,29.187146836885123,True,0.17559045790335204,1,0,False,24.172834326000157
993,7,3,15.115208321313995,1.962248933695638,1334.0007589069335,0.07474372776695055,0.025500492371404677,32.835727713247685,0.1498884799124259,0.4,0.2,True,exact,4,15.117545589408516,1349.1121215519506,0.0006006921297638801,10.883544530327097,17.48576079706189,True,0.36675600418541693,1,0,False,24.21966535699994
992,7,3,19.711999066249827,2.2418624469708903,1330.7093147093656,0.6496144198610615,0.02913422208824967,39.19442830989807,0.127807462430853,0.4,0.2,True,exact,3,19.71325445393103,1350.4201429164732,0.0007608068411368851,9.834557066823923,15.973698005202465,True,0.302721159948916,1,0,False,24.92697525800031
994,7,3,14.133250252142947,2.2945763076935006,1331.988683791914,0.8908106097136097,0.029819267385072703,31.39775431939389,0.0740680378789973,0.4,0.2,True,exact,4,14.132814471953179,1360.2537986564485,0.0006810871901780091,11.429973021544363,17.475034076976744,True,0.4600829438130887,1,0,False,24.778444311000385
995,7,3,15.759059408327365,2.0659982063725586,1325.313386767632,0.38812342830990215,0.026848770610218065,33.761682606049405,0.141277655722198,0.4,0.2,True,exact,4,15.745919438826906,1356.842352340196,0.0005882162776921218,8.49761018019681,18.286085234902956,True,0.3240524347661982,1,0,False,24.64541756499966
996,7,3,13.000623977990328,2.127422324842019,1326.6847212742632,0.4081025090745262,0.027647010444906483,29.69705288724667,0.13145909060193378,0.4,0.2,True,exact,5,13.001285389075164,1352.6846467406924,0.0007762922105566394,11.065255903413954,26.790655879087836,True,0.130024863301682,1,0,False,23.880129379999744
997,7,3,14.19539754592637,1.9049277543988554,1328.7979258911535,0.4287408887636341,0.024755572463294667,31.48972930366057,0.13358809426036877,0.4,0.2,True,exact,4,14.195367880371498,1357.185311723285,0.0005196417818521537,10.238448254684672,17.32934212564278,True,0.2313413691569673,1,0,False,24.481038214000364
998,7,3,14.93954818960424,1.800867920531221,1330.5506781868753,0.3465965184717551,0.023403258312860355,32.580833960052196,0.14057426081392363,0.4,0.2,False,alias,4,7.4700962663506045,1352.962521011594,0.0003965135193297886,9.204948719508074,16.12830003488457,True,0.27617571391956913,1,0,False,23.964970787999846
999,7,3,19.89516471820716,2.0789880062806523,1341.5368158266415,0.049498862781221696,0.027017580126571607,39.436852583595474,0.16474704119807074,0.4,0.2,True,exact,3,19.89006977423745,1361.4303332367795,0.0006157375568509593,9.586697267750695,18.7420880048587,True,0.1941413525641088,1,0,False,24.257029351999336
1003,7,3,17.02107296111209,2.1081042240779158,1333.2765851623437,0.3484951179039887,0.027395961216286315,35.54090725050601,0.14735951289192067,0.4,0.2,False,none,1,6.66395351139268,1353.2684629247792,0.0001874613522399038,4.328421808552123,9.986278580790817,False,0.3636636177656969,0,0,False,12.310205926999515
1000,7,3,13.526557766008702,2.1195380122314558,1330.0094168232686,0.18036947112706564,0.02754454951340745,30.492667300899875,0.14286764810567018,0.4,0.2,True,exact,4,13.526651873653519,1357.062567209849,0.0007557403591739176,11.54030289320387,24.5970055758593,True,0.16627105782704477,1,0,False,24.35532374200011
1002,7,3,16.512693253703155,1.9688489420740534,1341.2039325136786,0.6164883548158465,0.025586263070735887,34.82965424024391,0.12371919789900546,0.4,0.2,True,exact,3,16.514705345326984,1357.717843807869,0.0006342816229779613,10.067257027936499,15.65002279103088,True,0.21370471826306423,1,0,False,24.402761474000727
1001,7,3,17.33896737214291,1.917385307712411,1326.9897288247573,0.44095948641520244,0.024917465145606076,35.982061416781384,0.14194083720434283,0.4,0.2,True,exact,3,17.342004225833573,1361.665834414209,0.0005523351199272497,8.98201400683299,14.559420626565645,True,0.2839122656602201,1,0,False,24.800766688000294
1004,7,3,12.705458301939226,2.1870034934745726,1334.9160863988868,0.33793852088482434,0.02842130014388586,29.24584076638779,0.13435201908686903,0.4,0.2,True,exact,4,12.705096448072144,1360.3269563586862,0.0007068670686221079,10.590926081921786,24.504282718961402,True,0.20365981180568385,1,0,False,24.222079316999952
1005,7,3,13.039477320626862,1.8165295389077158,1328.661018901103,0.4907170565680552,0.023606789563699913,29.75619137256228,0.12533896279549794,0.4,0.2,True,exact,4,13.039878232281012,1354.739254302104,0.0006026126266915899,10.146261708116526,20.157593365946063,True,0.2130645960590096,1,0,False,24.435384725000404
1006,7,3,12.861127736310703,1.87941087441192,1333.2189828572368,0.41827119220818754,0.02442396672649174,29.484238938191965,0.12987756953521876,0.4,0.2,True,exact,4,12.86081647247941,1358.9402714075009,0.0005813863769623673,10.737596693632751,19.431608978454978,True,0.20069020459238973,1,0,False,24.284025152999675
1007,7,3,15.936630617828067,2.0188011276411975,1334.1804810720928,0.07766888367563939,0.02623541889654179,34.014823777771454,0.15263167968213961,0.4,0.2,True,exact,3,15.93298375403449,1350.1217472165765,0.0006446215060105231,9.439284748662974,19.896599349864644,True,0.22834873144721737,1,0,False,24.8298719000004
1009,7,3,13.689009850585716,1.8805095725578465,1325.8680979469475,0.3840601304232591,0.024438244906598027,30.736323012571674,0.13466964520164215,0.4,0.2,False,none,3,13.68878919685506,1353.2471543562522,0.00038744214197705684,6.707328703285614,11.398857332309523,False,0.3334126154371082,0,0,False,12.106173516999661
1008,7,3,15.07189646471003,2.2425789566361254,1331.1438148279026,0.49061749774632946,0.029143533521135988,32.77297165273009,0.1324637555482855,0.4,0.2,True,exact,4,15.072133559126442,1361.2869680807948,0.0007722323278671617,11.528994227847411,26.506011979042,True,0.24997895683934182,1,0,False,24.40335329499976
1010,7,3,18.352844781062448,1.7587441559153656,1327.649665209883,0.6331910637508469,0.02285583707603573,37.371409842531484,0.1256006049626467,0.4,0.2,True,exact,3,18.352853426572292,1346.0038668891143,0.0005009047001598432,8.863851174583234,14.381813349751964,True,0.3048995953827992,1,0,False,24.153480191999734
1011,7,3,18.645016906185525,2.071944903496258,1336.0311847103594,0.6820445014238379,0.026926051174388052,37.76699307165928,0.1206711706849466,0.4,0.2,True,exact,3,18.64570880435349,1354.6783472668956,0.0006193196736269391,10.353153398453644,16.166303087280497,True,0.2319238351885988,1,0,False,24.030891806999534
1012,7,3,16.910805856910102,2.310538258620167,1325.6216461248782,0.5407302584332843,0.030026701620784878,35.387245314549546,0.13338388179649022,0.4,0.2,True,exact,4,16.908857176416475,1359.441009065375,0.0008281185010311498,12.167454277661237,27.49121137074778,True,0.1955521112700384,1,0,False,24.235539940999843
1015,7,3,16.720801623714465,1.8001687523112284,1332.2945149029101,0.675895585202439,0.023394172241488834,35.12168018079178,0.11648158801042549,0.4,0.2,False,none,2,0.5005561525682783,1354.1797987943505,4.117424055827268e-05,4.348065652225445,7.642972768842169,False,0.5254958643774003,0,0,False,12.34373219400004
1013,7,3,13.571420126881076,2.3510069161148484,1328.7205919220912,0.11743528552633374,0.030552613840179252,30.56005167701029,0.14475639877282537,0.4,0.2,True,exact,4,13.57102711110939,1355.8635051847607,0.0008661712007024258,12.004227110575611,29.655258917639483,True,0.1245760575801027,1,0,False,24.543532281999433
1014,7,3,17.19570599669697,2.032361271829052,1335.9504147715693,0.17984451900621726,0.02641164034708236,35.78358883783875,0.15459660161935374,0.4,0.2,True,exact,3,17.19212101982637,1353.1505094823683,0.0006265631085623502,7.894165562704218,16.015797957987658,True,0.2604513641214565,1,0,False,24.231542638000064
1016,7,3,18.710087211377683,1.8905327004024406,1341.142440669099,0.665264561769582,0.024568500905594703,37.85481215871241,0.12261835729147907,0.4,0.2,True,exact,3,18.703507470227816,1359.8560209327698,0.0005423257839095585,8.787054513975026,14.461688347376443,True,0.32439991705750015,1,0,False,24.90710004399989
1017,7,3,15.997319643084541,2.1535703899611836,1337.1906568328966,0.7503400579968654,0.027986818775872137,34.101124684230214,0.10495826867055977,0.4,0.2,True,exact,3,15.998016909962113,1353.1888428725042,0.0007724301147994383,7.924227104699391,16.913370192216707,True,0.2487794958727022,1,0,False,24.18061256999954
1018,7,3,16.183397516001794,2.271870906458824,1336.8360696176642,0.7528956455449657,0.029524198344120754,34.36505333009806,0.10529089272392743,0.4,0.2,True,exact,3,16.182907014230633,1353.0193579767724,0.0007986951409966192,10.38568829289196,21.649578495143004,True,0.22375142594532546,1,0,False,24.350765043000138
1019,7,3,13.47443395991382,2.246156617079461,1332.0827306923761,0.10559598798896197,0.029190027164871055,30.4142824213054,0.1443993688829308,0.4,0.2,True,exact,4,13.4748311397151,1359.0308007419721,0.0008287079729156765,11.482076211255796,25.40027164349853,True,0.1710525425284713,1,1,False,24.26012223499947
1020,7,3,17.348351252759887,2.003743352649209,1341.1520165340582,0.47283769319399993,0.02603973491897919,35.99504261735346,0.13972509220631774,0.4,0.2,True,exact,3,17.346323381083938,1358.5020243436259,0.0006145508757876561,10.534050726871094,16.125269904900946,True,0.24568753197940402,1,0,False,24.678136497000196
1021,7,3,15.085500097964166,1.9793158655933896,1329.2249760497473,0.8932388217340527,0.02572228643595398,32.79268889925412,0.07386267577234076,0.4,0.2,True,exact,4,15.085541614408463,1359.395581066359,0.0005513491821038663,9.560454684724684,14.024450563344748,True,0.5128490723086857,1,0,False,24.672244921999663
1022,7,3,17.639659414259224,1.905427380058538,1326.9599424193996,0.22140601693241382,0.02476206537054232,36.396868363147895,0.15437657576751113,0.4,0.2,True,exact,4,17.639425757027553,1362.2405212265971,0.0005650395593255197,10.023739810148129,19.54971828674314,True,0.25995922447585984,1,0,False,24.626786908000213
1023,7,3,19.86540456590444,1.75961974284536,1334.4754542473504,0.5463103331561431,0.022867215804516814,39.3975150678332,0.1388189547869793,0.4,0.2,True,exact,3,19.861432880156304,1354.3454150926984,0.0004694331379899719,8.107054200613259,12.616145340933823,True,0.29904148545055,1,0,False,24.897821421000117
1026,0,4,0.7889053341340713,2.8714037004446693,1325.6190258799513,0.5314457216743351,0.03731545315227057,4.585856731189975,0.049430683949228914,0.4,0.2,True,exact,64,0.7888862172240056,1354.0193235326062,0.0013985139200576313,17.80167387451832,130.35668745025202,True,0.024195922302902337,1,0,False,23.578727179999987
1025,0,4,0.6428290521146031,2.482620499143081,1325.7553011249086,0.33127007802371844,0.03226300395040023,4.000683714448825,0.05069285400475567,0.4,0.2,True,exact,81,0.6428418676660621,1354.0398134523487,0.0011013592930599891,17.839399055380696,115.21142965372654,True,0.026275451178662527,1,0,False,24.13303544700011
1024,0,4,0.5574333720869935,2.9986286533759174,1325.7170494589839,0.8367754865955422,0.03896881062693379,3.638026552032916,0.031021665605023396,0.4,0.2,True,exact,95,0.5574336247433674,1354.1461908244537,0.0012656102188359775,20.379714521968722,114.61126103052658,True,0.017013994463043164,1,0,False,25.10351393200017
1027,0,4,0.6714278924620822,2.9264701053713167,1325.3092516501058,0.11071979190739278,0.038031071040826626,4.11847853434426,0.05415681351195276,0.4,0.2,True,exact,77,0.6714418979501994,1354.180982799975,0.0015794491790025456,17.620131688007593,160.23067854278835,True,0.026116751707544565,1,0,False,23.991803710000568
1028,0,4,0.5460038464081672,2.467505005466086,1325.8312527693517,0.06814957847243278,0.03206656988712658,3.5881260313815524,0.05060211289911309,0.4,0.2,True,exact,94,0.5460189638777061,1354.2229527091827,0.0011162234824906303,18.17257679892673,115.66501374626975,True,0.024419427524344006,1,0,False,23.61455582200051
1030,0,4,0.604995396178159,2.6980449982816843,1325.417443001252,0.7672721042714195,0.03506256250923786,3.8421289281825954,0.03574201286967142,0.4,0.2,True,exact,84,0.6049981256134103,1354.4569859919857,0.0011222517749523986,19.175216180969546,107.76378061586634,True,0.023060159754399987,1,0,False,23.460397204999936
1029,0,4,0.7396005646276037,3.0477588345195494,1325.5691926473594,0.41678335397647776,0.039607284058079624,4.392738768052097,0.05168827344528625,0.4,0.2,True,exact,69,0.7396165690258923,1354.413619550385,0.0016133137368149475,17.254494441771815,167.47713071788004,True,0.02127945189239184,1,0,False,24.168207796000388
1031,0,4,0.6036565822648082,2.766739981391821,1325.6490685498798,0.7694975328422402,0.035955291185336365,3.836458587825171,0.03566396975822982,0.4,0.2,True,exact,83,0.603654482794535,1354.021258528885,0.0011311064079743138,19.613592190508534,107.78810133062524,True,0.035185134159643215,1,0,False,24.676125805000083
1032,0,4,0.686747900274392,2.478199429051549,1325.4143187936907,0.427469353504584,0.032205549739465725,4.180890382802018,0.0498123111647152,0.4,0.2,True,exact,75,0.6867497960985139,1354.2578330236795,0.001071883507628657,17.91774401656555,106.66061600232996,True,0.042850273033288824,1,0,False,23.10100076300023
1033,0,4,0.7698080685875249,2.5725037849117114,1325.6528106293229,0.7746858480966128,0.03343108614614027,4.51154742265314,0.03786035747542421,0.4,0.2,True,exact,65,0.7698358709446567,1354.1359641249944,0.0009444943518219784,19.473985972524872,81.18610295511006,True,0.028217222701524974,1,0,False,24.544986726999923
1034,0,4,0.7192547674065156,2.6334952085978927,1325.469728238317,0.6411917975491416,0.034223702876730794,4.311804423477612,0.04383913344458034,0.4,0.2,True,exact,72,0.7192374132321468,1354.2398928043278,0.0010975516028247645,18.380560709841358,102.01868088717245,True,0.014541236468840766,1,0,False,24.062874309999643
1035,0,4,0.6098291428643658,3.1355100161414833,1325.8884481580117,0.5105160627271177,0.04074765840055281,3.8625668078802224,0.04642292674167623,0.4,0.2,True,exact,83,0.609822386904185,1353.9405854476345,0.001660864513353122,18.473408472721204,172.48186601403154,True,0.0134950441441779,1,1,False,23.26346057000046
1036,0,4,0.5162743366292184,2.370536217490296,1325.326032167166,0.8510740264541911,0.030806407735638548,3.4566672833936427,0.02867262346186062,0.4,0.2,True,exact,100,0.5162864462162536,1354.2377107006523,0.0007734950300786192,21.183609109955643,73.87889881393524,True,0.024380194792454752,1,0,False,23.8985658470001
1037,0,4,0.7636177821242495,2.908319034324369,1325.545939557288,0.33752962182312457,0.037795187998253744,4.48732897486123,0.05374636699569301,0.4,0.2,True,exact,68,0.7636231242625305,1353.7998424977557,0.0015334321098827708,17.10967837793933,153.3597187777526,True,0.018953753162982208,1,0,False,23.2367091469996
1038,0,4,0.6958363646226903,2.9538766835480126,1325.3589785090123,0.3110959872642854,0.03838723443361537,4.217696272634844,0.05266282364170744,0.4,0.2,True,exact,73,0.6958436475031118,1353.888201968503,0.0015591519272638577,17.48394558620973,157.57472374138052,True,0.009283687511192676,1,0,False,23.734088014000008
1039,0,4,0.5853372880146642,2.478006692027268,1325.863801675794,0.16525424862187757,0.03220304501698482,3.7584434049100195,0.051200604582641154,0.4,0.2,True,exact,87,0.585327313032748,1353.959857300614,0.0011001419836375037,18.123284472932745,115.33862579485604,True,0.02334292475450191,1,0,False,22.860822149999876
1040,0,4,0.5058094692461251,2.567802053188945,1325.701815591394,0.018270869046407723,0.03336998458462586,3.4097970021334865,0.04956608403159911,0.4,0.2,True,exact,103,0.5058143188013686,1354.0270528154185,0.001214837831090776,18.28627681167378,144.05613020999323,True,0.02594199215948138,1,0,False,22.48140347500066
1041,0,4,0.6785794330509679,2.53175329728092,1325.6248081214853,0.04916063512105367,0.032901511390809456,4.147671469505086,0.05430353226670993,0.4,0.2,True,exact,78,0.6785705904188744,1354.1255043018014,0.0011684235882175598,17.417976240478275,125.94583218064587,True,0.02817789769266044,1,0,False,22.662293307000255
1042,0,4,0.7279352603460417,2.586792027359724,1325.7272047340275,0.2988108878524692,0.033616769629662466,4.346427021403414,0.053344618961600074,0.4,0.2,True,exact,70,0.7279157909776024,1354.1167944148353,0.0012172963456836827,17.565223619401724,121.90324140770609,True,0.013191753812242578,1,0,False,22.018662458000108
1043,0,4,0.5465944689611143,3.1355553287207605,1325.3951833888798,0.3972732884410505,0.0407482472621709,3.5907131270419566,0.04748570127086875,0.4,0.2,True,exact,93,0.5465925447657881,1354.3646058351287,0.0017371055020080073,18.546573863985405,191.43686311617432,True,0.010287944740235323,1,0,False,23.587266999999883
1044,0,4,0.5041232285524622,3.049514068096152,1325.3185397021646,0.7510789133268065,0.03963009427326771,3.4022145186755,0.035039281610164064,0.4,0.2,True,exact,104,0.5041302070870575,1354.0537504159515,0.0014096823712698159,19.969116243961054,145.24747478773438,True,0.019165490143902564,1,0,False,23.849403960999553
1045,0,4,0.5624535270979487,2.423506022767002,1325.4096576429004,0.7426459585427923,0.0314947791711778,3.659836217941157,0.03600529304424894,0.4,0.2,True,exact,93,0.5624480047163146,1354.0945023280742,0.0009014894955345909,19.65282094479094,87.59817576161024,True,0.027438533448372892,1,0,False,23.72591433100024
1046,0,4,0.7554010637272048,2.715229089197079,1325.811282833866,0.8409491885103845,0.035285879118956816,4.455081113540621,0.03329355028202215,0.4,0.2,True,exact,69,0.7554142745008152,1354.516568393573,0.0010364941729088528,19.508505000481705,83.09289954700556,True,0.024516515248163343,1,0,False,24.00795481899968
1047,0,4,0.7060301284644854,2.771656701150124,1325.3241328457534,0.016207098571874422,0.03601918663332767,4.258788215702477,0.05521838001439249,0.4,0.2,True,exact,70,0.7060252727561627,1354.271468916378,0.0014355210273175878,17.419481805210363,146.49289616741044,True,0.016287082982166995,1,0,False,22.84053293800025
1048,0,4,0.5356025828836994,2.6005314159114925,1325.5237584470417,0.5447234875285943,0.033795320458222367,3.5424113937210717,0.0432584935490751,0.4,0.2,True,exact,97,0.5356049300766481,1353.9107778816042,0.0011551307182013915,18.925622881083353,125.71342805427379,True,0.028536258280636315,1,0,False,23.22816482000053
1049,0,4,0.7552842566113207,2.434488554789168,1325.4062982968617,0.6443713726162797,0.031637503149385036,4.454621844407139,0.04419089635207251,0.4,0.2,True,exact,66,0.7552929820749095,1354.1072717813886,0.0009770939271419588,18.196411219668704,86.82441980933402,True,0.023108963901569322,1,0,False,23.369918753999627
1050,0,4,0.5397441571350672,2.723090262396103,1325.4529021425494,0.8932684509196521,0.035388039341214886,3.56064919091171,0.026197701876772964,0.4,0.2,True,exact,94,0.5397424940159965,1354.0593656453898,0.0009875266745573708,22.052377630906594,84.42649106714889,True,0.03058421278587263,1,0,False,23.966946024000208
1051,0,4,0.6804215038681739,2.681846396561158,1325.7015194769056,0.5121904012829749,0.034852052867719675,4.155174253152341,0.04761336474124231,0.4,0.2,True,exact,74,0.6804254892324869,1354.2793215103063,0.0012288080240628885,18.279962838964323,118.61034220035803,True,0.023169453316032408,1,0,False,23.623696061000373
1052,0,4,0.700249628528505,2.757601735985772,1325.7946888598556,0.15051259441911405,0.03583653471501121,4.2355109839991245,0.05450876403254536,0.4,0.2,True,exact,74,0.7002496416238876,1354.5050456441213,0.0013655756382028317,17.58065030879078,135.30871430588263,True,0.020147215918313033,1,0,False,23.13915180999993
1053,0,4,0.764654052202108,2.956107032093905,1325.9740939876476,0.022043229380368522,0.03841621902629546,4.491387753789032,0.05677523866676637,0.4,0.2,True,exact,68,0.764661385989972,1354.2663180775041,0.0016122529135413899,17.1343222773961,155.361888905121,True,0.016015778429465992,1,0,False,23.221456807000322
1054,0,4,0.6960258822301117,2.79745243506161,1325.4381442518832,0.20169112902052744,0.03635441622857874,4.2184620574921015,0.053981873190746814,0.4,0.2,True,exact,73,0.6960241683243601,1353.9753559263409,0.0014028546339106551,17.373282148286908,145.80305431181452,True,0.010454586530544522,1,0,False,23.38070748300015
1055,0,4,0.7110823581688367,2.961214412608453,1325.5805867499098,0.2050417830424929,0.038482592214535045,4.279080830695261,0.05443494736370923,0.4,0.2,True,exact,74,0.7110664111050159,1354.0242506359093,0.0015481130275392108,17.59323322065113,160.35600791209464,True,0.014432736630762857,1,0,False,23.21102827699997
1056,1,4,0.8964045034295672,2.383386749196966,1325.335303559785,0.3438913759586883,0.030973407385951654,4.993517475347351,0.05602845892858443,0.4,0.2,True,exact,59,0.8963936317344419,1354.020422178044,0.0010016721410782692,17.269127298357855,91.91408852733197,True,0.028917751783681465,1,0,False,23.46599757900003
1057,1,4,1.1755232392546475,2.805176772824405,1326.4486780078498,0.061858498334538305,0.03645479819990351,5.982619291884376,0.06503958884918713,0.4,0.2,True,exact,44,1.175540166000299,1354.6601180715493,0.0014219421541735722,15.329598683698451,118.64471235754121,True,0.021209875762363273,1,0,False,24.468030516
1058,1,4,1.1112683866607045,2.8422851248324146,1325.3142363252364,0.342055981809716,0.03693704142146738,5.76257415918042,0.06048866008688046,0.4,0.2,True,exact,49,1.111239874881846,1354.2074925781178,0.0014283728409713037,15.663557006678287,117.04071777056612,True,0.02968580780731608,1,1,False,24.40601225899991
1059,1,4,0.8212802955200666,2.507725002562027,1326.0884013288169,0.06408175669890968,0.032589250629366205,4.7104763000617424,0.05766795419945018,0.4,0.2,True,exact,62,0.8212910225875953,1354.0116738555203,0.0011278577821548508,17.34636969550503,107.32390499962287,True,0.025265236803937916,1,0,False,24.784458436000023
1060,1,4,1.2566206752248628,2.4655036811931934,1326.4088115893142,0.7620012831804478,0.032040561589465034,6.254702940057443,0.04494056954203486,0.4,0.2,True,exact,39,1.2566397943968628,1354.054362376773,0.0009102373501217453,16.833790811340606,62.646230776675324,True,0.04863703511327158,1,0,False,22.114175595000233
1061,1,4,1.236546011147629,2.5998744338213684,1326.0322389843113,0.4665856590971771,0.03378678261855805,6.187911230262235,0.05906822107935869,0.4,0.2,True,exact,41,1.2365305511713094,1354.4726432228153,0.0011827121341215774,15.963368841659463,91.21707759448526,True,0.023600660598614452,1,0,False,21.358437204999973
1062,1,4,0.9642309015371539,2.656397912528841,1326.2402092242783,0.4121262715703858,0.034521335973554924,5.242332760992945,0.056038023655186446,0.4,0.2,True,exact,55,0.9642549321282827,1354.2025393067622,0.0012412174931616393,16.577263711491874,109.29264892128062,True,0.015719683718493877,1,0,False,21.235578233000524
1063,1,4,1.0147170261751306,3.021848268271728,1325.5411115859313,0.6219996337696455,0.039270562154148224,5.423760692446674,0.05011206023921955,0.4,0.2,True,exact,51,1.014709293850966,1353.953350252869,0.0015242074678060158,16.078609215374282,132.38127934535677,True,0.030972256805573535,1,0,False,17.238658698999643
1064,1,4,1.069601013418489,2.978147697420942,1326.3098505426024,0.31834958923261003,0.03870264946250635,5.617612236134695,0.060334419094944844,0.4,0.2,True,exact,49,1.0696253816559587,1354.1193931772636,0.0016002151113090335,15.308472628073918,135.55143051162838,True,0.019505138062366083,1,0,False,14.455337389000306
1065,1,4,0.8535508607722333,2.487999171490068,1326.1237255979643,0.12302654556938579,0.03233290272358714,4.833074511398332,0.058079540699266845,0.4,0.2,True,exact,61,0.8535812263119055,1354.2901392433348,0.0011273266229694379,16.921647555090225,106.31307782717441,True,0.02465650500172638,1,0,False,14.875262215000475
1066,1,4,1.0512363954116406,3.00938877898901,1325.8904738876342,0.6273332050244614,0.03910864431286438,5.553125388600634,0.0504280966962232,0.4,0.2,True,exact,50,1.0512485065934636,1354.2738325155656,0.0014734626900453351,16.01056471619966,118.19425004744569,True,0.03240238942555788,1,0,False,16.355135763000362
1067,1,4,0.903083083793606,2.807659234226184,1325.9490271149832,0.4609321457936927,0.036487059136297115,5.018289277803572,0.053716463728949726,0.4,0.2,True,exact,55,0.9030728595540178,1353.9446913795498,0.001382057090637434,16.93003799844752,126.97522379090091,True,0.02911258382019639,1,0,False,15.599179564999758
1068,1,4,0.8634510821455217,2.882936766679053,1325.7772418875188,0.2238944978885955,0.03746533162206028,4.870374755462762,0.05764892660445587,0.4,0.2,True,exact,60,0.8634538841635131,1354.2708848691047,0.0014830676682582311,16.868968355622464,145.65696424920702,True,0.020141691346628444,1,0,False,16.32204991100025
1069,1,4,1.2478004556538043,2.7077418725358577,1326.1144662440552,0.40607521634825444,0.03518857866534263,6.225400757511151,0.06112312614294237,0.4,0.2,True,exact,40,1.2478232640384352,1353.5659325630543,0.001281901915570427,14.968346256561222,100.21621723250185,True,0.03180241446464083,1,0,False,15.702033373999257
1070,1,4,0.9569114767808838,3.1107301535395075,1326.1323445014775,0.70622390612088,0.04042563060561038,5.215769573118281,0.04519847122458903,0.4,0.2,True,exact,52,0.9569104142366356,1353.8825170379043,0.0015417538209180348,17.420586432105026,125.46330641878284,True,0.020387361488634622,1,0,False,16.070641633999912
1071,1,4,0.8609740429838046,2.9347139442665937,1325.8782150887296,0.31692218526647864,0.03813820421198049,4.861055652310059,0.056247058661890885,0.4,0.2,True,exact,61,0.8609830419230742,1354.2902585335034,0.001527288572659824,16.987813118281647,142.18562814899028,True,0.013762251334168873,1,0,False,16.090342716999658
1072,1,4,0.8404369954220039,2.6728020124282015,1326.1365831039457,0.6913876356796411,0.034734516175699594,4.783443646412214,0.043705400824744986,0.4,0.2,True,exact,61,0.8404304026042597,1353.8710058109825,0.0011300626976438188,17.283037982988272,98.19507326996685,True,0.0359875761771722,1,0,False,16.603774516000158
1073,1,4,0.8714277923861145,2.9222095941872523,1325.7797533895932,0.027935105106946103,0.0379757033802399,4.900324335520749,0.059182545714277626,0.4,0.2,True,exact,60,0.8714147881437315,1354.5368499087851,0.0015567728919612112,17.050739564149847,141.83506489746367,True,0.024539838424387325,1,1,False,16.77407727300033
1074,1,4,1.0978176144791236,2.8423545231949445,1325.4119500872505,0.7877576104115565,0.03693794329094169,5.715979783646664,0.041719390070304965,0.4,0.2,True,exact,49,1.0978286825158574,1353.955413374621,0.0011679761398084576,17.509733871583823,86.55257717694057,True,0.03200560664529158,1,0,False,17.20928049899976
1075,1,4,1.118227743792221,3.134523042951684,1325.5679123783523,0.5880085941333998,0.0407348321470306,5.786607998678673,0.05329398911584713,0.4,0.2,True,exact,45,1.118220854699679,1354.642315580567,0.0016494489390371792,16.278313186828722,136.38307123901657,True,0.017986865790489793,1,0,False,15.697921938000036
1076,1,4,0.8723314279378617,2.41750884203799,1325.727415098292,0.5533567006357663,0.031416842545093325,4.903711376406216,0.04987144443512429,0.4,0.2,True,exact,58,0.8723409653306949,1354.514679380955,0.0009763467491465949,17.96257338458603,88.44695292044422,True,0.03897385429671137,1,0,False,15.340800871999818
1077,1,4,1.0016851081218268,2.465690390813553,1325.6059475968282,0.5361519103116917,0.032042987982553034,5.377222812481601,0.05279250125510157,0.4,0.2,True,exact,51,1.0016833034746926,1354.6548240549748,0.001066976843522749,15.851009306613001,92.92909837880164,True,0.04171103520262512,1,1,False,15.242229007999413
1078,1,4,0.9499540528543619,2.7588908681316715,1325.3817774089075,0.710569449984911,0.03585328768854467,5.190457279530892,0.04448659123897399,0.4,0.2,True,exact,54,0.94996206313222,1353.8803909815088,0.0011675645004168844,17.96365482052046,95.29867165016091,True,0.026803054853012934,1,0,False,15.741541743999733
1079,1,4,1.2112355408819204,3.093665489740031,1325.9512229678874,0.12539233743487446,0.04020386601623202,6.10318158358501,0.06556152408928798,0.4,0.2,True,exact,42,1.2112398321029416,1353.8095764759096,0.0017183766755985985,15.14759755626699,139.1156825092385,True,0.016513553632475253,1,0,False,14.65395794899996
1080,1,4,1.2099126915533776,2.6008283717104344,1325.7044589836028,0.7668406411117792,0.033799179560375786,6.0987370530790495,0.04422982205322351,0.4,0.2,True,exact,42,1.209879116111487,1354.7426513117177,0.0010184348539049592,17.200152902789526,75.56685299383808,True,0.04079056859738938,1,0,False,18.24533212699953
1081,1,4,1.1637658534895885,2.5804563157659266,1325.6260182550827,0.43075554885590006,0.03353443361082679,5.942661061890401,0.058966707877899004,0.4,0.2,True,exact,46,1.1637798120873637,1354.7200348063927,0.0011519634345357188,15.36020542253321,92.5709491999808,True,0.035045367583302865,1,1,False,18.07980863300054
1082,1,4,0.9048378075176792,2.7699820142911777,1325.5129393037425,0.8879324343287219,0.03599742316655354,5.02478765521821,0.031142928887977823,0.4,0.2,True,exact,57,0.904859396533595,1354.467889151617,0.0010004439923932962,20.17817152351708,72.71141693270043,True,0.04876546657943644,1,1,False,20.080215926000164
1083,1,4,0.8305954438257394,2.378513210933219,1326.0993839134494,0.878862641591261,0.030910073104973162,4.746027502866414,0.030615242321702874,0.4,0.2,True,exact,61,0.830595251906603,1354.339996819033,0.0007609496713747443,20.517092382294855,57.29750547863923,True,0.044804711371281565,1,0,False,21.24498871800006
1084,1,4,0.968428906761475,2.9684043732341157,1326.013586065666,0.08553807474524872,0.03857602966425764,5.257537557607459,0.0610942220220806,0.4,0.2,True,exact,54,0.9684446115707687,1354.0978030314275,0.0015637272200887953,16.040452774391195,139.22812612374386,True,0.019362971940172797,1,0,False,20.957728012999723
1085,1,4,0.9395640628998276,2.796216660800179,1325.5429675504342,0.5141144230664267,0.036338356669781045,5.152541349998607,0.052764369237506666,0.4,0.2,True,exact,56,0.939575992030868,1353.7298114526347,0.001317016098265511,16.96724301899214,114.20696486154674,True,0.018999543884970937,1,1,False,21.34067135999976
1086,1,4,1.188843363593671,3.192324668927338,1325.9037250838321,0.8062466655234611,0.04148599572109912,6.027727992959875,0.04185057276977944,0.4,0.2,True,exact,43,1.1888135538910374,1354.4359059434269,0.0014342400748635908,17.315763970981276,104.60198568874084,True,0.017659915178358455,1,1,False,20.911705329999677
1087,1,4,0.9179204516815812,2.6764903253605747,1325.7161938287466,0.8349012124569535,0.034782447808725483,5.073105785658924,0.03578492157878473,0.4,0.2,True,exact,54,0.9179292617839301,1354.1718414111772,0.001001716191958102,19.258579856912267,74.77114945039457,True,0.05465694464140638,1,0,False,20.24452787500013
1088,2,4,1.299913643193387,2.702981584237443,1326.4850167411032,0.7432679374046738,0.035126716129272456,6.397548036888689,0.04701510418455998,0.4,0.2,True,exact,40,1.2998661755043566,1353.7834062731336,0.0011195690738402542,16.507891537902303,82.99142792601452,True,0.0439142743904972,1,0,False,19.351164016999974
1089,2,4,1.6058994127404256,2.4187462013156025,1325.7406028160963,0.02051255995758369,0.031432922702038554,7.365735403274714,0.07180227618299653,0.4,0.2,True,exact,33,1.6058921797317602,1354.6461820727136,0.001064993721925922,13.787702643358488,75.34878096834154,True,0.047955902168034456,1,0,False,20.281782722999196
1090,2,4,1.4494740307652207,2.5506113836377478,1325.9520154752383,0.09448367947474774,0.033146582481955816,6.87929890840319,0.06926729006053109,0.4,0.2,True,exact,36,1.449428854521943,1353.4921616984589,0.0011524939001698042,15.01483995409491,88.58041299090019,True,0.02225848295511357,1,0,False,20.286819327000558
1091,2,4,1.393739948649387,2.839089110513777,1325.7892308933149,0.1314878362226752,0.036895507476741106,6.701803961006742,0.06836895323334938,0.4,0.2,True,exact,38,1.3937544476351769,1353.6640399152454,0.0014465990774253923,15.330117568068163,108.98686528214634,True,0.028320674250215824,1,0,False,19.901671392000026
1092,2,4,1.8332057568585345,2.8138144861622716,1325.6343281158292,0.052821689250365005,0.03656704998370946,8.045345437978494,0.07529473501636427,0.4,0.2,True,exact,30,1.8331883029277443,1354.965276309386,0.0014392743725167856,13.692250597591404,105.41847294602623,True,0.027119553212431962,1,0,False,19.311976199000128
1093,2,4,1.2970780783110627,2.7387324545509535,1326.0266840923114,0.30531533561341684,0.03559131813773616,6.388241129347307,0.06428811065157251,0.4,0.2,True,exact,40,1.2970594018013475,1354.5625390521716,0.00137780711872304,15.099283955447078,109.29123038056598,True,0.03975632711539106,1,0,False,20.72661228600009
1094,2,4,1.9266824482734903,2.906598837669773,1325.870577724604,0.5527949264869035,0.037772833106927486,8.316564912686728,0.06503229343504088,0.4,0.2,True,exact,27,1.9266327793071483,1354.7704739021492,0.0014166675615790991,14.860529321924016,93.75475773213373,True,0.039502544116384486,1,0,False,20.030764357999942
1095,2,4,1.4437205415350145,2.969400792533896,1325.815264351111,0.6942080393733276,0.038588978675117805,6.861082552129419,0.05211946577609139,0.4,0.2,True,exact,35,1.4437110557799218,1354.6905158281404,0.0014033294796584883,16.475422479553295,96.50942354116556,True,0.017224337825636687,1,0,False,20.157601048999823
1096,2,4,1.7678564512861121,2.5159469391454574,1326.238074559809,0.34892572493125595,0.032696099168062605,7.852993163972489,0.06989692668105295,0.4,0.2,True,exact,31,1.767853836214262,1354.5238310919701,0.001107528035582117,14.468015181816863,78.25847705214672,True,0.04135564728620576,1,1,False,20.33056262199989
1097,2,4,1.9705330382429798,3.1229762359067474,1325.6187733070353,0.2002736660519098,0.040584775107932645,8.442279015697922,0.07607515350080277,0.4,0.2,True,exact,28,1.9705815435426113,1353.2059988221386,0.0017597870585914777,14.203130379926177,119.11266491865297,True,0.017489415493817932,1,0,False,20.38383616200008
1098,2,4,1.6910742855578758,3.149016638332741,1326.2261140040412,0.09909347353511981,0.04092318430363124,7.623931953631625,0.07339369351223002,0.4,0.2,True,exact,30,1.6910475989815361,1354.974260145228,0.0018007228958772936,14.042388185360927,131.26262722731158,True,0.01919671338434485,1,1,False,20.620046353999896
1099,2,4,1.7525655452655582,2.7881990737629248,1326.088061207869,0.5538617495548063,0.036234163764604886,7.807645156331288,0.06286694413559983,0.4,0.2,True,exact,30,1.752569117330023,1354.1288849648224,0.001279377420081329,14.597611510705404,92.09792675713126,True,0.026133380724504874,1,0,False,21.057531260999895
1100,2,4,1.6621787066788243,2.4530080305101207,1326.455812030302,0.8134334559659185,0.0318781738111115,7.53683539909854,0.04488588413586492,0.4,0.2,True,exact,32,1.6621790491618393,1354.7131822982933,0.0008939706883219767,16.487956440114935,56.454087976000686,True,0.049794687223220384,1,0,False,20.801816758000314
1101,2,4,1.943220021216902,2.896256873998686,1325.4736350825488,0.022962320285359484,0.03763843366291647,8.364086942311765,0.07691564574329593,0.4,0.2,True,exact,27,1.9431715211677676,1354.6224612800584,0.0015126946959991283,14.008866303299554,104.98716901476615,True,0.033164879020276,1,0,False,20.738091248999808
1102,2,4,1.5129826092552108,2.5840592155195425,1325.920861358167,0.6916892049093888,0.03358125525312932,7.078803305503354,0.052607125699248726,0.4,0.2,True,exact,35,1.5129979124229505,1354.6671612985779,0.0010412270377045951,15.738361253333242,70.04288922777502,True,0.0354654888454457,1,0,False,20.637597578999703
1103,2,4,1.9646151966792547,2.8380817839232244,1325.5179831606208,0.7564653420013302,0.0368824167197037,8.425368156713692,0.052911379591557235,0.4,0.2,True,exact,28,1.9646756028788073,1354.987014693224,0.0012302621995128327,15.809476660798474,76.08660634542775,True,0.03623306851729888,1,0,False,20.985624029000064
1104,2,4,1.835332177956347,2.635690995631676,1326.3103583216357,0.5400094291864422,0.0342522383237593,8.05156568414696,0.0642759696934767,0.4,0.2,True,exact,27,1.8353407155477846,1353.8405460707588,0.0011703908250338957,15.140527725594545,75.68134640876526,True,0.033055906059838346,1,0,False,20.44718642299995
1105,2,4,1.3588178924088323,2.7975010334282,1325.4694884193989,0.09935717885075264,0.03635504779079044,6.589382611295604,0.06800017735550339,0.4,0.2,True,exact,38,1.358838077731265,1354.0042380948985,0.001419732380412042,15.39861581406018,107.79574497472164,True,0.024844575042872293,1,2,False,19.996869702999902
1106,2,4,1.3944936581392697,2.852584853132221,1325.5337335420463,0.5696007367773567,0.03707089199385225,6.704219886632602,0.057750799126983186,0.4,0.2,True,exact,37,1.3944776972748913,1354.818425313648,0.0013681298361792882,15.855897329201833,96.87549920985944,True,0.033615238160895254,1,0,False,20.729857733000244
1107,2,4,1.8591670135957166,3.036583929004658,1325.7257563178716,0.6895633941506527,0.03946206008168181,8.121124300669733,0.05697266145305212,0.4,0.2,True,exact,27,1.859230635936373,1353.613282897421,0.0014571193032945073,15.32776293447751,89.50688028299739,True,0.036813763197167726,1,0,False,21.21244794999984
1108,2,4,1.8981353062036603,2.857612718939888,1326.0591632528688,0.8712951859753274,0.03713623184521932,8.234211144919074,0.04154577937738949,0.4,0.2,True,exact,28,1.8981920942566197,1354.5311032097247,0.0010837633728090212,16.709923202186435,61.83853351705664,True,0.06483044098317461,1,0,False,20.611549147000005
1109,2,4,1.6611840771376525,2.87308217753705,1326.8546399692598,0.7003065023705431,0.037337265875190095,7.533828459300441,0.05403908583460066,0.4,0.2,True,exact,29,1.6611733166882383,1353.4331537170538,0.0012882367643297643,15.92421564350468,81.81900152622785,True,0.04267349234995375,1,0,False,20.399814405000143
1110,2,4,1.4584099600730625,2.966520065179793,1326.6503180655607,0.13481963491944246,0.03855154205601411,6.907543608201065,0.06947825588920352,0.4,0.2,True,exact,37,1.4584262979537361,1354.360378748663,0.0016363471970636256,14.439420647934256,132.83292628328425,True,0.01401892419177433,1,0,False,19.61838304199955
1111,2,4,1.559115390323003,2.951670987918786,1326.4751970836326,0.03236291936234923,0.03835857021899873,7.22197631808,0.07156807141863405,0.4,0.2,True,exact,35,1.5591575757154394,1354.53933420042,0.001623607208886213,14.084280804141294,128.5807764562787,True,0.024523178836353316,1,0,False,20.274134383999808
1112,2,4,1.7389408627947196,2.4909764119402795,1325.9351194430697,0.683952476300725,0.032371593582878604,7.767127415193816,0.055416774398983945,0.4,0.2,True,exact,29,1.7389409271944405,1353.7578391309862,0.0009657732134731312,14.662604316899685,64.51641410774415,True,0.05950625827433079,1,0,False,20.065365385000405
1113,2,4,1.4264517665922845,3.0994923566620547,1326.5271839424986,0.5219734123153069,0.040279589321742706,6.8062612519668075,0.060385036116249145,0.4,0.2,True,exact,34,1.4264635639483583,1353.6300399275608,0.0016486714021769489,15.127881628609037,115.98596218397351,True,0.025116479803084724,1,0,False,19.535035845000493
1114,2,4,1.5048919763296398,2.575799269885359,1326.1830941952117,0.3671748519194759,0.03347391276614118,7.0535449564887704,0.0659033315832398,0.4,0.2,True,exact,34,1.5048901436609023,1354.7763949420992,0.0011692959330766861,14.783270405635143,81.22511911817627,True,0.0627554654237035,1,0,False,20.19420338300006
1115,2,4,1.8529599711638205,2.884946461092264,1326.2947643928037,0.7466404958891132,0.03749144869424869,8.10303869087159,0.05272871161451602,0.4,0.2,True,exact,28,1.8529487633985717,1354.0890417885205,0.001278072745756642,16.11956819385766,79.12151819858708,True,0.03576609947542715,1,0,False,20.114984988000288
1116,2,4,1.4274444250345208,2.8154042350429034,1325.6913382847897,0.49276381201149444,0.036587709635248496,6.809418507605044,0.06119784038836857,0.4,0.2,True,exact,38,1.427397718489146,1354.240225644825,0.0013910436158368622,15.111920526287754,105.33911861518445,True,0.03663368351588349,1,0,False,19.614292674000353
1117,2,4,1.307868115683727,3.025980799827658,1326.330341197482,0.6357100976929214,0.03932426664984548,6.423620209911722,0.05369965642526078,0.4,0.2,True,exact,40,1.3078705755899052,1353.7955741957633,0.0015032863533210872,16.09457086097028,121.01560986287267,True,0.02425305419404016,1,0,False,21.094644011999662
1118,2,4,1.286334601212793,2.4113291899016644,1325.5321335636634,0.3909601959113448,0.031336534603805,6.3529171097595825,0.061861586307724085,0.4,0.2,True,exact,41,1.2863217069405748,1353.8318436194013,0.001020409701016023,15.6866656141611,85.29900142018973,True,0.041717952958457,1,0,False,19.851100715999564
1119,2,4,1.7903488592585166,2.572763822391358,1325.5781461547226,0.8049688370815504,0.0334344654746506,7.919461712773482,0.0469320060013367,0.4,0.2,True,exact,31,1.7902902547481765,1354.2244153510128,0.000937915823172375,16.712143603506753,58.44671451933226,True,0.04839312744301083,1,0,False,20.66208474599989
1120,3,4,2.2268041370214617,2.9375617625854784,1326.3047385078246,0.36256489354661087,0.03817521316026877,9.159221614817916,0.07548527473681282,0.4,0.2,True,exact,25,2.226825905815895,1353.0264868323327,0.0015511211053987894,13.943534083594628,98.27834951280057,True,0.025917044944270953,1,0,False,19.97431026599952
1121,3,4,2.4499514175454227,2.911276464015969,1326.675759333672,0.684284601956178,0.03783362140595986,9.761327169019994,0.06255912602633922,0.4,0.2,True,exact,19,2.4499585910398096,1353.6248886931467,0.0013649043366165126,14.3466428696194,72.82658637115127,True,0.032923390348756264,1,0,False,20.196147641999232
1122,3,4,2.8067821313983496,2.9897494231973116,1326.703697268462,0.4983567422153876,0.03885342020039547,10.687505624699366,0.0763743191983396,0.4,0.2,True,exact,19,2.8068630210049,1354.771643672591,0.0015665612172630627,13.127428157031762,89.28332659941331,True,0.025617383190549858,1,0,False,19.871020587000203
1123,3,4,2.300767264216142,2.6922416841784553,1326.1082446998093,0.5924497337171573,0.03498714528542032,9.360930351242052,0.06661952576835643,0.4,0.2,True,exact,22,2.3006669239542683,1353.7172665499932,0.0012155396876356583,14.624827232833198,69.24733271293458,True,0.045918042552089144,1,0,False,19.505465072000334
1124,3,4,2.0119017590914527,3.148720423564426,1326.9314288806263,0.39315233753587653,0.04091933483157394,8.560025685506455,0.07233676940623812,0.4,0.2,True,exact,26,2.0118764368126523,1355.097799202919,0.0017764469008672013,13.992364740948412,118.32421625841107,True,0.027154823933444,1,0,False,19.591488224000386
1125,3,4,2.75365397231139,2.5061922996005754,1326.322212218188,0.07427345355218418,0.032569332320580326,10.552210946642093,0.08568632512063601,0.4,0.2,True,exact,18,2.753736820428004,1353.858350416822,0.0011336679444519104,14.042551186413302,65.70383277313465,True,0.040978375539477016,1,0,False,20.198705384999812
1126,3,4,2.8502557461625027,2.832270835551778,1326.3197143061454,0.13648840199944243,0.036806900284417576,10.797580258862192,0.08649720664905258,0.4,0.2,True,exact,20,2.850185481339669,1354.8228370259387,0.0014193263587969351,13.110651265533066,81.36158909371973,True,0.049795069610441785,1,1,False,19.276111326999853
1127,3,4,2.6552005980779585,2.461328075478443,1326.9209625195226,0.322626284922062,0.03198629732164125,10.299167288623211,0.08060425899678929,0.4,0.2,True,exact,19,2.6553317836597228,1353.4719562991393,0.001079151614327034,13.548875072661517,66.23489092743891,True,0.041898313173331966,1,0,False,19.73447247599961
1128,3,4,2.7223606206680584,3.0454146981984853,1326.708361926159,0.5823732042104205,0.03957682073135979,10.472113090452543,0.07144960373683454,0.4,0.2,True,exact,19,2.7223180809157546,1353.9320536466996,0.001584271042114782,14.397516254623833,94.80377645339478,True,0.03533065763099016,1,0,False,20.075548671999968
1129,3,4,2.1524870713173145,2.598117265569712,1325.33475667801,0.48272587226205527,0.03376394726121516,8.9542851825736,0.07017167155537722,0.4,0.2,True,exact,25,2.152534647862701,1353.316823259757,0.0011373151211712118,14.63504166791312,73.41640990820542,True,0.05056519699406575,1,0,False,19.192383594000603
1130,3,4,2.06983355358243,2.400102258422735,1326.7553220204143,0.204242447536713,0.031190634521701996,8.72356837781056,0.0765308058561566,0.4,0.2,True,exact,24,2.0697507872455287,1353.6636799467337,0.001026473447844789,14.540837943558335,67.04380913216467,True,0.05383716022876606,1,0,False,19.39283316900037
1131,3,4,2.2243313820559063,2.973209147316464,1327.4526477010593,0.8026455322865179,0.03863847031729063,9.152439786667646,0.051236356692622546,0.4,0.2,True,exact,23,2.2242967978891235,1354.1443797247116,0.0012587038850488952,15.827656297959813,70.36793794689648,True,0.04722991849483982,1,0,False,20.370261926999774
1132,3,4,2.7720054966110834,2.999901312472756,1327.266629346465,0.1384725126049366,0.03898534952423323,10.599041981273823,0.08586535781152861,0.4,0.2,True,exact,20,2.772063250605817,1354.9861459686,0.0016384672373379594,13.186511757762537,101.48780977592969,True,0.023036302312112695,1,0,False,19.425218518000293
1133,3,4,2.9402788142807537,2.5750172564633598,1326.6222946245134,0.08435679546101253,0.033463750076301174,11.023755291001715,0.08757888346025726,0.4,0.2,True,exact,18,2.940371732633344,1353.0842627020754,0.0011743817975731208,13.093033489159083,67.56182266153094,True,0.06449016429885653,1,0,False,20.132106971999747
1134,3,4,2.555421804662258,2.4321217342759405,1327.4945462737526,0.5620832131761762,0.031606745029247665,10.039504646347222,0.07028348722317304,0.4,0.2,True,exact,20,2.5553564058122267,1353.0495462706642,0.0009873067177994521,14.394074591694174,55.49976688296727,True,0.055397461210302854,1,0,False,20.921126168000228
1135,3,4,2.8248677256450123,3.1758953143114264,1326.6307203244778,0.6938197489452047,0.041272487320174106,10.733366660605911,0.06523967393994491,0.4,0.2,True,exact,19,2.824879964663842,1354.8795474841804,0.0016488239653992265,13.760063494542926,86.19907464441772,True,0.030617777872562733,1,0,False,19.538427831999797
1136,3,4,2.491940241932077,2.7997157654112517,1327.5453781959432,0.2595684151171359,0.03638382943774089,9.872541543825513,0.08078176660549174,0.4,0.2,True,exact,20,2.4918627554090733,1354.957253772042,0.001423345335500148,13.84787417974246,86.14427197474136,True,0.03805761043686369,1,0,False,19.864157175999935
1137,3,4,2.852794949565152,2.977293904731481,1326.0912259273837,0.13637339580618135,0.038691553962037224,10.803992124024331,0.08668453064924712,0.4,0.2,True,exact,20,2.8527566573747607,1354.6188612862898,0.0016549579311520013,12.958314030893286,97.4802136945503,True,0.03468918130040085,1,0,False,20.094585011000163
1138,3,4,2.96793962909786,2.6773324364183777,1326.0929804855682,0.7029879847366828,0.034793391500036325,11.092785012315515,0.06485133051936881,0.4,0.2,True,exact,18,2.9680680113665012,1352.8042974398404,0.001139881190121872,14.553704273516574,60.23957291501048,True,0.03897176559747876,1,0,False,20.08776562300045
1139,3,4,2.2123292316812333,3.1938329616575944,1326.3965162846137,0.488547329028859,0.04150559680565128,9.119486667908436,0.07125153933018619,0.4,0.2,True,exact,24,2.212350033074178,1355.1569232675063,0.0017479383193734765,14.005644106920302,113.07092471099479,True,0.025543406578533667,1,0,False,20.275186001999828
1140,3,4,2.8370532590528894,2.725126634474141,1327.7295064368052,0.2585795091840813,0.035414503104170554,10.764211277896974,0.08426002800622392,0.4,0.2,True,exact,16,2.8370489116846263,1353.2630161677037,0.0012878434586336418,14.447783078862564,65.7021438751239,True,0.03218599624751855,1,0,False,20.65631069600022
1141,3,4,2.122654048828241,2.653640744699475,1327.0975885601254,0.22110155930824796,0.03448550507769249,8.871356525840005,0.07715957444403725,0.4,0.2,True,exact,25,2.122672385402549,1354.691504472775,0.0012120634102985584,14.153399904404427,84.35397530470821,True,0.03765916968621547,1,0,False,19.7907557970002
1142,3,4,3.1176611617095644,2.7888946325042467,1328.1921526340639,0.34993845557940967,0.03624320292883749,11.462776626410719,0.08458360984854145,0.4,0.2,True,exact,18,3.1177051829389364,1353.1329361760536,0.0013517764504720198,13.439256620290816,73.18634273138694,True,0.03662474470095849,1,0,False,19.12287776499943
1143,3,4,2.1504114292836296,2.542961069271039,1325.4221486479414,0.7047551439876776,0.03304716248493246,8.948527849023412,0.05802588732929122,0.4,0.2,True,exact,25,2.1503555130898366,1353.3783382577099,0.0010320892910449242,16.114846367827493,63.273238776961605,True,0.0630959436613903,1,0,False,20.21514511100031
1144,3,4,2.8937122930894077,3.0155486584337665,1325.8497309153784,0.7170614450643107,0.03918869529726927,10.907053760839636,0.06370768619134468,0.4,0.2,True,exact,19,2.8937119002447176,1354.787267881656,0.001387575536506258,14.488677031866054,76.25982143144911,True,0.03356973748490256,1,0,False,20.332136672999695
1145,3,4,2.340504028895488,2.5752279095409785,1327.5200757122254,0.5507647935684469,0.03346648762764168,9.468404786443644,0.06902220933649099,0.4,0.2,True,exact,19,2.340422291319938,1353.2660180420614,0.0010634541433913736,15.27067112809,59.66547242782176,True,0.0485981980007887,1,1,False,20.616300601000148
1146,3,4,2.2981175169327512,2.4422707769901604,1326.3858004988833,0.18920642554799877,0.031738637360473755,9.353741774440937,0.0794917841540899,0.4,0.2,True,exact,23,2.2981107235920395,1353.9639358956465,0.0010468630488814634,14.202437592148135,64.43641716498749,True,0.04363323896940509,1,0,False,20.12018646100023
1147,3,4,2.6765163719183205,2.568976571494914,1325.6711929069822,0.03640469471927349,0.03338524808895863,10.354214486428129,0.08511789861105419,0.4,0.2,True,exact,18,2.67647236647882,1355.112959493809,0.0012138913614927471,13.437337174788883,69.38864438944168,True,0.04097693486656251,1,0,False,19.651642474000255
1148,3,4,2.3954229984320676,2.7788909497382845,1327.352043325711,0.14024235285303907,0.036113199629215914,9.615946333321638,0.08156561519913423,0.4,0.2,True,exact,20,2.3954073151092263,1353.7017126787434,0.0013861014967263552,13.326482828877452,83.79604140514792,True,0.04083772415290939,1,0,False,19.308281361999434
1149,3,4,2.544620291615278,2.3829042378246155,1326.2182957012333,0.3742942442919765,0.030967136888178176,10.011194022096863,0.07789574462566749,0.4,0.2,True,exact,21,2.5447100269192298,1354.2096675086534,0.0009637210899441362,13.933678183723423,59.65625529198067,True,0.0546892847433211,1,0,False,20.142262262999793
1150,3,4,2.4136499900133344,2.9599144344243276,1327.4031937490665,0.223124842231433,0.038465698290834516,9.664663754672398,0.08079472904851784,0.4,0.2,True,exact,19,2.4136137576675263,1353.9535460468849,0.0015702596688927928,13.301682329639782,91.53143742858069,True,0.05055792757554264,1,0,False,20.030649498999992
1151,3,4,2.809451091081987,2.3709143576084135,1325.4846663492779,0.18907350016080132,0.03081132187218452,10.694279693498915,0.08487660683195453,0.4,0.2,True,exact,17,2.80932571261245,1353.5798643386663,0.0009790453537708022,13.824553889742091,53.14834895370102,True,0.06017551444765513,1,0,False,20.23766545000035
1152,4,4,3.289613779634925,2.3928265389486696,1326.7127475246461,0.7854751964327144,0.031096082589090947,11.880475664200677,0.059033894280881224,0.4,0.2,True,exact,17,3.289562699896992,1353.029280686718,0.0008407475226783756,14.648280191352924,42.01205199725367,True,0.07700351731066986,1,0,False,20.176298897999914
1153,4,4,3.251403708459118,3.0927557141467186,1327.7930631793881,0.5376671881064841,0.040192042987472226,11.788299251685524,0.07833389311973357,0.4,0.2,True,exact,16,3.251427974876283,1353.8042810115523,0.0016638758769795814,13.481684947734195,88.03920097330902,True,0.03833197252268872,1,0,False,19.61707001600007
1154,4,4,3.5954274923158116,2.51345919034285,1328.065812708249,0.581357196162433,0.03266376951901885,12.605814467283487,0.07762749493080343,0.4,0.2,True,exact,11,3.5952570266054744,1353.2338751487803,0.0010769362278643113,13.577118019370646,47.68866935071745,True,0.05977661531331033,1,0,False,20.05109152499972
1155,4,4,3.95653425609625,2.6053106070681005,1326.2143791532594,0.10550245942166163,0.03385742864721806,13.436325237713426,0.09649625390908591,0.4,0.2,True,exact,13,3.956486712381534,1353.9103996158794,0.0012154383279294745,13.138635239760008,63.46378652160096,True,0.09128992652468337,1,1,False,19.45174804999988
1156,4,4,3.5291159380740247,2.6155279910634635,1326.9820933887058,0.1521410173139447,0.03399020911057077,12.450338855213941,0.09238906052956365,0.4,0.2,True,exact,16,3.5290826317973143,1355.2147109752539,0.0012148171115119455,12.656045913855696,71.01118505335977,True,0.06302661009897567,1,0,False,19.057642331999887
1157,4,4,4.94816776600284,2.6812137158825657,1330.1435247417594,0.6759471446952462,0.034843830838118366,15.596727993859226,0.0792384005816281,0.4,0.2,True,exact,10,4.948280837990612,1354.885042652495,0.0011336224585946075,13.849486715890821,46.62002469529679,True,0.05736380474024273,1,0,False,20.19245169700025
1158,4,4,4.9989705775818605,2.6173592602908964,1329.9572599195258,0.884947060514256,0.03401400745040536,15.703300495815125,0.05429233351283231,0.4,0.2,True,exact,11,4.998902172058916,1354.9520165103368,0.0008687197301890937,14.696529054854249,34.93240515461712,True,0.10934649005969926,1,0,False,20.593197185999998
1159,4,4,4.367921067785067,2.4404266276656523,1325.7392364312907,0.44576894601798434,0.03171467163677081,14.352263814910833,0.09024207708587413,0.4,0.2,True,exact,12,4.367854270973833,1356.3147121093589,0.001018434032340254,13.585841924850207,49.626816647213865,True,0.07794615328822017,1,0,False,20.5959596900002
1160,4,4,4.132234535089535,2.414263860294591,1327.6106487472366,0.4562235417005515,0.03137467224204362,13.831221283806006,0.0880783915199867,0.4,0.2,True,exact,14,4.1320513987741325,1352.4046968551868,0.001004018023859632,13.162968884970734,47.108270977989186,True,0.1035058144521779,1,0,False,19.755278794999867
1161,4,4,4.180856804525517,2.5393481219909244,1326.5384328728571,0.7879399888700844,0.03300021026955715,13.939507065455444,0.06390194669033537,0.4,0.2,True,exact,12,4.180824450689653,1355.8043965965362,0.0009384528353234556,14.778253170065405,42.65953430706487,True,0.0735888066009494,1,0,False,20.415770483000415
1162,4,4,4.040544032622889,2.56406399313511,1326.0827078831928,0.2449274075363781,0.03332140646069377,13.62585564285738,0.09485702740129923,0.4,0.2,True,exact,13,4.0403457313971956,1354.365837228156,0.0011876553831041692,13.002104444045385,61.09548446203386,True,0.10309924010739242,1,0,False,19.85821189700073
1163,4,4,3.4380085058581047,2.929313059555373,1327.5315492181044,0.3111991303348521,0.03806801677703668,12.23512804663198,0.08870370384719208,0.4,0.2,True,exact,16,3.437953079138131,1355.0363255956472,0.001507440487953704,13.07400000501257,81.20064721369744,True,0.04390878152314812,1,0,False,20.1528482599997
1164,4,4,3.5100228291252473,3.0382835025164647,1327.5750739027405,0.1603980402557068,0.03948414696404838,12.405392652564348,0.09261222524074199,0.4,0.2,True,exact,15,3.509954397933321,1355.655174687675,0.0017004675927327906,12.898282362976866,97.30209748466764,True,0.03449069607653156,1,1,False,20.157404040000074
1165,4,4,3.6082909692540013,2.371855093186497,1328.6222321131804,0.8320889698019684,0.030823547242788876,12.635863386640516,0.055448793822107656,0.4,0.2,True,exact,10,3.608336976988631,1353.8803176139625,0.0008193119318199438,14.402711513067729,31.78239544099676,True,0.12993269660916898,1,0,False,20.475760031999926
1166,4,4,3.6259711845372227,3.027028668460547,1328.851189681187,0.6158501212345461,0.039337884272778206,12.677105947184364,0.07637100127052056,0.4,0.2,True,exact,15,3.6260301155194012,1354.2320992711777,0.0014591537678976252,13.57178112164701,71.17195381019265,True,0.03788209062684936,1,0,False,19.9377256759999
1167,4,4,3.1652229163633843,2.5307090942324937,1327.8149961521492,0.11565260591185815,0.03288794140414092,11.579063132845638,0.08943070771176591,0.4,0.2,True,exact,17,3.1650824305027765,1353.1369541565641,0.001080943550159863,13.140172236531788,61.906688974890905,True,0.05566803658112277,1,1,False,19.441791276000004
1168,4,4,4.570616640369591,3.1044047374638133,1328.1053397656767,0.1674897373502359,0.040343428382633294,14.79291466256712,0.10107007607521659,0.4,0.2,True,exact,12,4.570697230760327,1355.5288244512706,0.001753566424017916,12.626372526778859,93.98286833250636,True,0.03322297639864961,1,0,False,19.533478987000308
1169,4,4,3.909374577936523,2.532192081995286,1327.0676979157686,0.8705632716555967,0.032907213636874794,13.329343007665678,0.052022898820141904,0.4,0.2,True,exact,13,3.909268289352605,1354.4335164880101,0.0008332169563567415,15.420214569692284,34.39785380307612,True,0.11351305306952608,1,1,False,19.96036216199991
1170,4,4,4.645051131791087,2.612022597056173,1328.6642333621173,0.28526310017319845,0.03394465460848559,14.953087922461188,0.09835904679818479,0.4,0.2,True,exact,12,4.64497142948467,1351.8893940474654,0.0012071930145375331,12.839177274689526,63.41905071028872,True,0.05172491921955061,1,0,False,19.93851458500012
1171,4,4,3.8553405090056816,2.708800368181825,1326.2776254131293,0.8145410549609264,0.03520233439209149,13.206235837256143,0.05950459132682771,0.4,0.2,True,exact,14,3.8552728350382495,1353.2651186203097,0.0010794676429354277,15.671338086718526,48.74615391573924,True,0.07409600876585347,1,1,False,20.22679172900007
1172,4,4,3.7381415141558856,2.7915359876519172,1328.412280017915,0.4039504154651251,0.03627752877589834,12.937222473467667,0.08789378408319037,0.4,0.2,True,exact,15,3.7379944817506554,1354.5799123347965,0.0013789758482822823,13.061117642744971,73.45743575782288,True,0.03649726491608875,1,0,False,19.330277385000045
1173,4,4,4.159660907914641,2.932104660909736,1326.3526880444804,0.1895132181744984,0.038104295155288556,13.892353961001593,0.09737443378143033,0.4,0.2,True,exact,12,4.159653427907956,1355.4697411037312,0.0015189037544638406,13.1896600886227,78.95580887584457,True,0.03933894167232874,1,0,False,19.700508906000323
1174,4,4,3.5426062095141435,2.5722962698428535,1328.036148545474,0.004330123775985651,0.03342838937493072,12.482046820172124,0.09346762443002686,0.4,0.2,True,exact,14,3.5425781444706974,1352.8355005780033,0.0011642357122034763,13.700592702023883,61.03258008798657,True,0.06379264230576909,1,0,False,20.324835027000518
1175,4,4,3.752122407182451,3.10064707949784,1325.5316001441447,0.8554231996682244,0.040294595573171554,12.969459769830397,0.054654414135522085,0.4,0.2,True,exact,14,3.752057155476639,1355.5483769563552,0.0013103950925563712,16.489365721045882,56.476076394638156,True,0.06912697967004301,1,0,False,20.59238262300005
1176,4,4,3.7041017388286157,2.817394380719499,1328.3083525011127,0.09024458299661407,0.03661357266096993,12.858564630719032,0.09479470867475917,0.4,0.2,True,exact,14,3.7040743871645874,1354.2375237560275,0.001404535373292215,12.745275144460736,79.01215600576826,True,0.03834252016239155,1,0,False,20.813196840000273
1177,4,4,3.184420983543904,2.8001995417612133,1327.9974851104685,0.7245246171152372,0.036390116374586584,11.625836356719475,0.06478133820877441,0.4,0.2,True,exact,14,3.18437590562804,1353.4729425825662,0.0012408554306480024,14.641305334036115,61.7908768891214,True,0.06878907951667705,1,0,False,19.962694517000273
1178,4,4,3.932049856026382,2.7549953483052674,1326.355845147535,0.6471867452776315,0.03580266328920876,13.380835494211693,0.07578109082204487,0.4,0.2,True,exact,14,3.9320294602130312,1353.8803446840332,0.0012084414313736636,14.264382270104726,61.32223892222067,True,0.05851673029338409,1,0,False,20.20265052400009
1179,4,4,3.229308391513904,2.7981245760882043,1326.3733947039352,0.13615408641832918,0.036363151066869055,11.734832681304377,0.09011555003024528,0.4,0.2,True,exact,16,3.2293739081963118,1355.436128636309,0.0013716179633171954,13.357745351449891,74.3567366732815,True,0.05002414168335065,1,0,False,19.98991603900049
1180,4,4,4.1186023809963155,3.0403970024120883,1327.5564439237037,0.8312592086339177,0.03951161304495169,13.800785263362775,0.059420930841197594,0.4,0.2,True,exact,14,4.118649811404953,1352.267776914305,0.0012968082262444502,15.130632564540424,59.22100517932192,True,0.08148185214043618,1,0,False,20.9310343369998
1181,4,4,4.087728628630053,2.5066928231102916,1326.8580436738087,0.4713363399248239,0.0325758368958776,13.73173010026899,0.08717123288293477,0.4,0.2,True,exact,12,4.087531400728393,1355.4727645176408,0.0010810436345869423,13.419913926411313,50.49966119949087,True,0.056447663846014656,1,0,False,20.710766792999493
1182,4,4,4.933443351832396,2.5508287245957977,1327.9576218844954,0.27290335678724503,0.033149406945940776,15.565771521097815,0.10061227951718392,0.4,0.2,True,exact,10,4.93332869445777,1352.6257116223308,0.0011616918378060115,12.841488817032713,54.80971251889423,True,0.05485567771178825,1,0,False,20.296392546999414
1183,4,4,4.812078743578746,2.8995250626922693,1328.3337411939392,0.8282263383162367,0.03768090555290857,15.309430581768243,0.06265725173503668,0.4,0.2,True,exact,12,4.811996945560831,1352.3938575653463,0.0011593440296598923,14.811830668431993,49.648314450311766,True,0.08698306220304051,1,0,False,20.332812526999987
1184,5,4,7.0478615942693486,2.5298113174283268,1326.3911766267781,0.5185044781281153,0.03287627430617351,19.74431777433564,0.10156903307068543,0.4,0.2,True,exact,8,7.047725188771922,1354.5822605717965,0.0010312122107055677,13.574193699875448,42.30222068627471,True,0.11000190786468002,1,1,False,20.279504698999517
1185,5,4,7.652234043409234,3.0261997736563844,1326.36603795559,0.2372268103569591,0.03932711233387316,20.857522330956662,0.11822469469886915,0.4,0.2,True,exact,8,7.652398603142259,1356.9761495417777,0.0016238379712317785,12.793118407483522,74.69087247663317,True,0.04033190415401619,1,0,False,19.32500643200001
1186,5,4,5.270732153838439,2.8252815267828266,1327.227873765115,0.7583831169651525,0.036716070414729046,16.267389008069454,0.07300276011000231,0.4,0.2,True,exact,10,5.270614584649831,1353.581477010791,0.0012114991882089532,15.171088972338561,47.60447020407415,True,0.101868845867474,1,0,False,20.462423592999585
1187,5,4,6.411521669131001,2.859772951058446,1328.8331011782293,0.44304657829440297,0.03716430523678234,18.537221124894344,0.10331758864201686,0.4,0.2,True,exact,8,6.411545401787777,1354.478687257193,0.0014274521215045244,13.227155362667846,58.59380380920601,True,0.04522797035272462,1,0,False,21.20574468199993
1188,5,4,7.338264612960901,2.792728191477569,1332.283671294816,0.31006873676961666,0.03629302211318044,20.283028442038276,0.11393310532451287,0.4,0.2,True,exact,6,7.338944321341858,1354.297711009901,0.001374500809341761,12.956767529625441,47.48323865068549,True,0.07503006481680943,1,0,False,20.94532579800034
1189,5,4,6.161986552647482,2.7040930675462773,1329.7812718721157,0.589176355123512,0.03514116045952595,18.053069402721526,0.09255463399552911,0.4,0.2,True,exact,8,6.161996035571718,1354.429513229829,0.0012303338859604995,13.306369456018382,47.53538877970462,True,0.13734931205913362,1,0,False,20.091982420999557
1190,5,4,5.076164083420285,2.438846459854008,1327.2308837653595,0.47685037573428546,0.03169413649643544,15.864546264827826,0.09327388011258633,0.4,0.2,True,exact,9,5.076245711433,1352.6124321238738,0.0009520310826295342,13.998352502523172,43.05826394924309,True,0.10186988800351704,1,0,False,20.669613924999794
1191,5,4,5.978632771788912,2.5217004428411314,1330.3753093465543,0.42685852023414067,0.03277086907853674,17.693149203080633,0.10122885320092642,0.4,0.2,True,exact,9,5.978680713117822,1354.2897415233465,0.001027645154682344,13.966397727841363,42.82175870105965,True,0.07838507445347585,1,0,False,20.74280300800001
1192,5,4,6.585804244214283,3.005679422022181,1330.1426768951708,0.6279023142308021,0.03906043920116262,18.87164533517617,0.09204424549021337,0.4,0.2,True,exact,8,6.585887135229521,1356.4862104409601,0.0014639538464626956,12.739469402100074,57.36743207128463,True,0.059143956888854925,1,0,False,20.313210628999514
1193,5,4,5.967534897699236,2.7882966834883796,1328.665677100024,0.6379975618823376,0.03623543225608759,17.67124707843993,0.08786081394296819,0.4,0.2,True,exact,9,5.967761026383106,1352.5357763180746,0.0012700834930208238,12.92432372324117,50.884855329269996,True,0.05318129041110043,1,0,False,19.427256852000028
1194,5,4,6.270838380186506,2.7290717071734063,1329.9693604457543,0.14327890110149633,0.03546577147004643,18.265053953868943,0.1121332413387262,0.4,0.2,True,exact,8,6.270720740531454,1355.0515214246677,0.0013033383411144017,13.26618941082665,52.60284989052917,True,0.06502497047923857,1,0,False,20.822073327
1195,5,4,6.274120239229595,3.0216451939846847,1328.2196841559,0.36925550667204665,0.03926792309331418,18.271426106095976,0.10625456508047311,0.4,0.2,True,exact,8,6.2742072487304625,1353.316248707464,0.0015916302315273079,13.171909791750174,70.05949906279717,True,0.04307389607566168,1,0,False,19.493927767999594
1196,5,4,6.870364469642072,2.972208714242394,1331.5121157482392,0.6936527949726601,0.03862546914525005,19.41140952822678,0.08716988577904791,0.4,0.2,True,exact,8,6.870316728770335,1352.123338648853,0.0013240747533768138,13.65025518614947,51.014289834694594,True,0.08821476426129178,1,0,False,20.716552056999717
1197,5,4,6.272865850746034,2.4679202571526493,1326.6475305816966,0.22804440996370504,0.03207196630869348,18.26899068042176,0.11007690558749482,0.4,0.2,True,exact,8,6.272192585392042,1351.7397004707768,0.0011108556141524728,12.510302979844447,46.784510764426386,True,0.06340397305063354,1,0,False,20.434467875000337
1198,5,4,7.418649155411393,2.5383426292277753,1332.513598443245,0.2055700188448372,0.03298714334410448,20.430881716084794,0.11705985949665948,0.4,0.2,True,exact,7,7.419060879456881,1354.7682690175793,0.0011288749490768746,12.406241089632605,46.769453411052034,True,0.07684161012587504,1,0,False,20.56731182400017
1199,5,4,6.97148363829869,3.1367267160603745,1331.8046499137677,0.011936164867090438,0.04076347007789262,19.601412243769555,0.11787339205124708,0.4,0.2,True,exact,7,6.9717047051731535,1352.7186484113947,0.0018098232393540803,12.249024707868406,73.81451138634301,True,0.04952058991786925,1,0,False,19.705882913000096
1200,5,4,6.182273060519546,2.8988829704370995,1331.122945595912,0.33014567407458595,0.03767256121474967,18.09267060084061,0.10707002773207855,0.4,0.2,True,exact,8,6.182428241308233,1355.8521925736084,0.0014663427704162402,12.609905180144136,64.99303803739699,True,0.06639743839901636,1,0,False,20.539189895999698
1201,5,4,7.401050903928918,2.39653916160367,1325.9970771242365,0.5085998893267538,0.031144330140187047,20.398558662112926,0.10365854890304006,0.4,0.2,True,exact,7,7.401121004632382,1355.6011172727383,0.0010990421859883304,14.216863415225049,44.66729865787319,True,0.10981762466846652,1,0,False,19.08370484199986
1202,5,4,5.839875498225583,2.954715425208127,1325.5939191584912,0.3058934004038081,0.03839813433777027,17.418320599153844,0.10597456468800871,0.4,0.2,True,exact,10,5.83971253019556,1354.7932427801863,0.001501717401888536,12.732914962398345,67.00445293978413,True,0.05083805675963787,1,0,False,20.152862303999427
1203,5,4,5.5844726740418915,3.085185647743237,1329.677114938699,0.33898761209129763,0.0400936658563865,16.90669304389453,0.10346488565569993,0.4,0.2,True,exact,10,5.5846893615583,1352.0139063254417,0.0016931044965267095,12.352799758144224,82.2451067663356,True,0.04949840016633556,1,0,False,21.162062979999973
1204,5,4,6.024290881518588,2.5290135090747876,1326.697370640423,0.1361940514611452,0.032865906352605584,17.783115257056203,0.11046796517889121,0.4,0.2,True,exact,9,6.024717361211198,1356.8185273519314,0.001197188311765962,11.896403227516812,54.11042595543657,True,0.11093364516004747,1,0,False,20.672348258000056
1205,5,4,7.117362169266497,3.079927006201637,1332.076066504252,0.44210056460186287,0.04002532694881326,19.873907524542382,0.1073796159520431,0.4,0.2,True,exact,4,7.117186167422531,1353.4286605064763,0.0016225359101841308,12.558198307351995,50.66631341970091,True,0.05861824061116388,1,0,False,20.64243036300013
1206,5,4,5.103882217256941,2.691571285228212,1329.6366396315514,0.8860819111315733,0.03497843308635989,15.92224552818723,0.05466567751870893,0.4,0.2,True,exact,11,5.104161960645331,1355.1556592032687,0.0009273150208787273,15.690696256255334,37.44989549095267,True,0.10587481350528254,1,0,False,21.034122231000765
1207,5,4,7.1836190884953774,2.5611851138148523,1326.4804705114648,0.4536945915362632,0.033283993857795235,19.997057012457446,0.10622039759399884,0.4,0.2,True,exact,8,7.18351527868663,1355.2150042647886,0.0010778284017020079,12.866780929938283,44.819998504725724,True,0.08683895679941145,1,0,False,20.021994507999807
1208,5,4,6.464801071320743,2.790454242578938,1325.850787561303,0.13668449957893009,0.0362634709101976,18.639774959389534,0.11346329851070655,0.4,0.2,True,exact,7,6.4646671244699165,1351.7106402937552,0.0013330791971580824,12.723303930060068,53.797878152988666,True,0.06139397744907154,1,0,False,20.046178816000065
1209,5,4,5.477358211192154,2.487656579331791,1327.3560585016853,0.2489713217047606,0.03232845055211763,16.689807093590858,0.10473329822922736,0.4,0.2,True,exact,9,5.4777008353452725,1354.7428848267684,0.0010146551069990517,12.214037236930874,43.25621807276055,True,0.08850931746896404,1,0,False,20.91318697599945
1210,5,4,6.700560190528429,2.401787932402225,1325.8338767312762,0.5553679429441599,0.03121254077208466,19.09023594691554,0.09715107564393369,0.4,0.2,True,exact,8,6.70060118322315,1352.6366681954346,0.0009086294100862924,13.216595977361138,37.668583184793064,True,0.08501811581636627,1,0,False,21.830832212999667
1211,5,4,7.628933348934554,3.0340937200078706,1326.9500425267988,0.3587947610229601,0.03942969846107632,20.81516069508282,0.11386845775666522,0.4,0.2,True,exact,8,7.62918123203912,1357.4655717240319,0.0015589607521255822,12.441362940443673,69.78023768503999,True,0.06961427336594618,1,1,False,19.89633848699941
1212,5,4,6.040060297525297,2.7625183264274105,1326.6468019650838,0.5483551859261467,0.03590042848246212,17.814134912452214,0.09493560114239144,0.4,0.2,True,exact,9,6.040141551411163,1356.8468201779312,0.0013229771507013988,12.601640892987547,59.42942574799296,True,0.1067784254268292,1,0,False,20.16552696600047
1213,5,4,6.700582279762726,2.3863341811591887,1331.2256721019162,0.06043970176474578,0.03101171086772567,19.090277902458652,0.1150480618816481,0.4,0.2,True,exact,8,6.700849486860962,1351.3271765064583,0.0010083898038040218,12.56996654995634,42.57749013275732,True,0.06796459525812004,1,0,False,20.740919556000335
1214,5,4,5.25658957175409,3.0027842958480404,1327.214715011741,0.00577870616917362,0.03902281546155947,16.23827655768576,0.10713452368933013,0.4,0.2,True,exact,10,5.256830795372186,1353.4970632727363,0.0015886265235119934,12.898524471143205,70.98634085897545,True,0.043847226625335786,1,0,False,19.547998883999753
1215,5,4,6.628928404620244,2.5277498695891,1327.5346818660705,0.31699733377170086,0.032849484670059784,18.953937312057132,0.10949735034357312,0.4,0.2,True,exact,7,6.628898102224098,1354.0501162881048,0.0010915638321864485,14.09531588396721,43.94202720454448,True,0.08168671713642357,1,0,False,21.152854840000145
1216,6,4,8.633890983087893,3.182220320623698,1325.9211464884177,0.7139862330442998,0.04135468421805261,22.605195188986134,0.09222439764727705,0.4,0.2,True,exact,7,8.633922661785709,1351.8228153020657,0.0014918518312936335,12.908824778304938,55.64462174991127,True,0.07957478051715706,1,0,False,20.15777107299982
1217,6,4,8.491610115343438,3.084275936076536,1332.1944368131408,0.024690538312190702,0.0400818436583878,22.35616217569231,0.1257607148682863,0.4,0.2,True,exact,6,8.492087126624353,1357.669118592415,0.0017344890081953945,12.196317519151137,58.009893725758694,True,0.046987815445041214,1,0,False,20.522223248000046
1218,6,4,10.969889183265561,2.5749533846852057,1326.227223303344,0.56531147403348,0.03346292002779735,26.51787472097199,0.11396624649153772,0.4,0.2,True,exact,6,10.969869018862145,1359.1369173941284,0.0010888857032160804,13.179557285704137,43.48191221814013,True,0.12159467447234092,1,1,False,20.305508398999336
1219,6,4,9.549003659249879,2.7831029601721022,1332.5280130576095,0.46083519244281096,0.0361679369961684,24.175525744263705,0.11673170770026998,0.4,0.2,True,exact,6,9.549577304577952,1351.6252930716978,0.0013430796937854428,13.204852471228833,49.98415087835086,True,0.11664760578079925,1,1,False,20.721681537000222
1220,6,4,8.310108244158448,2.8570127904782883,1327.766668341809,0.14144879371099064,0.03712843544849528,22.036452150606973,0.1233777752111761,0.4,0.2,True,exact,7,8.310388143401857,1352.6958966427476,0.001451169083156123,11.694839428512386,60.963115248002076,True,0.05724584719416852,1,0,False,19.386887024000316
1221,6,4,12.28938070886761,2.7430857538649445,1334.050611368581,0.1284562523168709,0.03564789163054871,28.603810123879896,0.1405722284789598,0.4,0.2,True,exact,4,12.289706752952364,1358.6268019684467,0.001254715427504438,12.238156328573229,43.86851347439297,True,0.08011178044602442,1,0,False,20.697391052999592
1222,6,4,8.95009714928889,2.5585090442792437,1329.0672444010304,0.5212055219137933,0.03324921687837825,23.15380584455674,0.109828659582544,0.4,0.2,True,exact,6,8.950717668053674,1355.918135216703,0.0010763245965002,12.97515760955154,41.83301376884855,True,0.09006358908023451,1,0,False,20.160401714000727
1223,6,4,8.104685279844396,2.6549147069937087,1332.6170314890346,0.16987300231189995,0.03450206091075103,21.67178370760281,0.12152381189271151,0.4,0.2,True,exact,7,8.104798570697739,1356.9304300079687,0.0012628810423704895,12.233502739251689,48.97923004469003,True,0.08431321506832518,1,0,False,20.340333418000228
1224,6,4,10.279700853153452,2.7092668506589694,1328.4706915925647,0.22992428380635802,0.035208396585651926,25.393595965662577,0.13010118099136878,0.4,0.2,True,exact,5,10.279961328230703,1359.309459947234,0.0012868548522342316,13.64463200460532,44.181792376443354,True,0.11508454790803065,1,0,False,20.22342976299933
1225,6,4,10.40083416583031,2.3852564453386513,1326.627319128798,0.12148414649388253,0.030997705104441473,25.592693891197307,0.13247829594926702,0.4,0.2,True,exact,5,10.401178091573058,1357.8287352372613,0.0011855323103052706,13.017868949366575,46.96770256668987,True,0.08264833512204921,1,0,False,19.921049147000303
1226,6,4,8.389127688360341,3.0986299750603936,1325.6987913091232,0.47042279334856285,0.04026838220368711,22.175925677957043,0.11178311318206305,0.4,0.2,True,exact,6,8.388977140260423,1350.8665594666568,0.0016214631946652736,11.841378260950092,59.9117349412032,True,0.052774946727446995,1,0,False,20.590202459000466
1227,6,4,8.489901524760814,2.511732436114423,1329.1177304793596,0.29694303233158753,0.03264132940845329,22.353163230560813,0.11961944016633977,0.4,0.2,True,exact,7,8.489465158501345,1354.5872943547126,0.0010346670667972235,12.116290144442688,42.71133550515299,True,0.09544177007154046,1,0,False,20.455417977000252
1228,6,4,9.354676313080057,2.6422365784169095,1327.5136973247527,0.3297069043319758,0.03433730173289918,23.84641315564081,0.12246576353760374,0.4,0.2,True,exact,6,9.354593661250204,1355.5777319462925,0.0011649070502929293,13.161653628858556,43.94584331264455,True,0.08969302260767043,1,0,False,19.67272214500008
1229,6,4,10.178391200238757,2.900360578295623,1333.0439594100606,0.4938017579290644,0.037691763532700866,25.22647951598127,0.11726375187938892,0.4,0.2,True,exact,4,10.179298021295761,1353.4020782551333,0.0014339235826975605,13.981967876393,43.5640055453206,True,0.08513867598738627,1,0,False,19.97954558099991
1230,6,4,9.36931289485805,2.6007098669899538,1326.6083738781554,0.71226429573463,0.03379763952706569,23.871280506175818,0.09366768716496425,0.4,0.2,True,exact,6,9.368883929019043,1354.7168527495992,0.0011218573886193628,13.100215356007467,38.89372856120136,True,0.10677571750792814,1,0,False,19.874786271999255
1231,6,4,8.205677965178763,2.5026295784584356,1327.152234350195,0.4081629085020493,0.03252303282119139,21.851446951207087,0.11342242021730638,0.4,0.2,True,exact,6,8.20603730757743,1351.7700837186078,0.0009755303952324601,12.245838171681642,36.20570493068612,True,0.13842411822757253,1,0,False,19.43361315799939
1232,6,4,12.58037564410277,2.3868572152677885,1336.927881263843,0.016430020166672655,0.031018507980501372,29.053578191367325,0.14211720591191526,0.4,0.2,True,exact,4,12.580312879060747,1349.5120763416028,0.0009445527708572543,12.111408568844096,31.654295944165533,True,0.10544826515586667,1,0,False,20.537358399999903
1233,6,4,10.153962526929861,2.712621797931568,1332.66372997367,0.09553927523479655,0.03525199595057564,25.186100102825304,0.13232380724930265,0.4,0.2,True,exact,5,10.153835143044752,1352.9738087486314,0.0013905704346106607,13.155022706877096,48.7433376393066,True,0.08529859950232674,1,0,False,20.254775668000548
1234,6,4,12.297133963164116,2.5927063167021607,1331.8915969926172,0.30285264807194173,0.033693629037084866,28.615839441791966,0.13522646694040547,0.4,0.2,True,exact,5,12.297540960422157,1356.4852828833862,0.001144343477879728,11.985235763593124,43.98221875795813,True,0.08884950147525277,1,0,False,19.747341017000508
1235,6,4,10.092122527647659,2.8665137338312308,1327.602154807651,0.629040693521698,0.03725190537595069,25.083736542183075,0.10567528867423479,0.4,0.2,True,exact,4,10.091727429830307,1357.878195752033,0.0013417427835024087,13.80304233155482,40.653805753724164,True,0.12719515016259622,1,0,False,20.709871455999746
1236,6,4,10.26769649209312,2.566540173183866,1325.8789222968262,0.646707846961818,0.03335358576748774,25.373822805642593,0.10386534092572497,0.4,0.2,True,exact,6,10.2676285033293,1356.6818364725298,0.0009609048299713541,13.142275186663563,35.448850709893726,True,0.11698967770036284,1,0,False,20.075064759999805
1237,6,4,9.96416442318234,2.728691587819815,1333.6065357817818,0.7608918589916914,0.035460831612258756,24.871261353791684,0.08961399799379598,0.4,0.2,True,exact,3,9.9627417141005,1353.533184390743,0.0011009600504459094,14.464113536547023,26.910038707610617,True,0.14321894560434612,1,0,False,19.376659219999965
1238,6,4,12.331543258123004,2.633197037945717,1325.4854260227048,0.5929654469910635,0.03421982798689871,28.66919562662214,0.11605697820842083,0.4,0.2,True,exact,5,12.332034292821001,1350.148957048184,0.001156465899806558,13.266895691744287,39.98130386599502,True,0.10408096832688252,1,0,False,19.957513944999846
1239,6,4,8.203504509243274,2.892373275545206,1326.2374499587008,0.25945976143145355,0.03758796418830702,21.847588220368408,0.12012500575461554,0.4,0.2,True,exact,6,8.203503658556187,1350.848420271544,0.0014371677097437807,11.74855393854755,57.120823046575985,True,0.08335063796415634,1,0,False,19.69575897300001
1240,6,4,9.109925454544763,3.108817905987217,1329.6717675965335,0.6063960017782747,0.04040077990839146,23.428641291136845,0.10469476893295641,0.4,0.2,True,exact,4,9.109970332291386,1357.000111959416,0.001648161096169165,13.755614490187112,49.7340594716626,True,0.06630160820569915,1,0,False,19.681555318999926
1241,6,4,11.831344660554052,3.0102642395592896,1331.15360504377,0.5018949678286834,0.03912002139923222,27.888594323812566,0.12290982711193991,0.4,0.2,True,exact,5,11.83042725958142,1354.8163679817048,0.0015212799877755145,12.025692322748792,56.9108151044558,True,0.061654265946196884,1,0,False,20.660958969000603
1242,6,4,12.401376618079938,2.4541426040053866,1337.2203422533355,0.25692724950643314,0.03189291821089891,28.777329234016882,0.1371234040550345,0.4,0.2,True,exact,4,12.401862852363388,1349.6220638149055,0.001069807309087345,12.209447267158916,36.13797827095337,True,0.10157484952208319,1,0,False,19.987958216000152
1243,6,4,8.726210059237484,2.394102587785471,1332.4463892068713,0.3653097878929496,0.031112665537905253,22.766048832939713,0.11769425231722684,0.4,0.2,True,exact,5,8.725696719269159,1349.8981569010805,0.0009338010253179263,12.757107273575375,32.43439843517394,True,0.11579915937719422,1,0,False,19.57118895399981
1244,6,4,10.76742106000064,2.5136995866569145,1334.2879951581974,0.6780689329946683,0.0326668935998975,26.19057411643336,0.10197320558521207,0.4,0.2,True,exact,5,10.767566117937864,1355.823458198418,0.000995418147171967,12.871219511135942,34.04973654080602,True,0.12193368621976935,1,0,False,20.724766912000632
1245,6,4,10.789753353589607,3.1023051599231777,1325.6939575148199,0.26873876571401545,0.04031614323030692,26.226775517457074,0.1316480941715752,0.4,0.2,True,exact,6,10.789609971396088,1358.06371837673,0.0017240428324786228,11.987467968428533,72.73970602671886,True,0.05914486294627442,1,0,False,20.640177659000074
1246,6,4,8.512396281943627,3.0158703032099727,1328.8969516489497,0.8431415636334614,0.039192875246113215,22.392630291540964,0.07356844125617333,0.4,0.2,True,exact,7,8.51235599641313,1354.4334408267814,0.0012414593566437704,13.972875420010405,44.16604713072507,True,0.06816925747185924,1,0,False,20.382916028999716
1247,6,4,12.47889813287144,2.41013246324957,1326.9616524510657,0.10186233599019771,0.03132098248993282,28.897130148298082,0.14110123442614414,0.4,0.2,True,exact,4,12.478372804145419,1351.919134070833,0.0009172814992357559,12.6844815300316,30.667916339745837,True,0.19028172669745894,1,0,False,19.81644864900045
1248,7,4,17.147475608649106,3.1714400102488134,1335.2832704841,0.38583753661053993,0.04121458822016188,35.716647158279635,0.14781673342310428,0.4,0.2,True,exact,3,17.148141216669114,1352.4303109292111,0.0017672515537866529,11.313776111866597,51.586437572099314,True,0.06328927536481226,1,0,False,19.882500411000365
1249,7,4,15.090823249296763,2.8458034722175465,1325.9774571892733,0.631500381522129,0.036982764259744345,32.8004027162763,0.12049161898051468,0.4,0.2,True,exact,3,15.090237251134285,1356.1591910898107,0.0012955847359139572,12.865412606961975,37.444115674744815,True,0.20105935071056055,1,0,False,20.088253882000572
1250,7,4,17.190731690360096,2.7994444290927714,1334.1197105614467,0.6477371645913406,0.036380303274673266,35.776687614334236,0.1237696822198504,0.4,0.2,True,exact,2,17.19273264393426,1351.3117461064762,0.0010843360617394104,10.535969258268269,23.014698624170958,True,0.18402825474233406,1,0,False,19.499826506999852
1251,7,4,17.78442240514253,2.611147570791421,1328.2888219059105,0.43791950290984266,0.033933283166154335,36.595728550482896,0.14491000106913465,0.4,0.2,True,exact,3,17.78561428206055,1346.0735652446026,0.0010546182200488197,11.734270025328952,31.081491539794992,True,0.12412578235831682,1,0,False,19.895761187999597
1252,7,4,14.782088609527483,3.164655955323512,1334.5842125970132,0.29821946838974206,0.041126425735831196,32.351499995960275,0.14510834551306778,0.4,0.2,True,exact,4,14.7825623432121,1349.366200805754,0.0017961045233970685,12.59228793646328,55.7901246014875,True,0.09256753352195753,1,0,False,19.938429099000132
1253,7,4,13.46828385356244,2.6724487594739132,1330.6336559721208,0.1431784037936039,0.03472992546138638,30.40502710098772,0.14452169224934713,0.4,0.2,True,exact,4,13.467444401676598,1357.5697772658953,0.0011608481059531828,11.977697239799543,37.92037231175415,True,0.12595113211631462,1,0,False,19.92223629
1254,7,4,16.998284652216693,2.98141087312534,1331.217928326028,0.430499199313699,0.038745056205976874,35.5091780324254,0.14407360618849144,0.4,0.2,True,exact,3,16.998724017671005,1348.2133624802132,0.0015846903721896677,12.492062932131041,34.010503754108896,True,0.09713798909343936,1,0,False,21.097263622000355
1255,7,4,15.149216631526473,2.532821092942946,1327.4272217205198,0.03991534992700727,0.032915387976326274,32.884961538408554,0.15137524262905946,0.4,0.2,True,exact,4,15.148719421228833,1357.7270148049997,0.0010560509618482428,12.18528588742048,36.06053882911545,True,0.1602468143608462,1,0,False,20.254728024000542
1256,7,4,18.726843303885918,3.1210821650446072,1327.5693469689288,0.3584571748506696,0.04056016062669049,37.877409740754395,0.15375829841060554,0.4,0.2,True,exact,3,18.72614411540953,1346.2965325779517,0.0016846968257898665,10.946041509770438,50.735431971992746,True,0.0863040320909568,1,0,False,20.254110895999474
1257,7,4,19.93316688205931,2.5154512348249476,1330.897562865389,0.5678913459762495,0.03268965722075074,39.48705603915055,0.13861883366591352,0.4,0.2,True,exact,3,19.934343558056792,1350.8264820205989,0.0010054443905849197,11.295109074110892,29.451406572123567,True,0.1613496568445259,1,0,False,20.666816603999905
1258,7,4,15.287533400755013,3.1281824808975154,1329.1723518888816,0.7964121014612452,0.040652433093823714,33.084824369589285,0.0985564755315386,0.4,0.2,True,exact,4,15.286513827632552,1359.7482286178072,0.0014472339726410155,13.705397769010556,41.06513672907682,True,0.10605365573696512,1,0,False,20.88077865700052
1259,7,4,16.595459922355246,3.17687557125211,1326.4687592448622,0.6512559487646632,0.04128522629238537,34.9459418163315,0.12285008854002895,0.4,0.2,True,exact,4,16.596276831186355,1359.6604421249149,0.0015635408047159904,12.487963848109056,49.71547437145356,True,0.07294199033668798,1,0,False,20.405361039000127
1260,7,4,15.92260486338035,2.9468812796217336,1337.8056906321708,0.42165971959578386,0.03829632535404156,33.99486332378941,0.14148985749809367,0.4,0.2,True,exact,2,15.922784275097733,1353.7285164876396,0.0015577949742725528,12.431329042504558,33.2062125588143,True,0.12409916267792047,1,0,False,20.460523202999866
1261,7,4,16.680624134685388,2.3729222574774815,1330.105630361027,0.7797185703861433,0.030837415623295544,35.06539633086453,0.102132386439637,0.4,0.2,True,exact,3,16.680921433723377,1346.7870598962654,0.0008458372742884412,12.795154599054527,22.114959128931062,True,0.27045489884392815,1,0,False,20.18477609599995
1262,7,4,13.40433155575296,2.47668112665751,1334.2618000932105,0.15998923957515748,0.03218581857388739,30.308701369198783,0.1435797472100668,0.4,0.2,True,exact,4,13.402734641144878,1347.669498103687,0.00107309634538999,12.009195038253905,36.332409446871715,True,0.11094902245253471,1,0,False,20.018906784000137
1263,7,4,18.522201568439517,3.140854773273733,1341.650533858195,0.45215528276413186,0.040817116427074064,37.60096218070607,0.14702087968985594,0.4,0.2,True,exact,3,18.521419815193283,1360.1729645277353,0.0017717419812386392,11.806457951157876,51.46472053863971,True,0.07069373430095412,1,0,False,20.048890574000325
1264,7,4,13.156026878279615,2.6444446274976126,1330.539614607119,0.4553694948469754,0.03436599653189806,29.93323962300314,0.12996717844973762,0.4,0.2,True,exact,4,13.155370628307741,1356.8521922191576,0.001212641710171214,11.947683482467562,41.28512208147313,True,0.09205141699643958,1,0,False,19.737529356999403
1265,7,4,13.483160948824782,2.6978602500114737,1330.1120243250593,0.4050702607794828,0.03506016160496204,30.42741328642567,0.13438598413067857,0.4,0.2,True,exact,4,13.483021176344742,1357.0768683152316,0.0013296024833475695,11.975355228851807,44.47743400418785,True,0.10686177203726345,1,0,False,19.68913236300068
1266,7,4,16.69775030649087,2.880928160421891,1340.6522656682669,0.5634525623194798,0.03743922869105171,35.08939356586952,0.13197659087089383,0.4,0.2,True,exact,3,16.69843672534785,1357.3502314378898,0.0013043041428162372,11.326309102922702,37.667322424945034,True,0.13712512758064854,1,0,False,19.788411215999986
1267,7,4,18.110217541906316,2.9615417763302356,1335.4572551204803,0.8643070696749459,0.0384868464841879,37.04130956104087,0.0896226866920427,0.4,0.2,True,exact,2,18.109961540779274,1353.5692250033212,0.0012356174173924206,10.492328421989358,23.408554887328044,True,0.15568097576963852,1,0,False,20.187290946999383
1268,7,4,14.207462857443984,3.133495632167636,1327.2957260329024,0.756716582841362,0.04072148038497278,31.507569808763797,0.10258979696723361,0.4,0.2,True,exact,4,14.207995971579825,1355.7096304057018,0.0014542432006776629,13.701379283942968,38.25989433120958,True,0.10909404643489361,1,0,False,20.079190452000148
1269,7,4,14.183930585155311,3.061171905232916,1333.2928311436722,0.6167399191028583,0.03978159420881016,31.472768871167535,0.12012586602665358,0.4,0.2,True,exact,4,14.184222402870297,1347.4762983654123,0.001541001929710184,12.920437317214027,48.0101281156019,True,0.08537397500047843,1,0,False,19.813216248999197
1270,7,4,15.69383763203149,3.0762961436287517,1331.3706505507853,0.771146161360118,0.03997814191446234,33.66846559569513,0.10356561985785857,0.4,0.2,True,exact,4,15.69280457699588,1347.064568039538,0.0013802958883043503,12.882145313168682,41.88319649588926,True,0.1577754188660304,1,0,False,20.696813235999798
1271,7,4,17.015940685466145,2.9372454640005823,1340.7732813314522,0.3591349005577925,0.03817110268808925,35.53376258142418,0.1485024832448223,0.4,0.2,True,exact,3,17.015967650879485,1357.7886998634215,0.0016267874268487414,11.191351600046586,47.12670420588633,True,0.07338596828253069,1,0,False,19.918437170999823
1272,7,4,15.440407099060048,2.7903284146443035,1335.5329597420155,0.7401332716947724,0.03626183570773569,33.30502152843319,0.10706578498314151,0.4,0.2,True,exact,3,15.44157235277839,1350.9730233153205,0.0011323912950720327,12.803819721470784,30.474799224316175,True,0.14032806174290427,1,0,False,19.328697766000005
1273,7,4,15.996563326174252,2.733578529393046,1330.4454613391147,0.5604576764008503,0.03552434007653549,34.10004985998617,0.1300525775726214,0.4,0.2,True,exact,4,15.995456017666298,1346.4441569802084,0.0012025576079771616,12.602365786658574,39.50579181302301,True,0.09401692414058566,1,0,False,19.478252156999588
1274,7,4,14.460002277933212,2.4214337599382136,1327.0302790158262,0.2153861453532634,0.031467848988391285,31.879839665545283,0.14566640157712768,0.4,0.2,True,exact,4,14.461429948447694,1355.9502483594374,0.0008963242636271795,11.356255548050013,29.64484627892751,True,0.1996511673007942,1,0,False,21.48881426099979
1275,7,4,18.936991280202953,2.8940499686055627,1327.954215158199,0.2847544209987157,0.03760975372675987,38.16024963284234,0.15763142228412183,0.4,0.2,True,exact,3,18.93750989261127,1346.891148355153,0.001469724945230455,11.931618527913837,47.666094643584444,True,0.08458429267394302,1,0,False,19.921859187000337
1276,7,4,19.00863548376454,2.37556659749114,1332.7454039344886,0.7470809203391635,0.030871780260313692,38.256436672215244,0.11237343323647582,0.4,0.2,True,exact,3,19.00669079263179,1351.7520792551738,0.000780032340003789,11.611129627296712,19.94185608495526,True,0.18721185858324824,1,0,False,19.478224114000113
1277,7,4,13.594847029349935,2.4660773610855764,1326.6033654535959,0.5575423519937449,0.03204801687175268,30.595209949796377,0.12287536236287118,0.4,0.2,True,exact,3,13.59457878937511,1353.792717916292,0.0011924262534880326,12.432142802059436,35.36744156766579,True,0.11731840350399868,1,0,False,19.989933859999837
1278,7,4,13.276369849607647,2.940795017787965,1336.7418500241329,0.6328374749549807,0.03821723107053999,30.11550262095286,0.1155355740565619,0.4,0.2,True,exact,4,13.276017029400895,1350.018171116943,0.0013240199431922006,11.999840045596532,40.88508765544428,True,0.08395120485976225,1,0,False,20.04501272500056
1279,7,4,14.081036061374858,2.828677356683803,1330.028870689481,0.16565554378795957,0.03676020107164898,31.32037558910037,0.14648854496706265,0.4,0.2,True,exact,4,14.080340783741466,1358.1902575300248,0.0013684197311291113,12.561645959478298,45.115615029760214,True,0.12934962044943227,1,0,False,19.42525469300017
1280,0,5,0.5464329523399374,3.3149196758424915,1325.3539907524857,0.6034392217204936,0.04307918452855808,3.590005730667687,0.04223014282066469,0.4,0.2,True,exact,93,0.5464440307681567,1354.3147424057543,0.0018204762647505701,18.668403606006457,196.796113859302,True,0.0062053719141120945,1,0,False,19.13775075600006
1281,0,5,0.676824074270517,4.059260139557645,1325.9163635633056,0.4652455559105343,0.052752293781290746,4.140515545682954,0.04989557258986443,0.4,0.2,True,exact,73,0.676829422738654,1354.3429351550653,0.0028283332765328684,17.495959982139013,286.9906972175263,True,0.006507468025405193,1,0,False,18.456682641000043
1282,0,5,0.7248568856174067,3.2182675145661865,1325.8179516312387,0.8479124108734605,0.04182313711327714,4.334164594575674,0.03297248659846552,0.4,0.2,True,exact,69,0.7248562151916279,1354.0875100216822,0.0014890698757781262,19.65939926884867,120.99406368417189,True,0.028877295068961428,1,0,False,19.376726146999317
1283,0,5,0.6876808521498067,3.9430090259575223,1325.4968917564793,0.8943783286235827,0.05124154731858581,4.1846760387380115,0.02967210910761103,0.4,0.2,True,exact,76,0.6876835368496284,1354.3794720102264,0.001974875934109943,19.910954818635634,154.7709272239727,True,0.01937842333004581,1,0,False,19.197707872999672
1284,0,5,0.603356277320155,3.8211839179001443,1325.7717944504282,0.6629311636188406,0.049658363765614354,3.8351861170603323,0.041703437733944984,0.4,0.2,True,exact,88,0.6033563009834193,1354.1293142962627,0.0023159307838617194,18.658615290074827,231.481014185879,True,0.013925669286835259,1,0,False,18.836606922999636
1285,0,5,0.6152074179140162,3.857826400292512,1325.7457932237548,0.5657737944161186,0.05013455275808641,3.8852436845996556,0.04547907068056353,0.4,0.2,True,exact,82,0.6152168314215947,1354.0451752079352,0.0025083028339104585,18.0460827662398,256.91316158288237,True,0.00853675359014496,1,0,False,18.800976918999368
1287,0,5,0.5476881464860397,3.4665890332923026,1325.763567298204,0.19474652187053673,0.04505021033787808,3.5955012884293875,0.050562690423432186,0.4,0.2,True,exact,92,0.5476941566047309,1354.2430705434879,0.002168354371321124,17.97299082227151,239.68085073628768,True,0.016438410558109275,1,0,False,19.211787368999467
1286,0,5,0.5149495573735249,3.817732428174226,1325.622060104822,0.5635938270628589,0.04961350977898994,3.4507514598682265,0.04312876226209767,0.4,0.2,True,exact,98,0.5149489674820876,1353.9443472990567,0.0024414602100035765,18.349067986572074,271.1248084387855,True,0.010433796407200843,1,0,False,20.82572461499967
1288,0,5,0.5759991177783741,4.014293689105082,1325.669998282932,0.4413389216887653,0.05216793029557585,3.7183628418607153,0.04797689004614687,0.4,0.2,True,exact,88,0.5759962482797973,1353.893821815752,0.002791149749145072,18.134890230225064,290.19731810223715,True,0.0086316936582241,1,0,False,19.446117360000244
1289,0,5,0.5775578330463325,3.5631353474518717,1325.7495350132938,0.20224116408903625,0.04630488221229542,3.7250680118899835,0.05140632921676596,0.4,0.2,True,exact,90,0.5775636220283878,1354.0499200044328,0.0022284940139184473,17.670659963183198,248.45365344656207,True,0.006856238420721719,1,0,False,19.32056890399963
1290,0,5,0.7116470992091778,3.5006311317116765,1325.6076433573096,0.2915366816781417,0.04549260592599285,4.2813461592907425,0.05374894655105405,0.4,0.2,True,exact,72,0.7116463351947354,1354.0734892661646,0.0021810060211111537,17.45140847326779,220.83023154324923,True,0.009732790813665548,1,0,False,20.201801899000202
1291,0,5,0.6747164822028044,3.4357970883539366,1325.7841938990707,0.02525093302950181,0.044650052262356715,4.131915523596995,0.054879294468912654,0.4,0.2,True,exact,76,0.6747342496877332,1354.12225559526,0.0021383439962372464,17.377184981233107,225.01894931060076,True,0.009132932725821889,1,0,False,19.555141906000244
1292,0,5,0.6182350288699885,3.450167252764617,1325.4028770993232,0.22221583472848377,0.04483680036634994,3.897980179492462,0.05223726193820253,0.4,0.2,True,exact,82,0.6182411253870781,1354.459890626568,0.002145088801401407,17.836646134477725,239.25327794462262,True,0.006625301104239552,1,0,False,18.694589681999787
1293,0,5,0.5154758471363403,3.326763502607382,1325.3828735542882,0.37217144909094846,0.04323310150049778,3.4531022221044974,0.04723041181223322,0.4,0.2,True,exact,100,0.515470808263512,1354.2492615377987,0.001939825348999391,18.491109112433083,216.42964828011614,True,0.015838432167710324,1,0,False,19.95300281100026
1294,0,5,0.6699344605976778,3.8992719543250223,1325.3173574484533,0.18099723034615925,0.050673160279428864,4.112369216656367,0.054305229390393436,0.4,0.2,True,exact,77,0.6699672406550372,1354.1243641765877,0.0027763779507234965,17.367988643443013,283.8068285830009,True,0.012477671020935275,1,0,False,19.672352986000078
1295,0,5,0.7171549257380724,3.7799664727816884,1325.3218107241921,0.5406291985525483,0.04912272064370299,4.303408216494959,0.048436875206682176,0.4,0.2,True,exact,72,0.7171615408508067,1354.0078344715741,0.0024213529394858657,17.852326816993,230.5630593211407,True,0.010165923885005902,1,1,False,19.717456423999465
1296,0,5,0.6739971184783613,3.268888971237198,1325.4473964440633,0.21221353321195696,0.04248099048116626,4.12897811344852,0.05366061783934194,0.4,0.2,True,exact,77,0.6740178744466749,1354.4292716470823,0.0019281302998097605,17.54052969303261,209.09319085057885,True,0.008868991160537026,1,0,False,19.69105694300015
1297,0,5,0.6226876523647812,4.194382882172693,1325.4483197185803,0.4975026854010094,0.05450828732935134,3.9166736860221802,0.047901389759957884,0.4,0.2,True,exact,82,0.6226862353791202,1354.0920881024815,0.0030047629277121235,17.949564823934242,306.24552275017567,True,0.0073499670353349015,1,0,False,19.839337626000088
1299,0,5,0.5356569504147934,3.6172568225901784,1325.3150001165222,0.39133638194130915,0.04700822022420316,3.5426511098957736,0.047644840090573376,0.4,0.2,True,exact,98,0.5356644758893105,1354.2401719008742,0.0022848622935632834,18.39340052472061,270.13997469480245,True,0.006839940884393043,1,0,False,19.214356471999963
1298,0,5,0.5978305011273835,3.784413045346436,1325.8519288022346,0.281728191863309,0.049180506273150466,3.81173412431774,0.051209361692489117,0.4,0.2,True,exact,83,0.5978295052293043,1353.9498283333191,0.0025758336190219167,17.71402094742217,289.7926785944442,True,0.011284685813641414,1,0,False,19.941595987000255
1300,0,5,0.5483481320197343,4.122836485440297,1325.6503577097897,0.13879222668860478,0.05357850298204134,3.5983891879495693,0.051438921137016896,0.4,0.2,True,exact,91,0.548343997248105,1354.1647528819435,0.0031046279045835457,17.729343773659707,361.38262418804715,True,0.009069985669926728,1,0,False,19.6012549269999
1301,0,5,0.6566663709305556,3.600607012202574,1325.7583900389902,0.31391981747616826,0.04679184688059543,4.057891258552697,0.05213231167867098,0.4,0.2,True,exact,77,0.6566860818288061,1353.9948769603475,0.0022872281697381425,17.48785469241287,232.80066214559113,True,0.007171578471682438,1,0,False,20.15627126399977
1303,0,5,0.7331189695573369,4.131659332752101,1325.4271305935142,0.7064515720838033,0.05369316068255286,4.36703687394345,0.042569386690477065,0.4,0.2,True,exact,68,0.7331132312821229,1354.0187784408781,0.0026751118068342183,18.300918105965078,245.34667670162702,True,0.009708715888756327,1,1,False,18.907768086000033
1302,0,5,0.5057892949300449,3.9446942597992622,1325.7678876893788,0.21411359469923968,0.05126344784913898,3.409706334554793,0.04946836329544633,0.4,0.2,True,exact,102,0.5057830804774519,1354.0922956567792,0.00274382653310401,18.632685548100287,349.1625054890437,True,0.008061254950760453,1,0,False,19.306443368000146
1304,0,5,0.787971943396277,3.530271217500911,1325.9297765058234,0.013267149668677735,0.04587779496525131,4.582238856722866,0.05775311349688282,0.4,0.2,True,exact,64,0.7879707767094314,1354.2968494449149,0.002218964961705927,16.94100210039541,216.531351826374,True,0.013449660090051828,1,0,False,19.548827030999746
1305,0,5,0.7311766740776491,4.33381742862895,1325.906037460273,0.8307795754093426,0.056320315113981834,4.359320231221479,0.0356199841427475,0.4,0.2,True,exact,71,0.7311688878415732,1354.4221157133632,0.0026500350375281423,18.559686166146076,223.3090377166304,True,0.010196077975903058,1,0,False,20.21631162599988
1306,0,5,0.5561938026771972,3.226421645508001,1325.7390438136415,0.4461768918263707,0.041929104480773964,3.6326312771412868,0.04678118479405528,0.4,0.2,True,exact,95,0.5562024883334475,1354.1046919300477,0.0017941684036870686,18.307953307351546,197.5801649961081,True,0.013788215216563362,1,0,False,20.063393938000445
1307,0,5,0.6265377994712792,3.2781403011531176,1325.4847550846364,0.8457888202264997,0.04260121654621599,3.932801913789465,0.03179003815795992,0.4,0.2,True,exact,82,0.6265361308450837,1354.305706731416,0.001505312209115317,19.93929941791029,126.73786598691984,True,0.018825348215209082,1,0,False,20.086990363999575
1308,0,5,0.7381526559467532,4.017508439068153,1325.7200188721126,0.33275262000644606,0.05220970772019387,4.387003815113718,0.054093601373308875,0.4,0.2,True,exact,70,0.7381562843050455,1354.5080356337721,0.0028893117815358416,17.17225980509889,302.2173148662451,True,0.008021642253705216,1,0,False,20.222066307000205
1309,0,5,0.6845987179106723,3.4985065518882883,1325.8013264515857,0.39409622095140995,0.04546499585540068,4.172163076320982,0.051276068220537846,0.4,0.2,True,exact,76,0.6845985447215004,1353.8697959836236,0.0021702886637093854,17.537964814723722,224.27900175763503,True,0.009788613633266146,1,0,False,20.09711127099945
1310,0,5,0.5769791524927512,3.644831725299671,1325.4470723467787,0.0326698700856833,0.0473665710858654,3.7225793900580726,0.0523562688848542,0.4,0.2,True,exact,92,0.5769860480485357,1354.295805448302,0.0024420159808634656,17.719237734239943,291.06584290897206,True,0.008078349342996503,1,0,False,18.677492582999548
1311,0,5,0.6840954949898861,3.923665603671031,1325.44909530139,0.8055568483261506,0.05099016902300711,4.170118291707267,0.03608996277829673,0.4,0.2,True,exact,73,0.6840998098293317,1354.1811690170407,0.0022349229188098896,19.072564072350897,193.66653594822444,True,0.016889255619307132,1,0,False,19.048064763000184
1312,1,5,0.8157269836747646,3.8242827214012305,1325.9278012099508,0.22688823930554256,0.04969863440288314,4.689218179992744,0.057280503955586065,0.4,0.2,True,exact,62,0.8157202988576633,1354.478484339227,0.0026408079182950184,16.82620650735521,244.62686545765175,True,0.011764837194058998,1,0,False,19.468457771999965
1313,1,5,0.9322457199115538,3.8248685521173558,1325.4014750343474,0.29884295242685854,0.04970624759173547,5.125750778735646,0.05873756613297721,0.4,0.2,True,exact,56,0.9322582196996414,1354.3009349398976,0.0025703451945952027,16.55679432818208,241.0612500714794,True,0.012943484672891001,1,0,False,19.41884902699985
1315,1,5,0.9549661564246205,3.317210139261114,1325.8885863042763,0.3259790466499144,0.043108950346712235,5.208698362696848,0.05829631877318053,0.4,0.2,True,exact,55,0.9549503323830637,1354.5377213507006,0.001930726541083505,16.20035457993634,178.94348127740398,True,0.012130348622459899,1,0,False,18.375548308999896
1314,1,5,1.2356913970128904,3.6377158850921374,1325.8559512832103,0.4426751648731951,0.047274096871298445,6.18505980072156,0.06075459956083016,0.4,0.2,True,exact,43,1.2356755185317037,1354.2771962221045,0.002311860738144156,15.291135832054096,188.57225264784378,True,0.014356187580374753,1,0,False,18.955214562000037
1316,1,5,0.9816939331799968,4.306477882497689,1325.980468364156,0.7617973607536219,0.055965022839089454,5.3054385942159845,0.04366253030597955,0.4,0.2,True,exact,52,0.9816929454860469,1354.4498432566372,0.0028056949494079664,17.139064273914713,225.09980151323322,True,0.014415938844807945,1,1,False,18.349635235000278
1317,1,5,1.0105497365982266,3.8773907141546733,1325.4972848190023,0.7889183357040683,0.05038880165985761,5.408900798909824,0.04180516340021023,0.4,0.2,True,exact,52,1.0105566035791729,1353.7926738835922,0.0022356827472915786,16.815937697028048,167.69190523299733,True,0.025007075545953647,1,1,False,18.59984923399952
1318,1,5,1.2431644945104765,3.543711712917756,1325.4353956117363,0.34539122272950457,0.04605246151492278,6.209971679074817,0.06328512384928901,0.4,0.2,True,exact,41,1.243161790117284,1354.0281565102396,0.0022311089670128403,15.213764654114977,179.65226419748518,True,0.010960606206574844,1,0,False,18.918231607000052
1319,1,5,0.8076465398016744,4.059743445398864,1325.9558158749405,0.7980925937250732,0.052758574603619365,4.658199796861486,0.03860357286602991,0.4,0.2,True,exact,64,0.8076494397925786,1354.2230225011156,0.0023770125570626854,18.3997862223781,197.4350557767558,True,0.010369342460035492,1,0,False,19.59396137099975
1320,1,5,1.186229141762499,3.9495724432930497,1325.885343521299,0.5900755678311003,0.05132684249740889,6.018888253211016,0.055044668686311395,0.4,0.2,True,exact,44,1.1862026167642585,1354.3548189732176,0.002612978967288626,15.884920476722172,212.7854318540849,True,0.010400685876543952,1,1,False,18.71913977999975
1321,1,5,1.091137407332528,3.9389692275633563,1325.6218309412995,0.8782506474768974,0.05118904794077322,5.6927684241938055,0.03573259327000304,0.4,0.2,True,exact,48,1.0911636873232093,1353.9914984996121,0.0020300203549856732,17.52969816188936,138.69483295552052,True,0.021115167866535646,1,0,False,19.1244136840005
1322,1,5,0.8597412900870094,3.289917655707353,1325.8162616332063,0.08801400756702886,0.04275426967561685,4.856414466036623,0.059016630532491565,0.4,0.2,True,exact,61,0.859750273510908,1354.1877282175687,0.001971633141932938,16.5620717411666,185.00318579398635,True,0.01371170546476452,1,0,False,19.080069621999428
1324,1,5,1.2015772576366022,4.311859497693395,1325.5453207607034,0.1897492767510069,0.05603495985619638,6.070694164990162,0.06580707564617151,0.4,0.2,True,exact,43,1.2015835878538923,1354.3828164460353,0.0033014188193161154,14.839688668134102,280.5055356810984,True,0.012448946090261913,1,1,False,18.83270325600006
1323,1,5,0.9316976298928902,3.32893312739562,1325.9843377936709,0.7117451386176333,0.043261296954912966,5.123741545808407,0.044751761644765735,0.4,0.2,True,exact,54,0.9316941394546122,1353.9352829586803,0.0017293479272750822,17.334138913829683,143.83971651231693,True,0.017231365318438822,1,0,False,19.79132703199957
1325,1,5,1.0987161851455185,3.5972296442712373,1325.9355269201048,0.4163599022370742,0.0467479561470144,5.719098402064406,0.05916676619913364,0.4,0.2,True,exact,46,1.098683324305239,1354.5021783319783,0.0022481900282376177,15.734451569181026,191.10097896063567,True,0.014869636176748215,1,0,False,18.7981584930003
1326,1,5,1.0820999480135294,3.789975208935713,1325.880285131338,0.7045820023922822,0.04925278961485153,5.661290905899962,0.047828296540137365,0.4,0.2,True,exact,49,1.0820903993888862,1354.014902909153,0.002281609812324059,16.273705610288715,179.34474867621805,True,0.011411022040075769,1,0,False,18.808834049000325
1327,1,5,1.2265877146792392,3.2790813139600976,1325.6498610994806,0.3607070704126184,0.04261344551956067,6.154644339850966,0.06242892997202558,0.4,0.2,True,exact,43,1.2265666251842025,1353.8613114667787,0.0019112521943990268,15.206668502098681,159.25467451860348,True,0.021797824798499905,1,1,False,18.254898662000414
1328,1,5,1.0979661998634846,3.4871194620881436,1325.968440635971,0.2421031421601329,0.04531701442878616,5.7164955292402295,0.06255997344995214,0.4,0.2,True,exact,46,1.0979642955419215,1354.515710146632,0.0021903158867720984,15.372784127720871,191.14807319422647,True,0.016545670060416157,1,0,False,19.29948665699976
1329,1,5,0.8232440684833535,3.8383469821579026,1325.8893336694,0.12396868743616439,0.04988140712247867,4.7179821609682975,0.058407098067328744,0.4,0.2,True,exact,64,0.8232411069668445,1353.8794090160814,0.0026445586722423364,16.5083527532504,265.7392895010627,True,0.008053451480637656,1,0,False,18.274969926000267
1330,1,5,1.0907426430183282,4.273254437721398,1326.265096392751,0.5291827849612987,0.055533266100420225,5.691395277641282,0.05620185743396096,0.4,0.2,True,exact,45,1.0907459450135173,1354.6245825120602,0.0030407609432944183,16.00968990765031,244.79087641441467,True,0.012042283520517495,1,0,False,19.141477512000165
1331,1,5,0.8376387865154605,4.251749915526241,1325.9210365539475,0.29579452853882215,0.05525380313587397,4.772820194380737,0.057132561237334664,0.4,0.2,True,exact,62,0.8376218382602514,1354.4009059633906,0.003249037436462543,16.686518615388334,296.8568351007178,True,0.00446831903205626,1,1,False,19.293040554000072
1332,1,5,1.0929828734887865,4.082953119358167,1325.4131265033777,0.7905380333088423,0.05306019694295595,5.699185490863018,0.04299237923787039,0.4,0.2,True,exact,48,1.092984753945436,1353.8305780026233,0.002482498964284763,17.009238325495467,181.59267412612215,True,0.014041960847135108,1,0,False,19.363373680999757
1333,1,5,0.918464836851075,3.8138054488014816,1325.9391162071893,0.48532995165972875,0.049562476545735104,5.075111370231643,0.05416483550956582,0.4,0.2,True,exact,57,0.9184509733265231,1354.4116472814974,0.0024978634535814948,16.72097449296368,216.1027222264923,True,0.011616497261379359,1,0,False,18.81458437299989
1334,1,5,1.1820036481304281,3.22270485561089,1325.9703922896203,0.875817185234098,0.04188080277409963,6.004586408733603,0.035796301391229426,0.4,0.2,True,exact,44,1.1820049185159738,1354.3384492152588,0.0013919378767809354,17.84814378497428,90.00116091346513,True,0.02326245155458978,1,1,False,19.40807805700024
1335,1,5,0.9681923044817218,3.2356425919893708,1325.7468391250939,0.623005372955499,0.04204893569656291,5.256681190474139,0.0495321288500267,0.4,0.2,True,exact,51,0.9682053950604249,1353.8245246067945,0.0016859849004603467,17.040575917800872,147.15255822200686,True,0.016465187767740207,1,0,False,18.485476998000195
1336,1,5,0.8322044517030239,3.9614460867421863,1325.9119877577582,0.7912282291729313,0.05148114695338086,4.752154779637561,0.039292919689767246,0.4,0.2,True,exact,61,0.8321972889250074,1354.2068358693255,0.0023408230003678643,18.1313606945128,197.36621202316223,True,0.017518573519435574,1,0,False,19.16467320999982
1337,1,5,0.9097138765518757,3.7307838083577014,1326.0056203284532,0.28353613629115665,0.048483565163777644,5.042823490380452,0.058451156704722736,0.4,0.2,True,exact,58,0.9097007199155068,1354.2071211965895,0.002482556256319657,16.48045537177603,228.02579335550337,True,0.0077963592543145105,1,0,False,18.70436529499966
1338,1,5,1.2109528930897344,4.2432242909249585,1326.4205435128192,0.5653574951024769,0.05514300800617704,6.102232074955096,0.05672267881362119,0.4,0.2,True,exact,44,1.2109256849523529,1354.2727286956128,0.002969290099593791,15.509142687818361,232.1710372230527,True,0.011820687156056171,1,0,False,18.985265176000212
1339,1,5,0.9641922443563419,3.9171073213810645,1325.7428453277157,0.22685528628468493,0.050904940576894604,5.242192645757597,0.060524016293670053,0.4,0.2,True,exact,52,0.9641953812085312,1353.704393059256,0.002758055820990757,16.17798314624573,244.7762762694238,True,0.008200036353306314,1,0,False,19.155210877000172
1340,1,5,1.0247467659059541,3.5842263855255694,1325.7566373552354,0.7837151022457475,0.04657897172574488,5.459442025289454,0.041991957229801695,0.4,0.2,True,exact,49,1.0247606974107661,1354.4493728858768,0.001946082101140445,16.969469129647074,148.19087987201357,True,0.020636389636311113,1,0,False,19.846569083999384
1341,1,5,1.1754679261287153,4.063605213615719,1326.0221502308575,0.7720253418430342,0.05280876038242806,5.982431619445716,0.04525710919101905,0.4,0.2,True,exact,45,1.1754820859817432,1354.233268421937,0.0024490850041595236,16.626966525791865,183.2478126328275,True,0.016037935121950266,1,1,False,18.210044012000253
1342,1,5,0.8176585938911676,3.9800731098634117,1325.423002419467,0.7541275268395867,0.05172321525208045,4.696617854108164,0.04133234953619562,0.4,0.2,True,exact,62,0.8176672558630587,1354.041289292749,0.0024145820250545125,18.18501990313835,202.11690203202943,True,0.012828015451497685,1,0,False,19.18912864199956
1343,1,5,1.033067183003136,4.119048265249838,1325.4742336219533,0.5278261844972589,0.05352927299984634,5.488954086876106,0.055135101571971164,0.4,0.2,True,exact,51,1.033059746237417,1354.3998452113565,0.0029266955080633483,15.753291989565312,257.50365893209715,True,0.013599358720875001,1,0,False,19.35584109699994
1344,2,5,1.4878670250209487,3.9665801320579828,1326.6515150210867,0.1411497212606018,0.05154786666521851,7.000245968277158,0.07077629486613089,0.4,0.2,True,exact,33,1.4878487515023318,1353.433509739584,0.0028723277038904538,14.741618147237196,209.77479133401616,True,0.014390049223292026,1,0,False,19.053729455999928
1345,2,5,1.938546372989954,3.2585851957215914,1326.193043521124,0.35842847734821875,0.04234708731301036,8.35067055575261,0.07255931736895468,0.4,0.2,True,exact,28,1.9385206679706952,1353.3325371891317,0.0019510064508749814,13.943144384257561,142.626581742102,True,0.021943911413308925,1,0,False,20.15998599500017
1346,2,5,1.8068516797164993,3.7265294444905193,1325.502389584843,0.5346792661181056,0.04842827739091799,7.968053170623414,0.06538331706554884,0.4,0.2,True,exact,31,1.8068857118601946,1354.412012977305,0.0023916428341174134,14.302406405538033,163.54617607579385,True,0.02731513304682033,1,0,False,19.95067127600032
1347,2,5,1.7640476385378565,3.936904696281479,1327.005939378014,0.7244426921333151,0.051162218233644835,7.841709694644215,0.054860881180032184,0.4,0.2,True,exact,27,1.764058336245826,1353.4666228812293,0.0023839693670221207,15.418391440094258,143.6222071993432,True,0.022815682784589845,1,0,False,19.84263651999936
1348,2,5,1.5154366086778266,3.2299332958777978,1325.9002899267784,0.3227871419110978,0.04197474028769342,7.0864556017245635,0.06773097640426146,0.4,0.2,True,exact,35,1.515429390888149,1354.693437514417,0.0018385871335854231,14.494380273385397,131.85689297764264,True,0.021946014245623112,1,1,False,18.118035331999636
1349,2,5,1.3906688720546339,3.764480428199625,1326.5885279851843,0.8677893152855201,0.04892147106983552,6.691955486143298,0.039359710145307474,0.4,0.2,True,exact,37,1.3906934081466606,1354.4021680838086,0.0019057838482119394,17.39771997192747,121.06733983199636,True,0.020621561086592608,1,0,False,19.919405396000002
1350,2,5,1.5242025582657164,3.577719337169307,1325.480107964794,0.30099174888604413,0.04649440909247249,7.113756767124083,0.06864670250964715,0.4,0.2,True,exact,34,1.5241774588366284,1354.439728930438,0.002312312618098611,14.378476370636474,171.27165595815097,True,0.018537644992670552,1,0,False,18.864840924999953
1351,2,5,1.9349812762152618,3.32393641142995,1326.7166342076102,0.7466787083750484,0.04319636191268839,8.340429177084022,0.05408549498355663,0.4,0.2,True,exact,24,1.9350278837410024,1353.8064246682493,0.0016349531006190077,14.721098320041845,94.57122416547594,True,0.03665631792825576,1,0,False,19.037419680000312
1352,2,5,1.3306425529956014,3.5783353381864793,1325.7133125189819,0.5366638574916511,0.046502414360799785,6.497976844993728,0.058952514940133274,0.4,0.2,True,exact,39,1.3306512769437322,1353.6571069450272,0.002130180933139103,15.5460734465359,158.8271269647846,True,0.01215633424238019,1,0,False,19.18848225900001
1353,2,5,1.2849305331406107,3.976225141985237,1325.5765370573743,0.62853990672504,0.05167320881618039,6.3482933508604305,0.05475588456086329,0.4,0.2,True,exact,42,1.2849242569730503,1353.8450450326159,0.00260046919484469,15.779214749869958,205.28550308790025,True,0.013416517348587008,1,0,False,19.2865623889993
1354,2,5,1.5247120640817529,3.3002071797998727,1326.477519248278,0.4466650008966633,0.04288798763877686,7.115341988863317,0.0645973902435533,0.4,0.2,True,exact,33,1.5247423662440633,1353.9218135549352,0.0019140420967471705,14.566526884632001,140.0134492161715,True,0.02423794364918327,1,0,False,19.41090276399973
1355,2,5,1.670167864223408,3.595454006755892,1325.4118051660805,0.14483175859214997,0.04672488077154246,7.560966311508016,0.07313380339783916,0.4,0.2,True,exact,32,1.6701643385121707,1353.8047915922489,0.0023103854599280105,14.088961505803324,169.98485652248723,True,0.01768504078875424,1,0,False,19.5585758899997
1356,2,5,1.6782377031733264,3.5419840870337858,1326.9031690122151,0.6479071973488347,0.046030010076719245,7.585301889359327,0.05816160385055329,0.4,0.2,True,exact,30,1.678250178540081,1353.7552116316833,0.002035046031847676,15.246099393065101,129.21512388919547,True,0.016863908052619184,1,0,False,19.118066535000253
1357,2,5,1.8306702683836722,3.952963065472387,1325.4042214767617,0.5916662820370604,0.05137090547715309,8.037925435905217,0.06330145428939944,0.4,0.2,True,exact,28,1.830676576268902,1354.6950105578444,0.0025758036895844327,14.324387301212361,169.23961408650698,True,0.013665803005803409,1,0,False,20.005696725000234
1359,2,5,1.8949791267417642,4.021495579921002,1326.5218425487717,0.07142014610926854,0.05226152278461096,8.225080831404604,0.07720371724051979,0.4,0.2,True,exact,29,1.894959217385605,1354.946932973326,0.0029596513446007444,13.75583607559452,202.3591444333479,True,0.017275149302020138,1,0,False,18.203694113999518
1358,2,5,1.8019447456882105,3.2402152991592907,1327.061880559986,0.5842101446822948,0.042108360513822767,7.953620541741915,0.06252434829214522,0.4,0.2,True,exact,29,1.802004501368753,1354.09115389974,0.0017173284802788347,15.036662112911985,113.53468735134247,True,0.030063392621955544,1,0,False,19.849630611000066
1360,2,5,1.7401423040170845,3.4461528990195864,1326.491807459612,0.6727994085812379,0.04478463165559494,7.770704563034596,0.05729344978234002,0.4,0.2,True,exact,30,1.7401656916989932,1354.334075988059,0.001891060841871628,15.041449925977522,125.99173792355714,True,0.019495116990766437,1,0,False,19.465064459000132
1361,2,5,1.853264911174714,3.678448491842837,1325.9904997691851,0.6263290787789084,0.04780343925486514,8.103927673176171,0.061441105398913745,0.4,0.2,True,exact,27,1.8532921117091496,1353.7895045131793,0.002259752244658353,14.933911303492007,138.644931394406,True,0.018783717435498525,1,0,False,19.36127059899991
1362,2,5,1.888952437506371,3.511484260507244,1325.8629518424143,0.30124410464340934,0.04563364823887413,8.207632506133933,0.07358594234700172,0.4,0.2,True,exact,27,1.8889065733485852,1354.1967683127707,0.002151331370805143,14.13342708690587,145.24400692591817,True,0.017493037885457384,1,0,False,19.417792961000487
1364,2,5,1.6779853836417973,3.2183122888649103,1326.4603119301178,0.19586417042326087,0.04182371897964661,7.584541580781748,0.07230384946209431,0.4,0.2,True,exact,30,1.6779807117821663,1354.9864980628388,0.0018885919417985786,14.155695750879783,138.73163853208368,True,0.018424375561950496,1,0,False,19.041236185000344
1363,2,5,1.4945791510220867,4.278374144970135,1325.7837685284721,0.7837124445337379,0.05559979948127642,7.021283366068664,0.04829959932539061,0.4,0.2,True,exact,35,1.4945718742197058,1354.1803478227164,0.0027406542022052616,16.72721976879647,184.11604803981515,True,0.020639217551318756,1,0,False,19.99811719400077
1365,2,5,1.4714308141971522,3.5740912751111815,1326.2426038071305,0.7472144643337676,0.046447260452334375,6.948596907266761,0.04976348437979775,0.4,0.2,True,exact,35,1.4714183035574715,1354.199804980134,0.0019418438950143946,16.300199810263297,125.95187735157263,True,0.032494184441321655,1,0,False,19.43399133799994
1366,2,5,1.7308415876646563,3.522175577921229,1325.662365817982,0.09610238989706991,0.045772587724825134,7.742991253547932,0.07432689552998388,0.4,0.2,True,exact,30,1.7308619685304905,1353.3557893340299,0.0022207035042237644,14.008200264546845,170.47095614392842,True,0.01770729951955314,1,0,False,18.11973822500022
1367,2,5,1.2578787291915703,4.158615094987951,1325.8568260752165,0.7518330501706112,0.05404346547694308,6.258876801816724,0.04771730412739004,0.4,0.2,True,exact,43,1.2578511025833359,1354.7878856969587,0.0026504257688688693,16.16843675688674,190.87899200904505,True,0.012184349751344069,1,0,False,19.10821740600022
1368,2,5,1.4395816233112746,4.013299154722953,1325.8186366035568,0.8295318091732442,0.052155005780245976,6.847963186983143,0.04369706644537504,0.4,0.2,True,exact,35,1.439597543217341,1354.6100033893888,0.0022922641356194484,16.618292760426442,146.75533334742707,True,0.016065067416072994,1,1,False,19.829156562000207
1369,2,5,1.436096917955446,4.217332602398018,1325.7714996410245,0.14108764469049354,0.054806531428498124,6.836907765827984,0.07018217521197884,0.4,0.2,True,exact,36,1.4360987438116217,1354.4933477137745,0.003192482916656081,14.699779237415116,252.41142142318722,True,0.009667945361987604,1,0,False,18.502156114000172
1370,2,5,1.6213992399964068,3.2822244128803977,1326.358390233616,0.5879969998124539,0.04265429179989919,7.413054579446935,0.060273118930009105,0.4,0.2,True,exact,32,1.6214190876187227,1353.922085868727,0.0017690886575107978,15.14428065601535,120.79031071452656,True,0.02200137488104846,1,0,False,18.968976053000006
1371,2,5,1.6556717823176725,3.6280455355033965,1326.3063731335953,0.09622275916465932,0.047148425417650575,7.517152930285598,0.07334598551656484,0.4,0.2,True,exact,31,1.6556833322281193,1354.45314573542,0.0024179743730533554,13.86855386322268,173.4964450046059,True,0.016940562947753784,1,0,False,19.477942573999826
1372,2,5,1.884353951822591,3.5021706357495246,1325.528730617868,0.5311327185011598,0.04551261261846634,8.194306597745262,0.06619199438997458,0.4,0.2,True,exact,27,1.8843157727964246,1353.7939219294883,0.00202334887519362,14.743327343945682,131.57581456020162,True,0.02105785847727545,1,0,False,19.18511436100016
1373,2,5,1.4041477163085634,3.3413077843974186,1326.5663382006442,0.8718518387113086,0.04342211235455688,6.735126434892032,0.0384112037642246,0.4,0.2,True,exact,37,1.404191654324812,1354.6484350907049,0.0014768665157943728,17.51922902447299,90.3588557346074,True,0.04356194295662537,1,0,False,20.252006762000747
1374,2,5,1.390347927152874,3.676268148031316,1326.666685673421,0.4129307666835863,0.04777510450091115,6.6909258465413615,0.06403946605220188,0.4,0.2,True,exact,36,1.3903498915220853,1354.4729019179838,0.002365747758725667,15.300505185790271,179.33972939712697,True,0.014848775838384854,1,0,False,20.005814197999825
1375,2,5,1.4471244058002346,3.3974327417575063,1326.4192852916185,0.7229506572925821,0.044151486707845904,6.871862582201853,0.050886333049105635,0.4,0.2,True,exact,34,1.4471211475405128,1353.9145262033117,0.0017736260497430711,15.817654144434679,123.84095276321739,True,0.019604468569405304,1,1,False,20.21454149299916
1376,3,5,2.6317034876374694,3.946322011903871,1326.1543981384343,0.5317881921708578,0.05128460137324764,10.238315888286502,0.07439743650358362,0.4,0.2,True,exact,20,2.63169127093086,1355.1027893177816,0.0026843547461992134,13.667372635426267,164.38641098704443,True,0.021947639401578248,1,0,False,19.42857853499936
1377,3,5,2.142183244694631,3.9874778134564104,1326.7153323966088,0.6027973095463747,0.051819443403485356,8.925686584476312,0.06610294673311434,0.4,0.2,True,exact,23,2.1422166175927853,1354.563548241248,0.002678346124447395,13.954947206888905,167.00482106382887,True,0.019732593699553165,1,1,False,20.309373056999902
1378,3,5,2.7275106784848435,3.5007672240788876,1326.6674186732157,0.3429928492310283,0.045494374520340025,10.48531609212673,0.08194210174194122,0.4,0.2,True,exact,19,2.7274677669746863,1353.9425348822888,0.002217891713867992,13.676810250405083,136.93210747038665,True,0.018450285141069823,1,0,False,19.145772148000106
1379,3,5,2.331343156104593,3.297212943590433,1327.300239048505,0.654880346795103,0.0428490759103484,9.443682039298611,0.06400780796802465,0.4,0.2,True,exact,23,2.331276031945866,1355.2759820958925,0.0017900377273823986,14.264802964424279,103.1509789998617,True,0.031198179936015404,1,0,False,18.856489740000143
1380,3,5,2.411953470332567,4.1910615034848355,1325.4359408391213,0.8702022956163281,0.054465124206447904,9.660134455693102,0.04755318355748733,0.4,0.2,True,exact,23,2.4119447988696607,1354.379554173978,0.0023698805334251283,15.505912246869032,128.79302295695064,True,0.034583199674925236,1,1,False,20.08247309699982
1381,3,5,3.110776106196242,3.3270237943701773,1326.460003466239,0.5502907813610366,0.04323648413355596,11.445894113864812,0.07683992389784422,0.4,0.2,True,exact,17,3.1108579088766213,1354.4569846424315,0.0018598534296881963,13.453193980986159,99.71306387733563,True,0.032613193107247064,1,0,False,19.617910404999748
1382,3,5,2.0587643858272027,3.563490371373313,1327.2550442119755,0.20491637172021243,0.04630949594129021,8.692439010269435,0.07755636532568112,0.4,0.2,True,exact,23,2.0588375310049045,1354.0186826156057,0.0023106462886547385,13.996347106234355,147.58499732548245,True,0.024987127211103792,1,0,False,19.37728781900023
1383,3,5,3.1114607838555837,3.538427338089872,1327.769603051763,0.5486499346210422,0.04598378818929518,11.44757353625015,0.07721379427674789,0.4,0.2,True,exact,17,3.1114343456505673,1352.6608944777465,0.0020982052962816855,13.299406180780736,112.45382114545816,True,0.0235420441880795,1,0,False,19.287829373000022
1384,3,5,2.4210528061896293,3.215900580656132,1327.0072969849084,0.7904051676621575,0.041792377519486314,9.684415087494948,0.05423111522687948,0.4,0.2,True,exact,20,2.421018753611216,1353.6385817314322,0.0015352655070954846,15.742584512543464,82.5439912866262,True,0.03941170199800385,1,0,False,20.074505059999865
1385,3,5,2.1132502148620063,3.496866434688417,1325.4667475318972,0.8185241490547542,0.04544368164015238,8.845135740631134,0.049718125591970946,0.4,0.2,True,exact,25,2.1132804549307993,1355.0522210815732,0.0018415283777771796,15.274018015254535,101.05646479618066,True,0.03247431445395111,1,0,False,19.82782473900079
1386,3,5,2.5249399716104146,3.5260490041462407,1327.1824735637763,0.06650780904362205,0.04582292500579187,9.959508944683328,0.08438189962485934,0.4,0.2,True,exact,20,2.5250468081565622,1354.9566533522643,0.0022684448095053877,12.979081477646483,139.88703677427335,True,0.025181998282901737,1,0,False,19.282953005999843
1387,3,5,3.1004395959892337,3.3275803738037903,1328.1512077821335,0.26107823175000744,0.04324371718607912,11.420525049510623,0.08741997191019063,0.4,0.2,True,exact,17,3.1003471026920346,1352.9542277840783,0.002060817742677523,12.680075546619111,112.44220362457402,True,0.026559756624251363,1,0,False,19.872692955000275
1388,3,5,2.680227425158188,3.3849344913395583,1327.1900675469979,0.29350054507375756,0.04398906514452339,10.363783184892199,0.08263694137837256,0.4,0.2,True,exact,19,2.68017764825918,1353.9922899451337,0.002085063091028516,13.820976638636612,124.52101108122582,True,0.021589465039775817,1,0,False,18.990991134999604
1389,3,5,2.9207531252344547,3.7407921793091936,1327.405659745199,0.3589247910473402,0.048613629388920596,10.974897031688382,0.08362177074694696,0.4,0.2,True,exact,14,2.9207522032902897,1353.6929082921547,0.00250137050630983,14.099795502552626,130.88306026395736,True,0.022474148920454483,1,0,False,18.970126132000587
1390,3,5,2.2581714971008555,3.2854959478914076,1326.988456906702,0.10920750618397934,0.04269680717710667,9.245033769602413,0.08079913502828355,0.4,0.2,True,exact,24,2.2581813179536665,1354.087126777986,0.001949430602268043,13.554820530633709,127.24804269585415,True,0.02262584184460523,1,0,False,18.077392452999447
1391,3,5,2.274695292356139,4.248221461389656,1325.8076060078224,0.67224458052982,0.05520794895486373,9.290078280350773,0.0636407081628039,0.4,0.2,True,exact,23,2.2746703400991124,1353.1038752520647,0.002900956162663837,14.260471593752502,174.00662791606098,True,0.017568994430063153,1,0,False,18.57859416500014
1392,3,5,2.11915312455731,3.350832665849496,1326.684989814125,0.7493199452518645,0.04354589337063306,8.861599404074985,0.05554741795138702,0.4,0.2,True,exact,23,2.119161889974356,1354.2342143863755,0.0017325288261208494,14.931663905564472,102.8382702933778,True,0.04387868902869619,1,0,False,18.528676879999693
1393,3,5,2.67759910301043,3.5855072037558178,1326.1078148947286,0.3229010346433411,0.046595616655421605,10.357006691589415,0.08209230551043799,0.4,0.2,True,exact,20,2.6775966423516677,1352.8836673860585,0.0022984020300141905,13.287770166812928,134.76168821912702,True,0.018750194205771238,1,0,False,19.036877059999824
1394,3,5,2.4317626950906215,4.100776423980816,1327.263517465026,0.5983565127521145,0.05329182048253771,9.712954376938807,0.06930421263106092,0.4,0.2,True,exact,21,2.431748310329927,1354.012791751171,0.00278326568117071,13.957456494674464,156.54706993769295,True,0.02257925346570883,1,1,False,19.03567983100038
1395,3,5,2.042669402978362,4.303321171058876,1325.455265361524,0.3524454390566842,0.05592399965666754,8.647076013301453,0.07507392280709665,0.4,0.2,True,exact,25,2.042701598578938,1354.052788967647,0.0032053316162736767,13.63958394583034,210.45322629132747,True,0.011359273855697587,1,0,False,19.433992966000005
1396,3,5,3.125731411618229,4.069725365563847,1328.3556830850525,0.01744840058092443,0.052888295086402214,11.482549484523961,0.09134755289345373,0.4,0.2,True,exact,16,3.1258800306645433,1353.3608349578583,0.0030167850476723324,13.031146039618948,167.356787335104,True,0.02445654328410394,1,0,False,18.932202613999834
1397,3,5,2.4641571360688896,3.2309478293605713,1325.868357432485,0.34569983800876747,0.04198792470221583,9.799023971944745,0.0788639416300122,0.4,0.2,True,exact,21,2.464162258363714,1352.974423304543,0.0018035870512578267,13.58382488525851,115.61515748538262,True,0.030482085996071124,1,0,False,19.722892695000155
1398,3,5,2.1716223193467057,3.9173054881979916,1325.3828208763905,0.1343469032571628,0.0509075158624848,9.007274923425307,0.08017702362518404,0.4,0.2,True,exact,25,2.1716026365668375,1353.6143164879109,0.002759392241187597,13.439034696030252,191.1188512961255,True,0.019990766710954774,1,0,False,18.736639787999593
1399,3,5,2.0883126776604657,3.304321705701841,1326.3811832445904,0.3228499318205033,0.04294145814120566,8.775413120643242,0.0753335226740387,0.4,0.2,True,exact,23,2.088291792072854,1353.5297130094891,0.0019547101163031044,14.195524299285527,122.55183828600427,True,0.019204550817747003,1,0,False,19.090943027999856
1400,3,5,3.054222648138847,3.2327264285165604,1326.652124191006,0.8055621687095336,0.042011038565819094,11.306747224440238,0.057008098152844536,0.4,0.2,True,exact,17,3.0541652037547093,1354.1400445671677,0.0014990376725096954,15.238701345729845,73.18318533583557,True,0.051619552102674084,1,0,False,20.079590850000386
1401,3,5,2.8326913138427847,4.13959538172671,1327.0965262697227,0.3607758593287383,0.053796293956247625,10.753175193298244,0.08318769181829816,0.4,0.2,True,exact,20,2.832671860621636,1355.4234820687584,0.003027053013883063,13.047992726784434,181.6304678210707,True,0.011239898069862997,1,0,False,19.237081205999857
1402,3,5,3.1041324544287905,3.965300832148647,1326.0162514872206,0.6747931723246225,0.05153124146694802,11.429591723937323,0.06989741449591923,0.4,0.2,True,exact,16,3.1040256731708333,1353.9536976460795,0.002512492236532382,14.022664137020854,127.18046081534479,True,0.021701085912046756,1,0,False,18.1545138700003
1403,3,5,2.1995745928963477,3.670122275978449,1327.3813476782327,0.2686351094364561,0.047695235550183984,9.084402133773338,0.07824466617523765,0.4,0.2,True,exact,24,2.19965217541794,1353.7761833175573,0.002329734361671054,13.604404346756388,161.460701380371,True,0.012806305193604189,1,0,False,18.931508456999836
1404,3,5,2.0168387230019262,3.787383854494197,1325.6016188910867,0.13129126366285446,0.049219113554167915,8.574023477331966,0.07814473849322448,0.4,0.2,True,exact,25,2.0168527518364967,1353.837389488253,0.0025436721847714727,13.70046323005538,172.01139662724523,True,0.01967149222473793,1,0,False,18.13735611500033
1405,3,5,2.1299217763866656,3.6924725350892036,1325.8158400248467,0.7215748661097451,0.047985689326035606,8.891594669348262,0.05821269123282788,0.4,0.2,True,exact,21,2.129921293040901,1353.5049460012406,0.002133146028746369,14.942635640194279,116.11586508188284,True,0.019458520414344278,1,0,False,20.491548832000262
1406,3,5,2.4226323214106062,3.2563367512699832,1325.31763964211,0.6233408568126552,0.042317867554191195,9.688626758880053,0.06671232388517943,0.4,0.2,True,exact,24,2.4226042169340634,1354.3895952173464,0.0017354774373764537,13.96143034405539,109.5889383863279,True,0.029480625675143195,1,1,False,19.630842347999533
1407,3,5,2.343855891313073,4.136145299497694,1326.2651692968532,0.06366509721877445,0.05375145826081115,9.477442503528215,0.0829734970508882,0.4,0.2,True,exact,23,2.3438939529480063,1354.391459647918,0.003153587671699376,13.307753729581345,209.21915414651173,True,0.01567281824706474,1,0,False,19.385828396999386
1408,4,5,4.23446771324803,3.6560271403300755,1329.0163334269873,0.5652039131644364,0.04751206159457464,14.058417549062685,0.0846819347586617,0.4,0.2,True,exact,13,4.234355380059559,1354.4224269928993,0.002253852308657045,12.892703860178358,102.21192266346385,True,0.026392621208412015,1,0,False,20.284907246999865
1409,4,5,4.13546170595382,4.193694347649824,1325.4240477425749,0.3999431562781048,0.05449933944865875,13.838421569928348,0.09292906387717942,0.4,0.2,True,exact,13,4.135319213109666,1354.3727739959763,0.003115674824020531,12.827072647407814,161.8920118000732,True,0.01905753414710519,1,0,False,19.077771041999767
1410,4,5,3.9157636814192656,3.906981271670078,1329.0372148537238,0.5810218641402207,0.0507733470522539,13.343861846943469,0.0819175111821631,0.4,0.2,True,exact,13,3.915744183677752,1352.5318535646084,0.002522215938892569,13.468223161910474,121.61978970259419,True,0.02951730185973493,1,0,False,19.618518056999164
1411,4,5,4.889271742056397,3.4939942273427853,1325.5574591719965,0.28355647334834283,0.04540635574319372,15.47272017603161,0.10129742002235399,0.4,0.2,True,exact,12,4.889286307531245,1354.8928328702295,0.0021645631675630828,12.616269740722037,114.48581453762043,True,0.028828890474951033,1,0,False,19.86615116699977
1412,4,5,3.18199389690861,4.07349974489657,1325.5057970108614,0.8342898895814924,0.05293734519912141,11.619928323458431,0.05616622289427899,0.4,0.2,True,exact,17,3.182016760449697,1354.1440939940892,0.0023505303072269834,15.106818323459983,114.4066723349055,True,0.03793225494980724,1,0,False,19.863235615999656
1413,4,5,4.632685407912669,3.818086771390251,1328.48865437852,0.884786009399061,0.049618114661847526,14.926538104337846,0.055896765731979534,0.4,0.2,True,exact,12,4.632537715285378,1356.2843725667542,0.0018402917347417613,15.46820074499151,76.99886093104253,True,0.0465995199646919,1,1,False,20.331170210999517
1414,4,5,3.7966235957699217,3.321765265649836,1328.642155931941,0.881081370429204,0.04316814669215635,13.071805662504355,0.051765233176939845,0.4,0.2,True,exact,13,3.796673173518272,1355.2189834896699,0.0014486464769558616,14.72140301555333,60.66299240243523,True,0.06757049957517955,1,0,False,20.119496493999577
1415,4,5,3.287589890088913,3.323045274899457,1327.6913978223279,0.6602428038544238,0.04318478110868973,11.875602298446248,0.07133605468030459,0.4,0.2,True,exact,16,3.287531680458175,1353.9915481562075,0.0017821167527385384,13.705508690282995,92.04701638533538,True,0.03222576101254374,1,0,False,18.96713078999983
1416,4,5,3.6723021279688823,3.301131099514358,1326.2893485317445,0.8830685795393102,0.042899994478085804,12.784865312865396,0.050865529407025045,0.4,0.2,True,exact,15,3.67227605881716,1355.667550058079,0.0014102587502401454,15.905164300450434,60.00877567258979,True,0.06177294139376157,1,0,False,19.586673230000088
1417,4,5,3.1776876419594915,3.430946860485009,1325.7082161433193,0.12011675206373222,0.04458702091263993,11.609442305658282,0.09053311317552049,0.4,0.2,True,exact,18,3.177696199376543,1354.3075526944308,0.002071568797903711,12.998775360039302,121.59930820465702,True,0.02833564881536797,1,0,False,19.496221880999656
1418,4,5,4.048296627598322,3.401452122260031,1325.8877576434786,0.28215158258043893,0.04420372074404914,13.64327936721262,0.09506329251915521,0.4,0.2,True,exact,14,4.048288688323178,1354.225474384971,0.002030960118805103,12.603120758950347,113.94947563137394,True,0.04212742149943767,1,0,False,19.662232866000522
1419,4,5,4.797429140148969,3.2679284346772546,1328.6114273356445,0.8177857091225802,0.042468507786030764,15.27834338793673,0.06473014447049327,0.4,0.2,True,exact,11,4.797160325321909,1352.5979947766516,0.0015262832375315671,14.75183749594275,62.562441862045986,True,0.06954455529500857,1,0,False,19.52304421200006
1420,4,5,4.371531624420145,4.296239207485393,1327.7870950364825,0.2434503299417419,0.05583196568738922,14.360171852331126,0.0996528302798408,0.4,0.2,True,exact,12,4.371416559773532,1354.0167992795164,0.003387339523096,12.91185535075712,172.1042192457056,True,0.016993513596774174,1,0,False,19.48141453900007
1421,4,5,4.077413384711011,4.157339666049679,1328.4295852273392,0.4566601584268852,0.0540268905840474,13.708619338212666,0.09006138230186392,0.4,0.2,True,exact,14,4.07734523384896,1352.894428615636,0.003035704426365249,12.523731130567148,147.02518455713496,True,0.018037695182768862,1,0,False,18.65738910500022
1422,4,5,3.6956677907332227,4.24174682400702,1327.2963011552754,0.1437887689700063,0.05512380751982543,12.839038589805623,0.09588520009299116,0.4,0.2,True,exact,13,3.6957110414979324,1353.1655688780277,0.0032019166308864255,12.918044941832031,163.80139054040697,True,0.026260831434269927,1,0,False,19.109129080999992
1423,4,5,3.165611751094419,4.015118681339238,1326.3847432396476,0.06436915117552404,0.05217865151846062,11.580011407230627,0.09151197365965572,0.4,0.2,True,exact,16,3.165551609399231,1354.8757253429683,0.0029457909477198507,13.21400031848741,167.34423730885388,True,0.025143344912819787,1,1,False,19.096910039999784
1424,4,5,3.6778733922429563,3.6514543148457514,1325.7847743126065,0.569464488271144,0.04745263523975473,12.797792692477234,0.08056334390841587,0.4,0.2,True,exact,15,3.6779504682149757,1355.2078672082619,0.0022224837990023616,13.492540299322012,121.4556514723149,True,0.023346331579886873,1,0,False,19.486755784000707
1425,4,5,4.788783936738571,3.8017920619556795,1325.9014341387604,0.6711252143064333,0.04940635604830202,15.259982986322147,0.08070181520179641,0.4,0.2,True,exact,12,4.788753504924325,1354.633971992088,0.0023135347478421275,13.312513021579974,107.78368845390062,True,0.03846593459328852,1,0,False,18.845622628000456
1426,4,5,4.519400240412571,3.8409928295551454,1326.3921298100342,0.157427924068867,0.04991579134876652,14.682198472279884,0.10179910291891103,0.4,0.2,True,exact,12,4.5194968234799715,1353.5083407575885,0.0026189790595547713,13.446398600844844,138.44827613384146,True,0.035410310581815686,1,0,False,18.93230558199957
1427,4,5,4.640057105010025,3.7189235183446216,1326.7644520208041,0.35118613974996765,0.0483294342429716,14.942368340567246,0.09773291895195721,0.4,0.2,True,exact,11,4.64015442492548,1354.6046170954282,0.0024734418816375614,12.976256137793193,123.51158293128172,True,0.026882609184595247,1,1,False,19.16324543399969
1428,4,5,3.8968615104987703,4.340356395857078,1328.388926138797,0.41019802448782444,0.05640529255035821,13.300884905489973,0.09091223400464608,0.4,0.2,True,exact,6,3.8968780566459755,1355.666316109064,0.003239155707820518,12.511103939015507,113.60272134301965,True,0.031884443432207824,1,0,False,19.411588826999832
1429,4,5,3.169227357843772,3.4845211582347186,1327.7165570814402,0.5268179994152111,0.04528324805671426,11.588827144316127,0.07875071660000581,0.4,0.2,True,exact,17,3.169150958944461,1353.0710648840977,0.002072666996478234,13.244824440826592,115.39205635873576,True,0.032147503382516256,1,1,False,19.412548205999883
1430,4,5,4.181297378365893,3.7642530887892316,1329.0095474932166,0.09854572122037053,0.048918516670523125,13.94048633431364,0.0997970533792562,0.4,0.2,True,exact,13,4.18134090126544,1354.0969182451347,0.002555306608343244,12.808129633105816,135.0353170477329,True,0.02290196870168849,1,0,False,19.82350045699968
1431,4,5,3.349452193588204,3.586035697938149,1327.7634985291213,0.6064660322205537,0.04660248472482577,12.024113764571824,0.07579296647957005,0.4,0.2,True,exact,15,3.349300824782964,1354.5591388108057,0.0021262403945719877,14.036598867698347,104.20759427790544,True,0.026798484897026728,1,0,False,19.968195811999976
1432,4,5,3.8672640813016974,3.78237175956687,1325.892856767614,0.7672101285797568,0.049153978653970344,13.233450805181485,0.06671251478712917,0.4,0.2,True,exact,14,3.8671008583143776,1352.9641257207427,0.002155369388284978,14.05626812310251,101.12548833395675,True,0.03920191520040658,1,0,False,20.036743132000083
1433,4,5,3.6193385706708767,3.3870073985164235,1325.3892303534676,0.22778578473023556,0.044016003700963695,12.661641951631456,0.09282086466744958,0.4,0.2,True,exact,16,3.619317984794305,1354.3436901533964,0.002112815832428505,12.798405416573328,120.44576538917846,True,0.02519967879066519,1,0,False,19.342490802999237
1434,4,5,3.5431600920707575,3.4533572868743128,1328.1321517086458,0.19974199365630574,0.04487825659500774,12.483347822400969,0.09277632190585992,0.4,0.2,True,exact,15,3.5431470467474315,1352.9346651856074,0.0022131628891191024,13.213370781277696,117.30604810448901,True,0.029648996228324412,1,0,False,19.157185867999942
1435,4,5,4.066411613763867,3.9491912495854145,1327.977587361852,0.5746776811987042,0.05132188867780595,13.683948960023889,0.08340484667212222,0.4,0.2,True,exact,14,4.066380719571389,1352.3762977799704,0.0026339045909946623,13.616053139787448,124.54222283097249,True,0.025518999327742094,1,1,False,20.352694404999966
1436,4,5,3.7180662476011914,4.164543352994761,1326.4821711809036,0.7154426835324696,0.05412050641475807,12.890862321900595,0.07122686042405903,0.4,0.2,True,exact,14,3.7180553758480483,1352.5086979684784,0.002703313589376921,14.466130840883094,126.26234077527086,True,0.022308919312651217,1,0,False,20.12057469499996
1437,4,5,3.511127217104809,4.2762086394495675,1327.716944225836,0.050931616897771995,0.05557165755898552,12.407994658087963,0.09508332786871032,0.4,0.2,True,exact,16,3.5112552958226426,1355.8055558291233,0.003296578856157084,12.847200678737583,188.57856448148692,True,0.017940836591726666,1,0,False,19.866298705999725
1438,4,5,4.334262823414048,3.609955733810907,1325.7207934886856,0.12527820693065458,0.04691333860366987,14.278438527092874,0.10052278388549218,0.4,0.2,True,exact,12,4.334424664544489,1356.06045746852,0.002321832264121748,12.514458313249914,123.57906895128812,True,0.02414614185388092,1,0,False,18.512767710000844
1439,4,5,4.170595329565828,3.329008711180307,1325.7903922447222,0.03429326315855909,0.04326227920731312,13.916689018652269,0.0995587635923722,0.4,0.2,True,exact,13,4.170714887157662,1354.984476005979,0.0019832042680597572,12.798878664521169,112.52585394844736,True,0.03013508677667293,1,0,False,19.70584857799986
1440,5,5,5.464256659694369,3.779505326867689,1328.3548046317335,0.10998174973830073,0.04911672780168375,16.663182381097148,0.10897856779569472,0.4,0.2,True,exact,8,5.464455322347224,1355.676071324278,0.0026263910099287857,13.144054799763625,109.49817688263353,True,0.024572601516281312,1,0,False,19.19050077999964
1441,5,5,5.419661959098638,3.479658136242142,1326.2854794914713,0.14371126825936237,0.04522005044040056,16.572397960879414,0.10784489065419338,0.4,0.2,True,exact,10,5.41961952345805,1353.3834027464989,0.002158230941714079,13.030397891889486,100.54223578303007,True,0.03638711998195468,1,0,False,19.257349088999945
1442,5,5,6.783538523229974,4.157640854155159,1330.3055926158588,0.37386609599226,0.05403080468732668,19.2475187504783,0.11062648116926922,0.4,0.2,True,exact,8,6.783964603851056,1357.4396531279463,0.0030623570280263746,12.035999819631288,130.20969112079024,True,0.029510732305310917,1,0,False,19.128595776999646
1443,5,5,5.563430972642918,3.736296785211535,1327.963060554284,0.16938453208108595,0.04855520929709367,16.86419791089084,0.1087355292731969,0.4,0.2,True,exact,9,5.563758000148217,1355.7798763799497,0.0025087314270884065,12.33017639574052,110.77828013644572,True,0.04370498976791102,1,0,False,18.96306068800004
1444,5,5,6.569165315625246,3.963446626264369,1326.599404652109,0.52073407496322,0.05150714505278003,18.839845996566297,0.10146900770243354,0.4,0.2,True,exact,9,6.569475042249242,1352.876421444039,0.002815938159328013,12.862017423968341,120.8319417705997,True,0.030197215118830917,1,0,False,19.214435421000417
1445,5,5,7.122753820279568,3.249320185879812,1332.0021134392782,0.7477709914258098,0.042226683469882106,19.883943044906047,0.0828582509767799,0.4,0.2,True,exact,4,7.1229907275100945,1353.3688606450723,0.0016395084886090538,14.17071681527772,43.97154957657962,True,0.08193872848194156,1,0,False,19.89778425500026
1446,5,5,5.854325012226215,3.6211904438767126,1329.86747743215,0.3442078908937825,0.04705933977274094,17.44704068526273,0.10569626844485033,0.4,0.2,True,exact,8,5.854518447250071,1353.2851497515423,0.00237872700007824,12.86292643221531,100.01915755959935,True,0.026153512384256446,1,0,False,19.540515671999856
1447,5,5,5.347669410368691,3.8633980583375798,1325.5482394810201,0.866039299905795,0.05020695948540553,16.425310521311015,0.061664177296114606,0.4,0.2,True,exact,9,5.347800583864703,1352.2864174235322,0.002080632179869424,14.970549002353962,77.92771719425468,True,0.04902679146714275,1,0,False,20.51679809699999
1448,5,5,6.688392767681287,3.9748846728588516,1329.7217978170454,0.675614289448411,0.05165578869065783,19.067118543622016,0.09007146236842159,0.4,0.2,True,exact,8,6.688362953860187,1356.4752152779827,0.0025275445271671915,13.387741513272761,98.35022059066186,True,0.04491442592357776,1,0,False,19.420574057000522
1449,5,5,5.560922723980724,3.8244619664857575,1327.3865447646233,0.11597235894595383,0.049700963790267234,16.85912876307828,0.1096095709940422,0.4,0.2,True,exact,10,5.561078410769765,1355.1909575997242,0.0025784555262930997,12.24877895242446,123.06798295321194,True,0.02940806826657035,1,0,False,19.362952271000722
1450,5,5,5.412364964143441,3.4741863740353267,1329.7853213587505,0.08232744928551407,0.04514894191384362,16.557519313743587,0.10848281677256444,0.4,0.2,True,exact,9,5.412260732192271,1356.8471296235034,0.0022587244348566404,12.010455434839026,110.96583052066075,True,0.03841232329330446,1,0,False,19.46661592700002
1451,5,5,6.3576000558965315,3.7918563974501245,1331.387163528827,0.5154939598078906,0.049277236682976865,18.433141495906252,0.10041532542793537,0.4,0.2,True,exact,8,6.357289484394382,1356.8175880667861,0.002433921525630489,12.771546919562974,103.06185812980986,True,0.038045151105428734,1,0,False,19.6056224619997
1452,5,5,6.812432308533927,3.302145427331998,1326.0077554633708,0.17904165858367777,0.04291317621987792,19.302135242937265,0.11548434736796881,0.4,0.2,True,exact,8,6.8124310251395235,1353.2574250631,0.002001694076577909,13.293900184541746,82.30281423557976,True,0.04968172771604528,1,0,False,18.194347639000625
1453,5,5,6.070615508880884,3.2783251586765076,1326.493562718977,0.7876926477597992,0.042603618870296324,17.87416265315038,0.07393331825472996,0.4,0.2,True,exact,9,6.070508600920208,1356.846572092143,0.0016605708295063248,14.134999511487674,64.30535343198925,True,0.05208223200046676,1,1,False,20.16953899300006
1454,5,5,5.535495715306288,4.070921605227542,1330.7987884447305,0.18508747699208675,0.05290384087159521,16.80769790240656,0.108735950193661,0.4,0.2,True,exact,11,5.535173783656309,1352.941452193825,0.002978670529880101,12.096971321705864,150.893878739166,True,0.024260220544493415,1,0,False,18.757796228999723
1456,5,5,7.360927273010859,4.32504572191581,1329.6597039619778,0.3918757316127465,0.05620632201337082,20.324766839272502,0.11313456213022094,0.4,0.2,True,exact,8,7.360732891811695,1351.7427642213106,0.003346201680548333,12.301325787522117,149.53570286070973,True,0.03402337669911043,1,1,False,18.81283872899985
1455,5,5,6.010491283398631,3.9227529200095637,1328.3254215203276,0.39174553144841895,0.05097830820231964,17.755948172762295,0.10516026254104961,0.4,0.2,True,exact,9,6.010520319679275,1352.3678811995926,0.002728659379770515,12.446763674800428,126.33897784022228,True,0.030506735196054006,1,0,False,19.829057986999942
1457,5,5,7.3923043724009725,4.304622402005339,1326.2826829705157,0.8717092122330296,0.05594090986069616,20.382484206448186,0.06886977791708176,0.4,0.2,True,exact,8,7.392167341294629,1355.8517609527205,0.0023401922079051563,15.515947508816678,78.32714232702705,True,0.052146262816937905,1,0,False,19.444873823999842
1458,5,5,6.1211925053457925,3.339370356686447,1326.7546874192653,0.7756764002449643,0.04339693442747771,17.973303702353153,0.07574228543317002,0.4,0.2,True,exact,7,6.121182758601502,1351.238525746948,0.0017406493193250494,14.617406496023715,61.85229817420276,True,0.06556890412885932,1,0,False,19.852774760999637
1459,5,5,7.473259450587274,4.245714964942544,1327.539660900688,0.19612136770197894,0.05517537566998078,20.53102322468028,0.12018342402231835,0.4,0.2,True,exact,8,7.472957221536545,1357.433123598688,0.0032763550277766784,12.01151104642303,142.45727308940099,True,0.022627680838655944,1,0,False,19.58309522699983
1460,5,5,5.821782116586004,3.2463510022170023,1326.6987855808009,0.43181919228984783,0.042188097312925874,17.382324479550945,0.10120318746408326,0.4,0.2,True,exact,9,5.82177910995607,1355.8081980748223,0.0018278105446709603,12.240265903303213,83.73773658022841,True,0.03611965928728742,1,0,False,19.861281628999677
1461,5,5,5.320146984358773,3.5270349504686433,1325.8495315687126,0.5169939600250066,0.04583573791461363,16.368905507492233,0.0941484753475909,0.4,0.2,True,exact,9,5.320523019390645,1352.4508759553287,0.002120146606833462,12.328647989038702,91.3925122857842,True,0.030552430118219072,1,1,False,19.623534917000143
1462,5,5,7.020881891862509,3.7436305020980574,1326.0864407342904,0.08429117360773045,0.04865051493763062,19.69389716034179,0.11867013750640455,0.4,0.2,True,exact,7,7.0211369299121955,1354.1701132655242,0.002650367475368176,13.26095741329929,92.59104979297638,True,0.03784210266811384,1,0,False,19.991203098999904
1463,5,5,7.762276120371052,4.061368496257217,1328.96878304517,0.3147732511737878,0.05277969302356344,21.057005596609436,0.11793920990816939,0.4,0.2,True,exact,6,7.76206754545963,1352.2561431822542,0.0029172905564548435,11.797964450507031,108.64600764925837,True,0.029737454694386038,1,0,False,19.895185317999676
1464,5,5,6.762948359979121,4.123413715199557,1331.1826953870354,0.8387462458564758,0.053586004396780205,19.20855085684448,0.07153885409372995,0.4,0.2,True,exact,8,6.763131439974991,1351.4715744491336,0.002440604934720647,13.67504018328987,88.51383770941001,True,0.05062360859801101,1,0,False,20.07977552200009
1465,5,5,5.764363758190779,4.27787499656696,1326.4728380473427,0.4033306463610267,0.05559331277623671,17.267844944151964,0.10373871219672462,0.4,0.2,True,exact,9,5.764391156337567,1355.2945004942299,0.003214955848786838,12.461662957154717,145.50302752499306,True,0.023012854352124128,1,0,False,18.66169503999936
1466,5,5,6.781955229118592,3.7785544264751927,1330.6779941430823,0.6281007813442671,0.049104370333786375,19.24452368936238,0.09434166904787145,0.4,0.2,True,exact,8,6.782037568281969,1351.0234751257212,0.002444790538211672,12.747279550243322,98.1990960833286,True,0.04003965450027311,1,0,False,20.72368855500008
1467,5,5,5.085822367361286,3.803808751346647,1326.081321455229,0.14855950515350885,0.049432564024031685,15.884663258899373,0.10595493191075413,0.4,0.2,True,exact,11,5.085911037167684,1356.5960838522149,0.002661642182224422,11.677468810916919,140.57750154243314,True,0.030575743201434795,1,0,False,19.372078596000392
1468,5,5,5.532649744669294,3.41339098576336,1329.231370113165,0.37317891596443803,0.044358872770105535,16.8019365015678,0.10232041412171025,0.4,0.2,True,exact,8,5.532918003865861,1356.894621711038,0.0020725048004133217,12.14667145476037,93.98526739394038,True,0.04071808892491166,1,0,False,19.321707461000187
1469,5,5,6.320292977162866,4.010245066830796,1328.422953569176,0.12202661026995713,0.05211531624664085,18.360959017716468,0.11456680737773592,0.4,0.2,True,exact,7,6.320567386157148,1353.703772590504,0.002830406516410644,13.14887795521365,119.28986494575972,True,0.030692949267049636,1,0,False,19.77608409000004
1470,5,5,5.552140825560454,3.6827558624607577,1328.7669428864656,0.6975760614545575,0.0478594158792867,16.841374616930036,0.08215310857893082,0.4,0.2,True,exact,9,5.552018603558582,1356.527950230335,0.002150706167434069,13.261462926995424,90.37489917958413,True,0.045547911797406006,1,0,False,19.748155776000203
1471,5,5,5.1433044190763395,3.5353854647885665,1329.2542766938204,0.39493211182643356,0.04594425739094299,16.004128908846454,0.09916675370733459,0.4,0.2,True,exact,10,5.14308351563571,1354.9706445823872,0.0022314403741540145,12.32747100560086,103.44818665714104,True,0.032054243939012704,1,0,False,19.135711036999965
1472,6,5,8.761133369802632,3.712102817204952,1331.4309465305685,0.31879508356554426,0.04824079552114939,22.826749977736064,0.1220488762341012,0.4,0.2,True,exact,6,8.761120428470562,1357.7144997479538,0.0025185756068614173,12.522447066484519,86.94381253224408,True,0.036193803012201826,1,0,False,19.574192108000716
1473,6,5,11.431751278221812,4.213785445366765,1336.1795330075408,0.040823365266781576,0.05476043419319715,27.257063474583372,0.1407410875552417,0.4,0.2,True,exact,4,11.431938626701246,1359.0440782159444,0.0031974010125404018,11.693123594267306,113.71114659815211,True,0.03929528622552314,1,1,False,18.906468326999857
1474,6,5,10.133922085646608,3.2354814217512637,1326.0111203489557,0.07979989229628107,0.04204684120164089,25.152950040437354,0.13328293934331523,0.4,0.2,True,exact,6,10.13369092296879,1356.4128362314482,0.0019119706253187818,11.935524833340452,83.82414170143952,True,0.05019335419919881,1,0,False,19.9624664439998
1475,6,5,10.740181724504458,3.8157388778268198,1335.3473687347966,0.058844525892028036,0.04958760250771916,26.1463843351774,0.1370574459082534,0.4,0.2,True,exact,4,10.7403133772744,1356.828015217091,0.002593149267463346,11.795354718796286,90.96478864971846,True,0.04159672947766879,1,0,False,19.68964771999981
1476,6,5,9.389695175603945,3.341475039086927,1329.8296320708992,0.852063392328763,0.04342428592023485,23.905888159708788,0.07535392187308396,0.4,0.2,True,exact,4,9.389734052450175,1357.9991687448926,0.0015191505550131712,15.885129884778422,34.68509507464807,True,0.12601269671425602,1,0,False,19.893050324000797
1477,6,5,8.018075870840473,3.5178647829404053,1326.0771923208765,0.5583781251334486,0.04571656659894476,21.51711273238332,0.10493860446910427,0.4,0.2,True,exact,7,8.01836630935094,1358.148483908279,0.0021297151630819133,12.252835633255302,86.03303105116738,True,0.03254494001052306,1,0,False,19.446412438999687
1478,6,5,9.34332785704582,3.8767853793138283,1326.2277569570665,0.04738790830280736,0.05038093500429417,23.82712335818051,0.13101645579023358,0.4,0.2,True,exact,6,9.34350946522169,1354.257604358207,0.0027241208715284015,11.943402077040359,116.77698493890995,True,0.033690046959691716,1,0,False,19.51260220400036
1479,6,5,8.645402562115333,3.690445249876877,1328.5540676018172,0.8771926756866655,0.04795934365184317,22.625283752376184,0.0697989028548784,0.4,0.2,True,exact,7,8.645555000993006,1354.490264403021,0.0017994694135944345,14.568856994519786,62.137069091733245,True,0.05845496600224721,1,0,False,19.900186799999574
1480,6,5,8.270976811277555,4.281574040360656,1333.2583645545787,0.3223307614418694,0.05564138386264316,21.96721950813961,0.12052982458820302,0.4,0.2,True,exact,6,8.270859337173995,1358.071841474064,0.0032633629253302487,11.849831856015678,125.98024236291474,True,0.02985214746435268,1,0,False,19.567615282000588
1481,6,5,8.188071432831958,3.3384091890739316,1332.1447524634157,0.8675900693465385,0.04338444353147074,21.82017869015379,0.06929439582144804,0.4,0.2,True,exact,7,8.187812485659894,1356.7098102945217,0.0015452652617098384,14.550030301734141,52.70519497142713,True,0.06205764998880402,1,0,False,20.55848552400039
1482,6,5,8.248857351528962,3.2136161429706758,1327.2631710493888,0.3265429369518033,0.0417626900090127,21.928036722721778,0.1185089357600425,0.4,0.2,True,exact,6,8.24943305616697,1352.0086042977096,0.0018451869529753084,11.846657481671537,70.28242196320629,True,0.06486960603462551,1,0,False,20.77334904899999
1483,6,5,11.850526243693222,3.328223316498611,1325.6055711641368,0.8715237210815686,0.043252072576163925,27.9187291316864,0.07752010620066464,0.4,0.2,True,exact,5,11.849728884048098,1349.3067681056382,0.0015000300156753354,14.978019058707181,39.9920323995541,True,0.09847697416257499,1,0,False,20.87512583500029
1484,6,5,8.636084388216949,4.304163228573427,1326.308046673808,0.5033621461661472,0.05593494265215469,22.60902353258687,0.11292086292969442,0.4,0.2,True,exact,7,8.636055862922854,1352.217170634644,0.0031718331122877474,12.069938956195465,127.01048310597565,True,0.03409073666770316,1,0,False,19.879824364999877
1485,6,5,9.70487022003057,3.5314116077945013,1329.8649402385624,0.8158621640597622,0.04589261495749733,24.437890189517503,0.08277976547401343,0.4,0.2,True,exact,5,9.704803767006657,1358.9791435135621,0.0017433196523283234,16.226591251192506,46.260775307705075,True,0.0722461169160483,1,1,False,20.487839906999397
1486,6,5,12.489102269942645,3.400808468903754,1327.0755347458585,0.5735528878761144,0.0441953561185321,28.912881010379685,0.12001691159038155,0.4,0.2,True,exact,4,12.488362958825034,1352.053958130192,0.0019041354647050257,13.3808855330894,60.07131783218879,True,0.10867673193310359,1,0,False,19.927008749999914
1487,6,5,11.586504930226415,3.999109083797524,1331.5223375883636,0.1352095395449489,0.05197059808906579,27.502500934642075,0.13993496261419902,0.4,0.2,True,exact,5,11.58664064302369,1354.6937947485894,0.0028664803732920685,11.867504987204187,110.25438097787764,True,0.03441613601121095,1,0,False,19.14860620899981
1488,6,5,9.86010712805225,3.6162689785065156,1331.1152060529819,0.1939133040860932,0.046995382652941425,24.697802302500126,0.13079100091000617,0.4,0.2,True,exact,6,9.860507341165508,1350.8352781448732,0.002360918254033284,12.14552748539656,101.00105773706402,True,0.031459683317875034,1,0,False,19.226624942000853
1489,6,5,10.261365462052202,3.453124905002613,1327.4341515133779,0.5976550348501113,0.04487523666616754,25.363391452794698,0.11042532659895168,0.4,0.2,True,exact,5,10.26123953124822,1358.2179820562867,0.0018819572361299386,13.077473500391584,57.62909571948738,True,0.0689858009510284,1,0,False,19.70942652999929
1490,6,5,9.981384400639001,4.016786991125822,1329.4618403048232,0.4729021649741376,0.05220033211171023,24.89990796360286,0.11998455175384615,0.4,0.2,True,exact,5,9.98106681480672,1349.4245220921555,0.0028304395685350148,12.882536224090448,97.68302694588492,True,0.039921710301615135,1,0,False,19.318000469999788
1491,6,5,9.386754313305621,3.3006612497902665,1331.9066698924744,0.4800200983818329,0.04289388852531949,23.900896333082542,0.11579529558049098,0.4,0.2,True,exact,6,9.38681224417582,1350.6782785758937,0.0018519366519027525,12.481759051690627,71.46049190814433,True,0.055958041757512476,1,0,False,19.607826082999964
1492,6,5,10.404391060837757,3.446150546121518,1333.1716602401732,0.3290615720986014,0.04478460107840455,25.59852838075225,0.12833287456302364,0.4,0.2,True,exact,4,10.404724029214561,1353.9805865209712,0.0021203975168113676,13.998252978239076,71.71906860565753,True,0.0478091252032451,1,0,False,19.7523546780003
1493,6,5,8.969895726879775,3.427771665247253,1331.718712017167,0.48607213805574473,0.04454575752319544,23.18793907389462,0.11389921408995493,0.4,0.2,True,exact,5,8.96983954625458,1358.6294071013058,0.002042557089304453,13.076990798765031,71.98379347582112,True,0.04202879648005642,1,0,False,19.587037940999835
1494,6,5,10.305795178386333,3.2279575033864814,1331.1951684849305,0.44779026833036883,0.04194906378942294,25.436551089066857,0.12137974590261176,0.4,0.2,True,exact,5,10.305740494431282,1351.8073069514044,0.0017456005369932415,12.394496476208252,63.95601716818522,True,0.09890355419614447,1,0,False,20.165542315000494
1495,6,5,9.490931510471215,3.924504166502777,1325.8597782140662,0.2859743212368826,0.05100106660319008,24.07741068572339,0.12694267452005395,0.4,0.2,True,exact,6,9.490743674004781,1354.3333694845562,0.002695002464070617,12.07961872188065,112.59407494034912,True,0.03603198815085793,1,0,False,19.502837430999534
1496,6,5,9.897254073330616,3.6831621304601594,1331.903119076256,0.5956312391484457,0.04786469555295174,24.759794381353565,0.10974810252377026,0.4,0.2,True,exact,6,9.897988242796634,1351.6964899481352,0.0022341443477259526,12.800741025575515,85.15603880907742,True,0.04105238953718186,1,0,False,19.54935061100059
1497,6,5,8.077627680035494,3.2660531098279093,1331.4880732060524,0.5519631699192673,0.04244413691942284,21.623522470058333,0.10521580514689248,0.4,0.2,True,exact,6,8.07741449548857,1355.7214548656743,0.0017216860701060321,13.472555232890926,59.816201161923324,True,0.06941556388149552,1,0,False,20.473844715999803
1498,6,5,10.560173997565103,4.312171031185087,1331.1210101086574,0.1603696324645375,0.056039008403397456,25.8534161547502,0.13575107902696062,0.4,0.2,True,exact,5,10.559756777842557,1352.2419020182272,0.003453034536343269,12.057021371797354,132.99453313982903,True,0.030871555266927996,1,0,False,19.885182550000536
1499,6,5,9.410823009937642,4.3127026860008915,1330.5453506441686,0.6104326494090061,0.05604591754695302,23.941735288599048,0.10787880286332086,0.4,0.2,True,exact,5,9.411188453894553,1358.7784538242258,0.003125707906195374,13.61981025645132,106.53058816874943,True,0.0528356578577955,1,0,False,20.66170867600067
1500,6,5,8.430559364261372,3.29630867827742,1327.5551849908686,0.6561666998139266,0.04283732449067873,22.2488797189219,0.0978253274069523,0.4,0.2,True,exact,7,8.430319956297758,1352.846903018935,0.0017468454694409274,12.385684172803936,66.882072093628,True,0.08538881052597444,1,0,False,20.017555877000632
1501,6,5,10.876155898143939,3.5319855937061253,1335.6966351853196,0.8457013182240164,0.045900074216671485,26.36660240740362,0.08084997160225622,0.4,0.2,True,exact,4,10.875497293398306,1357.4493205493386,0.001807663690657213,14.580590564107197,50.77538094861686,True,0.08435291031965642,1,0,False,20.534756224000375
1502,6,5,12.000636771178852,3.2180654558394526,1329.4783829171358,0.04230659272561756,0.04182051125020179,28.153998398393515,0.14126948192702315,0.4,0.2,True,exact,4,12.000299224031611,1353.4776744106052,0.0018857449504939838,13.783823059628887,64.16842828460909,True,0.06013730861816326,1,0,False,21.34783106299983
1503,6,5,12.084922855774213,3.786715949728077,1329.721069215721,0.15283313981355878,0.04921043376838702,28.285670364437646,0.14120072689305846,0.4,0.2,True,exact,4,12.084714875858067,1353.890255714258,0.002618051599165172,12.871395789473999,89.91567465882294,True,0.06245900657310758,1,0,False,20.72578662900014
1504,7,5,13.638888780324782,3.8150953614919034,1329.2261460990196,0.5010920657721937,0.04957923966286924,30.66125164535157,0.1306188567477708,0.4,0.2,True,exact,4,13.639581136180924,1356.503035109904,0.002545327410388376,11.868270888273463,85.52194510591947,True,0.04980747788803826,1,0,False,20.414462823000576
1507,7,5,14.20492617008584,3.8441775942266965,1338.9297309009914,0.5395327165839773,0.04995717909820902,31.50381932760756,0.1293133695349327,0.4,0.2,False,none,2,28.02941556148381,1353.091763462542,0.0015419501598564755,4.4528262152782325,20.14849559855701,False,0.3538767997168599,0,0,False,11.018984895000358
1505,7,5,13.780290467240983,3.773967561672757,1333.140140162318,0.22875256628940027,0.04904476153039012,30.872808250713508,0.1454920285903121,0.4,0.2,True,exact,4,13.780180278269752,1360.7018115190815,0.0025410448963802956,11.463716264213227,85.64291824949474,True,0.04833365627178712,1,0,False,20.64776707799956
1506,7,5,15.747922348198557,3.8513660709390374,1326.2452140776975,0.6844361909021482,0.05005059726367074,33.745774288124196,0.11832617351120191,0.4,0.2,True,exact,4,15.74825314896724,1357.7406135104766,0.0023290526489034846,12.943651846161313,74.68508172545407,True,0.08098729133131907,1,0,False,20.253309977000754
1508,7,5,16.156316564737324,3.6429723982043383,1339.8058648540616,0.37723691214795063,0.047342408118773764,34.32670546655662,0.1464064322143562,0.4,0.2,True,exact,3,16.158457816897975,1355.95965877944,0.0023034467402058834,12.237184205228207,54.846393750057025,True,0.07326870054205842,1,0,False,20.62885884299976
1512,7,5,14.453389021029126,3.91918046100411,1339.5094316578954,0.03462696781135538,0.05093188215409947,31.870118798314103,0.15165395667343512,0.4,0.2,False,none,0,2.4908164659381193,1354.1892341711946,9.337580739998685e-05,4.173734611002511,6.688555920929382,False,0.33039999886845134,0,0,False,8.79975738200028
1510,7,5,19.913337301626477,3.887251160144037,1336.7216040269539,0.5698447249913751,0.050516943519645426,39.4608637925085,0.14178803614789773,0.4,0.2,True,exact,3,19.910954733974908,1356.6363119465168,0.002520844337287498,11.677689896079329,69.6084580513421,True,0.0520751102976894,1,0,False,18.636874411999997
1509,7,5,19.97974197192062,3.3196424441775036,1328.1431770900151,0.5584769380355958,0.0431405594722927,39.54854142634549,0.1417060485213914,0.4,0.2,True,exact,2,19.984047204999516,1348.1268731675416,0.001909840710895283,11.827121138229511,30.053464212187514,True,0.0993915851772959,1,0,False,19.80689887800054
1511,7,5,12.875580840401135,4.310941402965349,1329.3292109784777,0.6068353689132524,0.05602302871575505,29.506324041378292,0.12008738939151616,0.4,0.2,True,exact,4,12.875882424994728,1355.0797783125315,0.0030481040719005925,12.523997102947261,94.86913799956001,True,0.03767434770150618,1,0,False,17.378951261999646
1513,7,5,19.55524994484213,3.8845631488164063,1342.7989371274114,0.5953187603065792,0.05048201135014469,38.98637014539071,0.13821629589173925,0.4,0.2,True,exact,2,19.553308453951168,1362.3537594164932,0.00255808545789582,12.999357521407006,58.17830272116289,True,0.07321138064606439,1,0,False,17.37185840100028
1514,7,5,13.499222475949692,3.5749041355121562,1326.7836316822847,0.16784446322146185,0.04645782401544715,30.451572495052876,0.1457811528822581,0.4,0.2,True,exact,3,13.499216127229053,1353.7820707170001,0.0024039429355403596,14.125474866732928,73.87445018451895,True,0.06083122591178162,1,0,False,17.464467951000188
1515,7,5,17.738282934976095,3.7340066704123593,1328.134242557572,0.4104053800978742,0.04852544800943888,36.53240577530043,0.14915228151225365,0.4,0.2,True,exact,4,17.73853854123406,1345.873302003776,0.0024613897825889186,11.833977289775898,83.50911319073354,True,0.044873010792727326,1,0,False,17.80626695399951
1516,7,5,15.648485214250314,3.3029825293729056,1333.7188390070123,0.30039686887288136,0.042924054816289255,33.603570370197296,0.14806908535180754,0.4,0.2,True,exact,4,15.647983360994965,1349.3663093235368,0.0019537836835940015,12.093633027763085,65.83314030379489,True,0.07701846910252348,1,0,False,19.77970877699954
1517,7,5,13.289385230441276,3.4291676887541263,1332.1525892312297,0.6105024269448687,0.04456389960811444,30.135181731266762,0.11901753857405259,0.4,0.2,True,exact,4,13.288614996123881,1358.7304778297898,0.0019497826984106181,12.675970742414306,60.46812082694788,True,0.06880582642772512,1,0,False,23.669991956999183
1518,7,5,19.778010203835247,3.3114720526765073,1325.9328931566747,0.6839309401088702,0.043034380789983444,39.28188187575187,0.12623708839025877,0.4,0.2,True,exact,3,19.77612110844889,1345.7107595709908,0.0016145828683911123,11.319116265658263,41.972466487151614,True,0.12565643223498954,1,0,False,24.10404619900055
1519,7,5,17.23982569420558,3.473950633691716,1328.2984228908908,0.8853117220774779,0.04514587833983389,35.84477026570665,0.08506913657388143,0.4,0.2,True,exact,4,17.23835988792415,1362.7781707383904,0.0015233066463564704,14.631303068796658,40.78723635177332,True,0.12472974835648623,1,0,False,23.98437793099947
1520,7,5,15.539196284224337,3.497050816165628,1330.5427900812708,0.6483657344384738,0.04544607777775364,33.44692959173995,0.12131635523311905,0.4,0.2,True,exact,4,15.54028918384908,1361.6213262052402,0.0020741098483223475,13.156870165469014,63.55703451578718,True,0.06098547301467274,1,0,False,24.079797012999734
1521,7,5,13.452343441288217,3.403344288962349,1325.3872088914452,0.45837451055545175,0.04422831047969853,30.38103174875242,0.13227591972638536,0.4,0.2,True,exact,4,13.452683071338829,1352.2915046052196,0.002019520953095877,12.017813928613638,65.750843949333,True,0.06934046305248553,1,0,False,23.37752292299956
1522,7,5,12.86698998359947,3.305583428225004,1334.232715727728,0.2325836606107864,0.04295785491178061,29.493197757111492,0.14121957152360495,0.4,0.2,True,exact,4,12.866154285896675,1359.9665720343353,0.0020023182668014172,11.68982071218093,69.50162923606534,True,0.05060297170836816,1,0,False,23.792788595000275
1523,7,5,16.219942534687814,4.003976880046436,1336.8840999602744,0.03374361637435199,0.05203385774943781,34.41676885417957,0.15776234113546467,0.4,0.2,True,exact,3,16.219505937447327,1353.1041443999893,0.0028594793876992597,12.536558349553271,75.7207394423007,True,0.055501664972539416,1,0,False,23.508847371999764
1524,7,5,16.900576258843675,3.2347509997207196,1337.653647270388,0.20942519421350766,0.04203734896999895,35.372973027926705,0.15526668737719135,0.4,0.2,True,exact,3,16.899235338117705,1354.5541238006597,0.0018768623575460275,11.358448002405439,58.81995578292994,True,0.0712587353230798,1,0,False,23.78261381199991
1528,7,5,14.413676466544445,3.2614278429567793,1338.70114250234,0.10268382194660701,0.0423840290602529,31.811713851536716,0.1496329911353532,0.4,0.2,False,none,1,0.5005066917445975,1354.1797790065673,4.052017992672852e-05,4.49079158280417,7.551981634138748,False,0.5677238047568215,0,0,False,12.778747917000146
1525,7,5,15.998503521635053,3.5287465369163176,1336.2965334485382,0.5046854927409367,0.04585798091161693,34.102807094910276,0.13681981558620318,0.4,0.2,True,exact,2,16.00285526966589,1352.2968687322077,0.0021500675770229627,11.614008463038989,51.168556953637946,True,0.0736893994589866,1,0,False,24.885135564999473
1526,7,5,19.82008901083288,3.927422967034073,1336.4663494729707,0.5791012171156809,0.051038998003943487,39.33757838395021,0.1406973847297967,0.4,0.2,True,exact,3,19.82084636932666,1356.2882035818689,0.0025718986534303268,12.43512714498771,69.12048721733433,True,0.06475005986218804,1,0,False,24.02656610899976
1527,7,5,13.112608938022303,3.6082187395480276,1337.327387861573,0.42525680738335847,0.04689076541828594,29.867345589580832,0.133722341426663,0.4,0.2,True,exact,4,13.113909213198657,1350.4397351757407,0.0021798783278327294,13.101721729724531,66.77524660806219,True,0.046359495513275825,1,0,False,24.139298003000476
1529,7,5,14.306499048844902,3.7560797868542832,1330.6915859151643,0.1572078657477646,0.04881230016554137,31.653820442724506,0.1492120256711486,0.4,0.2,True,exact,4,14.306881407289525,1359.305526277121,0.002541368934565247,12.062209457995122,87.01649010527815,True,0.047744105027035764,1,0,False,25.344035520000034
1530,7,5,13.193982365359485,3.653314582018736,1337.345762454253,0.3638007612861772,0.04747681042366686,29.99078410331569,0.1375875863306896,0.4,0.2,True,exact,4,13.194225316901068,1350.5403637794432,0.0022321638967559565,12.07563640134119,77.61076482710638,True,0.05421769851697165,1,0,False,25.38397552400056
1531,7,5,16.14194569836485,4.099127383992545,1330.7300316873827,0.6101289495676973,0.05327039031080008,34.30634696236803,0.12862193273062156,0.4,0.2,True,exact,4,16.141796040192638,1346.8723095027347,0.002830800184250082,12.033265891456255,83.97182749178259,True,0.04755006733014453,1,0,False,25.41011795799932
1532,7,5,18.906295957184767,4.241873108407805,1339.8417662947893,0.8495072466998218,0.05512544865431329,38.11900204353415,0.09882773600350132,0.4,0.2,True,exact,3,18.9078900257806,1358.7476222383225,0.002447540129458692,13.263713452631162,57.31688985120567,True,0.06649478492646423,1,0,False,25.81942743000036
1533,7,5,12.812739250956541,3.496433020079491,1337.340433767674,0.5851740807992415,0.04543804918152861,29.41023849162535,0.12017696311259848,0.4,0.2,True,exact,4,12.812875694591785,1350.1529985321338,0.0020141225702340337,12.886019001370618,63.33151524483502,True,0.06129034375386639,1,0,False,24.402352834999874
1534,7,5,17.13255302108274,3.720412458898107,1339.1177540402978,0.7636669678767374,0.04834878383545889,35.69592254777469,0.10975976768569111,0.4,0.2,True,exact,2,17.13106835939913,1356.251269321941,0.0020777480367412116,12.196705412390664,45.38286547112848,True,0.07790679987433276,1,0,False,24.986465575000693
1536,0,6,0.7535705733492523,4.3698156701391255,1325.4797234296645,0.1660039056707207,0.05678813184571797,4.44788115880969,0.056853881759469295,0.4,0.2,True,exact,67,0.7535783148417092,1354.1150310931937,0.0034670088222108486,17.052578641923787,328.4829498141884,True,0.004792521766817385,1,0,False,23.617224973000702
1535,7,5,16.640370495008344,3.418603923477457,1337.7555068813338,0.20731649294602186,0.04442661773157715,35.00896046707302,0.1549003237935448,0.4,0.2,True,exact,3,16.63943320958559,1354.3966966721275,0.0020452085974312917,10.947799021001153,63.94308974455843,True,0.07465931153448062,1,0,False,25.14552967399959
1537,0,6,0.5264831299001876,5.231279802731759,1325.6383347838266,0.17539201298988571,0.06798332689166141,3.5020864349575014,0.051271605080852364,0.4,0.2,True,exact,98,0.5264809131623145,1354.068529648307,0.004943667756993841,17.97289663859627,567.5898304752732,True,0.005471533449461811,1,0,False,23.2642398830003
1538,0,6,0.7605561405262966,4.710605189317905,1325.5619053433993,0.039351888170908525,0.06121687703948199,4.475326643908172,0.05792017757822468,0.4,0.2,True,exact,68,0.7605543667512797,1354.4631288782573,0.00408062086824712,16.786249793824513,409.5332920754835,True,0.006081221904987912,1,0,False,22.421654009999656
1539,0,6,0.7724785606070449,5.027225408115058,1325.8089272974928,0.6696725150259323,0.06533152902650742,4.521975213460703,0.04581955268805092,0.4,0.2,True,exact,69,0.772464853713521,1354.3906583624423,0.003975157188907952,17.456125285584072,362.2555410736411,True,0.008566505378997887,1,0,False,22.508678051999595
1540,0,6,0.7452684572121999,5.834322080442249,1325.6015941382075,0.1204435797057279,0.07582018934999825,4.415152559395332,0.058039126605004945,0.4,0.2,True,exact,71,0.7452748927084508,1353.92157136463,0.006174264841297794,17.063675987961087,607.2587887922984,True,0.002562083602273584,1,0,False,22.430557005000082
1541,0,6,0.7501732635193575,5.866386945288934,1325.3156581595185,0.7295445712358198,0.07623688971220614,4.434502887671965,0.043433722704850256,0.4,0.2,True,exact,69,0.7501606494584176,1353.822087744871,0.005333769505874275,18.149393544316784,485.75531052361,True,0.005774004343856368,1,0,False,22.813830541000243
1542,0,6,0.6084979000665559,4.715224561617138,1325.4332796600218,0.6256590462503685,0.06127690829548345,3.8569434985343842,0.044004913550994534,0.4,0.2,True,exact,83,0.608505610245692,1354.0326599565894,0.003593009878124498,18.317724224723595,364.8520129592985,True,0.006005587599379271,1,0,False,22.568695478000336
1543,0,6,0.6756864311982715,4.678509254941979,1325.541209608001,0.27429944412407364,0.06079977291183956,4.135874507651366,0.053970806339398804,0.4,0.2,True,exact,75,0.6756933832737009,1353.9200261850374,0.003930383983847485,17.36774918402768,413.29424709570577,True,0.005581527428761424,1,0,False,22.776864168999964
1544,0,6,0.5958364492670697,4.36485439461207,1325.6522388864412,0.49170286530052176,0.056723657371273065,3.8032534293522975,0.0475352793476652,0.4,0.2,True,exact,87,0.5958390284169766,1354.2525055765568,0.0032568692394016052,18.063351101152826,346.89783311798834,True,0.005897880470990566,1,1,False,22.782027298000685
1545,0,6,0.6028892553601709,4.849529473946741,1325.8428121540544,0.7749169144888063,0.06302227369407892,3.83320680306835,0.03743565457287012,0.4,0.2,True,exact,89,0.6028869632795518,1354.1784142783476,0.0034857843755695672,19.144281281528283,334.0883887822432,True,0.009578086614332567,1,0,False,22.884932793999724
1546,0,6,0.57112544422803,4.714934347965421,1325.775061489593,0.7921547377291349,0.06127313681120101,3.6973584819843897,0.03578169999886234,0.4,0.2,True,exact,89,0.5711220404395378,1354.3313811095188,0.0033012669185233934,19.428841371504827,299.5234105906721,True,0.011229069678321317,1,0,False,23.065322612000273
1547,0,6,0.617553217314837,4.992536438363306,1325.4046336020112,0.058165962937275474,0.06488072699352558,3.89511376511134,0.05435678553270686,0.4,0.2,True,exact,85,0.6175618447844996,1354.4295920424136,0.004553460125410913,17.60382874838397,507.7846221598827,True,0.0044114193952316015,1,0,False,22.998139912000624
1548,0,6,0.5410505401856867,5.118031762911736,1325.6400067366635,0.7225544589162246,0.06651160700642336,3.566392278980446,0.0390163726406828,0.4,0.2,True,exact,95,0.5410507975519135,1354.3155546911266,0.004056257198880364,19.092877685013185,412.11569073230885,True,0.005327897598394337,1,0,False,23.186304113000006
1549,0,6,0.6187816829836547,5.328506910911818,1325.6683690926939,0.10001420788541482,0.06924684605473204,3.900277615367179,0.054469633651671186,0.4,0.2,True,exact,84,0.618791202445649,1352.8946701201505,0.005170331487336699,17.515549767222204,550.9702382432731,True,0.00212704147475423,1,0,False,22.289474120000705
1550,0,6,0.7479031285644775,5.600117718907747,1325.9910778241997,0.46877629365336143,0.07277657626294096,4.425552062865394,0.052628275415400695,0.4,0.2,True,exact,69,0.7479031387484948,1354.4116139849848,0.00542643066544668,17.41532464004241,529.3631226177175,True,0.0037688422814405953,1,1,False,22.208994383000572
1551,0,6,0.7413737700331726,5.506388102704703,1325.7082186818727,0.6556185348287793,0.07155850891077332,4.3997570779745026,0.046270555842235966,0.4,0.2,True,exact,69,0.7413727244911587,1353.8804504307059,0.004782543651186466,17.775226486909954,450.97127657309005,True,0.005424421966201913,1,0,False,23.09172018800018
1552,0,6,0.5974585315407507,5.72811230621793,1325.8446916836801,0.27141194676343156,0.07443993555504527,3.810152855340088,0.05269328401807223,0.4,0.2,True,exact,83,0.5974530175687849,1353.9252974757749,0.005889371365240814,17.537640655240246,664.7419139933504,True,0.004200057453238587,1,0,False,22.926994921000187
1553,0,6,0.7309346513465401,4.971419111188764,1325.6542125028964,0.8232152720700886,0.0646062958389092,4.358358208554239,0.03685129589483681,0.4,0.2,True,exact,69,0.730934107718104,1354.1604853302147,0.0035554541189097844,18.804657004961975,294.42948389681925,True,0.008528665309837445,1,0,False,23.525832997999714
1554,0,6,0.7775544559352751,4.9669082105605,1325.4722644332162,0.7536965657636479,0.06454767423128138,4.5417626095330474,0.041742989542223344,0.4,0.2,True,exact,67,0.7775672754997264,1354.2416224476985,0.003696483484938895,18.26988683247095,324.2600716936579,True,0.009683008025342044,1,0,False,23.297159435999674
1555,0,6,0.6978240793695072,4.787654803356499,1325.5164216527896,0.014828669022918383,0.06221817868947724,4.22572458806994,0.05643538710366768,0.4,0.2,True,exact,75,0.6978233346827006,1354.1272467470328,0.004141191188133164,17.229739686049452,409.1409741007053,True,0.005150882188199281,1,0,False,23.06033778100027
1556,0,6,0.573990464357503,5.314117596763938,1325.7327957828873,0.7336186932004131,0.0690598490894863,3.709713233736039,0.03937415079715,0.4,0.2,True,exact,87,0.5739862890215284,1354.4321456219518,0.004318876540205463,18.989027183080495,410.229756550028,True,0.006309385015986701,1,0,False,23.641656575000525
1557,0,6,0.5221688862391685,5.723882225229201,1325.3004478465718,0.4863762347587806,0.07438496335140117,3.482928411123936,0.046784619461274025,0.4,0.2,True,exact,96,0.5221740424737645,1354.019661543241,0.005623509488640099,18.24219190161909,627.6893650553955,True,0.0035842369551911963,1,0,False,23.259173035999993
1558,0,6,0.5726487873475588,5.122477330993527,1325.738374166401,0.6591636428276297,0.06656937958206836,3.7039301202560195,0.042312815760948065,0.4,0.2,True,exact,89,0.572647856462273,1354.3707578481556,0.004145518994666975,18.567936798228732,418.33332681859514,True,0.0077722290608496294,1,0,False,22.272703970999828
1559,0,6,0.604142966292915,4.697585521249964,1325.538474658384,0.6003583665097539,0.061047679370142736,3.838519076901505,0.04477935958959395,0.4,0.2,True,exact,83,0.6041393425675975,1353.9333047507191,0.0035949360895336513,18.223025166160298,357.6155859543012,True,0.007442449642396283,1,0,False,23.344755539999824
1560,0,6,0.6467679344697872,5.594346341544037,1325.8274211404491,0.3314090024669741,0.0727015740744273,4.017009644585119,0.053050727416683985,0.4,0.2,True,exact,76,0.6467764333925766,1354.2853952818152,0.005599931854458173,17.379990436115023,568.0000641822938,True,0.008185944327315627,1,0,False,22.832999199999904
1561,0,6,0.5522428741891574,5.828640109693398,1325.6526663187324,0.46723683503636876,0.07574634904908255,3.61540788952423,0.04810938847492971,0.4,0.2,True,exact,94,0.5522456220280727,1354.3690045580017,0.005741416367910812,18.29228111303539,603.4154747837594,True,0.003690290257105125,1,0,False,22.900479494999672
1562,0,6,0.6633253723935041,5.703282245457047,1325.9457904049793,0.553650231205595,0.07411725540771967,4.085278112846452,0.04843835108590361,0.4,0.2,True,exact,78,0.6633139038534454,1354.4686753907401,0.005531977159034751,17.6982643054874,567.9654297901909,True,0.0037062623543863073,1,0,False,22.519891311999345
1563,0,6,0.5200933896456422,5.242452547087792,1325.5758688387775,0.7083654328931951,0.06812852278262417,3.473693080666684,0.03928593136332828,0.4,0.2,True,exact,98,0.5200948641267088,1354.180887239511,0.004308131634598311,18.941755580349053,445.3342664903766,True,0.0059556371019741094,1,0,False,22.35687705700002
1564,0,6,0.5593860017694485,4.399585091011511,1325.6331716030293,0.19701216667242136,0.05717500166474123,3.646517345932848,0.05150666296610847,0.4,0.2,True,exact,93,0.5593856206295991,1354.1617582396514,0.003516125043130147,17.85533862006579,386.07394328972885,True,0.003872502350545416,1,0,False,22.368285317999835
1565,0,6,0.5339185107779628,4.388712536378074,1325.6174441256846,0.8524783329795635,0.05703370690252904,3.534981996063768,0.031134865120702664,0.4,0.2,True,exact,94,0.5339271416740764,1353.915214471268,0.002619377956036173,20.11969666674761,259.75776253087037,True,0.012885596043161994,1,0,False,22.943173282000316
1566,0,6,0.6011227929752506,5.48510809939606,1325.3901128587686,0.650140827584121,0.07128196369129726,3.825715624560031,0.04358977571597618,0.4,0.2,True,exact,89,0.6011320524379579,1354.2440707295639,0.004859709142564839,18.448241772334182,503.6470605775235,True,0.008385035310305697,1,0,False,22.427407288999348
1567,0,6,0.6776501690521327,4.427480198712812,1325.9659558457645,0.45166332239531265,0.057537513764465906,4.14388398660021,0.050534512799731375,0.4,0.2,True,exact,78,0.6776575937075077,1354.4273499532483,0.0033860457149624823,17.72846861383649,336.73589200294447,True,0.007240586586517528,1,0,False,22.471932853
1568,1,6,1.0513348369810167,4.923537171419153,1325.6027955133768,0.3137010702799669,0.06398404398347136,5.553472059656477,0.061712391650400475,0.4,0.2,True,exact,50,1.05133940624508,1353.9889170144925,0.004371704752947014,15.190081538450173,365.3036673845161,True,0.008995519100671319,1,0,False,22.552350391999425
1569,1,6,1.20563029766698,4.972986360508002,1326.0404782291807,0.27189731941733036,0.064626663096408,6.084337873492967,0.06530310310552762,0.4,0.2,True,exact,42,1.2056125239047975,1353.7699921373523,0.004463422562139829,14.713834613915697,360.74272510365984,True,0.008986947367535351,1,0,False,21.885837584
1570,1,6,0.8710077297311977,4.708929872246442,1325.4957871425831,0.21331976420860002,0.06119510538275337,4.8987494422410585,0.05934150137162027,0.4,0.2,True,exact,60,0.871016619163646,1354.2388796032756,0.003954688276578522,16.711660762590817,391.11247619524175,True,0.009001789168241516,1,0,False,21.96076914599962
1571,1,6,1.1345572939820998,4.786538990481088,1325.4566524898792,0.702615773629046,0.06220367809415076,5.8428065717130915,0.049756016326615186,0.4,0.2,True,exact,44,1.1345546995755484,1353.8205918894307,0.003551868312137829,16.398345331271273,269.9561077392507,True,0.016555983660587095,1,0,False,22.386584799000047
1572,1,6,0.9696095599652412,4.453399855375146,1325.3020903915917,0.35507276298113727,0.05787435380327915,5.261809816129026,0.05894207271978035,0.4,0.2,True,exact,56,0.9696056503719602,1354.3903280926868,0.0034585876098348622,16.426143864239858,311.04410796637006,True,0.00692622722965925,1,0,False,22.19504038099967
1573,1,6,1.0261804949676439,4.743999019597785,1325.9250884908913,0.20503593819020874,0.06165084803046134,5.464533062977431,0.06269370180636398,0.4,0.2,True,exact,51,1.0261793659495861,1354.6580409174637,0.004016344295981633,15.157707573621238,364.24148172418694,True,0.007323288131152756,1,0,False,21.78884622300029
1574,1,6,1.2397446100273641,4.881433987586821,1326.357569977499,0.3580057764384303,0.06343689020512472,6.198577566189794,0.06413892106918623,0.4,0.2,True,exact,41,1.2397575097347266,1353.631975551706,0.004214870096036605,15.024805127510131,337.2648155976761,True,0.004981837835010042,1,0,False,21.9695278600002
1576,1,6,1.1725586248905133,5.5713257486987775,1325.4304057722777,0.5040563037636175,0.07240240894702923,5.972556469461341,0.0596173522098474,0.4,0.2,True,exact,44,1.172567257066991,1354.7444084308836,0.005348929610367259,15.322577465681114,425.31804199781993,True,0.005554820061026948,1,0,False,22.082743644999937
1575,1,6,0.8537742746454005,4.368400613882519,1326.0727942836963,0.36730866314916105,0.05676974241986223,4.833917834545139,0.05627050285892716,0.4,0.2,True,exact,61,0.8537710304391382,1354.2475746545335,0.0033505974952350304,16.677624728077912,305.02289291743926,True,0.00948918104895564,1,0,False,22.37378238400015
1577,1,6,1.0179761119021171,5.160855667309752,1325.7193258269988,0.16433718327521657,0.06706812694059842,5.435367903654963,0.06328510736305006,0.4,0.2,True,exact,51,1.017948164110971,1354.2224891409824,0.004759786856828652,15.044794007388006,421.30333351680895,True,0.0063269253445499595,1,0,False,21.756297803000052
1578,1,6,1.1210641483461392,4.35629053327644,1326.1804111769989,0.615859733723794,0.05661236533441222,5.796389089318717,0.0533561736912249,0.4,0.2,True,exact,49,1.1210698220587851,1354.2067121390116,0.0031515278136783342,15.822114383437748,252.47107272707524,True,0.0084422745324117,1,0,False,21.646293583999977
1579,1,6,0.8609000050833981,4.586080373645935,1325.867679184486,0.5555009528656683,0.05959860931739786,4.860776969876228,0.05150733493041103,0.4,0.2,True,exact,61,0.8608873328790221,1354.2775298225497,0.0035089535629716506,17.2716481961954,324.86663733508715,True,0.006449905022883619,1,0,False,21.819506583000475
1580,1,6,1.113935647951707,4.852186433220676,1326.3759155772254,0.2909115191129283,0.06305680232524934,5.771791343860932,0.06322804703298414,0.4,0.2,True,exact,48,1.1139334539008752,1354.2242013725638,0.004142574493243845,15.137465167138766,353.05722329431654,True,0.006518498962002605,1,0,False,22.048288145999322
1581,1,6,0.8558863581657252,5.063546643565094,1325.829615615024,0.03229403483054568,0.06580354324020316,4.841886711608163,0.0604375714039962,0.4,0.2,True,exact,59,0.8559039511741012,1354.0738204137874,0.004668120055221547,16.57257707943162,445.12411427211083,True,0.005543912012061745,1,0,False,22.464418198999738
1582,1,6,0.9631628583444097,5.325990446405327,1325.7616811456417,0.24614438380718417,0.06921414322949476,5.238460886209151,0.06137208882921695,0.4,0.2,True,exact,53,0.963147886793342,1353.6935469712157,0.005079011722927684,16.069017112874135,461.8155254781336,True,0.005616718274428344,1,0,False,22.40890380499968
1583,1,6,1.2560403767281554,5.057620364586938,1325.6640845957686,0.11672983149611459,0.06572652802094213,6.252777206914106,0.06807408489953311,0.4,0.2,True,exact,42,1.2560500925390385,1354.5531030909399,0.004640596433880706,15.016237008909917,364.09805425266825,True,0.006124638843810847,1,0,False,21.81835544900059
1584,1,6,1.1533577009686817,4.564451121052782,1325.8796334492765,0.7267607288421741,0.059317525413475396,5.907175867124636,0.048404794944005465,0.4,0.2,True,exact,44,1.15337589872613,1354.713582805695,0.00324918948868802,16.420260228808107,236.06810328523014,True,0.009446133096461766,1,0,False,22.37483831999998
1585,1,6,0.8314451975284521,4.542499884006619,1325.739367884915,0.4734836100374563,0.05903225714642412,4.749263949781949,0.053414968328617786,0.4,0.2,True,exact,62,0.8314472334584043,1354.008677733461,0.003517942710917543,16.805242408252735,332.01587222647566,True,0.007666869211557424,1,0,False,22.220475199999782
1586,1,6,1.0227066122163289,4.460398767348892,1326.1685363550891,0.02453443054249721,0.0579653084718382,5.45219353540766,0.06355523647268141,0.4,0.2,True,exact,50,1.0227247967560258,1353.7814267249546,0.0036133553962321985,15.176762367857739,325.4956103568563,True,0.00975375346361056,1,0,False,22.534915623000416
1587,1,6,1.116628065439392,4.452090548337266,1325.9757703514583,0.831061753560657,0.05785733864604913,5.781088002097293,0.04075299446242336,0.4,0.2,True,exact,46,1.1166473548239932,1353.8913978539751,0.002808246853688856,17.05368388309072,199.23976501417022,True,0.011329846591007121,1,2,False,22.775718357000187
1588,1,6,1.1556755494047135,4.856460761789487,1325.6398989813006,0.6393602847663128,0.0631123495502676,5.915087466690533,0.05332054845968724,0.4,0.2,True,exact,44,1.1556718817264702,1354.5317245682036,0.003830251570523191,16.043559409175792,306.83640741972715,True,0.008738427654343446,1,1,False,22.237507640999866
1589,1,6,1.2415369905190277,5.739941327011608,1325.4566170168248,0.5656557843820677,0.07459366011533448,6.204550588917009,0.058653613121595234,0.4,0.2,True,exact,41,1.241550493999097,1354.0119300328545,0.0054758416051852166,15.620997371709683,420.05829715274166,True,0.003752874155400842,1,0,False,22.553659896999307
1590,1,6,0.9025230391405917,4.806825543175234,1325.3536081017085,0.5203959492876117,0.06246731288244689,5.016214343841806,0.0536487000125012,0.4,0.2,True,exact,59,0.9025375866016093,1354.2340209212934,0.0038675121841178495,16.806909490196652,342.2487479387807,True,0.010805740356374004,1,0,False,22.66116341900033
1591,1,6,1.027309301227709,4.455089800422391,1325.7077056930405,0.47649539935108953,0.05789631555851078,5.468539680287405,0.056982441396860775,0.4,0.2,True,exact,50,1.0273334801538516,1354.4722571568498,0.00342682790362947,15.574964898752754,288.2146217810422,True,0.006898012189816553,1,0,False,22.77079285200034
1592,1,6,0.7987727089751043,5.271020985538216,1325.3468595337333,0.788040381763324,0.06849978518173067,4.624016407598564,0.04043651554115155,0.4,0.2,True,exact,66,0.7987798256194347,1354.1026418723416,0.004081650735735964,18.45127223768981,348.66386638920363,True,0.011350462937901403,1,0,False,22.81354455499968
1593,1,6,1.0040983136551234,4.446597780250857,1325.5689344069276,0.49803078389449945,0.05778595713665951,5.385855691213108,0.05590250587133273,0.4,0.2,True,exact,51,1.0041113239146884,1353.6836904279864,0.0034667764403204515,15.699805164188147,312.58134358003804,True,0.012890777521849197,1,0,False,21.927433523999753
1594,1,6,1.0500165753689892,5.644377829812334,1326.093687845165,0.0069181064428299075,0.07335176048197593,5.548828781689429,0.06506157794377813,0.4,0.2,True,exact,48,1.0500156452869922,1354.4440608852908,0.005826613718891149,15.079412858523256,486.34751765612646,True,0.004854791095709946,1,0,False,22.55544869000005
1595,1,6,0.9595911385553798,5.590672407985265,1326.2307186519554,0.16347639807862838,0.07265382930918383,5.225502262556714,0.06243175317355373,0.4,0.2,True,exact,53,0.9596091342448616,1354.058045543143,0.005681090329747174,15.865384132197898,499.88624461397507,True,0.005691819570155489,1,0,False,22.27949747099956
1596,1,6,0.89714071738249,5.406239580138394,1325.9480600727957,0.7645036348346645,0.0702570243784822,4.996251207114892,0.04348769208085443,0.4,0.2,True,exact,56,0.8971579477338354,1353.759441092291,0.004408059757131433,17.72790265101794,355.72199555182436,True,0.007905344308962248,1,0,False,22.914425636000487
1597,1,6,1.0136562100979352,5.283417328147238,1325.6394806874234,0.6571938368908428,0.06866088239763758,5.4199799237795885,0.05074825959141096,0.4,0.2,True,exact,51,1.0136444826611943,1354.0219730395554,0.004529621694063901,16.1842268484465,367.6383023628235,True,0.011078686092162685,1,0,False,22.399119984000208
1598,1,6,1.0390847647570218,5.850572889104309,1325.645716735708,0.3097049534581362,0.07603137744912263,5.5102487626246175,0.06232137733513304,0.4,0.2,True,exact,50,1.039100262694922,1353.7007778469717,0.006145561253345311,15.184835091621853,551.9602928878281,True,0.003902610855290325,1,0,False,22.09512615099993
1599,1,6,0.9070818018097051,4.82290475689079,1326.0024693139594,0.7041363024931863,0.06267627101189252,5.033091861254464,0.046310736312437796,0.4,0.2,True,exact,55,0.9070863341915493,1354.12190857248,0.0036161535574863457,17.35433822905325,295.61701847983,True,0.010609484737894248,1,0,False,23.052832734999356
1600,2,6,1.5788075355355105,4.542162014098976,1326.3186101363156,0.4964570622965561,0.059027866343170546,7.282659661347255,0.06488278000405419,0.4,0.2,True,exact,33,1.5788283456913952,1354.7371580599872,0.0035426706870503866,14.57219564829769,258.00290717518783,True,0.01624980416235248,1,0,False,21.942777195000417
1601,2,6,1.3399028278630731,4.565442863690159,1325.448198437458,0.26570083336865674,0.059330413648563486,6.528089351319603,0.0673325161109222,0.4,0.2,True,exact,38,1.3399537200023224,1353.5861822075908,0.0037364885043885687,14.9254063111751,292.20729983291795,True,0.008092914923658228,1,0,False,22.776331717000176
1602,2,6,1.3492640731745464,4.979225764671817,1326.3681682555132,0.6936227111529157,0.06470774754779908,6.5584597661464175,0.05333243764575563,0.4,0.2,True,exact,38,1.3492378634342823,1354.702633594662,0.0038803777152199848,15.947262537744729,271.55696892266315,True,0.009404258955728027,1,0,False,23.07649434599989
1603,2,6,1.6853671925249645,5.469088536432661,1326.6158559082908,0.11261108161364397,0.07107378075582636,7.606769293766493,0.07537503026557985,0.4,0.2,True,exact,31,1.685417246172127,1353.581798776296,0.005484624724199638,13.680382242666317,392.04981490396995,True,0.00785267399376155,1,0,False,22.213950731000295
1604,2,6,1.3189663849465711,5.417789936250629,1325.5981769788757,0.06134095722737004,0.07040712753964043,6.459908587747783,0.06977710957246835,0.4,0.2,True,exact,39,1.3189836434869127,1354.615184869254,0.005338880865832674,14.721596351514075,400.89802843834707,True,0.0075444516820678785,1,0,False,22.20003931300016
1605,2,6,1.2639973990109203,5.89798705778222,1326.4103916270285,0.7648629702363217,0.07664755036475288,6.279156987061809,0.04903783010589599,0.4,0.2,True,exact,41,1.2639876301700177,1354.2187491387824,0.005148502489828677,16.323438528981455,362.03476232873453,True,0.011198696732169465,1,0,False,22.248868970999865
1606,2,6,1.5151379599620791,5.791016410493342,1325.7976155065674,0.6472040514505117,0.07525740861040532,7.085524547544808,0.05883708625786691,0.4,0.2,True,exact,34,1.5151112063721177,1354.5851784669455,0.005477482124987443,14.985009717491316,407.4547479853487,True,0.007275006299443861,1,0,False,22.582119826999588
1608,2,6,1.940763361564007,5.2639796703380775,1326.008764039255,0.6006771269070642,0.06840827946017697,8.357036086306397,0.06560686549945305,0.4,0.2,True,exact,28,1.9407967551262186,1355.1199778102684,0.004549879420556291,14.525704533660303,296.2308755896441,True,0.012511137121505443,1,0,False,22.034833133000575
1607,2,6,1.6369513679070067,5.687439989694995,1326.235608021505,0.6932161706648982,0.07391137667578672,7.4603821169418225,0.05765234483953611,0.4,0.2,True,exact,31,1.6369343563817693,1354.0637751251988,0.005114487874202656,14.799050514831977,332.2463890731556,True,0.01060491640612664,1,0,False,23.17129553900031
1609,2,6,1.7154881463651313,4.638809369658461,1326.8382063479353,0.21618400408910285,0.06028385130554707,7.697133787188379,0.0738938543685177,0.4,0.2,True,exact,30,1.7154944225602482,1354.285689848506,0.003914493834167199,13.873841836961969,284.97913238695344,True,0.006459046418506367,1,0,False,22.101096701999268
1610,2,6,1.551659523907489,5.178110502431054,1325.6750473114605,0.25437463092854423,0.06729236290975851,7.198933722328607,0.0714081927073893,0.4,0.2,True,exact,35,1.551645526024191,1353.6052891809775,0.004750331784582507,14.19445972694021,356.78141551743465,True,0.008398244363917395,1,0,False,21.81952776700018
1611,2,6,1.5251871051614494,5.086064095849639,1326.0715380887773,0.7008539875384662,0.06609616978230251,7.116819821663265,0.055187639240186,0.4,0.2,True,exact,35,1.5251567647394606,1353.5247805403524,0.004116908727764157,15.02962578676453,293.9015364366121,True,0.010951730724412473,1,0,False,21.746336574999987
1612,2,6,1.9206925608315402,4.557767413939501,1326.5586227872402,0.8382952634452879,0.05923066700355187,8.299318986352981,0.047991572712005465,0.4,0.2,True,exact,26,1.9206924765160567,1353.4481768837668,0.002920915401419033,15.672676705735187,172.00498105694493,True,0.02078002085899618,1,0,False,22.541886672000146
1613,2,6,1.5914070665384488,4.760906385226461,1326.0007022192042,0.6290774312712041,0.06187056844453877,7.321354047441275,0.05954634006706263,0.4,0.2,True,exact,33,1.5913786250464934,1354.6463313175457,0.003741458679059284,14.427458911372083,253.67344002589817,True,0.01604698504866057,1,0,False,22.278818965000028
1614,2,6,1.8843076604739633,4.586257898165855,1325.4843151440339,0.4019295059955054,0.0596009163451089,8.19417239540809,0.07202321983845064,0.4,0.2,True,exact,27,1.8843157727964246,1353.7490000544883,0.0036310826029789522,14.295398962917972,239.0994402284871,True,0.010709799313211185,1,1,False,22.270408686999872
1615,2,6,1.3006655427436238,5.590959898228782,1326.2980551725911,0.4028886887737312,0.07265756540129517,6.400014790432152,0.06470011707157718,0.4,0.2,True,exact,40,1.300637094317963,1353.6120955682193,0.005440429949187697,14.958738603248488,434.75658284937606,True,0.005953388628958852,1,1,False,22.099054668999997
1616,2,6,1.343306296416707,4.653469304377703,1326.3664809052948,0.4823367654265296,0.060474365132337254,6.539139282684119,0.062142851749222204,0.4,0.2,True,exact,39,1.3433178320492283,1354.5757738730758,0.0037081639756084694,15.371399526838607,292.30152574158006,True,0.007664336850838048,1,0,False,22.355663421999452
1617,2,6,1.4709216417943953,5.558546404032671,1326.6163956159253,0.7689151849647996,0.07223633441103454,6.946993824593803,0.050777013848476146,0.4,0.2,True,exact,35,1.4709276584059718,1354.5637249097554,0.0046746467690851334,16.082435835667926,314.09202336999385,True,0.013630831791560648,1,0,False,22.47280027600027
1618,2,6,1.6763756071821552,5.159472240521527,1325.3948840900625,0.07054907479735097,0.06705014855689095,7.579689981305699,0.07520750107613304,0.4,0.2,True,exact,30,1.6764269405080676,1353.893677701179,0.004791389604817287,13.902138015377739,341.35906142860483,True,0.0061973248730589825,1,0,False,22.453873716999624
1619,2,6,1.2885384915656,5.87553218165335,1326.23988503506,0.5514230841034082,0.0763557370338384,6.360171384923033,0.0600508709140019,0.4,0.2,True,exact,39,1.2885639721070232,1354.5875536613964,0.005827130081588083,15.382048987410334,436.2616425551754,True,0.007183754648445276,1,0,False,22.6338976370007
1620,2,6,1.3044378406665744,5.491548156648,1326.2630490908914,0.0453670019627664,0.07136565573872533,6.412383385117203,0.06963873421939538,0.4,0.2,True,exact,40,1.30441798815901,1353.6563380888813,0.005500856477243299,14.754630299800153,436.807515619028,True,0.0061088255928688235,1,0,False,22.41950389900012
1621,2,6,1.271260436987276,4.631553604149884,1326.4066982795623,0.5978133800834403,0.06018955868557266,6.3031877279966775,0.05664954528971806,0.4,0.2,True,exact,41,1.27126850587333,1354.374696633422,0.0035747855609992163,15.586445505497702,283.42534895954475,True,0.01578955566195891,1,0,False,22.404860440999983
1622,2,6,1.7585548923711285,4.3975658780461115,1326.1345655477871,0.5667561743961581,0.05714876089378897,7.825423322505921,0.06414211868247183,0.4,0.2,True,exact,31,1.758532403880734,1354.271498070467,0.003244478783717586,14.224239880726197,232.60165008376586,True,0.012821420982385461,1,0,False,22.192979749999722
1623,2,6,1.4604337616453915,4.462978282344035,1326.2602275403867,0.1222819504309156,0.05799883067247545,6.913932422878084,0.07094582973689834,0.4,0.2,True,exact,36,1.4604633684912869,1354.0084580888765,0.003559026608391802,14.451916198317859,275.62540066345133,True,0.01246327773205924,1,0,False,22.046780959999523
1624,2,6,1.5416933559205457,4.731238643237505,1325.5823200543937,0.6189977021738546,0.06148501999791976,7.1680752319884204,0.05940178019487535,0.4,0.2,True,exact,33,1.541730164485028,1354.8744673169242,0.003673919972385198,15.188788867492926,259.39469505333614,True,0.013042918363411222,1,0,False,21.86402904100032
1625,2,6,1.563264296873002,4.562649513636484,1325.3814785857646,0.6752557874059326,0.05929411254501275,7.234782738815271,0.05650297800353364,0.4,0.2,True,exact,32,1.5632651087215883,1353.5201708361974,0.0033553302131883456,15.442631372949004,237.0552759041524,True,0.017033073872734037,1,0,False,22.25475817899951
1626,2,6,1.5598443656396475,5.752441289621664,1326.292923628321,0.015260802370334425,0.0747561039295249,7.22422726642236,0.07413477406947128,0.4,0.2,True,exact,34,1.55985104796171,1354.3701760758527,0.00604066606959297,14.058628047054249,473.22048888316806,True,0.007853942044526366,1,1,False,22.47848272400006
1627,2,6,1.783478606419059,4.686366624198189,1326.1520969417359,0.3797479481372761,0.06090188369979139,7.899188732137769,0.0714640228207209,0.4,0.2,True,exact,31,1.7834701130782749,1354.6877540217945,0.003808649039304224,13.95819701680602,278.0622746776211,True,0.007938834345448119,1,0,False,22.454871909999383
1628,2,6,1.7136418861061689,4.493458020358077,1326.4915984410911,0.45431249367265103,0.05839493144917235,7.6916102039039425,0.06808724710524465,0.4,0.2,True,exact,30,1.7136095559002587,1353.9098288569462,0.003474692087135245,14.523776370187413,235.49519465585436,True,0.009026453869831096,1,0,False,22.163490314000228
1629,2,6,1.6052146185078602,5.330210887980789,1326.8226341304626,0.1435460626189285,0.06926899016371953,7.363641302970891,0.07379412044439486,0.4,0.2,True,exact,33,1.6052377216666183,1354.1111953558745,0.0051751218659938925,13.977073789662933,376.00305926995554,True,0.007131740848600032,1,0,False,22.635451371000272
1630,2,6,1.8709071079334652,4.727886078162868,1326.6629907515603,0.7434518510423549,0.06144145159095448,8.155276764903258,0.055633950593129436,0.4,0.2,True,exact,27,1.8709337185420551,1354.726589553173,0.0035005175608882055,14.632810097313095,216.92897225602545,True,0.015307581942148152,1,0,False,22.559987548999743
1631,2,6,1.4029886841374044,5.091454168148632,1326.1762446887597,0.17894160504869797,0.06616621670406739,6.731419653694098,0.07004115849697444,0.4,0.2,True,exact,37,1.4030127109851944,1354.235923932246,0.00474937318785873,14.67213047718249,372.40193843793617,True,0.007906028791997772,1,0,False,22.234636025000327
1632,3,6,2.475588804161919,5.057572626157721,1325.9122503033075,0.0125692535762563,0.0657259076340844,9.829306877009293,0.08560041842631125,0.4,0.2,True,exact,21,2.475541648744966,1353.1441278487366,0.004604547107492252,13.315773984471761,274.8074257276969,True,0.007520031555504687,1,0,False,22.12427528399985
1633,3,6,2.141537772358639,5.116375751759845,1326.0580157521167,0.08756186645325753,0.06649008624062214,8.923893531166462,0.08138845705905948,0.4,0.2,True,exact,24,2.141502294416063,1353.8980120399508,0.004733460298403158,13.463676880489004,319.3329230102256,True,0.008862769783438381,1,0,False,22.004414807999638
1634,3,6,2.347515111334285,5.093239252546201,1327.1113338805983,0.2563918832879115,0.066189414846913,9.487304039815136,0.08170327553951948,0.4,0.2,True,exact,23,2.347544740141502,1355.2813628442402,0.004631872584516139,13.36505321321203,295.67714281549195,True,0.011432874798049473,1,0,False,22.306514427000366
1635,3,6,2.2873310872510944,5.457098167907026,1327.5370629181618,0.704069041195295,0.070917959393986,9.324450389134602,0.06326819253387046,0.4,0.2,True,exact,22,2.287264392702158,1354.985147112468,0.004597660774979695,14.615668924221623,270.54327687075863,True,0.012480095888603295,1,0,False,22.41913334000037
1636,3,6,3.070892436483619,5.659712743879841,1327.7990124130931,0.09185223538449881,0.07355104603259062,11.347850982756347,0.09227579734765717,0.4,0.2,True,exact,16,3.0708095186526734,1355.436783505416,0.005826506781561713,12.67558302071307,322.10880218365526,True,0.01156997466258389,1,0,False,21.94421929300006
1637,3,6,2.2963965886833626,4.9161581758735595,1327.445843300384,0.5836586488803209,0.06388814992212785,9.349071538028728,0.06978784527587104,0.4,0.2,True,exact,22,2.2964081680541466,1355.0020989791917,0.003997329486341461,14.061541038003458,241.38643326930918,True,0.013979369833273617,1,0,False,21.5413194570001
1638,3,6,2.0347037755693513,5.803015806231351,1326.3458195055962,0.8013721363404933,0.07541334728578138,8.624581190085193,0.054152386437331126,0.4,0.2,True,exact,27,2.034718817559578,1354.8314597208762,0.004855188471306837,15.257343433659075,294.318007854877,True,0.013215895097977848,1,0,False,22.390129946999878
1639,3,6,2.8189358760936294,5.011340888482215,1326.1123570723578,0.7341238884453457,0.06512510105258167,10.718335627682512,0.06481375727429631,0.4,0.2,True,exact,18,2.818954355087929,1354.3017367009213,0.0038790447123510097,14.222863139129808,195.81826321583094,True,0.020070800317319618,1,0,False,22.494481945999723
1640,3,6,2.664537826996619,5.092413033211366,1326.0018705090497,0.7200189298624469,0.06617867767718735,10.323298399022725,0.06482438491077763,0.4,0.2,True,exact,19,2.6645642779281715,1355.3117231239187,0.004045937812391487,14.293984918918854,219.45637874372167,True,0.010729876921411436,1,1,False,22.435284506000244
1641,3,6,2.4909380219398636,4.556840390620144,1325.5583560081216,0.31365126478964234,0.05921861983120924,9.869894310237697,0.08145961389734242,0.4,0.2,True,exact,22,2.490878000214716,1352.9589214649038,0.0036896964876204086,13.286330111758517,229.54315025347913,True,0.01248445962469585,1,0,False,22.09128113299994
1642,3,6,2.4083406677980768,5.577979840018925,1327.5318907123874,0.17352899642370617,0.07248888248360977,9.650485602691214,0.08425508179151846,0.4,0.2,True,exact,20,2.4082831000884903,1354.0238150635155,0.005665841334801303,13.114715886762093,326.6442579567389,True,0.011056181652608384,1,0,False,21.84615788999963
1643,3,6,2.4855196264969615,5.1110062982191415,1326.4489769443942,0.8652751806189886,0.06642030727083799,9.855576170658964,0.05026687518148936,0.4,0.2,True,exact,20,2.485560902643515,1353.7900818291207,0.0034234403354704845,15.963258467255704,175.46083385561582,True,0.017195160703696116,1,1,False,22.63528121499985
1644,3,6,2.5637540136281625,5.666416768972801,1325.5038214555393,0.21072572009874274,0.0736381684857132,10.061316011590476,0.0855638638731655,0.4,0.2,True,exact,21,2.5638612329230885,1353.705487024696,0.0058556603143838926,12.991937257404159,363.3709213419872,True,0.00817428956939225,1,0,False,22.318629782000244
1645,3,6,2.642099156941684,4.728585006205889,1327.8736385034854,0.8622297721301703,0.06145053454109561,10.265260209668375,0.050929092049321695,0.4,0.2,True,exact,20,2.6420814143712383,1354.2947260437543,0.002975086095911239,15.769802420650224,146.46086089267206,True,0.021369121599401044,1,0,False,23.171420548999777
1646,3,6,2.1166650320879965,5.471281436245917,1327.2857599931765,0.6719365018394432,0.07110227868185347,8.85466179135554,0.06374743091405974,0.4,0.2,True,exact,25,2.116676623474654,1354.8024918593792,0.0047348504896408405,14.398740459661845,292.9180507568927,True,0.012028273526187853,1,0,False,22.161055626000234
1647,3,6,2.0451144413200835,5.382753897873093,1325.4655088591055,0.6070212259167207,0.06995181516105861,8.653974899878081,0.06655811943595931,0.4,0.2,True,exact,27,2.0451505314212195,1354.096839652439,0.004732194142651136,14.181177942366245,300.75444924295385,True,0.011357627861619864,1,0,False,22.45085153800028
1648,3,6,2.96925326183795,4.968182873264985,1325.4025169156669,0.3634676854819191,0.06456423916655216,11.096057938468167,0.08539071226364134,0.4,0.2,True,exact,19,2.9692780975871957,1355.095013188414,0.004398677070329704,13.17977299961146,266.69077733734264,True,0.012997914048187923,1,0,False,22.310737873000107
1649,3,6,2.7867631331464944,4.486897779330251,1325.377371418836,0.5690353886642199,0.05830967754819578,10.636626886931593,0.0746099650940553,0.4,0.2,True,exact,19,2.7867915166051795,1353.2447567535937,0.0034203202318436876,14.509274621250896,192.1448851370287,True,0.015057828580508149,1,0,False,22.56689585299955
1650,3,6,2.38561603251189,4.873439216854282,1326.9163758955187,0.7061060047919133,0.06333299381024057,9.58968299073115,0.06320018457414793,0.4,0.2,True,exact,21,2.3856041284086453,1353.1578750208703,0.003732513283663308,14.403916914005404,211.2787199981326,True,0.015616332449222427,1,0,False,22.041116357000647
1651,3,6,2.736891143178161,4.613101734014027,1326.289670273438,0.5572040805549711,0.05994976659520245,10.509343091252987,0.07494263966266325,0.4,0.2,True,exact,19,2.736951075494146,1353.6584617174835,0.003613688907129209,14.344920631736125,198.59774499656882,True,0.0191744882442825,1,1,False,21.48558783700082
1652,3,6,2.618488104587893,5.784784285076184,1327.8451916811118,0.7125362745782731,0.07517641875028673,10.204011932604278,0.06599817454436005,0.4,0.2,True,exact,20,2.618461838019298,1354.030209967735,0.005219769924766804,14.925502777482391,276.62929150016225,True,0.011616287733631303,1,0,False,21.97030843200082
1653,3,6,2.422162266186572,5.678122617289724,1325.884246305013,0.06135498675533381,0.07379029235266026,9.687373483846244,0.08549798045653867,0.4,0.2,True,exact,23,2.4222451532025873,1354.9496428009732,0.005778138868063998,12.965658026030367,377.714411250446,True,0.00757441592096571,1,0,False,22.16293995399974
1654,3,6,3.1001251706196995,5.4526519376787705,1328.3445755010648,0.19538187211475883,0.07086017821338746,11.419752908787853,0.09112440040942991,0.4,0.2,True,exact,18,3.100040752004686,1353.1463082285793,0.00531948769997681,13.251019033236977,306.62559746189726,True,0.010548565066634154,1,0,False,21.883542481000404
1655,3,6,2.89875607170221,5.6157780290783,1327.4448465468142,0.315819749008476,0.07298009051293262,10.9197241740105,0.08681335364768757,0.4,0.2,True,exact,16,2.898612885371814,1353.5334981808883,0.005522838438015709,13.628581637290935,289.591990971458,True,0.0069783239612185395,1,0,False,22.259634161000577
1656,3,6,2.8780325606767234,4.9765684519835505,1326.9232667038618,0.6427088343664807,0.06467321432381717,10.867617796077482,0.07174962262293329,0.4,0.2,True,exact,17,2.8779919354497467,1352.8256440065898,0.003987702777659363,13.563351318706811,213.91658354847365,True,0.01265324453784165,1,0,False,22.63207752100061
1657,3,6,2.725327779691972,4.603918359279679,1326.1275881385832,0.6740966277659348,0.05983042364470537,10.479720895466993,0.0679082241540864,0.4,0.2,True,exact,20,2.725346129300499,1353.3803028805469,0.003425117678380829,14.581301127170024,191.95613302603755,True,0.018430239056259515,1,0,False,22.10312281699953
1658,3,6,2.214883552391083,4.566342832168653,1326.0629638648136,0.25119623061335805,0.059342109228531066,9.126504795567685,0.07969961955641955,0.4,0.2,True,exact,24,2.2148655570864193,1354.8564219546654,0.0037047685364265392,13.684627960484312,243.5814718717588,True,0.010493088252724384,1,0,False,21.918253682000795
1659,3,6,2.9815664852800237,4.627538889095283,1327.8992599166058,0.7529631797076264,0.06013738527940323,11.126713004796082,0.0638491933382219,0.4,0.2,True,exact,18,2.9816270950347104,1354.7339463803544,0.003277639449516645,14.300588472651466,171.45387703079038,True,0.01374410331933692,1,0,False,22.844903432000137
1660,3,6,2.6204242804691407,4.53720048497829,1326.9632804931398,0.48102990445187727,0.05896338857313845,10.209041381414002,0.07727502918056553,0.4,0.2,True,exact,20,2.6204355315639534,1353.1675250281814,0.0035251457797946806,13.547434015005678,197.73936346274854,True,0.01479809540968973,1,0,False,22.357690783999715
1661,3,6,2.2421547032828486,5.1117269226961675,1326.2101636192128,0.4126970047927275,0.06642967217794203,9.20126638236262,0.07649622640946582,0.4,0.2,True,exact,25,2.2420887517108397,1353.1158909830722,0.004539305874118105,13.478988047881138,298.10491669598554,True,0.013074132436665137,1,0,False,22.195933885001068
1662,3,6,2.537928571824181,5.309910273184122,1327.1440486456033,0.42804364187820043,0.06900517263075123,9.993635016833071,0.07938490243549942,0.4,0.2,True,exact,20,2.537961014573227,1355.0612096228474,0.004903895166743166,12.986749290876729,296.1667855295253,True,0.013439952727077197,1,1,False,22.884726120000778
1663,3,6,2.1440934112535346,5.1802244485654345,1326.7107369354994,0.8432309396991675,0.06731983478977722,8.930991768724514,0.050271381334602475,0.4,0.2,True,exact,23,2.14414912902588,1354.5843740148784,0.0036656121519118567,15.351523400952376,199.54247642711184,True,0.01438078200645342,1,1,False,22.906598101999407
1664,4,6,3.5950617345865448,5.572058098246846,1328.27661464158,0.833721630267109,0.07241192622781,12.604959538393688,0.06140016417659635,0.4,0.2,True,exact,12,3.5949461777880054,1353.4415299362247,0.004314723987299041,15.07497835124008,177.51989556734082,True,0.013543603182150499,1,0,False,22.370347832000334
1665,4,6,4.569690638640351,4.723512826407983,1327.629378943667,0.7231496223318827,0.06138461880531824,14.790916576645728,0.0765303365977944,0.4,0.2,True,exact,12,4.569737552206487,1355.047220025781,0.003451203927093416,13.352643438785174,153.92444459048247,True,0.02219993252607251,1,0,False,22.50043110399929
1666,4,6,3.7068278289089704,4.950725763021708,1327.4963894830958,0.48834487022031603,0.06433737452214283,12.864872828074056,0.08687650624045497,0.4,0.2,True,exact,12,3.7066832272698926,1353.4443273034312,0.004168000164491925,13.346141118758462,195.5092216897636,True,0.015701784908160512,1,0,False,21.5785610490002
1668,4,6,4.830997291920996,5.678196118968709,1329.3674709811098,0.21499739960992836,0.07379124754696413,15.34953005765261,0.10548979258525558,0.4,0.2,True,exact,8,4.8309951232921255,1353.522181787336,0.005785145478500953,13.420862296817322,227.86256006415366,True,0.024827994540778185,1,0,False,22.167187826000372
1667,4,6,3.8650298988185092,4.891905785367599,1328.6817214663658,0.5415991760995817,0.06357297691402189,13.228353525230274,0.08526963839078538,0.4,0.2,True,exact,11,3.8650474343054118,1355.73647050268,0.004018727873711048,12.763455554995168,160.67245502608392,True,0.022244306170126148,1,0,False,22.525821111999903
1669,4,6,4.99052671174431,4.378323881100224,1325.5050974975309,0.47187870485071076,0.05689870067568755,15.685612331529985,0.09587664621797161,0.4,0.2,True,exact,12,4.99032672689766,1355.448684761428,0.0033528429985154595,12.776051147919276,161.62494117279707,True,0.021049629659206995,1,0,False,22.59177758700025
1670,4,6,4.241041069995293,4.921460631282644,1328.2275496345333,0.18874865952189152,0.06395705821474412,14.072962801283962,0.10054442395435349,0.4,0.2,True,exact,12,4.241003084819367,1353.6738366589582,0.004366502213709378,12.872909964953827,218.47442281007173,True,0.011250766223700982,1,0,False,22.203746809000222
1672,4,6,4.85244632105702,5.267045827880618,1329.3974914948385,0.23452825797012875,0.0684481258454548,15.39492984459639,0.10467584384235515,0.4,0.2,True,exact,8,4.852465236358026,1353.6603266234988,0.004984130017489541,13.658826642742492,190.09026564574842,True,0.02129128387623417,1,0,False,21.83483389200046
1671,4,6,3.8437115191592044,4.696830798474867,1326.5680969703315,0.3653353284003859,0.06103787133710554,13.179666201114863,0.09259904134423785,0.4,0.2,True,exact,14,3.843718371493657,1353.4737556046641,0.003958017543721715,12.701743889651034,206.17284886271398,True,0.015748986599739872,1,0,False,22.138595597998574
1673,4,6,4.92494910712922,5.150307172802376,1326.3305990214317,0.4236388322222001,0.06693104351601552,15.547899292203372,0.09883470933629651,0.4,0.2,True,exact,12,4.9249874044977915,1355.8796957020288,0.004598221921706669,12.504582026346839,244.50637119181,True,0.015055992775599873,1,0,False,21.3831944199992
1674,4,6,3.736393200056485,5.334597359009212,1328.5439367620702,0.024425349728869405,0.06932599474100677,12.933188366889613,0.09842161155418656,0.4,0.2,True,exact,14,3.736378811095309,1354.6988109735423,0.005224428981895013,12.01118033032463,282.4603051043046,True,0.008760934329905833,1,0,False,21.657646835001287
1675,4,6,4.5863443705743725,4.976334712876682,1326.6961892804145,0.10270899047166049,0.0646701767569676,14.826830690500268,0.10443211770312409,0.4,0.2,True,exact,10,4.586306121843333,1354.2143397769353,0.004556481693401504,12.61005128831563,226.82565607708264,True,0.016310938127821036,1,0,False,21.464797810000164
1676,4,6,3.246338248816733,5.6174567345486945,1327.0501354633748,0.39869325695192653,0.07300190620374868,11.776052506375345,0.08756921265952623,0.4,0.2,True,exact,15,3.2463715125187065,1353.0208605626917,0.005486305082427201,12.591902797056267,284.0218588890066,True,0.009598938786170767,1,0,False,21.6561775629998
1677,4,6,4.516707975376185,4.879724519954184,1327.250203424147,0.7698460725060152,0.06341467474327549,14.676366976486342,0.07199466675241677,0.4,0.2,True,exact,11,4.516650636112314,1354.349792279216,0.003518963264303454,14.343070301005644,144.26058042435866,True,0.033648243576943064,1,0,False,22.825426630000948
1678,4,6,4.156150829416475,4.952012565718644,1325.3794990828574,0.06984325257586005,0.06435409722321976,13.884537600545746,0.10129523438896677,0.4,0.2,True,exact,13,4.1560070213908205,1354.4727969872777,0.004417293488511498,12.725704961091527,254.39093732274983,True,0.013026968904437962,1,0,False,22.035283895000248
1680,4,6,4.563091713122147,4.909729639888165,1327.5234132893931,0.13854834208381067,0.06380460759982622,14.776673794401844,0.10376914595589821,0.4,0.2,True,exact,11,4.563250898831041,1354.9018547930282,0.004391734013872051,12.498769862953317,211.46526200041055,True,0.0143436436647583,1,0,False,22.262388961000397
1679,4,6,4.877588269742351,4.592083179435993,1329.7150427670172,0.38297063566638556,0.05967661904421072,15.448061129172821,0.09940119371326801,0.4,0.2,True,exact,10,4.8777648706558185,1354.103165940821,0.0037137596431653375,13.571264730290334,158.71327966348295,True,0.022832944710733223,1,0,False,22.61810608400083
1681,4,6,4.700034123773069,4.469064255694529,1327.8537653293122,0.11047603883807698,0.05807792120697994,15.070855123607203,0.10454801484777212,0.4,0.2,True,exact,12,4.700147107136638,1356.0535705845284,0.0036783911053431817,12.328456422822406,196.41312802078158,True,0.021566092755158583,1,0,False,22.62953817900052
1682,4,6,3.5340858419920242,5.8351456713288625,1327.8627245842872,0.10729220030102063,0.07583089236160938,12.462024968658604,0.09675283964059775,0.4,0.2,True,exact,16,3.5339682587668864,1352.6016636697436,0.006111480323840679,12.686457663907884,339.6687274273829,True,0.013391534097760841,1,0,False,22.11659335999866
1684,4,6,4.305623062435159,4.791353887848389,1328.7712973660166,0.2986049289393824,0.06226625030477884,14.215470072572185,0.09839040814735331,0.4,0.2,True,exact,11,4.305609730055618,1354.604575488709,0.004137896022817555,12.661808734916095,212.16778797164113,True,0.02068892615219758,1,1,False,22.271123446000274
1683,4,6,4.044451899473151,4.510183532699305,1326.546014541976,0.6701426019111424,0.05861228858084984,13.634639847751902,0.07751737766691993,0.4,0.2,True,exact,13,4.044390194121996,1354.857494821396,0.003315138842004073,13.121365224095879,158.57771727366932,True,0.02886811074372832,1,0,False,22.89662190800118
1685,4,6,4.352809466833229,4.360770713143782,1326.4136692251482,0.8039948493879914,0.05667058770903953,14.31914188925453,0.06647693853908168,0.4,0.2,True,exact,12,4.352827549721037,1352.5302652192015,0.00280072704411205,14.055208852150294,123.17221902055806,True,0.033945304426377707,1,0,False,23.3831556669993
1686,4,6,3.3244892048318353,4.905701707048657,1325.8092219323694,0.1481439996481009,0.06375226242135135,11.964296640534894,0.09329782765307053,0.4,0.2,True,exact,15,3.324487956893285,1355.7294597620817,0.004370100666520549,12.754080172517316,218.58057353613228,True,0.012810342291863681,1,0,False,22.481284391998997
1687,4,6,3.729661349554825,5.71346998482414,1327.1409620625145,0.274152034107784,0.07424965062300111,12.917649235823998,0.09558380320934005,0.4,0.2,True,exact,13,3.7296466853031105,1353.2491470304972,0.0058600490982747555,13.092592805344767,304.3445334475371,True,0.007252683132361212,1,1,False,22.26859317399976
1688,4,6,3.8981425876181337,5.196951419160443,1327.939860923945,0.5652219981725052,0.06753721087225589,13.303799819761633,0.08460777804079489,0.4,0.2,True,exact,14,3.8979853083454747,1355.2264106209602,0.004515703498048529,13.413912137017933,219.09442491496958,True,0.01670173654966252,1,1,False,22.40497718699953
1690,4,6,4.698796473556125,5.636977921664368,1329.1397119709009,0.16481623084112174,0.07325559464998799,15.068209289508099,0.1053613287270761,0.4,0.2,True,exact,12,4.698753955684027,1352.6342181367954,0.005771118272157039,12.143458814465614,286.6636767419597,True,0.014902325663686477,1,0,False,21.829509410001265
1689,4,6,4.502539645284433,4.931624177771495,1326.2049166677361,0.8931059060044133,0.0640891390304117,14.645658995048633,0.056730288332816944,0.4,0.2,True,exact,11,4.502613409629203,1353.2202564203174,0.0031038110545914543,16.45477850830588,108.69764561247365,True,0.03232952175801368,1,0,False,23.461155444001633
1691,4,6,4.273901708909857,4.7910058225709005,1326.1155898356812,0.055083327963217035,0.062261727007147785,14.145563120711062,0.10212039844291346,0.4,0.2,True,exact,12,4.274028916721007,1356.0324137962557,0.00414986331378131,12.411392879889512,213.86516454119575,True,0.018751411740023313,1,0,False,21.804987108000205
1692,4,6,3.344421048721949,4.833938406975333,1328.5985588841397,0.5264643439856226,0.06281965929712896,12.0120699616661,0.08198363290707301,0.4,0.2,True,exact,15,3.3443813132394444,1355.3541577184576,0.003894326513368074,13.576022817500519,192.55945879192637,True,0.014252408082262085,1,0,False,22.65813261099902
1693,4,6,3.591744125800347,5.226046445112516,1328.2299958131778,0.40015070426905697,0.06791531656241384,12.597203573486613,0.08999817438953271,0.4,0.2,True,exact,12,3.591661705102787,1353.3727703982615,0.004812893093738002,13.280502723480703,220.42291515548453,True,0.009651859664407302,1,0,False,22.371469571999114
1694,4,6,3.8547291846333787,5.201950387724053,1327.8550585085502,0.5467381799702834,0.06760217518821614,13.204839763906692,0.08534801667002688,0.4,0.2,True,exact,13,3.854606203870961,1354.8383818896389,0.004588663844002361,13.211041700020479,229.98806704710086,True,0.01617069469897642,1,1,False,22.239292246000332
1695,4,6,3.178580231703137,5.521653900305016,1328.1884324626712,0.16073663590969936,0.07175689625529695,11.611616210131311,0.0924683985400125,0.4,0.2,True,exact,15,3.178559842017427,1353.617104177848,0.005475811510275652,12.70207916992612,289.3831732680007,True,0.013526893136406263,1,0,False,21.67876170800082
1696,5,6,5.584310610037504,4.459432600321528,1329.4003432151496,0.11148958971022503,0.05795275260571556,16.906365948895203,0.11068807711136906,0.4,0.2,True,exact,9,5.5843444596273635,1351.7372663010515,0.0035921456510857874,11.997109896069325,166.77778948557005,True,0.024029707355970792,1,0,False,21.904415538998364
1697,5,6,6.617758049358586,4.35147840987786,1327.257294687205,0.5739533574222234,0.056549829173016715,18.93263857346375,0.09877831059235588,0.4,0.2,True,exact,8,6.618098661109867,1353.7287935236482,0.0031884611402265284,13.385712371578506,138.28963191224517,True,0.029952562615144156,1,0,False,22.397167905999595
1698,5,6,7.3445367778100765,5.369380284414696,1325.906505160693,0.6863913758607529,0.06977801777882144,20.294584342414375,0.0946026130995136,0.4,0.2,True,exact,8,7.34447612891732,1355.2840429782113,0.004475465491988961,13.315727236195814,160.6804632984968,True,0.017060428910155318,1,0,False,22.03892950199952
1699,5,6,5.902074166555315,4.9715698298956355,1330.822473415269,0.5216867349165699,0.06460825451049709,17.541780108004115,0.09948022171701663,0.4,0.2,True,exact,9,5.90207720785942,1354.4312441689797,0.004191758192193196,12.452576434872803,192.33358072425133,True,0.015772294156689484,1,0,False,20.79833706000136
1700,5,6,6.016267535332846,4.558702774136373,1327.0431298058481,0.046811295968978144,0.05924282251815313,17.76732232999557,0.11412608287534959,0.4,0.2,True,exact,9,6.016239704960139,1357.1248369873426,0.0037140400439332755,11.992703635441528,176.3650877821418,True,0.02120857637291747,1,0,False,19.311734256998534
1701,5,6,7.275681885389121,4.583909872315638,1331.4518778806855,0.030910492919091103,0.059570402471841775,20.167544429114223,0.12167912654496604,0.4,0.2,True,exact,4,7.275851890942909,1353.2790066353707,0.0038207230090580024,12.063356127902871,121.93277428340282,True,0.037040313873314155,1,0,False,19.539650175000133
1702,5,6,7.370661808122631,5.211565758362606,1329.1334513006013,0.6468397918481382,0.06772713216049735,20.34268202541707,0.09805159094175708,0.4,0.2,True,exact,8,7.3708319717216275,1351.24454583604,0.004414892212913912,12.637234395545988,173.76793406892563,True,0.023844391956538213,1,0,False,19.828944396000225
1703,5,6,5.636547156537647,4.972396570418862,1327.6111856187958,0.6712224161762503,0.06461899845334942,17.011632185177007,0.08725636946211796,0.4,0.2,True,exact,9,5.63666663732943,1355.7933778991892,0.0039523948922307595,12.975650502637903,162.37556830653543,True,0.022480413830134407,1,0,False,20.638377130000663
1704,5,6,7.845576186549741,5.883797675473957,1332.7901693141077,0.5974557669115272,0.07646315162252737,21.207384821142984,0.10551830558677479,0.4,0.2,True,exact,7,7.845252548400551,1356.3267268369102,0.005821513683429536,12.605213933018472,215.56585617739594,True,0.021469711475927016,1,0,False,20.648988357001144
1705,5,6,5.2818796464460425,4.752447605732798,1330.3846066518206,0.03131724060517971,0.06176064200337959,16.290317731123448,0.10961126775723903,0.4,0.2,True,exact,9,5.2819546957326935,1356.7948181912054,0.004057217708756666,11.924154713668385,188.23099812931324,True,0.015905440888351805,1,0,False,22.395091078000405
1706,5,6,5.87117431384129,4.556201261458926,1328.7591647551724,0.32971789291260073,0.059210314000068195,17.48050080438179,0.10769342223466279,0.4,0.2,True,exact,9,5.870957093632029,1352.2435475662369,0.0036434791011620282,11.960431909735258,174.31464954393417,True,0.02378824643248604,1,0,False,22.398827025999708
1708,5,6,5.180856484573291,4.597447712872802,1325.3909747493806,0.5030615607891641,0.05974633407456818,16.08193351242521,0.09574751385427246,0.4,0.2,True,exact,11,5.180701807368478,1356.4761565984195,0.0036702912388093534,12.559656727864636,171.18670978731734,True,0.01656709079804411,1,0,False,22.442321628999707
1707,5,6,6.647792924861127,4.954660330121324,1328.4966270053824,0.7259375705237299,0.06438850636203614,18.989879527540108,0.08682779367685241,0.4,0.2,True,exact,7,6.648003777076393,1355.0879973208475,0.003786855237099318,13.730149117848027,128.47095930408514,True,0.025120809080775172,1,0,False,23.184479346000444
1709,5,6,5.517180840994501,5.642008074076067,1330.15139470627,0.16707581951221,0.07332096421701838,16.770603859411708,0.11110487385136775,0.4,0.2,True,exact,10,5.5172214137784135,1352.2203366176557,0.005760269406922092,11.856923403412337,283.73567971301145,True,0.015425462218016783,1,1,False,22.930816218000473
1710,5,6,6.030918486941157,5.608590810724929,1328.7941155613514,0.5806615968022847,0.07288668870053028,17.79615556044662,0.09741266043513931,0.4,0.2,True,exact,9,6.031120690433717,1352.9177957034435,0.0052777541214770185,12.475483843727652,226.365712746667,True,0.021130407340405093,1,0,False,22.374674094999136
1711,5,6,6.963755786032458,5.81221775616904,1330.4418889718522,0.41808147860538847,0.07553293163115092,19.586924192646535,0.11221812118881298,0.4,0.2,True,exact,8,6.96361458925603,1351.3334405636433,0.005829403352336504,11.880644669947634,256.6574085227223,True,0.015657562884878073,1,0,False,22.207929472000615
1712,5,6,7.252986706935672,4.814831510811295,1331.286673877096,0.34842391185509525,0.06257135478718351,20.125583248225603,0.11521808171307467,0.4,0.2,True,exact,6,7.253239386882013,1353.0452837065216,0.004160460496535068,11.893917032963438,139.08380978122446,True,0.03226901518057496,1,0,False,22.697637324001334
1714,5,6,6.628748455371226,5.359467751201213,1331.41841544143,0.3469267473599052,0.06964919901722035,18.95359429410022,0.11271328892023838,0.4,0.2,True,exact,7,6.628898102224098,1351.3042911025477,0.005136048416349515,11.987577497679325,208.8032948700106,True,0.015835025560761502,1,0,False,21.896647667999787
1713,5,6,5.05383804996948,4.961681978300161,1327.3269957198754,0.7119656088805515,0.06447975649994901,15.817995033229861,0.08059466083043644,0.4,0.2,True,exact,10,5.053972741822262,1352.5959240466534,0.0037898426699606302,13.718908990653699,152.06733891847824,True,0.021130199566202205,1,0,False,22.76198190499963
1715,5,6,6.924171965370558,4.683154942899238,1325.555479568876,0.503297950943993,0.06086014615413298,19.512628874071595,0.10556008577890034,0.4,0.2,True,exact,7,6.9242453642086526,1353.25129700271,0.003771894917863894,13.820429163342473,141.46322607998712,True,0.022639958391314243,1,0,False,22.620169429999805
1716,5,6,6.880223526649502,5.249990217246269,1326.4783294464532,0.8267750267737237,0.06822647890688227,19.42997549625485,0.07632759302333691,0.4,0.2,True,exact,7,6.8801678561334185,1353.9990755120757,0.00394308485299244,14.48635672823464,123.03543110452397,True,0.04624961875918382,1,0,False,22.94994883199979
1718,5,6,5.71967853449254,5.446681436897401,1326.4580205894854,0.41902728888739055,0.07078258830773669,17.178489272657956,0.10452311059666176,0.4,0.2,True,exact,10,5.719495903087176,1355.0560268321447,0.005127365532585304,12.35190039998912,234.11455290425607,True,0.01666015944719901,1,0,False,21.973746240000764
1717,5,6,6.163005485026502,4.898771420634982,1327.504866142824,0.3467066737263296,0.06366219957927824,18.05505949145668,0.10933549399834275,0.4,0.2,True,exact,9,6.162757217113324,1352.1565813934953,0.0042257535388031675,12.007190976554293,203.00718802556537,True,0.02476706098369406,1,0,False,22.608815138000864
1719,5,6,7.143669956525261,4.550870346229201,1331.5555159240944,0.005027751295584604,0.059141035856600334,19.9228504665573,0.12094104719203945,0.4,0.2,True,exact,6,7.143520466045384,1352.986960277345,0.003845951160091232,11.90013972429396,135.2393550554406,True,0.021296863868855487,1,0,False,23.00986493199889
1720,5,6,7.3646301181264615,5.306951740362623,1331.5052495490793,0.5647038251215236,0.06896672488727197,20.33158238958522,0.10472555730401746,0.4,0.2,True,exact,4,7.364461569996135,1353.599392964197,0.004810223710960071,12.641550723689386,146.04450729438292,True,0.033146927855019256,1,0,False,23.14167329799966
1721,5,6,5.656899406209351,5.312504387735994,1328.9563185243828,0.8850876293765066,0.06903888456057045,17.05255759020584,0.0634077455868243,0.4,0.2,True,exact,9,5.656754214482216,1351.584262091304,0.00358333936539712,14.518088869314987,137.37610473481644,True,0.0260771993602499,1,0,False,23.008040775001064
1722,5,6,6.965095389062281,4.756588629615142,1328.1815872427785,0.8972370437266721,0.06181445686147848,19.58943604234605,0.06433988534064222,0.4,0.2,True,exact,8,6.964990966984503,1356.04149295548,0.0028761798294801855,15.174384887201883,89.74037044232247,True,0.03552075443967817,1,0,False,23.14093997100099
1723,5,6,7.7314390677632,5.640045386506501,1326.1074636741628,0.41523701823278175,0.07329545802433524,21.00120008506906,0.11604424258223033,0.4,0.2,True,exact,8,7.7311607568103,1357.0339064897832,0.0056843219732035655,12.286919967909073,232.3873398478304,True,0.011506171012122382,1,0,False,21.936045061000186
1724,5,6,5.936391260516136,4.8213342363327065,1326.2282587997743,0.0877426279332174,0.06265586124286535,17.60971114815751,0.11370906159285371,0.4,0.2,True,exact,9,5.9365145592964215,1355.9103258423575,0.004259686712957733,11.940987497684498,196.16218031729622,True,0.01742824736413479,1,0,False,22.13388283599852
1726,5,6,5.696251882045554,5.154596850522724,1328.8772218675936,0.338489943294139,0.06698679021160805,17.131550770581285,0.10717809450635661,0.4,0.2,True,exact,10,5.696299987960542,1351.6624972685506,0.004776760174895256,11.870951213380943,239.0406502855254,True,0.015952945399050903,1,0,False,22.169768259000193
1725,5,6,5.923855368645993,4.4310999438179,1329.5973165342987,0.7913205571425324,0.05758455432127482,17.58491143484165,0.07533271634509937,0.4,0.2,True,exact,8,5.923695968224076,1353.2923285854383,0.0029357431094049202,14.697294931660858,106.96770208239974,True,0.03319527846031344,1,0,False,23.600505020000128
1727,5,6,6.8942057532058705,4.653723012384575,1326.3937242705313,0.495928829927506,0.06047766220590561,19.456290763841498,0.1058025135190948,0.4,0.2,True,exact,7,6.894204575935474,1353.9709775996173,0.003671544046953912,13.446447600208964,135.80188810676867,True,0.0340539751258076,1,0,False,22.97133734700037
1728,6,6,12.32028296996429,4.877970370175436,1335.9270767246971,0.12700338368481193,0.06339187861263013,28.651740522686907,0.1445426559443665,0.4,0.2,True,exact,4,12.321073559572946,1348.245337022115,0.004364056627942703,12.443021200021276,132.57657872155,True,0.03075173331200305,1,0,False,23.103543885999898
1729,6,6,8.034087086513994,4.820310851162397,1326.8766164760714,0.15488386496641007,0.06264256179584803,21.545748079151917,0.12483409077286273,0.4,0.2,True,exact,7,8.033931223612115,1350.9795467167116,0.004185057750527688,11.253123492528712,175.26179463214467,True,0.013415239805940306,1,1,False,23.278626085000724
1730,6,6,7.963830745578424,5.243622234419502,1326.253316406041,0.26071506724387866,0.06814372350581836,21.419955712633882,0.12264410795208482,0.4,0.2,True,exact,7,7.963388433120836,1358.108390111692,0.004982337210445387,11.948486554498718,206.75719724789144,True,0.022704235796044567,1,0,False,22.63496910900176
1731,6,6,9.54343579469032,5.299003946688685,1326.8283638736268,0.08711654722098659,0.06886343898482021,24.166127267222862,0.1339572839961652,0.4,0.2,True,exact,6,9.54321083655304,1355.4579584722012,0.0051644495858598205,11.75931496906104,218.66212024153066,True,0.026115439581185965,1,0,False,22.765291759998945
1732,6,6,8.640666433918996,4.455864654386072,1329.2318974659254,0.843562226082519,0.057906385207295144,22.6170199358816,0.07770025601990778,0.4,0.2,True,exact,7,8.640644030274771,1355.1542424283664,0.002757659768676257,13.954548869568994,94.45118611161642,True,0.04828452164270309,1,0,False,23.41950058600014
1734,6,6,10.030808775980434,4.761776808723565,1330.0539144031152,0.09383160484683971,0.061881880071400504,24.98203745189231,0.13522754888780808,0.4,0.2,True,exact,5,10.030742857280984,1350.115436677104,0.004198297979569943,12.229608307617356,163.00298387415538,True,0.025140662650077864,1,1,False,21.98910672600141
1733,6,6,9.451294832611506,4.465068247104529,1330.9564589445963,0.22278005698165365,0.05802599090149447,24.010328118518927,0.12964188278732502,0.4,0.2,True,exact,6,9.451162482106957,1349.8596353017558,0.0035489457750942366,11.99736179685507,141.7950836747309,True,0.028506196211239194,1,1,False,22.23330197500036
1735,6,6,9.510015373727343,4.726670203710733,1333.8773385968036,0.2758093313712397,0.06142565064100424,24.10967560188129,0.12873849683477182,0.4,0.2,True,exact,6,9.51059638846055,1352.897799989463,0.004127719507237115,11.363222774312614,159.27663501500132,True,0.027685772521164557,1,0,False,22.50309826299963
1736,6,6,9.384960213448876,4.478707106702763,1331.661339854045,0.06905041738994613,0.058203235301614684,23.897850767715244,0.13204120362901298,0.4,0.2,True,exact,6,9.384447636731776,1350.4315962360056,0.0036439959590698345,13.007131115886805,145.75196180350272,True,0.028546698714969645,1,0,False,22.642981379000048
1738,6,6,9.19881067530863,4.431185086538795,1328.2249205789385,0.4388486041098813,0.05758566079725112,23.58078949117373,0.11953668696884065,0.4,0.2,True,exact,6,9.19855936746094,1355.8218165649248,0.0034505653942384917,12.356663219829084,134.13433655948967,True,0.02471785481583895,1,0,False,22.4294200559998
1737,6,6,11.238261472685934,5.178937960519159,1333.9278266510978,0.7445551639276727,0.06730311617775679,26.948626947820106,0.10156185962286611,0.4,0.2,True,exact,4,11.23808943595938,1356.4045048344608,0.004126591722831807,13.204599263088962,117.46041160365465,True,0.028667336888433353,1,0,False,23.376494227000876
1739,6,6,11.186440722731735,5.77903719506726,1327.5616308820743,0.003874945922043194,0.075101732189161,26.865721271852014,0.1425299963029596,0.4,0.2,True,exact,4,11.185583337686156,1349.9348051379143,0.006022251626212283,11.938617230466322,204.04026870696993,True,0.019643964474011903,1,0,False,22.38215296999988
1740,6,6,8.364468648351684,4.645830362033499,1328.3383411599095,0.2924464005972803,0.06037509292093282,22.13244834989581,0.12266800224485014,0.4,0.2,True,exact,6,8.364041540977366,1353.4323776688075,0.0037566195805869285,12.625595290129192,150.10646804071567,True,0.022888563218332218,1,0,False,22.36130127600154
1741,6,6,9.031784265700452,5.008323435860136,1328.2397939227324,0.606783931797853,0.06508588761424107,23.294474870464573,0.10809299759554371,0.4,0.2,True,exact,6,9.031866665990057,1355.334238460512,0.004056080667419026,12.684320104137678,157.85979808636299,True,0.02260949835234315,1,0,False,23.08172526999988
1742,6,6,12.080502567692037,5.675600563242288,1330.2464278456157,0.5265921822239785,0.07375751688829764,28.278772599544862,0.1272904835001082,0.4,0.2,True,exact,5,12.081491598368071,1354.4081060342783,0.00538851321264322,11.957863365426322,204.02844862984773,True,0.02771679362487335,1,0,False,22.45857346899902
1743,6,6,10.876349026614538,5.579134572897907,1332.5923706051194,0.2294504469456052,0.07250388886555542,26.366914535240902,0.13760372135232626,0.4,0.2,True,exact,5,10.875819646804207,1354.3446527561505,0.00565702676744817,11.705232307079111,214.0549910794786,True,0.022710812655146056,1,0,False,22.7891879480012
1744,6,6,8.223651899427049,5.089659315774262,1331.6735511481536,0.16902593598607005,0.06614289162104939,21.883344638619633,0.12597066857098843,0.4,0.2,True,exact,7,8.22338846096176,1356.3450538454272,0.004699400678625287,11.8177507062101,166.44573869416286,True,0.025012956720105235,1,0,False,22.89106404499944
1745,6,6,11.974813051791442,5.743341505500572,1334.583298482671,0.21077048780333124,0.074637847284521,28.113594878340578,0.14290931294928844,0.4,0.2,True,exact,4,11.974539557207626,1358.5327175769573,0.005989471800757706,11.82482308846433,213.76778665980896,True,0.019696999350986157,1,0,False,22.948458756000036
1746,6,6,10.529725953552925,5.44272125424216,1335.6697088538358,0.7659172413298572,0.07073112357976298,25.803696979062817,0.09724515563309735,0.4,0.2,True,exact,4,10.529596385725608,1356.7293937339932,0.004480171456505699,13.116136365470414,123.16256543435551,True,0.03671788111895154,1,0,False,23.12232392900114
1747,6,6,10.053547196177277,5.096563394167321,1328.5170605768924,0.763661209523315,0.06623261387563724,25.019777025240955,0.09523122956198554,0.4,0.2,True,exact,5,10.053810881820588,1358.6785086080038,0.003889173378749833,14.390053329053705,105.45185610700125,True,0.03295565370126741,1,0,False,23.18647487800081
1748,6,6,8.202778453337864,4.830456461520172,1330.5175852349432,0.41735579844441983,0.06277440952173488,21.84629911240848,0.11687678227540958,0.4,0.2,True,exact,6,8.20289569920271,1355.1257630601501,0.004022768899854756,11.920897071111881,153.47879809556974,True,0.02611655636103134,1,0,False,23.054327985999407
1749,6,6,8.120490835927276,4.802205266212627,1326.401748881402,0.507888559986931,0.06240726986985275,21.69995040736785,0.11121810862252526,0.4,0.2,True,exact,7,8.120430958803938,1350.7638506097871,0.0039234023071180735,11.688748015241169,164.59359900733457,True,0.02125882239704486,1,0,False,23.1620629629997
1750,6,6,8.846068332791388,4.3760041840488855,1325.3502080811081,0.029116598782211112,0.05686855495057295,22.974042182980366,0.1295306765869867,0.4,0.2,True,exact,7,8.845610646641742,1351.8890738381906,0.003421526195864999,11.75300950859575,133.79047067595135,True,0.02544076809268232,1,0,False,23.624113636999027
1751,6,6,12.29941706432621,4.364392497749655,1326.6891688421183,0.47366078064129324,0.05671765477027065,28.619381233725846,0.12926105292413922,0.4,0.2,True,exact,4,12.299545862053852,1351.2866364366496,0.0034159159697565444,12.104935879165964,118.32507335614294,True,0.038214908669045256,1,0,False,23.771821166001246
1752,6,6,9.90016919142298,4.58312550573395,1334.5887186728296,0.02037590494998104,0.059560209201411474,24.76465594405315,0.134846120099395,0.4,0.2,True,exact,5,9.9007757011457,1354.3892523648333,0.0038089031366740356,11.363338433718942,147.27988356433113,True,0.02438425007902282,1,0,False,23.473044648000723
1753,6,6,8.752816500408862,5.6648768365662425,1326.4517119840623,0.16756145868494512,0.07361815622635529,22.812301531428172,0.1295663182247055,0.4,0.2,True,exact,7,8.752791600883933,1352.7095653485271,0.005801766499414551,11.596647833590607,239.22767300039436,True,0.01275090978364155,1,0,False,22.522388601000785
1754,6,6,11.144212768893004,5.038026652222211,1332.0776974035803,0.893507658303375,0.06547189706963709,26.798067974360553,0.07687862310566079,0.4,0.2,True,exact,5,11.144547889771543,1354.366562367085,0.003177125032418071,14.294721494018257,86.70079673801806,True,0.04222582154741177,1,0,False,23.088483196999732
1755,6,6,12.35406716563499,5.0301382836165685,1332.8624124417554,0.409980677540004,0.0653693834282755,28.704095064533128,0.1347542727155989,0.4,0.2,True,exact,4,12.354900480797586,1357.5709394241371,0.004395481321894823,11.831235190820209,151.46013988569158,True,0.02426533211071426,1,0,False,23.743894279001324
1756,6,6,8.730917571125778,4.947201913857161,1325.6050790340582,0.8200246420210082,0.06429158018524936,22.774235801561332,0.08285552783618932,0.4,0.2,True,exact,7,8.730763872687293,1351.797648830604,0.003479592709337953,13.34948961084859,122.67675022132201,True,0.027292284745112118,1,0,False,23.22704387199883
1757,6,6,10.653597976644603,4.916011861534903,1333.4708974741513,0.731384710821159,0.06388624848770093,26.005672586043424,0.10080357987363621,0.4,0.2,True,exact,5,10.654546205304934,1354.7789808731518,0.0037754923996602407,13.362348124168507,119.70777872205915,True,0.026429800401992044,1,0,False,23.852078103998792
1758,6,6,8.411933022979916,5.607445161303233,1328.139797342694,0.5651581941017598,0.07287180036305352,22.216096763542325,0.10997936143373149,0.4,0.2,True,exact,6,8.411700925466508,1353.376137072275,0.005262154355416215,12.90732105913186,204.5929259262793,True,0.024911799196251572,1,0,False,23.20485549499972
1759,6,6,10.519334099472305,5.085707239873268,1332.6974301400878,0.5774028759226278,0.06609153224475726,25.786716962647546,0.11642305096108134,0.4,0.2,True,exact,4,10.519302247663887,1353.7360710828698,0.004323159857631431,13.931864359803653,135.56667452901848,True,0.031603574352749596,1,0,False,23.040842303000318
1760,7,6,18.901428716061584,5.825714836924948,1327.9317128478178,0.5500866092523202,0.07570833353808636,38.112459519769565,0.14596043976849724,0.4,0.2,True,exact,3,18.900492300651685,1346.8336932631937,0.005726218496192148,12.514589170242566,148.31257981518573,True,0.02226576761862565,1,0,False,22.669674226999632
1761,7,6,17.21551224940518,5.650942811190429,1334.5215210922925,0.3001677938949613,0.07343707598638304,35.811060921749444,0.15773367036717498,0.4,0.2,True,exact,3,17.21660296384367,1351.7368664263856,0.0056408670449001885,11.339626150096455,175.1785060462668,True,0.028468931653018555,1,0,False,22.65568279299987
1762,7,6,17.432555313931353,5.416886092679049,1339.7590987651708,0.5059609573535656,0.07039538160073011,36.11142186746299,0.14497481965779352,0.4,0.2,True,exact,3,17.43138236210721,1357.192270824649,0.00500103213826264,12.548727058663243,106.03229003180385,True,0.028040865662026068,1,0,False,22.58676067000124
1763,7,6,19.533688686551077,4.65989603885246,1340.8406934778188,0.3811121536315989,0.06055788404302812,38.957707774400895,0.15798608274623685,0.4,0.2,True,exact,3,19.53175633868942,1360.3748948012312,0.003850182640554811,11.931361373947475,121.31590688082944,True,0.039197196969920634,1,0,False,23.042614658001185
1764,7,6,15.924142903127548,5.311714891585314,1331.600506609287,0.8836387544187216,0.06902862462860059,33.99705243835232,0.08974112290286398,0.4,0.2,True,exact,3,15.92420047885846,1347.5249014414005,0.0036267423700082624,16.200873902982945,80.81284880145923,True,0.056946794899132354,1,0,False,24.19344630299929
1766,7,6,16.0902800201173,4.373542760014211,1325.8772646887787,0.6517137806673237,0.05683656740620935,34.23310475697149,0.12450768487036087,0.4,0.2,True,exact,4,16.090768818345374,1358.0588010992328,0.0030464658716777837,12.631500014890692,99.96891950429598,True,0.0345751207780989,1,0,False,23.559108183000717
1765,7,6,17.63776824886926,4.93769832983745,1340.1217743756258,0.8446913031676485,0.06416807594089274,36.394266887079034,0.09988078527798885,0.4,0.2,True,exact,2,17.636602115211318,1357.7599280777533,0.003412997955396846,13.767633982228038,65.604759670693,True,0.0768850857022873,1,0,False,24.53380187500079
1767,7,6,19.97971676197705,5.842049090853045,1332.3496495553045,0.6673110280958837,0.07592060605383776,39.548508158758466,0.13574879392167888,0.4,0.2,True,exact,3,19.979071268571207,1352.3295847311133,0.0054077702826802465,13.613610504958293,111.4586262688937,True,0.029433056224964293,1,0,False,23.44705802399949
1768,7,6,15.409008980035448,4.6983627409619935,1325.7039396585526,0.0019736026167660238,0.06105777976311387,33.25985563114931,0.15650076078721645,0.4,0.2,True,exact,4,15.409339134781687,1356.5216917321054,0.003942000400337542,11.13977793924006,142.39875757888203,True,0.02519643922256371,1,0,False,22.811728478000077
1769,7,6,17.864906660549256,4.8366774886904,1337.0097594421336,0.4151834629714417,0.0628552551540971,36.706055921132425,0.15160474176229036,0.4,0.2,True,exact,3,17.866152395591854,1354.873697108134,0.004158422402766426,11.03481437853844,120.79188115776047,True,0.02886096629162732,1,0,False,24.05245279399969
1770,7,6,16.64477127294406,4.496699693735903,1330.457269679515,0.17663093546572775,0.058437058758211646,35.01513260011033,0.15793341159861216,0.4,0.2,True,exact,4,16.643577384294257,1347.1029658468362,0.0036301738126008898,11.726914681888497,135.82166252185252,True,0.03793533554177004,1,0,False,23.98353318699992
1771,7,6,17.356216175025885,4.356784129474063,1332.244229353153,0.21464826546661372,0.05661877988552033,36.00592076255484,0.15876895682869344,0.4,0.2,True,exact,3,17.356817237150164,1349.6004556996922,0.0034059932801620008,13.486880300793985,88.59777306909088,True,0.05229768321784589,1,0,False,25.130079578000732
1772,7,6,15.134412018949718,5.213686134242834,1327.3892243265616,0.29141029673626806,0.06775468759856118,32.863533436117905,0.15060956227995329,0.4,0.2,True,exact,4,15.134806612633726,1357.6585641878094,0.004726048600057764,11.977539288922927,164.88820657668163,True,0.039148370354446016,1,0,False,23.64811883099901
1774,7,6,18.60460073714326,5.110017274963063,1334.6701193774134,0.470286516434843,0.06640745437558923,37.71239585071316,0.15032376702950154,0.4,0.2,True,exact,2,18.604627981686054,1353.274047694228,0.004516418244080556,13.420764600343832,109.69234625848941,True,0.03760097369533855,1,0,False,24.218706442999974
1773,7,6,14.532205031560142,4.411785064752808,1332.4913745969313,0.887328537209678,0.05733354696038593,31.98587472727993,0.08318919683452705,0.4,0.2,True,exact,4,14.532758742165697,1347.0248347047077,0.002444343104647917,15.249282376238758,67.13363139432778,True,0.12114808271908703,1,0,False,24.660988718000226
1776,7,6,18.770898242616322,5.25510024038879,1339.413200014505,0.07084820093288215,0.06829288643750997,37.93679093157664,0.16790579262595134,0.4,0.2,True,exact,2,18.76949633662814,1358.1842597991701,0.004956889170363188,11.998922128642176,120.82178344396563,True,0.03233868257759753,1,0,False,23.867513010998664
1775,7,6,19.14695046281218,5.397937943452579,1338.7132671846728,0.7996596951745631,0.07014914009359786,38.44179249036911,0.1127817024610727,0.4,0.2,True,exact,2,19.1458116932442,1357.8610126557862,0.004284514413920637,12.665141919822114,93.24234887357147,True,0.04327731007262327,1,0,False,24.23189208400072
1779,7,6,14.743907681215143,4.574680349026495,1338.5784069676683,0.5866246375093541,0.05945045979576997,32.29576846449418,0.12823843943052302,0.4,0.2,False,none,1,2.4908164659381193,1354.1892341711946,9.336978325213963e-05,4.17397083797289,6.6881244081974,False,0.33039999886845134,0,0,False,11.648112777000279
1780,7,6,15.063047417369484,4.3850546787613585,1339.0812917064723,0.8606734674562647,0.05698617105289804,32.76014256762901,0.08983643190064673,0.4,0.2,False,none,2,15.86511043406896,1353.342342646611,0.001513292376310038,4.597839475277165,29.596775568205707,False,0.14061540058195998,0,0,False,12.008207101000153
1777,7,6,15.406723617571716,5.559361367214498,1328.7544112019211,0.04678840078845289,0.07224692530092841,33.256566961742344,0.1579936056314692,0.4,0.2,True,exact,4,15.407055647803501,1359.568062258149,0.005571069947184815,11.250212966194468,205.07532011043443,True,0.018564266590364514,1,0,False,22.17748938600016
1778,7,6,16.3671151232123,5.271710818448606,1334.603690063958,0.18084885066665435,0.06850874993567542,34.62464364668701,0.15848075798157976,0.4,0.2,True,exact,2,16.367604615974923,1350.9707430785168,0.00503290325651784,12.241172489400654,126.52132074872665,True,0.027889830634392904,1,0,False,23.027755338000134
1781,7,6,14.556837013782351,5.725995857209525,1327.154773100776,0.29787196262201476,0.07441243114881703,32.02200840828077,0.14940555180259452,0.4,0.2,True,exact,4,14.557547955571104,1356.2684218736842,0.005966631488790175,11.761649037067372,212.0015788049181,True,0.0319847595869051,1,0,False,22.466732754000986
1782,7,6,16.94343019055692,4.9051581918806155,1334.7974352758524,0.6777138481786962,0.06374519914606636,35.43274341874343,0.12483398680144864,0.4,0.2,True,exact,3,16.94378228703847,1351.7411707495803,0.0037635009939330777,12.724443305589134,103.015371909289,True,0.03761981401472389,1,1,False,23.433164099998976
1783,7,6,15.212059120020987,5.708965926376326,1326.4459946203629,0.5253914963118652,0.07419111793323042,32.97584177879985,0.13761509540185668,0.4,0.2,True,exact,4,15.21171093461539,1356.869872831773,0.0055265697445874284,11.964661610431603,191.51668263419631,True,0.023855715209443202,1,0,False,22.935463081999842
1784,7,6,13.381056591377096,4.57731479787237,1327.0508513330078,0.896417585656689,0.059484695891681906,30.273606332979966,0.07949665022945054,0.4,0.2,True,exact,3,13.380903377881276,1353.8140389683047,0.0025899763586194613,17.32182563396675,59.15740323582503,True,0.10149199967191172,1,0,False,24.040184572000726
1785,7,6,12.863797444467707,5.851484111901446,1332.1770137442093,0.833585856286455,0.07604321928508341,29.48831901534711,0.09453087381368638,0.4,0.2,True,exact,4,12.863103835582786,1357.9042211337076,0.00473955419080152,13.995190784230765,113.17599980444083,True,0.033804514321328104,1,0,False,22.565911671999856
1786,7,6,16.44545239515333,4.8823584804460785,1329.6162309737385,0.10414379858282648,0.06344890449276178,34.735037404165446,0.15952230536977594,0.4,0.2,True,exact,4,16.445231475166047,1346.0612449377081,0.004367245514394602,12.321148325348666,141.1643581519097,True,0.027981477069371374,1,0,False,23.027520768000613
1787,7,6,13.577727184543848,5.228661837915071,1337.8096429189939,0.5125570081214671,0.0679493050146762,30.569519076411407,0.13249995517599503,0.4,0.2,True,exact,4,13.57766575796137,1351.3881010955033,0.004657379607325929,12.241801497515945,156.96786415524076,True,0.02698418501745588,1,0,False,22.905615665998994
1788,7,6,17.966707936767886,5.852628969584836,1329.7412073579126,0.7474687129135033,0.07605809733349017,36.84536753280868,0.12018214019092698,0.4,0.2,True,exact,3,17.965899964361448,1347.7075384269033,0.005279900110587654,12.920384374082477,134.88844390650013,True,0.03219870114028124,1,0,False,22.862169911999445
1789,7,6,19.321415724198967,4.762937733060535,1342.78600561578,0.5184273687911557,0.06189696691471091,38.67495801685705,0.14740104506822957,0.4,0.2,True,exact,3,19.322348590371565,1362.1066745529135,0.004007064802748039,13.572268548532488,88.87101515792321,True,0.0447000257683564,1,0,False,23.308398387000125
1790,7,6,13.521309173983639,5.53014198448823,1328.4505537549649,0.5861007929150939,0.07186720352683881,30.484778921854552,0.12674495646670503,0.4,0.2,True,exact,4,13.521240420567342,1355.4936974286766,0.005075491572223756,11.753490052868514,170.81946380271242,True,0.02528350406727956,1,0,False,22.473996169999737
1791,7,6,13.540355233291065,4.76014374123823,1328.0901366603712,0.2525227934159216,0.0618606574710277,30.51339935973746,0.1457179912513655,0.4,0.2,True,exact,4,13.53968833046894,1355.17114012348,0.004170201857453315,12.258319309304088,124.21569265430928,True,0.03329831446454504,1,0,False,22.73874266600069
1792,0,7,0.7775407923011006,7.580965795992614,1326.0178365685138,0.6824301944738611,0.09851877462076115,4.5417094024004525,0.047745063206522526,0.4,0.2,True,exact,64,0.7775288581635132,1354.0094169397619,0.008946685766160645,17.361793224443023,837.2990632518917,True,0.0039259973056787354,1,0,False,22.81754093299969
1793,0,7,0.5763030015665426,6.390919365404137,1325.3602089512876,0.3201280300205913,0.08305347386114516,3.7196705416107827,0.05190625087075019,0.4,0.2,True,exact,89,0.576309382380474,1354.1751232065656,0.007183702997658359,17.922860055345655,796.8248156567399,True,0.0027766386431690676,1,0,False,22.7074888749994
1794,0,7,0.5751427958028978,6.530569924334661,1325.7588330336005,0.3787790431344136,0.08486830884539114,3.714676603237662,0.051022200953460786,0.4,0.2,True,exact,88,0.5751431106749373,1353.9408852606139,0.007322227684068983,17.856060185174506,798.0575233897109,True,0.0025708597305450502,1,0,False,22.505504720998943
1795,0,7,0.6057824174511908,6.937014155610466,1325.6699305943444,0.44192192531238433,0.09015027273950822,3.845460283532983,0.05089358156020826,0.4,0.2,True,exact,85,0.6057832979733127,1354.1418206547876,0.008362154264850319,17.700312826502557,882.1160744882233,True,0.0035441930492579048,1,0,False,22.675052210999638
1796,0,7,0.5914750406858598,6.943224236190479,1325.773290051635,0.8913925414492629,0.09023097611497556,3.7846713228573217,0.032288128868922954,0.4,0.2,True,exact,86,0.5914759704748804,1354.1641725453362,0.005774404853951864,19.8378384071445,490.8229510599658,True,0.004354085721702282,1,0,False,23.32453041899862
1797,0,7,0.6070186459505594,6.9125865844160215,1325.7693915549269,0.43635253282224856,0.08983282316305581,3.8506901615035236,0.051026972585754234,0.4,0.2,True,exact,86,0.6070117016644981,1354.2993603157734,0.008311981932526025,17.798808473896862,860.8261450437885,True,0.0027868358925778715,1,0,False,22.345777197000643
1798,0,7,0.7831348556688241,7.597308157394984,1325.8371555038027,0.0665168824742255,0.09873115249755123,4.5634670967097355,0.06050690475641905,0.4,0.2,True,exact,62,0.7831385822332917,1354.0301170062737,0.010545420019575258,16.632217911687622,1028.2512205403818,True,0.0016927819640252363,1,0,False,23.389561681000487
1799,0,7,0.6417715038400201,7.547938707545034,1325.6037676734693,0.5133363873496999,0.09808956963940282,3.9962947019793273,0.050549697567843214,0.4,0.2,True,exact,82,0.641762875372202,1353.8419471664188,0.009578209680489058,17.816776577060782,1016.9323951085237,True,0.002705476621842255,1,0,False,23.261257725000178
1800,0,7,0.656389452361679,6.725634283065331,1325.5614530287382,0.36227434263420927,0.0874032763035597,4.056750360137138,0.05360312504149985,0.4,0.2,True,exact,79,0.6563779195342582,1354.4426262970494,0.008003475152069783,17.58985148784147,850.4669994444732,True,0.00193382738420507,1,0,False,23.141739223001423
1801,0,7,0.5294262262703505,7.954837306675629,1325.4232681360213,0.7984139699617608,0.1033774382909724,3.5151256609981454,0.03780693185635891,0.4,0.2,True,exact,96,0.529422010694487,1354.0122447483777,0.008919272382668986,19.121529453482133,875.491987481176,True,0.0032026211072685488,1,0,False,22.032595685999695
1802,0,7,0.6139402166172325,6.830917540445247,1325.4841382031505,0.005813632942926883,0.08877148950808761,3.8799066471110066,0.055585021528819584,0.4,0.2,True,exact,85,0.6139414885279255,1354.3391879025212,0.008514329320158165,17.529279101028752,954.2522298698777,True,0.003109485219068352,1,0,False,22.272949700000026
1803,0,7,0.636067459402188,6.31618398923514,1325.6440882315985,0.15073509728013584,0.08208224699122796,3.97258019357441,0.055337468998384765,0.4,0.2,True,exact,82,0.6360806647026735,1354.2670730616624,0.007233006872175651,17.55138132801306,837.4432937938365,True,0.004504347827212889,1,0,False,22.917633650000425
1804,0,7,0.5303030911399575,6.389155068092183,1325.4944107343983,0.32078821325957174,0.08303054585778544,3.519005886840218,0.05058096453118332,0.4,0.2,True,exact,96,0.5303121249277356,1354.1304932086398,0.007305368085910646,17.99322077242788,779.4194786915995,True,0.00503297408757209,1,0,False,22.581589453999186
1805,0,7,0.7500466521566402,6.119265040475792,1325.461264622464,0.39541093632312635,0.07952317812672595,4.434003914723059,0.0547827527294537,0.4,0.2,True,exact,67,0.7500494651881527,1353.9630311605251,0.00652500409233181,16.898388774391464,665.2570564063013,True,0.004514503685941164,1,1,False,22.323590549000073
1806,0,7,0.7462282746043325,6.841024511485128,1325.489498502805,0.08005310984160398,0.08890283509501837,4.418942541449793,0.05898751822223528,0.4,0.2,True,exact,70,0.7462421175997519,1353.8460212229993,0.0085044739649619,17.18753674698712,830.4463513965051,True,0.0020378392214687293,1,0,False,21.894112022000627
1807,0,7,0.6902058130878652,6.992559662124875,1325.7598803889214,0.03280800446932691,0.09087211681383207,4.194913043372426,0.057771408737568114,0.4,0.2,True,exact,74,0.6901939323607804,1354.058581876834,0.00879451806851117,17.138991205288622,892.0720516958976,True,0.003044363621463461,1,1,False,22.598306900999887
1808,0,7,0.5577725929153247,7.920019195890597,1325.3948740200235,0.3320743546682612,0.1029249580000094,3.6395023269087625,0.05227384298820467,0.4,0.2,True,exact,93,0.5577711145721828,1354.3992989202955,0.01092779273775979,17.977974379389643,1231.0999558247104,True,0.0014867630667636184,1,0,False,22.768712659000812
1809,0,7,0.7886728386511236,7.942981062608946,1325.889159418524,0.02869029566854835,0.10322335994944082,4.584955699253641,0.06098412105200452,0.4,0.2,True,exact,65,0.7886718699063953,1354.281398695839,0.011534792819840933,16.753975590438756,1085.0931717025544,True,0.002773724504991582,1,0,False,22.589207979999628
1810,0,7,0.7553910545790845,6.956837619757458,1325.6998934922785,0.6543591819600818,0.09040788944021048,4.455041759906842,0.04790930068761281,0.4,0.2,True,exact,68,0.7553862822122581,1354.4047624991078,0.007639688667577693,17.57841880902874,670.2267530184839,True,0.003290288305391962,1,0,False,22.598333433001244
1811,0,7,0.5802485331427785,7.042146244926817,1325.5988989870693,0.348024505502001,0.09151652143281355,3.736628498563674,0.05204622176856077,0.4,0.2,True,exact,88,0.5802451191234549,1354.0309227370913,0.00863986885940704,17.820307057621246,960.3943616846434,True,0.0018063649159803883,1,0,False,22.714598500000648
1812,0,7,0.575020478733377,6.831487567538041,1325.3828925599842,0.28008234182364233,0.08877889732025744,3.7141499114706304,0.05272389862800703,0.4,0.2,True,exact,90,0.5750223517445516,1354.1340138622695,0.008331983127234932,17.884044458900515,915.7363685849293,True,0.0022259331759040234,1,0,False,22.594404442999803
1813,0,7,0.7545704772520251,7.617382040318192,1325.9610666829767,0.2554317186534089,0.0989920235264801,4.451814849889593,0.058336796577824826,0.4,0.2,True,exact,67,0.7545749569003379,1353.8800993678544,0.010251039472947143,16.909255316096417,1034.086179206302,True,0.002305597793632152,1,1,False,22.005564950000917
1814,0,7,0.651858512948472,6.211562126183626,1325.3333330420196,0.5359758200037913,0.08072262896580108,4.038060133029915,0.04910938618630884,0.4,0.2,True,exact,82,0.6518533129402779,1354.0152232944142,0.006408635956627773,18.292441212511456,676.9895490349052,True,0.0043591541813651925,1,0,False,22.4867407239999
1815,0,7,0.6091359476639365,6.099148705717312,1325.5614622337976,0.23882824423990306,0.07926175541310362,3.8596391897466367,0.053657746797468514,0.4,0.2,True,exact,85,0.6091297837560833,1354.1911627782447,0.006600479713132934,17.51723918720189,752.3727088146024,True,0.0035267980221414057,1,0,False,22.52071810199959
1816,0,7,0.6551775396038579,7.936056105740795,1325.71795837838,0.44738438980774553,0.10313336636771109,4.051755417338418,0.05278167445894253,0.4,0.2,True,exact,78,0.655179086279093,1353.890557922543,0.010668495727156557,17.794766599464555,1130.5019783613382,True,0.002202801335624214,1,0,False,22.835291477000283
1817,0,7,0.5029596124593566,6.815754956352587,1325.412229221742,0.0036803786940067806,0.08857444347924485,3.3969771800213886,0.05222474182347979,0.4,0.2,True,exact,102,0.502967091542226,1354.080731430449,0.008397361819242666,18.3253080075979,1010.4396024540824,True,0.002010614394450612,1,0,False,22.786536143001285
1818,0,7,0.6387605602095393,7.0903045521363905,1325.893868410765,0.5230889445309718,0.09214236483347965,3.9837855286359316,0.04985669806617456,0.4,0.2,True,exact,80,0.6387576340378647,1353.999560297708,0.008387857477367477,17.907869839239755,862.3205856620042,True,0.004199907458931426,1,0,False,22.8816775209998
1819,0,7,0.604257488766224,6.191714042609836,1325.4158495901413,0.749573785106827,0.08046469232225442,3.839004152825322,0.04004127574245757,0.4,0.2,True,exact,84,0.6042662162805776,1354.4199663231764,0.005776421123217634,18.616327318956714,568.3664078639553,True,0.005108104261462375,1,0,False,23.189183508000497
1820,0,7,0.5578503305530805,7.400612163842588,1325.3939753628758,0.015362165843512743,0.09617498105725285,3.639840481138068,0.054315045043777536,0.4,0.2,True,exact,93,0.557846905674004,1354.4024588075902,0.009835143847473415,17.692034538719486,1124.4001880534308,True,0.0015084827861383918,1,0,False,23.37412829599998
1821,0,7,0.5334002431452509,6.7457763038243606,1325.415119827654,0.3886064217482768,0.08766503282073254,3.5326940523225954,0.0498350294533151,0.4,0.2,True,exact,98,0.5333932049571397,1354.2189418427276,0.007937089470691938,18.285916083599055,860.647901402195,True,0.0021974462973765214,1,1,False,23.179975522998575
1822,0,7,0.6805882059767894,6.353850177623747,1325.4372691223737,0.07655702069461927,0.08257173960002484,4.155852899182506,0.056954835956985764,0.4,0.2,True,exact,76,0.6805936033660308,1354.0216687622485,0.007220893743485446,17.33378732562357,756.8442096586172,True,0.002718563921972158,1,0,False,22.580541588000415
1823,0,7,0.7641034189657903,7.027860574122244,1325.340542958305,0.4492328416411084,0.09133087136919685,4.489231306456543,0.05461501202293731,0.4,0.2,True,exact,68,0.7641043247504651,1354.3764778030597,0.0085968777220089,17.163655541031627,846.6869954143486,True,0.0033548744014779705,1,0,False,22.625274912999885
1824,1,7,1.01047190628472,6.67030172141372,1326.2244568448227,0.017621638741124424,0.0866841995635715,5.408623074265751,0.06505813170511318,0.4,0.2,True,exact,51,1.010469230041514,1354.5176362787045,0.008026059777454742,15.157325425927805,745.0889622165507,True,0.005036443189918339,1,0,False,22.931929669000965
1825,1,7,1.052525720919434,7.179536972434599,1325.3176992889728,0.13335737017372262,0.09330198867835589,5.557665010375792,0.06585686952315288,0.4,0.2,True,exact,48,1.0525348181292251,1353.7357603524315,0.009260356651444202,15.344142872489707,776.6839021457089,True,0.004059532629735173,1,0,False,22.58816246099923
1826,1,7,1.0009934924290322,7.577248499153954,1325.2975540285634,0.830980399113207,0.09847046632610561,5.374747383996793,0.04323958486359096,0.4,0.2,True,exact,51,1.0010030267347607,1354.3263027452729,0.00768728172414801,17.28948843528,569.0705560505645,True,0.00674635742651208,1,0,False,22.160834210999383
1827,1,7,1.1386025829862079,7.994661031202657,1326.303588497186,0.16425567565541815,0.10389496925560379,5.856686768467268,0.06797612679654587,0.4,0.2,True,exact,44,1.1386260784989775,1353.6296487215175,0.011584212807186578,15.154657179197674,968.0797837019444,True,0.003935044153788492,1,0,False,21.871735711998554
1828,1,7,1.141956417911162,7.158181453840228,1325.3355579052359,0.34569542413205934,0.09302446209666093,5.868181988151018,0.06468289480616639,0.4,0.2,True,exact,46,1.1419501189349777,1353.8845789359164,0.009141508903761753,15.241525761222753,786.5653217814903,True,0.004625527110970468,1,0,False,22.126491637998697
1829,1,7,0.9647239154628384,7.254883040451102,1325.4013859008935,0.43948234139240927,0.09428115182105234,5.244119554904945,0.059257438206768744,0.4,0.2,True,exact,56,0.9647433884250283,1354.3432317819595,0.00905733421379984,16.377655968394397,791.0359573975347,True,0.0025705585112032322,1,0,False,23.054963440999927
1830,1,7,1.1532096502038591,7.627265812239978,1326.386924427564,0.727319656919107,0.09912046851944921,5.9066703398767135,0.05177644566611783,0.4,0.2,True,exact,45,1.153219196897565,1354.0636726255836,0.008906540888891867,16.089385056653036,668.3351065670174,True,0.002917392418323272,1,0,False,22.610556109000754
1831,1,7,1.1364490875480922,6.614916674670376,1326.232753379149,0.5582256905298705,0.08596444075126394,5.849299744233048,0.05812175472112726,0.4,0.2,True,exact,45,1.1364481823943875,1354.643840418235,0.007381988293738262,15.649121527185715,599.9213251475448,True,0.0074189492485694074,1,0,False,22.165635445999214
1832,1,7,0.8718030752308396,6.734824948356189,1325.6879010506934,0.3183339713234499,0.08752271399880475,4.90173112692094,0.059449866929100176,0.4,0.2,True,exact,61,0.87181313913933,1354.45722205414,0.008065287161025059,16.928467389294802,746.4572673879591,True,0.0038786931342198448,1,0,False,22.605129200999727
1833,1,7,0.9993814556276754,6.022510508084548,1325.4524610478377,0.8441730416001866,0.07826580034311574,5.368975373248523,0.04035631826083526,0.4,0.2,True,exact,52,0.9993722469165038,1354.4344179981208,0.004922468194846319,17.808508786461818,357.85338509583636,True,0.011708235876476722,1,0,False,21.899139004999597
1834,1,7,0.9405228759313381,6.655575587810452,1326.0515812739666,0.018140046916400098,0.0864928254462707,5.156046155479894,0.06355336099424724,0.4,0.2,True,exact,55,0.9405165254231854,1354.2674675585708,0.008112768133144432,15.988999441901397,728.6572194297545,True,0.0039309739713959445,1,0,False,22.030972462000136
1835,1,7,0.9390389842904906,7.154034452651692,1326.058374949111,0.2334103073722425,0.09297056956021638,5.150621494176537,0.062482777558679106,0.4,0.2,True,exact,56,0.9390422807556646,1354.229750635212,0.009138965597433435,16.153870558940078,830.0307521701986,True,0.0031233997507198515,1,0,False,22.44205574999978
1836,1,7,1.0205495035160428,6.151272048994391,1326.1488201528632,0.2654663202857651,0.07993912661447608,5.444524270175086,0.06292530382455172,0.4,0.2,True,exact,51,1.0205290541814478,1353.7039125087745,0.006790959010589681,15.122820112251015,586.7631284914197,True,0.003470747198241507,1,0,False,21.98581704999924
1837,1,7,1.0413593207373755,6.6105058766765366,1326.0614519886976,0.6638869618568988,0.08590712003182706,5.518287119426302,0.052211929828728604,0.4,0.2,True,exact,49,1.041374551279772,1354.1781341595959,0.007010502106265748,15.80159420460833,567.1113105615063,True,0.004614534738070743,1,0,False,22.127586561999124
1838,1,7,1.1363341970934908,6.078223238131297,1325.8410106137533,0.3389629264716442,0.07898981757821319,5.848905510393731,0.06378521477254734,0.4,0.2,True,exact,47,1.1363499241694546,1354.249131358445,0.006610286767039897,15.041240602774817,560.4223971737267,True,0.005755116875695137,1,0,False,21.936105302000215
1839,1,7,0.8012528620260924,6.578335337423303,1325.4842728441483,0.8156271771425005,0.0854890463732184,4.633583035422395,0.04021738854222758,0.4,0.2,True,exact,64,0.8012502856673658,1354.3295341632338,0.006125683208895283,18.249254212222453,496.6933223001397,True,0.006337863802597365,1,2,False,22.57843072400101
1840,1,7,0.8810080372306797,6.618870182425002,1325.558666402082,0.13285450376627014,0.08601581873527296,4.936174087530925,0.061755359750157744,0.4,0.2,True,exact,59,0.8810038754479196,1353.7509317477086,0.007884687404384083,16.428865402613827,768.2631692903601,True,0.0039879256022661526,1,0,False,22.084142039000653
1841,1,7,0.8499012242349568,6.798021992021824,1325.336236375619,0.412773644800644,0.08834399396090196,4.819287745016714,0.05716282770953246,0.4,0.2,True,exact,63,0.8499094642142074,1354.232747745825,0.00813550780385075,16.918454901307104,744.7965221885679,True,0.00611562810935538,1,0,False,22.841725595999378
1842,1,7,0.9361356948970564,6.231909800206572,1325.4141249224526,0.570858876545962,0.08098705805901542,5.139999669670883,0.053840742308486345,0.4,0.2,True,exact,54,0.9361238462265926,1354.4341808205663,0.006443564913033661,16.69519048903513,557.3307649819761,True,0.00623820677172638,1,1,False,22.124927928000034
1843,1,7,1.1810314368067931,7.730077332897796,1325.9078994151437,0.7190221117806963,0.10045656016063029,6.001293397205669,0.052736973982958985,0.4,0.2,True,exact,43,1.181027108680652,1354.2525468833776,0.009034856656563672,16.216675678742497,685.5073619306621,True,0.002852431513830303,1,0,False,22.581366734999392
1844,1,7,1.1206630938461066,6.393900996776321,1325.4477144660468,0.17601339312789785,0.08309222178285636,5.7950065894502565,0.0661942977781763,0.4,0.2,True,exact,45,1.1206821579409734,1354.5848901940074,0.007409136713972142,15.345838882229067,629.4982712130897,True,0.0044816708180474675,1,0,False,22.26311354399877
1846,1,7,1.1052651003127496,7.45145216685954,1325.6559275599072,0.4084580655144672,0.09683567455379831,5.741801736241845,0.06286481031617137,0.4,0.2,True,exact,45,1.1052577198709281,1354.3931647000195,0.009634656534410424,15.335598717827148,794.6112084052829,True,0.0034436318407384797,1,1,False,22.125650923999274
1845,1,7,1.0494770866328507,7.5083752238517665,1326.136300751093,0.8357954864403644,0.09757542064597913,5.546927994535763,0.04346193587694245,0.4,0.2,True,exact,48,1.0494580887569662,1354.47217092148,0.007554462991160471,16.965817116850452,542.3209797252499,True,0.0043858581260114845,1,0,False,22.76085058999888
1847,1,7,0.9935825230062502,6.986666867901931,1326.0159925460714,0.6044621866829913,0.090795536747181,5.348186171571481,0.05430758589073626,0.4,0.2,True,exact,52,0.9935872235092779,1353.8363463458018,0.007967828251181808,16.689362496631418,654.6203134130633,True,0.003816855320338285,1,0,False,22.645195922999847
1848,1,7,0.9617932358215984,6.168543089725358,1325.46753269191,0.5412963102810977,0.08016357318434976,5.233493629674181,0.0552753829719212,0.4,0.2,True,exact,56,0.9617925972065247,1354.3214398162377,0.006377564851641093,16.492888640948504,610.6988573813276,True,0.004375172602267399,1,0,False,22.392713417999403
1849,1,7,1.1376637169712436,6.864186489323969,1326.2154414020265,0.011646364737892446,0.0892038375973225,5.853466797950904,0.06777577317179044,0.4,0.2,True,exact,45,1.137684153672042,1354.656836054343,0.008644298638278203,15.133055683177503,741.5689271488272,True,0.005309506632628603,1,0,False,21.866501622000214
1850,1,7,0.9095942371994048,6.308327358510375,1325.8090319447654,0.8193119769954578,0.08198014580089404,5.042381348898807,0.04126401961082013,0.4,0.2,True,exact,55,0.9095995952916328,1354.006590499916,0.005525318968310877,17.985652095082287,429.25411504360784,True,0.005877365406866534,1,0,False,22.398354928998742
1851,1,7,1.079350482695237,7.842951879033512,1325.442065111897,0.5406484459985405,0.10192342629225742,5.651697138938636,0.05892660347676838,0.4,0.2,True,exact,47,1.0793671547043533,1354.5845334103929,0.010408304021379933,15.615475105569116,875.1846899226214,True,0.003292966881470313,1,0,False,22.2940430510007
1852,1,7,0.9613671344212641,6.407694672425807,1325.7803671186216,0.8343672765761233,0.08327147810178367,5.231947792466277,0.04105567352951343,0.4,0.2,True,exact,53,0.9613531325764839,1354.6213418148366,0.005659026836943415,17.791811008013372,419.31331288334246,True,0.006505274195238705,1,0,False,22.63010468200082
1853,1,7,1.180650497654742,6.79375748601271,1326.1873578340917,0.14718875129495548,0.08828857438539052,6.000002858296541,0.06792871056298563,0.4,0.2,True,exact,43,1.180647877978953,1354.5229375340368,0.008452943719493566,14.74921391805376,702.6499287236379,True,0.0030106770030936367,1,1,False,21.801011301999097
1854,1,7,0.7980295173288527,7.4838675308076335,1325.9129769494584,0.12446394956285678,0.09725692984250311,4.6211477872354125,0.060518648846408736,0.4,0.2,True,exact,63,0.7980106021875235,1353.843996518272,0.010246156392659134,16.5305505275622,1016.9414321843001,True,0.004070429551850775,1,0,False,22.164522613000372
1855,1,7,0.816200995010215,7.6007456785506395,1326.0085123583585,0.8662942051744934,0.09877582495500609,4.691034578046352,0.03822651244264032,0.4,0.2,True,exact,63,0.8161940008477254,1353.759208449698,0.007428673510366135,18.54588165398363,589.1117911905842,True,0.005325074570519879,1,0,False,22.32491608700002
1856,2,7,1.7831632494174388,7.118622880613695,1325.6955380863624,0.6962880263180871,0.09251037691742377,7.898257541492395,0.06085365078391565,0.4,0.2,True,exact,31,1.7831617258864525,1354.2261140975586,0.008021499066546367,14.939596108704832,545.3546433322854,True,0.004546606757356606,1,1,False,22.895827050000662
1857,2,7,1.2657756481573703,5.9579087869907,1326.048711635725,0.1667759326863582,0.07742626583368391,6.285044809868833,0.06859185969026882,0.4,0.2,True,exact,41,1.2657687514616671,1353.8956291196987,0.006358464047212298,14.873108752484343,517.7512697534345,True,0.0088310018045358,1,0,False,22.888676755999768
1858,2,7,1.4240417351500698,6.737121516571931,1325.4527856981958,0.49711811943127193,0.08755255915211853,6.798592841694969,0.06488697248500531,0.4,0.2,True,exact,38,1.4240341043182252,1353.9336955489066,0.007818175050201659,14.882621263838129,572.738437786575,True,0.006031375807612749,1,0,False,22.0362936599995
1859,2,7,1.8173949908111295,6.083265354422126,1325.9446643079614,0.8559146381000755,0.07905534262236132,7.999019804848911,0.04785034932816067,0.4,0.2,True,exact,27,1.8174060525912017,1355.0227212415011,0.0048872363144817355,16.201470291688153,290.23779920325006,True,0.011061609658575555,1,0,False,22.011805614998593
1860,2,7,1.8135574772737129,7.271759741529711,1326.413423179362,0.6711089871047632,0.09450047373261991,7.987755638322822,0.06283058681730838,0.4,0.2,True,exact,27,1.8135713691964166,1353.6168704588215,0.008337595553461696,14.764447648377212,519.1759322515733,True,0.006135867412922507,1,1,False,22.21948361900104
1861,2,7,1.895883949824181,7.486314901395979,1325.6543348817027,0.49738670477577185,0.0972887347546865,8.227698855266507,0.07204218166802306,0.4,0.2,True,exact,27,1.8958957160523289,1354.0926210783268,0.009543952862934302,14.213673372619128,608.2466050626434,True,0.006417689489951509,1,0,False,22.08025594799983
1862,2,7,1.9170945417678846,6.079685289728754,1326.5905762115701,0.1469263694603984,0.07900881773408909,8.288951046021953,0.07892867947862121,0.4,0.2,True,exact,26,1.917089729220972,1353.4297696716358,0.006753896185630381,13.551938463295377,456.35130167791516,True,0.005599875671565134,1,0,False,22.214494081999874
1863,2,7,1.8820145839095817,6.099720512898162,1326.6328143556354,0.2681280915667163,0.07926918635848612,8.18752320602038,0.07674288353028037,0.4,0.2,True,exact,28,1.8820129348533783,1354.8628949853428,0.006592370031735961,13.664785530368446,455.6214724358365,True,0.006249626997369477,1,0,False,22.31548398800078
1864,2,7,1.353926879564577,6.749016972064262,1325.6197388594223,0.4821805838554373,0.08770714706745772,6.573560957035557,0.06433260429532084,0.4,0.2,True,exact,39,1.3538956682854866,1354.052465725704,0.007833399059354873,15.177907054993785,601.4829999708354,True,0.004674218707671006,1,0,False,22.0078917310002
1865,2,7,1.6169308901902821,7.513162298091067,1325.36654466157,0.31000307367492297,0.09763763127992287,7.399428754261742,0.07355505279153156,0.4,0.2,True,exact,34,1.6168990953595725,1354.4712596790143,0.010136766836142286,13.988868695163475,767.0059529582207,True,0.0037612416310369057,1,1,False,22.036454942999626
1866,2,7,1.26982598524458,6.971861708336646,1326.4521470350962,0.5222263614100087,0.09060313564451307,6.298445285198676,0.061897066062981745,0.4,0.2,True,exact,40,1.269824668145889,1354.3885051200848,0.008291638091884046,15.245186582749994,635.0459515874792,True,0.007866942610382304,1,0,False,22.446543752999787
1867,2,7,1.5145798991816837,7.302498196830201,1326.609357607006,0.8142530755689508,0.09489993668119832,7.083784597680045,0.05024027087923451,0.4,0.2,True,exact,33,1.5145685752015505,1353.8716280245033,0.007364813688644167,15.616211882941172,490.52998808455806,True,0.009433460675248001,1,0,False,22.88760669400108
1868,2,7,1.575037986039583,5.904311698253551,1326.2379752392005,0.3391901198228911,0.07672974250832931,7.271063026454024,0.07077366974140886,0.4,0.2,True,exact,35,1.57503006890136,1354.5887109527664,0.006226906960297707,14.005311740213493,486.2613364581969,True,0.006244802217011373,1,0,False,22.419490526999653
1869,2,7,1.303392996453945,6.314103125799809,1325.4917195266346,0.4779710989718996,0.08205520503888064,6.408958749506884,0.0632627577543462,0.4,0.2,True,exact,41,1.303371110782957,1354.166240399767,0.006862395629820384,15.001551919410481,520.750673932094,True,0.005544802541618305,1,0,False,22.421713485999135
1870,2,7,1.3893677166905347,7.529156351767892,1325.4848913813037,0.6639824640661295,0.09784548270833747,6.687780693078458,0.058270906593874496,0.4,0.2,True,exact,38,1.3893370117715051,1354.661642793077,0.008993186292508337,15.683432271405396,657.9382586757043,True,0.0034544861899512775,1,0,False,22.29718540199974
1871,2,7,1.3902085702318046,7.463582101471458,1326.61745156255,0.4615990337184703,0.09699330965285492,6.6904787438730215,0.06622458393236152,0.4,0.2,True,exact,37,1.390229680750936,1354.4213440567275,0.009734377780275638,15.07926145506802,723.3968378618121,True,0.00336625691566199,1,0,False,22.192807732999427
1872,2,7,1.5064952531116174,5.98577730875847,1325.5391805685658,0.5120169914830167,0.07778843243473942,7.058553855452147,0.06479817051538542,0.4,0.2,True,exact,35,1.5064896057527886,1354.1625789926782,0.006182334480895335,14.687955904280349,471.7917033788595,True,0.008515621991886244,1,0,False,21.975343540998438
1873,2,7,1.8082177642205772,7.524357422067279,1325.6878901641294,0.26923775604329153,0.09778311800622454,7.97206887112892,0.07711224319642798,0.4,0.2,True,exact,30,1.8082253357641083,1354.6189938347677,0.010187039533196551,13.635529141602776,715.2571612000094,True,0.005528585079283906,1,0,False,21.87380105199918
1874,2,7,1.6942025010811563,6.773144362020185,1325.9926473539288,0.8167100822895778,0.0880206956254147,7.633331089487578,0.05115677840760946,0.4,0.2,True,exact,31,1.6942046228745624,1354.7941404889098,0.0063793475030189395,15.360682336030024,405.21742770026447,True,0.00854919098128221,1,0,False,22.248587567999493
1875,2,7,1.3022760092648786,6.176847453027192,1326.5494087457002,0.841910238678481,0.08027149290309255,6.405296642113215,0.044273031550898775,0.4,0.2,True,exact,39,1.302276815224815,1353.8974411655965,0.005266917301549268,17.031374967302078,347.3250731637257,True,0.00991594615852942,1,0,False,22.332649195999693
1876,2,7,1.4821533580763921,6.261685155783384,1325.309358838108,0.8724379365843572,0.08137400500275123,6.982313040853515,0.043573917269102175,0.4,0.2,True,exact,33,1.4821807659666235,1353.4700284359656,0.00500133967524552,17.185771453426433,291.58871592767207,True,0.01051049698507756,1,0,False,21.61187102799886
1877,2,7,1.851305949536971,5.963524144052067,1326.781149851589,0.3046452676956974,0.07749924045349242,8.098215922190802,0.07546745631943987,0.4,0.2,True,exact,27,1.8513015767523744,1354.5506621138277,0.006391271281816602,13.472744000968884,406.99713165619215,True,0.0053945137627371565,1,0,False,21.965864812998916
1878,2,7,1.910483998888192,6.323121597434149,1326.6525775865352,0.6425030831279946,0.08217240498388459,8.26988538739338,0.06434817524844191,0.4,0.2,True,exact,27,1.9104943688471059,1353.3994788972348,0.006473156577888828,14.42253235306019,414.8538084841352,True,0.00818411787874456,1,0,False,22.034874946000855
1879,2,7,1.9862144498809586,6.155013104355629,1326.4069554070652,0.6616125888397784,0.07998774366405735,8.487008666650851,0.06389132935664002,0.4,0.2,True,exact,26,1.9862213778407616,1354.2138887939793,0.005984343182537155,14.798356363020453,373.88927371229676,True,0.006666629980346942,1,0,False,21.65801857199949
1880,2,7,1.2777969379857164,6.399623513635724,1326.034991547057,0.3696547341327691,0.08316658900253607,6.324775523737842,0.06587443077614587,0.4,0.2,True,exact,40,1.277786118616742,1354.1463393221104,0.007225137739156784,15.038513952683875,560.1263730935225,True,0.004814791405466129,1,0,False,21.49120337599925
1881,2,7,1.8960859446101028,7.446788757086219,1326.7887280392645,0.7498769319637766,0.09677507100686437,8.2282832520624,0.059046815781557994,0.4,0.2,True,exact,26,1.8960596508964778,1353.334111595926,0.00844783810800831,14.887503415750148,513.8060886464407,True,0.006837228190391823,1,0,False,21.479474526999184
1882,2,7,1.5686781793618225,6.328954686496892,1326.491790659339,0.66463040846458,0.08224820914949882,7.25147673420457,0.05920088480184812,0.4,0.2,True,exact,34,1.5686811493712096,1354.727685609557,0.006477211389284587,14.946698739902128,473.59367822465197,True,0.007567949568125671,1,0,False,21.50514530200053
1883,2,7,1.9862674377323206,6.554780418441887,1325.6756861174179,0.17026084454676574,0.0851829373870036,8.487159609181838,0.08006912488350529,0.4,0.2,True,exact,25,1.9862213778407616,1353.4835502523126,0.007844328090826802,13.84441750635316,518.0128781187059,True,0.0042045036774743935,1,0,False,22.374366432000897
1884,2,7,1.859126924598174,7.010891340894753,1325.7922696280423,0.49269321563306245,0.09111034695201639,8.121007557024221,0.0712446515526582,0.4,0.2,True,exact,27,1.8590928488758145,1353.6792499456792,0.008350655658794781,14.411059476529651,541.3909402101168,True,0.004665895342849827,1,0,False,22.52995188800014
1885,2,7,1.356853061407207,7.263008775237116,1326.3408885357867,0.50299471414813,0.09438675016505682,6.583028978226314,0.06419049447167964,0.4,0.2,True,exact,38,1.3568757126861253,1354.8344476997838,0.008993533763505424,15.283947813518651,682.2805016533564,True,0.0037902783903912742,1,1,False,23.265809511000043
1886,2,7,1.6766530640786452,6.13897307482226,1326.6774626112265,0.024819944539904115,0.07977929475437572,7.58052630113822,0.07625975689505243,0.4,0.2,True,exact,31,1.6766340268540505,1353.5037672672067,0.00676975199899954,13.698875080403267,490.1736834386469,True,0.004433675149944037,1,0,False,22.940453019000415
1887,2,7,1.446549667874044,6.198838710049211,1325.3969182646267,0.4567091846321525,0.08055728125150124,6.870042982121918,0.06600673931944145,0.4,0.2,True,exact,38,1.4465671300841025,1354.327715439224,0.00661287740957861,14.68609886808805,519.6154077338132,True,0.003308893498629857,1,0,False,21.710753479999767
1888,3,7,2.0841189820601356,7.420757740768574,1326.795789267832,0.30838448393242174,0.09643678378874987,8.76366081296464,0.07989036795539185,0.4,0.2,True,exact,24,2.0840657362346877,1353.889618033593,0.009777321476441392,13.670542459494442,670.2589044232137,True,0.0035514615491342087,1,0,False,21.287216188999082
1889,3,7,2.6014812303392705,7.974394360434189,1326.4110693563548,0.2196308883609325,0.10363159284374776,10.15978113016099,0.08834081003512335,0.4,0.2,True,exact,20,2.6015686030784098,1355.0272993464046,0.011594412445190883,12.999843201383024,708.2988351209116,True,0.003378411615336502,1,1,False,21.9628986359985
1890,3,7,2.5900738561414935,6.691788898859747,1326.2079987371555,0.6632309504671081,0.08696343712366714,10.130059270339572,0.07032324137310762,0.4,0.2,True,exact,20,2.5900577587269082,1354.6988571418713,0.007174701606568856,14.069221220017285,410.5990719073314,True,0.007400496126525253,1,0,False,21.84761924799932
1891,3,7,2.8095777307122467,7.055566884848377,1325.7167969058255,0.6446522145499192,0.09169092994952226,10.694601063381729,0.07389271589343811,0.4,0.2,True,exact,18,2.809603334402578,1353.8127186815677,0.007985485035589934,14.108654493894647,424.1992706966782,True,0.0059325828908223105,1,1,False,19.380319547999534
1892,3,7,2.0746040563096217,7.031125039027148,1325.9579200565083,0.5669395158904671,0.09137329486652929,8.736967148343272,0.07077031076651145,0.4,0.2,True,exact,26,2.0745371030006825,1355.0023922795515,0.0083914125743898,13.810104993354726,528.3196043823273,True,0.0049436013914083785,1,0,False,18.34702571300113
1893,3,7,2.3633016891089067,6.527453660610408,1326.5185224373186,0.24673635618117057,0.0848278113030238,9.529790013604572,0.08358963217732636,0.4,0.2,True,exact,23,2.363343062747634,1354.8779739655135,0.007597131930708545,13.335476728641103,511.18137662733454,True,0.004240474536536723,1,0,False,17.80038740800046
1894,3,7,2.77588689274306,7.524781210508444,1327.7657465303557,0.5803767655768646,0.09778862536756153,10.608933612920898,0.07782663880116371,0.4,0.2,True,exact,19,2.7759008674574304,1355.5245221371163,0.009332281292625977,13.522916904456983,531.0436753555679,True,0.005970218731008386,1,1,False,17.485940118000144
1895,3,7,2.9621419610102757,6.315318444894984,1327.163964149814,0.0438965862624342,0.08207099877166509,11.078334304599926,0.09216688050667812,0.4,0.2,True,exact,16,2.962061560929294,1353.8232862609057,0.00719419445870062,13.40511228899321,391.65235594409904,True,0.0064437894336959066,1,0,False,20.097245735001707
1896,3,7,2.073844204086929,7.233191710983474,1325.8067354220325,0.849063865384235,0.09399926119437577,8.734833661968075,0.05243958234048386,0.4,0.2,True,exact,26,2.073819731450688,1354.8404610570183,0.0068983758384014715,15.185719510195508,403.8343116587791,True,0.008643364597609927,1,0,False,20.914605284000572
1897,3,7,2.4247016260552177,7.944515227408278,1325.317499648841,0.31703555073288864,0.1032432972556052,9.694143036123107,0.08434349672651838,0.4,0.2,True,exact,24,2.42460996787153,1354.4140022276583,0.011091143225289146,13.1823007557372,750.5904174723545,True,0.004352412024253622,1,1,False,21.854262877999645
1898,3,7,2.9000415011188574,7.33665416763557,1327.2205809665804,0.3003926139134058,0.09534381210291651,10.922952109749057,0.08919212074337679,0.4,0.2,True,exact,16,2.8999737525965914,1353.3207459859113,0.009559842713694033,13.690292960789598,507.6486451213262,True,0.004592089810473835,1,1,False,21.81487360400024
1899,3,7,2.7672839620969,6.805992512536712,1327.8348747136292,0.8586848450288157,0.08844757521101543,10.587003053771635,0.05587181859554847,0.4,0.2,True,exact,19,2.767205327105622,1355.5076839210983,0.006162949400028039,15.097071714190145,307.1946855480785,True,0.010555133717148911,1,0,False,22.380700746000002
1900,3,7,2.6978715258716734,7.457652002352239,1327.0563055393845,0.670496043930767,0.0969162447887826,10.40921703824734,0.07185398506793311,0.4,0.2,True,exact,19,2.697847908542691,1354.035008172969,0.008845650132990546,14.39496180121413,479.9815469803545,True,0.006656683666833481,1,0,False,21.908708293998643
1901,3,7,2.865536422974477,5.901350017686368,1325.3214721265188,0.3850835564533557,0.0766912538581825,10.836137560923945,0.0848109768630676,0.4,0.2,True,exact,17,2.8655765790934105,1353.9764505429123,0.006133032286866125,14.15051695647017,313.7333107086112,True,0.010438803081081447,1,0,False,22.19270429899916
1902,3,7,2.3743168063226867,6.638523688137657,1327.107640884035,0.6865456884076295,0.08627122673366235,9.559378668924294,0.06681297267528587,0.4,0.2,True,exact,19,2.3742568746220543,1353.2251125208845,0.006997300907315873,14.348558144474227,375.9151965560123,True,0.008522833735116767,1,1,False,22.059727058000135
1903,3,7,2.3771114387393184,6.7428322922571375,1326.9558889473833,0.6041239052410621,0.08762677378885228,9.566878289160753,0.07178213618577664,0.4,0.2,True,exact,21,2.377191387129807,1353.1040718459699,0.0073765919796439094,13.572310067556014,445.7407895927093,True,0.008571168156218533,1,1,False,22.36581588199988
1904,3,7,3.072888033344374,6.506274121032637,1326.3558084142826,0.49626664769203155,0.08455257166438344,11.35276666210794,0.08326653367908066,0.4,0.2,True,exact,15,3.0728584692967242,1354.0118646862127,0.007321253236898251,13.311874376432991,365.03347041924366,True,0.012622865442876774,1,0,False,22.320717157001127
1905,3,7,2.80796313778957,7.649511312726315,1327.2243718464229,0.4218341243664519,0.09940956089998705,10.690503393880208,0.08507774482236644,0.4,0.2,True,exact,20,2.808042068624605,1355.303746648788,0.01002360801220803,13.03837373611304,627.4521321957202,True,0.004681587506020502,1,0,False,22.56128881999939
1906,3,7,2.1418174927128217,6.564737064615494,1325.3573166207507,0.2623932376541325,0.08531232942051928,8.924670586593287,0.08067113875405371,0.4,0.2,True,exact,26,2.1417668307786975,1353.200669762665,0.007808794710865485,13.72995090641702,510.5633342563673,True,0.005148509109036201,1,0,False,22.647085829999924
1907,3,7,2.7663892048334957,6.230667394320457,1327.5222581154844,0.35456622915915753,0.0809709123186473,10.584720838053277,0.08513362164353092,0.4,0.2,True,exact,18,2.766487624760006,1355.185858460142,0.006882025628100807,13.136155520957269,404.6757962486151,True,0.006773182962079324,1,0,False,22.613840497000638
1908,3,7,2.5472678913643083,7.640150254445607,1326.2417506699223,0.41947216411700605,0.09928790885514385,10.018137046329315,0.08245325092190872,0.4,0.2,True,exact,21,2.5473202585484653,1354.2618175565751,0.0101964987468256,13.090903703360066,613.899930006738,True,0.004980303497063989,1,0,False,22.56906047099983
1910,3,7,2.0348325202423942,6.899091859679115,1326.72559013582,0.19874059041400813,0.08965745187386898,8.624944996417252,0.08068731492620629,0.4,0.2,True,exact,25,2.0347942179707514,1355.2135700141325,0.008614750864975096,13.90207531535903,542.3078617333593,True,0.007024892262172412,1,0,False,21.79195728800005
1909,3,7,2.6884860679799,7.692155699300922,1327.5847726549243,0.36295231397090566,0.09996374790238788,10.385061699651743,0.08576068248774356,0.4,0.2,True,exact,20,2.6885000892541524,1354.4692643550834,0.010366922469354778,13.232994130259897,621.6411204971773,True,0.002983292717476108,1,0,False,22.57455116300116
1911,3,7,3.1112459233203653,6.267532361261038,1328.0360619615146,0.211632398258438,0.08144999261885665,11.44704652546501,0.09190008744734258,0.4,0.2,True,exact,17,3.111126899413465,1352.92562240785,0.007065563013153531,12.654071152441041,417.8448220818517,True,0.006689145307716519,1,0,False,21.761536681000507
1912,3,7,3.041488031117839,7.804180277146685,1326.316832755929,0.8214181272464701,0.101419568233698,11.275296266767773,0.06321554822565817,0.4,0.2,True,exact,18,3.0414406382549535,1353.6902370193366,0.008255786466342063,14.867087536222662,419.273014874409,True,0.007927305987812838,1,0,False,21.687487913999576
1913,3,7,2.104822901899002,6.616246708281713,1326.0673646952484,0.38485129832597637,0.08598172526159145,8.821604733787328,0.07737106640975897,0.4,0.2,True,exact,24,2.104787855553703,1353.43048995974,0.00781738501672824,13.92221912953899,474.18498055591795,True,0.006887824220762054,1,0,False,21.475374222000028
1914,3,7,2.079066873796663,7.49856734326719,1327.3123875923789,0.5254782803754775,0.09744796190222248,8.749492437518764,0.07315450969792402,0.4,0.2,True,exact,27,2.079077662003109,1354.3403980685823,0.009465193038749153,13.869600664862913,595.4156190334306,True,0.004667599014145071,1,0,False,21.712404126001275
1915,3,7,2.9011969369120907,7.188357183284252,1327.6188801535618,0.7742913460635612,0.0934166121166075,10.9258532020074,0.06547330574080525,0.4,0.2,True,exact,15,2.9011560766757425,1353.7297592984569,0.007622485199955675,15.350850452418099,345.71656541120484,True,0.007032223075084643,1,0,False,21.534676154999033
1916,3,7,2.9558922792667808,6.126718592649962,1327.922275702293,0.4118889564604243,0.07962004109201717,11.062746387988307,0.08505157267407254,0.4,0.2,True,exact,18,2.9559212150066836,1354.5250543976022,0.006598451071691547,13.315368285832005,364.4046993707215,True,0.005230317184000342,1,0,False,21.944220321000103
1918,3,7,2.7812088084672864,7.198469217015256,1326.0729655177834,0.39634999616461936,0.09354802349596354,10.62248887829329,0.08513062894990486,0.4,0.2,True,exact,18,2.7812549745738377,1353.8850944582803,0.009063010413609351,13.764700895263779,503.3065913184227,True,0.006885435213319328,1,0,False,21.913000004000423
1917,3,7,2.197927640733903,6.293476189994674,1327.2042329397927,0.008764838420602506,0.08178714678688626,9.07986687999833,0.0835496368189199,0.4,0.2,True,exact,24,2.1979139650062196,1353.5795435426166,0.007210388902600395,13.231327410123821,475.0415256207286,True,0.006163072347780684,1,0,False,22.40968700799931
1919,3,7,2.4276185611154952,7.280065200220352,1325.6436933261014,0.6093822103756016,0.09460840768653614,9.70191623147608,0.07267374760547546,0.4,0.2,True,exact,23,2.427576729538095,1354.775340466999,0.008572629779357466,13.74341364842541,516.8138599507971,True,0.006647268773146476,1,0,False,22.4287640750008
1920,4,7,3.513616752834097,7.805822616442595,1326.842012202002,0.11073527009058164,0.10144091132629315,12.41385915589161,0.09886348213165831,0.4,0.2,True,exact,16,3.513598127169265,1354.950860979896,0.011219528402299339,12.399526370546296,623.6540889006332,True,0.005528131707384817,1,1,False,22.061111602999517
1921,4,7,4.184276636463422,6.212675743668778,1328.1393366382615,0.5974780654083912,0.08073710103083682,13.947107465268683,0.08613940144530775,0.4,0.2,True,exact,11,4.1842342036690905,1353.2451374345565,0.0063785510678352475,13.663997588610174,273.4192517028072,True,0.01165607843496684,1,0,False,22.126673622000453
1922,4,7,3.807107403768644,7.976991783589525,1328.44506773117,0.5049780947790552,0.10366534777066887,13.095858491601076,0.09096455764803686,0.4,0.2,True,exact,13,3.807192603298062,1355.0947679356284,0.010937908268896401,12.624023705633398,545.6770991535093,True,0.007719272959769976,1,0,False,22.231305221001094
1923,4,7,4.402050539709262,6.270872797433768,1326.8993275730552,0.6875230952871054,0.08149340340414342,14.426929310800729,0.08122053968150816,0.4,0.2,True,exact,11,4.4019766729581615,1353.312139125291,0.006262277355276069,13.790756676683092,264.2347433796223,True,0.010981472345695086,1,0,False,22.133280598000056
1924,4,7,3.4889596723670846,7.729309057829742,1327.090892119766,0.41724458265871744,0.10044657600817355,12.355714198138546,0.09168233599350081,0.4,0.2,True,exact,16,3.488860684501688,1355.0029614385553,0.010315248495032181,12.780907112849329,541.0325469422681,True,0.0055920136519808875,1,0,False,21.78732580599899
1925,4,7,3.464887891747498,7.350047513199208,1327.7690430684465,0.327520589425015,0.09551786591459568,12.298817179893632,0.0938950974965169,0.4,0.2,True,exact,16,3.464853736663304,1355.4882496058485,0.009760973446822918,12.54926095131187,504.2131325860578,True,0.005441004408276419,1,1,False,21.637323226999797
1926,4,7,3.869745791504487,7.909143138146276,1326.7054189372172,0.8622162946591242,0.10278361771296557,13.239111668203584,0.06413461986403288,0.4,0.2,True,exact,14,3.869824520626719,1353.793738231929,0.008004694836258763,14.661243843066785,363.35119388405616,True,0.012391342095830532,1,0,False,21.99865128499914
1928,4,7,4.020513484440573,6.9777415440125905,1326.567979258698,0.32147005477239504,0.09067954730779636,13.580785909639376,0.098337368081191,0.4,0.2,True,exact,13,4.020531623372078,1354.711448367813,0.008801459893317709,12.352942081471912,446.36518355698513,True,0.005004093431840904,1,0,False,21.72003677400062
1927,4,7,3.943431511840669,7.736513431967294,1325.6263266037686,0.8141302178599072,0.10054020076932423,13.406644371124871,0.06949756278385892,0.4,0.2,True,exact,14,3.9433622752930018,1353.2307030354264,0.008342955511177697,14.876004874472645,361.3080299797796,True,0.012118785574877812,1,0,False,22.12643164200017
1929,4,7,4.904462136405025,6.1827577822061555,1329.7941162878717,0.8180878069859611,0.08034830084603625,15.50475155630066,0.07116999869837846,0.4,0.2,True,exact,10,4.904468434293771,1354.3161759465108,0.0054571051527824155,14.150373012623644,216.33672621538537,True,0.01338535960971013,1,0,False,22.276501680000365
1930,4,7,3.626674616755942,5.908466001629284,1328.2526366648435,0.7207738324747497,0.07678372994066894,12.678745452116042,0.07300410886451651,0.4,0.2,True,exact,11,3.62683640724675,1353.6396964382693,0.005306005712638284,14.088659042870372,223.60934022275714,True,0.012990306518426462,1,0,False,22.10075280000092
1931,4,7,3.941023751149803,5.921674545784607,1327.7564045305162,0.84635474323326,0.07695538215751373,13.401186641057272,0.06249112029882229,0.4,0.2,True,exact,12,3.9410736300010716,1355.3438491850495,0.004788846236679523,14.904333590176623,185.13551883140187,True,0.0202763040994273,1,0,False,21.97140457000023
1932,4,7,4.471436449194027,6.177041524534528,1327.9152902832393,0.521647569350865,0.08027401496790672,14.578133714717291,0.09248269928591242,0.4,0.2,True,exact,10,4.471520334471236,1354.7438542193695,0.006547212637778244,13.161194167198571,286.9286590782406,True,0.010058383404348312,1,0,False,22.02657144299883
1933,4,7,3.7529261547214943,6.234669942096203,1328.0893655001469,0.2987438062529517,0.08102292760440892,12.971311841469534,0.09580779457451559,0.4,0.2,True,exact,14,3.7527524053998813,1354.3599105086746,0.006951406833972329,12.431250656694123,361.94390167682167,True,0.009354432130028645,1,0,False,22.232268997000574
1934,4,7,3.272199848026412,7.832836936224694,1328.30216699507,0.1414549877806562,0.10179197710785262,11.838511518031018,0.0962793235958539,0.4,0.2,True,exact,16,3.2720964396770498,1354.4801756049585,0.011080429789505186,12.667057534008013,609.626147193757,True,0.0052749868568241435,1,0,False,21.836431969999467
1936,4,7,4.401522882467489,6.226782290995317,1328.2863216921119,0.33504510974418134,0.08092042328741197,14.425776419930655,0.09992145436258375,0.4,0.2,True,exact,11,4.401541705990016,1354.6958574484822,0.006854174718311179,13.152216568455444,325.2508043189094,True,0.009791362225764952,1,0,False,22.098955019999266
1935,4,7,3.8868611984284964,6.769690667250674,1325.5950939904903,0.48366479351516223,0.08797581298304925,13.278119584353123,0.09094922048417893,0.4,0.2,True,exact,14,3.8869269341730694,1352.8029082517535,0.007842437665786295,13.064767170692338,383.77203463947103,True,0.011030872438868385,1,0,False,22.64754146999985
1938,4,7,4.47044111379554,7.622855702341155,1328.636214651374,0.36518162235328083,0.09906315674218139,14.575970253218099,0.10131790661263843,0.4,0.2,True,exact,12,4.470471038848742,1355.4593683414678,0.010166074039736128,12.505528139015906,528.4930524623538,True,0.004887982667099364,1,0,False,21.32061178499862
1937,4,7,3.3158535390378576,7.236564711910616,1328.608426019208,0.33555390705039373,0.09404309517636161,11.943568754638397,0.09217571571883622,0.4,0.2,True,exact,16,3.31583466397331,1355.1351602936863,0.009372940937519392,13.044239520097506,485.70746999027074,True,0.005525986212827845,1,0,False,21.947546621000583
1939,4,7,3.526099495984142,6.92134555148895,1326.704603963658,0.5269789091002287,0.08994665070511183,12.443243390164323,0.08622136791735956,0.4,0.2,True,exact,15,3.526032545433489,1354.9136175760098,0.008122737783293532,12.95655187434821,434.2140097842791,True,0.009903070817241774,1,0,False,21.988493227998333
1940,4,7,4.366309754442696,6.556482502075451,1326.0414216047884,0.302005652579359,0.08520505688976794,14.348733925686734,0.10107356143531088,0.4,0.2,True,exact,11,4.366289940998609,1352.2391645668672,0.007696335902009244,12.495982705820339,397.5434315918066,True,0.00611807426663517,1,0,False,21.72937730999911
1941,4,7,3.743262858613217,7.493085930718228,1327.0294292123203,0.33884143119717225,0.09737672796421948,12.94903598255086,0.09617929345445389,0.4,0.2,True,exact,13,3.7432617971899838,1353.2324736470384,0.009898128979964227,12.88912772962086,513.8487553510836,True,0.006352404179346995,1,0,False,21.60827681199953
1942,4,7,3.3710016798611484,6.3684524964670866,1325.5172298692707,0.05789548994385168,0.0827615046771642,12.07563192465937,0.09620492483987467,0.4,0.2,True,exact,15,3.3708412534170713,1355.855493597462,0.0074011877572934814,12.60152597639848,394.5202484600406,True,0.008446245308573411,1,1,False,22.284545445998447
1943,4,7,3.4653553290365084,6.109650040713674,1327.7354713291309,0.297615575441303,0.07939822597418576,12.299923285235051,0.09318618561290515,0.4,0.2,True,exact,16,3.465410157185012,1355.4583910741887,0.006657001739494572,12.551998117321945,375.00056483070506,True,0.008043792511732498,1,0,False,21.898049276000165
1944,4,7,4.725672864503069,6.3199081109090525,1326.474749450623,0.8442380808510207,0.08213064397833038,15.125613207660493,0.06745032103204067,0.4,0.2,True,exact,12,4.725703173592738,1354.8293679207652,0.005370899171137533,14.410478751384014,220.78934361519038,True,0.014579553772252243,1,0,False,22.123732303998622
1945,4,7,3.4598548951385766,6.449326431561028,1328.3793017086448,0.8336823491828255,0.08381250545973282,12.286904355689222,0.06225137782624258,0.4,0.2,True,exact,15,3.459764498984803,1352.5981227679356,0.005783616675146042,14.751514086216442,258.77482365773994,True,0.013270462848386086,1,0,False,21.77594935399975
1946,4,7,4.21725953564365,7.224728697779024,1325.5918516368981,0.11712199338403094,0.09388927973384176,14.020304313789309,0.1042423948834366,0.4,0.2,True,exact,13,4.217390951036962,1355.1124454323008,0.009586841438489757,12.591555066480447,521.090885676304,True,0.009151365854661989,1,0,False,21.986188053999285
1947,4,7,4.199120023246342,7.261893880884784,1326.095228527336,0.825479376020952,0.09437226150643745,13.980072160162377,0.0688450865206062,0.4,0.2,True,exact,12,4.199197567342532,1355.4886724756066,0.007345252535674973,14.74155393657033,304.3015646211985,True,0.011107226407289448,1,0,False,22.419140557998617
1948,4,7,3.897477093109435,6.347962023811257,1327.5119648282935,0.8870074043627771,0.08249521983803201,13.302285618666975,0.058019174086757004,0.4,0.2,True,exact,13,3.8975038559108524,1354.794134203918,0.005009820714066526,15.360728242573973,205.14110099664217,True,0.012931773705399304,1,1,False,22.72664878499927
1949,4,7,3.836792627878166,6.420525427682997,1326.1225329963688,0.4635256294131353,0.08343822074637726,13.16384537161077,0.09099390072068339,0.4,0.2,True,exact,14,3.8368402362799277,1352.9796451165016,0.007150170071818507,12.964511813001124,351.42074945399935,True,0.008297924627437595,1,0,False,22.345640460998766
1950,4,7,3.237871459708563,6.994539614361686,1327.9931071935703,0.8507168118379033,0.09089784737025819,11.755568146029152,0.060062447204902426,0.4,0.2,True,exact,16,3.2379215484974373,1353.8962296005216,0.0065887049791073515,14.89223734725967,298.4045592705234,True,0.014756502275167725,1,1,False,22.920110373999705
1951,4,7,4.957945119449834,5.9508843670365055,1328.8351237054828,0.7185620060898384,0.0773349796750424,15.617266848244729,0.08123615799689592,0.4,0.2,True,exact,8,4.957886231909034,1353.625257122087,0.005599503978796938,14.98867333109647,183.33779890992793,True,0.017103386275906043,1,0,False,22.92365272799907
1952,5,7,6.342124029278667,7.402543641133063,1328.123627663209,0.8536317046658844,0.09620008165538059,18.403215355144862,0.0755398078555595,0.4,0.2,True,exact,8,6.3419953929486566,1353.4918934718366,0.007352937647863378,14.13267534179667,262.6708230821178,True,0.014914893862907173,1,0,False,22.94086300500021
1953,5,7,5.142493528209992,7.23429073085679,1325.5420577920997,0.5640028974599007,0.09401354355550452,16.00244672920349,0.09600483896945287,0.4,0.2,True,exact,11,5.1423847576746216,1356.3971657585898,0.008858161032638256,12.301087495541946,409.8604617467678,True,0.008916851289532105,1,0,False,21.902623473999483
1954,5,7,7.571493623987395,7.067058568258661,1331.4443580715904,0.6390413753006449,0.09184027062700023,20.710548212396418,0.10310168731828676,0.4,0.2,True,exact,6,7.571539042104184,1354.1590368388545,0.008204044446255887,12.461374036859207,255.44825516600343,True,0.01742497291969196,1,0,False,21.880293416001223
1955,5,7,5.74850752021484,7.419494314103786,1330.9792406238182,0.6097859931613885,0.09642036487192746,17.236164230190308,0.09684038108947715,0.4,0.2,True,exact,7,5.748676926805764,1353.9727211697652,0.009026037010934851,13.931606008676212,300.8428872984839,True,0.009261745576715621,1,0,False,22.258659794999403
1956,5,7,7.796016263489872,7.278784378017895,1328.4581515505524,0.6654443879884554,0.0945917627052384,21.117980210076013,0.10220520580980481,0.4,0.2,True,exact,6,7.796275148742865,1351.8462008879371,0.008414885103703917,11.370291842552506,287.8470571496035,True,0.010831423164980883,1,0,False,22.440566807001233
1957,5,7,5.828133463652916,7.130164270676777,1328.5059416407664,0.5492798864143021,0.09266036355989563,17.394964493575145,0.10083638229723357,0.4,0.2,True,exact,9,5.828182714154236,1351.817697444159,0.008640077005773072,12.970421921265794,339.21046528515984,True,0.007635416728935528,1,0,False,22.202624150999327
1958,5,7,5.641470337297953,6.549617248651494,1328.0632782426906,0.8913297959206312,0.08511583918677464,17.021536493699095,0.06539425653006721,0.4,0.2,True,exact,8,5.641681834275551,1356.2709929464197,0.00530843567843442,15.069699347822315,183.10468503849748,True,0.02178365661381262,1,0,False,22.557539744000678
1959,5,7,5.975589281178461,7.653157131344952,1329.0489748621985,0.22144448249291562,0.09945694029628871,17.68714409507983,0.1158941425428463,0.4,0.2,True,exact,9,5.975727477626441,1352.9507150397144,0.010544607846066478,11.909184741442733,499.53622743072975,True,0.007210782935314903,1,0,False,21.53208138300033
1960,5,7,5.413480720769708,7.457817125556594,1328.3710441084763,0.7955327352234753,0.09691839065465145,16.55979478572048,0.07870423959995705,0.4,0.2,True,exact,9,5.413531081881318,1355.4386376219486,0.0079083343298062,13.616105831654643,306.220923609177,True,0.013499145008646551,1,0,False,22.198022406000746
1961,5,7,6.0718886865925175,5.9124431524681595,1327.2216402572687,0.6700117333955714,0.07683541517941979,17.87666170672875,0.09123986602552205,0.4,0.2,True,exact,8,6.072008454041181,1351.5090160287066,0.005476114264762466,13.093033408520071,212.10114919441625,True,0.015083336780010923,1,0,False,22.30546193400005
1962,5,7,6.537742953304294,6.999796259851121,1326.3623248947888,0.17086341004337383,0.09096616033804769,18.779720101112936,0.11947139492410375,0.4,0.2,True,exact,8,6.537661682043863,1352.5138164407174,0.0087529790309967,11.913962267199382,392.44477536549914,True,0.00832672378318905,1,1,False,22.18053732500084
1963,5,7,6.881691168818052,7.316222064859997,1327.956245191325,0.06464677215553037,0.0950782858121319,19.43273851091008,0.12329064157733155,0.4,0.2,True,exact,8,6.881442739744104,1355.4834719215185,0.009806136078958083,12.113667889383379,415.6932188684217,True,0.012245823281834115,1,0,False,21.793383711001297
1964,5,7,7.89679238057692,6.3862889742591,1330.118000989959,0.6942679432477801,0.08299329940924813,21.299579723989012,0.09816758814952802,0.4,0.2,True,exact,6,7.8968783131401326,1353.8084921519624,0.006411400195756145,13.179484036372605,224.30355463930024,True,0.01314459766118402,1,0,False,22.13321470399933
1965,5,7,7.574879956385413,7.361097236324933,1326.1713311392973,0.70269652121029,0.09566146307774614,20.716722914256316,0.09792400596239442,0.4,0.2,True,exact,8,7.57490666335622,1356.4706088659668,0.008455835311464766,12.79582568755963,307.08316136331274,True,0.012408840152564002,1,0,False,22.29860752299828
1966,5,7,5.69156433128229,7.5338859747680695,1329.8867599941934,0.39158435165730227,0.09790694673217491,17.122150901607384,0.1086220080243538,0.4,0.2,True,exact,10,5.691376836895447,1352.6534166434571,0.009883229832420404,12.311861589791151,470.5764611656524,True,0.008012716582923686,1,0,False,21.834631842999443
1967,5,7,6.41634047572482,6.211483901150203,1329.9362434785994,0.24130920395971814,0.08072161238893674,18.54650816596594,0.11607921318900094,0.4,0.2,True,exact,7,6.416140410136078,1355.6027313530863,0.0069777258713144,13.20907091977947,257.3067876827881,True,0.010025978355621523,1,0,False,21.98928093700124
1968,5,7,7.811535741734975,6.470160963181081,1329.4563495067946,0.6891109697687967,0.08408326153227572,21.145997202443315,0.09848365061131369,0.4,0.2,True,exact,6,7.811505436741889,1352.8914360227677,0.0065470264690357105,11.9768792999825,234.1667393872989,True,0.014605895139778318,1,0,False,22.49802504500076
1969,5,7,5.183007267637921,6.835086799577474,1327.4176010129804,0.17349653182952185,0.08882567129861892,16.086384045214047,0.11033067880156627,0.4,0.2,True,exact,10,5.182942026657649,1353.3334788041636,0.008556505727457586,12.428382824868818,415.74385847814796,True,0.007106894575453271,1,0,False,21.143128564999643
1970,5,7,7.429102734597614,6.241216833792759,1332.3789357498972,0.640565234253428,0.0811080080235635,20.450069909575685,0.10078728614213073,0.4,0.2,True,exact,7,7.428872929461992,1354.6660645425948,0.0063896738631420424,12.508909090716042,218.0544581803842,True,0.015985891869858417,1,0,False,21.573428182999123
1971,5,7,5.770197307211051,5.987782522814791,1329.1076087115066,0.35701267942754417,0.07781449128225268,17.27949304519855,0.10818358913409677,0.4,0.2,True,exact,10,5.770303969962848,1352.188070488227,0.0063553291084264,12.222161334572215,310.5259470522309,True,0.010732461536402801,1,1,False,22.01070992699897
1972,5,7,7.470431428268271,5.907507348176635,1327.9010583227305,0.8891050632627387,0.07677127171753714,20.525843347021567,0.07044290842178819,0.4,0.2,True,exact,7,7.4707421927361315,1357.7822712959864,0.004465239268499954,14.593414205248763,141.4089227362306,True,0.02772487252172531,1,0,False,22.49110093699892
1973,5,7,6.267175336881568,7.8934456288090145,1329.1343179923686,0.4719196356674791,0.10257962003956589,18.257940370331752,0.10896829780894422,0.4,0.2,True,exact,9,6.267081344884305,1354.2031747795793,0.010556141691566268,12.264876486802603,462.7899333827444,True,0.008007890028322882,1,0,False,21.50202216300022
1974,5,7,6.11303635672759,6.882052857448433,1329.3421481033397,0.36219835426891617,0.0894360207705372,17.957334536234907,0.1114186115072516,0.4,0.2,True,exact,8,6.113022395837215,1353.7941004417241,0.008519946791705424,12.628350931744116,361.5220280994876,True,0.013450572518766116,1,0,False,21.313712253999256
1975,5,7,7.53594752744705,7.455503025198347,1330.090829649105,0.26267420773266137,0.0968883176616082,20.645677138985242,0.12380129584483117,0.4,0.2,True,exact,6,7.536083108196065,1352.6987627871301,0.009957687884231237,11.178382067084168,377.7408528958263,True,0.008403318568362772,1,0,False,21.39169811099964
1976,5,7,5.287042185240341,6.588434353200147,1329.5980474249588,0.28366638966094215,0.08562028857717827,16.300930834660353,0.10827740241888911,0.4,0.2,True,exact,10,5.2867848933813315,1356.0334874086152,0.007804804812784671,11.906298013047776,358.5154171426582,True,0.008943806273037976,1,0,False,21.770123457999944
1977,5,7,5.303590373264396,7.195173976378159,1326.3490911735817,0.4525868264203409,0.09350520005124903,16.334927202445467,0.10298122810283329,0.4,0.2,True,exact,10,5.30352886372139,1352.8670119478156,0.008873102154111523,12.536814860264974,433.9401752990841,True,0.007764019240427541,1,0,False,22.25110081999992
1978,5,7,7.2553503925883325,6.467950635564163,1327.7145529958211,0.2949653709108176,0.08405453712245921,20.129955513139006,0.11974441070436954,0.4,0.2,True,exact,7,7.255479547140153,1356.7358691511026,0.007355632022013725,12.331377498009003,307.6639810165421,True,0.014918720238814201,1,0,False,22.059091128001455
1979,5,7,5.789451600252699,7.766524294444345,1328.0733147774897,0.2870907278942845,0.10093020825334613,17.317911103598306,0.1131858673787606,0.4,0.2,True,exact,10,5.789294365273728,1357.020318622244,0.01070126822117945,12.42244221243542,477.122071835676,True,0.0077894354243659095,1,0,False,22.21777495599963
1980,5,7,7.7625482311556215,7.281579331347421,1327.0916341126788,0.19670274806905397,0.09462808464423102,21.057497703542,0.12641394195476452,0.4,0.2,True,exact,7,7.762451065576566,1350.378387492605,0.009640035544771441,12.032185895535727,397.4630027346778,True,0.008827867581293537,1,0,False,21.88036508300138
1981,5,7,6.677896539068496,7.602037026275088,1330.6070212990753,0.5361832310967857,0.09879260672118807,19.04716504865165,0.10712099657463857,0.4,0.2,True,exact,8,6.677714082178896,1357.3182317704243,0.009759101533070358,12.258531415023315,417.0695624070755,True,0.009726681254541363,1,0,False,21.875313935999657
1982,5,7,5.727777662768863,6.608835090693149,1328.486375132001,0.0067295363967102674,0.08588540725905293,17.19470206887227,0.11521430446459265,0.4,0.2,True,exact,10,5.7278384049462625,1351.3971795823272,0.008054877019137763,11.951499622315314,374.87110706686104,True,0.010181813667339421,1,0,False,22.080329622000136
1983,5,7,6.965546431649709,7.718368671436465,1330.3943810799271,0.6181126622141527,0.10030439973534128,19.590281742614344,0.10311257910784959,0.4,0.2,True,exact,8,6.965507178766361,1351.291136561341,0.00981651908889103,12.274988469485656,391.6064719297747,True,0.009609399507277613,1,0,False,21.67599871299899
1984,6,7,10.606492620177645,7.494215305289681,1331.9456694495018,0.7044498387749305,0.09739140480116369,25.928959160503634,0.10962149961964844,0.4,0.2,True,exact,5,10.606338249027822,1353.1581899605976,0.008657678929318458,14.030923558205393,267.55362827778777,True,0.014803950367856667,1,0,False,22.511158359000547
1985,6,7,8.34100247102526,6.0334351745640395,1331.3149840311212,0.829992593829883,0.07840777232711663,22.09103451356834,0.08282345004583434,0.4,0.2,True,exact,7,8.34103437859476,1356.3374447233264,0.004928669864278201,13.799401584474667,162.1168241607781,True,0.028683907314657153,1,0,False,23.001373305000016
1986,6,7,9.79313105658319,6.084490555879026,1333.2927080034242,0.4062239932810086,0.07907126478181244,24.58583325985023,0.1268032758673739,0.4,0.2,True,exact,5,9.793515130535953,1352.879106223614,0.0064142535684689195,11.892439828208508,241.45317866339695,True,0.012483151191449196,1,0,False,21.92883133200121
1987,6,7,10.289769195864986,6.691361641725271,1326.3111479170775,0.16337269476827726,0.08695788468477356,25.410174250244783,0.13855989517959338,0.4,0.2,True,exact,5,10.289258788734847,1357.1801648287465,0.0081220066864095,11.782073571066586,307.2240635693066,True,0.019718887088764295,1,0,False,21.377845954000804
1988,6,7,9.589081215415916,6.083703727258133,1326.4598702054504,0.345041409923901,0.07906103951584331,24.24312229061623,0.1287762767615401,0.4,0.2,True,exact,6,9.589428538978126,1355.2273928294765,0.006582782764103956,11.874730402860127,265.02711049779043,True,0.0185477869077032,1,0,False,21.627527740000005
1989,6,7,10.017583829588439,6.7388729278399655,1326.2707522671296,0.6441521641469995,0.0875753196943274,24.96007453380271,0.1120082935448718,0.4,0.2,True,exact,6,10.017669735312715,1356.3228976684802,0.0072307788977115095,12.512602228328165,271.09406524510376,True,0.015309849794294547,1,0,False,21.75044877899927
1990,6,7,12.506576326238768,6.165355754566303,1328.3690673585722,0.26309939129231663,0.08012215203002376,28.939843587240176,0.14414385610154526,0.4,0.2,True,exact,4,12.50669901984958,1353.3814115022412,0.006791122855519971,13.260467289110391,227.0713348040175,True,0.029201452928592785,1,0,False,22.525308851001682
1991,6,7,8.348478341411424,7.764928416654117,1328.4514048181218,0.4610146249188386,0.10090946895329271,22.104232371664533,0.12025662178663117,0.4,0.2,True,exact,6,8.348352653554642,1353.4970297565392,0.010454089755639329,12.492825523227339,396.7256089048962,True,0.010583263002031525,1,0,False,21.64751046099991
1992,6,7,8.356345950513159,7.404996425227351,1332.0477509760651,0.022682046666025756,0.09623195691901867,22.118117549221612,0.1318578433274538,0.4,0.2,True,exact,6,8.35629663223647,1357.1161741925848,0.010026630999815378,12.147083273708724,359.8345334707245,True,0.009385923714699826,1,0,False,22.028487133000453
1993,6,7,11.998498292950712,7.347112129116531,1331.7269941000764,0.3691198978083295,0.09547971900157051,28.15065365916511,0.13997757763080418,0.4,0.2,True,exact,4,11.998520917592076,1355.724742797726,0.009511684515592922,13.638948241069551,294.87477725464163,True,0.01403992593729019,1,0,False,22.30032563200075
1994,6,7,11.66716988378388,6.698121286605279,1326.4069766985215,0.6548282059019076,0.08704572994728639,27.630001087083315,0.11667766889134151,0.4,0.2,True,exact,5,11.66676314050994,1349.741227243562,0.007335946622755385,11.329458438919573,252.72153211751743,True,0.01437958465267308,1,1,False,22.57934700199985
1995,6,7,11.76832220661414,6.813946492179335,1325.903349088683,0.5723148871768836,0.08855094150349548,27.78946939801798,0.12486721189703487,0.4,0.2,True,exact,5,11.767826646210022,1349.4404636299619,0.0076403375199322054,11.931074798894327,263.9358440399347,True,0.015794002561069106,1,0,False,22.379903953000394
1996,6,7,11.997963669486262,6.079326356541329,1326.5194696882438,0.20900092553964172,0.07900415320205617,28.149817437198788,0.1436533286899425,0.4,0.2,True,exact,5,11.998165287928371,1350.5159065383987,0.006634312493852712,11.848946110583709,230.78815184560415,True,0.016893170642522912,1,0,False,22.124318247999327
1997,6,7,10.827769360477895,6.86435117311476,1327.8676848493913,0.312642621877542,0.08920597775277303,26.288343357295066,0.13683894785347597,0.4,0.2,True,exact,4,10.827573250169605,1349.5234724628813,0.008337858319575231,14.105725226627342,250.75663364709453,True,0.017345984234818118,1,0,False,22.556637918998604
1998,6,7,8.05735339702628,6.293971335848092,1331.523842079532,0.7717171237944087,0.08179358147661445,21.58732496015375,0.09014523269128541,0.4,0.2,True,exact,5,8.057385027061388,1355.6962622937262,0.005794071924472011,13.83622705978165,183.2207706993611,True,0.025356267072517147,1,0,False,22.287293860999853
1999,6,7,12.170311839809827,6.287271433163859,1333.2091755639124,0.8946120188968546,0.08170651259643588,28.418753506231475,0.0829381326736075,0.4,0.2,True,exact,4,12.170445786555993,1357.549764410654,0.0048772270587659206,14.17903778520614,124.07168088405349,True,0.03751934279274111,1,0,False,23.674717694999345
2000,6,7,12.560553675584492,7.428143890233635,1325.9369217100866,0.6175416611399964,0.09653277081916864,29.02305178695427,0.12487150336567426,0.4,0.2,True,exact,5,12.55982123091918,1351.0580465493804,0.009002339898679379,12.238247374838425,284.4473341069956,True,0.011793861349394105,1,0,False,21.970291577999888
2001,6,7,11.2318706737304,7.776978854540442,1330.5763829658786,0.06776738734683532,0.10106607094915344,26.938409496519565,0.14589534727158213,0.4,0.2,True,exact,5,11.231263045722065,1353.040539553986,0.010873047686116522,12.969664215263055,375.82646484714803,True,0.009378684852162266,1,0,False,22.51700374199936
2002,6,7,8.673113518742598,6.692796724430244,1333.9422349860947,0.6716156278066191,0.08697653436522035,22.673604910620703,0.10413424149014502,0.4,0.2,True,exact,7,8.672829527206103,1351.2884083011118,0.007274748850625512,13.349889182506988,239.49524262842868,True,0.016804382797353423,1,1,False,22.268757178999294
2003,6,7,11.715222374969052,6.363263946701465,1333.2515708985857,0.7186860991767585,0.08269407665035025,27.705813855652963,0.10904253701104327,0.4,0.2,True,exact,4,11.715623203128184,1356.6817598687983,0.006282740284170085,13.004743882615621,193.62135696130605,True,0.021256631629428695,1,0,False,23.20446518099925
2004,6,7,8.748519154692021,7.569361169912754,1331.0689232864556,0.659898105777287,0.09836796619185038,22.804834192596818,0.10729000788058493,0.4,0.2,True,exact,6,8.748468062624452,1357.314693692082,0.009124307919735841,12.91884750158325,305.4824937385875,True,0.009094413089947273,1,0,False,22.499900976999925
2005,6,7,8.5353501748506,7.245882476183291,1331.4378423484836,0.17798020993757985,0.09416418459201815,22.432867086253772,0.13080601091569882,0.4,0.2,True,exact,6,8.535203128617326,1357.0435186817274,0.009567406991263794,12.309324131161212,304.6177393210108,True,0.008780889461805502,1,0,False,21.78507486699891
2006,6,7,9.911130939009514,6.7369843882232905,1332.8393071552557,0.8406022734861485,0.08755077709462909,24.78293265774654,0.08790240475894083,0.4,0.2,True,exact,5,9.911492713513132,1352.6607645145682,0.006103820559325013,13.862358042699062,182.09082727837924,True,0.0158880198424328,1,0,False,22.971717217000332
2007,6,7,9.727178965134007,6.857495480695434,1329.4449684915974,0.25766770084043006,0.08911688430023618,24.475326376732358,0.13391676374969005,0.4,0.2,True,exact,4,9.726978064467403,1358.6265257809441,0.008355444087629338,13.457793942412625,244.0647372314922,True,0.01434763275568426,1,0,False,21.741777664999972
2008,6,7,9.560709234371476,6.987553759994184,1334.5855645943986,0.7277477308963162,0.09080706239239572,24.195278635611153,0.10226802994558615,0.4,0.2,True,exact,4,9.560622578604177,1353.7076961197502,0.007427466911402725,13.872345940383743,209.78111306907638,True,0.025982460992259242,1,0,False,21.440508514000612
2009,6,7,9.057794822305294,6.148022017450523,1332.7814152629905,0.04739958628422254,0.07989689068652216,23.33917713444648,0.13332337088486573,0.4,0.2,True,exact,6,9.05787128032826,1350.8971935231987,0.006814831539707522,11.571969872630213,281.517645583678,True,0.012626378852466464,1,1,False,21.79711436099933
2010,6,7,11.002006279084464,6.86881850784738,1330.8994193095316,0.8870442713104071,0.08926403319788678,26.569607974059263,0.08337948601987218,0.4,0.2,True,exact,5,11.001942677083617,1352.9041644417093,0.00587585126030854,13.89666680471176,167.5516160844198,True,0.024110689836585746,1,0,False,22.90147113400053
2011,6,7,10.25240131868895,6.5974936399427975,1334.4417118203505,0.5061515491476053,0.08573801893671845,25.348617967794155,0.12371650752421208,0.4,0.2,True,exact,5,10.25272708549136,1354.9464363835248,0.007461323716328461,11.962910601161846,261.10358955503665,True,0.015026024549262449,1,0,False,22.268695086999287
2012,6,7,10.024501661846008,6.086577925940097,1328.4921209775168,0.876318084647699,0.07909839129130092,24.97156431313588,0.08052178009421437,0.4,0.2,True,exact,6,10.024501285914537,1358.5655798202856,0.004648294956301147,17.975637683897638,103.2569592542334,True,0.036834644746420064,1,0,False,23.718167140999867
2013,6,7,9.078840018139312,7.1871318884730595,1333.3485114702016,0.23846763957050984,0.09340068874396655,23.37531452079016,0.1319754939870108,0.4,0.2,True,exact,6,9.078701960562427,1351.5065892586667,0.00939344064073433,11.78899804011205,390.44158891335735,True,0.011990327632711446,1,0,False,21.862129960998573
2014,6,7,8.68796926181069,6.069892340057954,1328.1505501993506,0.22570436466209473,0.07888155302567951,22.69948851546494,0.12858380014998894,0.4,0.2,True,exact,7,8.688162291961929,1354.2151565884276,0.006652674968768535,12.526429085395385,260.35102911948485,True,0.012653711284204745,1,0,False,22.314555709999695
2015,6,7,9.72311777064271,7.8022727019133296,1328.4358148070664,0.6418988397065185,0.10139477825580541,24.46851344025286,0.11327149906525595,0.4,0.2,True,exact,4,9.723230800190468,1357.6052058631135,0.009722981653840446,13.384650889010006,293.9084183873152,True,0.012969617196013297,1,0,False,21.898137141000916
2016,7,7,16.102864261692847,7.815003968319002,1339.5348096477514,0.8661612559625429,0.10156022798865084,34.25095161956969,0.10189015609291431,0.4,0.2,False,none,1,16.19183298358418,1355.553440196126,0.005879080366037015,9.342795452140114,78.97618244568748,True,0.056426762958151466,1,0,False,23.652989021000394
2017,7,7,17.84088689431814,7.03153732081101,1337.7854663118035,0.7123511203269346,0.09137865269259493,36.67314713564079,0.12807320074361866,0.4,0.2,True,exact,2,17.839477463460184,1355.6271159260023,0.0077339780495505606,14.597659035986643,159.47717240941353,True,0.01979872784758826,1,0,False,22.51168880899968
2018,7,7,12.976941827852867,6.510525699900616,1333.0248013868659,0.7545668651360995,0.0846078232446634,29.66097750296011,0.10854829345816676,0.4,0.2,True,exact,4,12.976453621289117,1358.9784207051202,0.006379508573945314,12.41370193480818,196.5554057400402,True,0.018237030282363526,1,1,False,22.49615017100041
2019,7,7,19.11980916647281,6.807436672293852,1341.0317698553943,0.022776656351111393,0.08846634285269313,38.40545574708262,0.1724721059065642,0.4,0.2,True,exact,3,19.11926658147025,1360.1525300440123,0.008319541733252445,11.86187332181261,256.5391233778742,True,0.015659268519022967,1,0,False,21.713647143000344
2020,7,7,15.306772700243553,6.734203900391865,1337.7163600189347,0.6363898292473501,0.08751464314265364,33.11257662981388,0.12980078978758858,0.4,0.2,True,exact,2,15.30487501963788,1353.0212478571798,0.0074824877683455915,12.87418184704493,164.08535847573182,True,0.02848774014832666,1,0,False,23.394253778998973
2021,7,7,18.770118777092197,5.972318277065738,1339.5187762119635,0.34235969733219623,0.0776135249960789,37.93574070212388,0.16095242351034897,0.4,0.2,True,exact,2,18.770497956370704,1358.2876364189128,0.006268304131936686,11.894455522336882,162.21374790289357,True,0.025456955152793982,1,0,False,23.43118083799891
2022,7,7,15.371846430914704,6.159850567525949,1338.2525724740897,0.5608330401805864,0.08005060912957164,33.20635799303517,0.1360461983573229,0.4,0.2,True,exact,2,15.371021431392565,1353.6248942689347,0.006285745635503437,13.947783451145602,151.5891134821572,True,0.026229698868256754,1,0,False,23.671026592001
2023,7,7,16.290342275945225,7.064980606775729,1329.1598817766,0.8396007550507057,0.09181326638710302,34.516283480413904,0.10489033033156252,0.4,0.2,True,exact,4,16.290633949634934,1361.740531361812,0.006770815168882782,12.953107054033927,183.08936657714537,True,0.020490675507755945,1,0,False,23.357781787999556
2024,7,7,13.109603431119956,6.965986235754607,1328.6793879849513,0.6772634284178312,0.09052678068200865,29.862781537616836,0.11948387425334636,0.4,0.2,True,exact,4,13.109828551463803,1354.8993111904697,0.007701043404135022,12.358044685240712,243.92284321400234,True,0.013464449703386252,1,0,False,22.576246799000728
2025,7,7,18.901365441997154,6.199586722414694,1333.8334985441995,0.144742323537864,0.08056700207911499,38.11237446335748,0.16906655570467088,0.4,0.2,True,exact,3,18.9021733476227,1352.7350618101648,0.006895609983342599,11.187639671752091,205.43189703996302,True,0.015622274230358037,1,0,False,23.080778112998814
2026,7,7,13.065013025990483,7.848479205783364,1326.9859665934384,0.4497982149987389,0.10199525691027864,29.7950271595542,0.14046063530572667,0.4,0.2,True,exact,4,13.064831369530397,1353.116426201603,0.010495317963714057,12.921003561549758,319.4805600554944,True,0.01035675121238823,1,0,False,22.332991867999226
2027,7,7,14.438986995056812,6.077325700645684,1327.9133266917197,0.8813961058524727,0.07897815359032055,31.84894403950952,0.08985227657472371,0.4,0.2,True,exact,3,14.438730111639918,1356.7914111858217,0.004726595174766146,14.474725423232835,111.23451254971516,True,0.059785597966688635,1,0,False,23.50309415800075
2028,7,7,13.54654898591814,6.684755459418707,1332.2664375897061,0.8544132908150954,0.08687203375188739,30.52270379519117,0.09494645217595041,0.4,0.2,True,exact,3,13.546913927409706,1359.3585600673614,0.005958465895520515,14.029084186690406,137.0019103352265,True,0.0350725335531368,1,0,False,23.721490679999988
2029,7,7,17.932405769013634,7.451704585650594,1330.362924661551,0.3320699289835587,0.09683895487330575,36.798455637355204,0.1621819896380066,0.4,0.2,True,exact,3,17.932376399967247,1348.2964211125093,0.00960827675974929,13.88046018796527,245.8102547105386,True,0.014752169701091831,1,0,False,22.513009193999096
2030,7,7,14.247638575158485,7.4126578958408915,1331.606311650431,0.27798579475618185,0.0963315218975387,31.566939704894754,0.15239510941610993,0.4,0.2,True,exact,4,14.247425634489304,1360.1006772315206,0.009917588892669471,11.500968944922723,338.9634284487815,True,0.014800166571712736,1,0,False,22.715880536999975
2031,7,7,18.64125187913115,6.7262614788891195,1329.1346920127862,0.6955779773270291,0.08741142705448902,37.76190865554238,0.13137283487508422,0.4,0.2,True,exact,3,18.6413976908934,1347.7755361534355,0.00702360641159494,14.826693052867284,161.59570767510078,True,0.025947035209627035,1,0,False,23.6123426489994
2032,7,7,14.243762645538549,7.11225553907521,1334.3953309954045,0.6918026745580842,0.09242762985024994,31.56121446212107,0.12149878633092386,0.4,0.2,True,exact,4,14.244258794693932,1348.638209757236,0.007961429952058063,13.245533600549715,217.8115794818893,True,0.024687151859500264,1,0,False,22.603617542999928
2033,7,7,17.667819318878678,6.502890913659927,1339.7253234572627,0.3794526576185354,0.08450860504408508,36.435593972334274,0.15684246453083348,0.4,0.2,True,exact,3,17.66611579181028,1357.3947542543522,0.007483623546164164,12.319609363954196,174.56074095434565,True,0.02216311740602026,1,0,False,23.204807116000666
2034,7,7,14.435850632259454,7.552267910302719,1326.3776679877212,0.697402314532593,0.09814582998435749,31.844331829531814,0.12244687860309308,0.4,0.2,True,exact,4,14.435306817637489,1355.249095847817,0.008868011811750787,11.767185282157985,280.6672366074785,True,0.01879408183397768,1,0,False,22.951919674000237
2035,7,7,14.024366510493136,6.255619257938629,1333.04327703149,0.007860886056176164,0.08129517536036504,31.236285929994384,0.15455873804758805,0.4,0.2,True,exact,4,14.024112472949358,1361.0921759084408,0.00714746216728801,11.13507352467451,249.36946656121935,True,0.015929561964391624,1,0,False,21.84406019799826
2036,7,7,18.63610521234945,6.373398846826088,1332.56821721046,0.43840625299250896,0.08282578519093085,37.75495787397554,0.15559385824923727,0.4,0.2,True,exact,3,18.63576158496794,1351.20490004751,0.007095495157720011,11.505495958237773,209.86088552947,True,0.018047553516956447,1,0,False,22.725959822000732
2037,7,7,16.075475380976865,6.334007587411136,1333.8019996569697,0.8867220100510682,0.08231387434569515,34.21210298808874,0.09285518198706005,0.4,0.2,True,exact,3,16.075320564037714,1349.8770840265797,0.0051479777897278645,14.052668923523317,115.16768802172518,True,0.031060825218751642,1,0,False,23.698618086998977
2038,7,7,16.45383841286665,6.399041746374109,1338.613101968461,0.7236586739066938,0.08315902862048567,34.74684467592478,0.12151838423240266,0.4,0.2,True,exact,2,16.45518020541193,1355.066318667954,0.006239918856190352,13.330656188935244,128.07676751184306,True,0.02900447489942336,1,0,False,23.243864063999354
2039,7,7,14.538819714505683,7.865070962319503,1331.5780482801738,0.4742775864951939,0.10221087581250488,31.99558008500828,0.14394917969629328,0.4,0.2,False,alias,4,7.269383991607965,1353.3856446040324,0.010668966799044055,11.609002070108277,332.05027979600544,True,0.013350201073711866,1,0,False,22.088085932000467
2040,7,7,19.903371187633905,6.770849164752691,1343.9318557510267,0.5047286830198368,0.08799086828831923,39.44769659467003,0.15482299545006703,0.4,0.2,True,exact,2,19.902456512517354,1363.8356887250593,0.007698661919672833,12.566222748429935,183.57900619445218,True,0.02044291792059736,1,0,False,22.83639279399904
2041,7,7,18.67822146927708,7.8599669696323,1333.1841526303888,0.7649512503688265,0.10214454665092462,37.81181879604445,0.12479627667604075,0.4,0.2,True,exact,3,18.678904564848356,1351.8619180273904,0.00923961184087585,12.578427298062852,247.9930545196059,True,0.016353000244262075,1,0,False,22.74311169900102
2042,7,7,17.49002417592951,7.506210799196359,1341.2723950034415,0.614090959446151,0.09754729277011896,36.19074256779562,0.13997031694380876,0.4,0.2,True,exact,3,17.491327261362738,1358.7619657239047,0.009300858838727888,12.117504945059153,239.2152416794004,True,0.015218079329595428,1,0,False,22.15988609499982
2043,7,7,12.992001650647206,5.98849380906972,1336.2056966519528,0.3061791071729186,0.0778237348340805,29.68392090097477,0.14401010590700308,0.4,0.2,True,exact,4,12.992232658115043,1349.196808620657,0.006357360349890651,12.15657612990539,188.81446288386374,True,0.017861583156376024,1,0,False,22.274824291000186
2044,7,7,15.905044307331641,6.89419472062456,1331.6257306343848,0.7346188995683818,0.08959381088777492,33.969864127511485,0.1199692629977373,0.4,0.2,True,exact,3,15.904667986863497,1347.5323689494053,0.007235929650167283,14.615775864216753,192.7741893106823,True,0.022783875914130388,1,0,False,23.191416566000044
2045,7,7,15.749427000211147,6.604502699075811,1332.2062391347608,0.5294698736184035,0.0858291054731323,33.74792377119216,0.1408583301222358,0.4,0.2,True,exact,4,15.749186729866988,1347.956262692409,0.00731358701968865,14.153742335681054,180.6849770539122,True,0.03203432204498209,1,0,False,21.933871556999293
2046,7,7,17.17574805607374,6.468744433959597,1335.2255823548967,0.6507740229076229,0.0840648529644401,35.75589568542831,0.1326025796099629,0.4,0.2,True,exact,3,17.175004375833808,1352.4010178383758,0.006707876138969615,11.571171330715051,169.72792655427583,True,0.02266021248793733,1,0,False,21.94287514500138
2047,7,7,14.736095999837552,7.276756774853978,1325.6640991641314,0.29009279182025766,0.0945654128990921,32.28436006714048,0.15337770679482587,0.4,0.2,True,exact,4,14.736409332501633,1355.135207127545,0.00958344686696,10.805441419925444,333.37983291948115,True,0.0163052515176473,1,0,False,18.14445603599961
